scenario_id,strategy_id,strategy_kind,health_theta_d,health_alpha_d,health_migration_evidence_windows,health_migration_top_k_per_window,health_migration_cooldown_windows,scenario,num_disks,seed,num_reads,num_stripes,zipf_s,policy,timeout_ms,window_id,window_start_read,window_end_read,slow_disk_a_id,slow_disk_a_state,slow_disk_b_id,slow_disk_b_state,active_slow_disks,p50_ms,p95_ms,p99_ms,issued_shard_reads,bandwidth_overhead_pct,parity_reads,proactive_or_degraded_reads,decode_count,migration_triggers,migration_true_positives,migration_false_positives
realistic_2pct,vanilla_ec,baseline,,,,,,dynamic_realistic_100d_2pct_hdd,100,42,1000000,5000,1.0,vanilla_ec,15.0,0,0,50000,98,healthy,99,healthy,0,12.5,16.8,18.8,200000,0.0,0,0,0,0,0,0
realistic_2pct,vanilla_ec,baseline,,,,,,dynamic_realistic_100d_2pct_hdd,100,42,1000000,5000,1.0,vanilla_ec,15.0,1,50000,100000,98,healthy,99,healthy,0,12.5,16.8,18.9,200000,0.0,0,0,0,0,0,0
realistic_2pct,vanilla_ec,baseline,,,,,,dynamic_realistic_100d_2pct_hdd,100,42,1000000,5000,1.0,vanilla_ec,15.0,2,100000,150000,98,healthy,99,healthy,0,12.5,16.8,18.8,200000,0.0,0,0,0,0,0,0
realistic_2pct,vanilla_ec,baseline,,,,,,dynamic_realistic_100d_2pct_hdd,100,42,1000000,5000,1.0,vanilla_ec,15.0,3,150000,200000,98,mild_slow,99,healthy,1,12.6,17.6,27.8,200000,0.0,0,0,0,0,0,0
realistic_2pct,vanilla_ec,baseline,,,,,,dynamic_realistic_100d_2pct_hdd,100,42,1000000,5000,1.0,vanilla_ec,15.0,4,200000,250000,98,mild_slow,99,healthy,1,12.6,17.7,27.5,200000,0.0,0,0,0,0,0,0
realistic_2pct,vanilla_ec,baseline,,,,,,dynamic_realistic_100d_2pct_hdd,100,42,1000000,5000,1.0,vanilla_ec,15.0,5,250000,300000,98,mild_slow,99,healthy,1,12.6,17.6,27.4,200000,0.0,0,0,0,0,0,0
realistic_2pct,vanilla_ec,baseline,,,,,,dynamic_realistic_100d_2pct_hdd,100,42,1000000,5000,1.0,vanilla_ec,15.0,6,300000,350000,98,severe_slow,99,healthy,1,12.6,17.9,63.1,200000,0.0,0,0,0,0,0,0
realistic_2pct,vanilla_ec,baseline,,,,,,dynamic_realistic_100d_2pct_hdd,100,42,1000000,5000,1.0,vanilla_ec,15.0,7,350000,400000,98,severe_slow,99,healthy,1,12.6,17.9,63.6,200000,0.0,0,0,0,0,0,0
realistic_2pct,vanilla_ec,baseline,,,,,,dynamic_realistic_100d_2pct_hdd,100,42,1000000,5000,1.0,vanilla_ec,15.0,8,400000,450000,98,severe_slow,99,healthy,1,12.6,18.0,62.3,200000,0.0,0,0,0,0,0,0
realistic_2pct,vanilla_ec,baseline,,,,,,dynamic_realistic_100d_2pct_hdd,100,42,1000000,5000,1.0,vanilla_ec,15.0,9,450000,500000,98,recovery,99,mild_slow,1,12.6,17.7,27.6,200000,0.0,0,0,0,0,0,0
realistic_2pct,vanilla_ec,baseline,,,,,,dynamic_realistic_100d_2pct_hdd,100,42,1000000,5000,1.0,vanilla_ec,15.0,10,500000,550000,98,recovery,99,mild_slow,1,12.6,17.6,27.3,200000,0.0,0,0,0,0,0,0
realistic_2pct,vanilla_ec,baseline,,,,,,dynamic_realistic_100d_2pct_hdd,100,42,1000000,5000,1.0,vanilla_ec,15.0,11,550000,600000,98,healthy,99,severe_slow,1,12.6,18.0,64.1,200000,0.0,0,0,0,0,0,0
realistic_2pct,vanilla_ec,baseline,,,,,,dynamic_realistic_100d_2pct_hdd,100,42,1000000,5000,1.0,vanilla_ec,15.0,12,600000,650000,98,healthy,99,severe_slow,1,12.6,17.9,64.5,200000,0.0,0,0,0,0,0,0
realistic_2pct,vanilla_ec,baseline,,,,,,dynamic_realistic_100d_2pct_hdd,100,42,1000000,5000,1.0,vanilla_ec,15.0,13,650000,700000,98,healthy,99,severe_slow,1,12.6,18.0,64.1,200000,0.0,0,0,0,0,0,0
realistic_2pct,vanilla_ec,baseline,,,,,,dynamic_realistic_100d_2pct_hdd,100,42,1000000,5000,1.0,vanilla_ec,15.0,14,700000,750000,98,mild_slow,99,recovery,1,12.6,17.6,27.5,200000,0.0,0,0,0,0,0,0
realistic_2pct,vanilla_ec,baseline,,,,,,dynamic_realistic_100d_2pct_hdd,100,42,1000000,5000,1.0,vanilla_ec,15.0,15,750000,800000,98,recovery,99,recovery,0,12.6,17.2,19.8,200000,0.0,0,0,0,0,0,0
realistic_2pct,vanilla_ec,baseline,,,,,,dynamic_realistic_100d_2pct_hdd,100,42,1000000,5000,1.0,vanilla_ec,15.0,16,800000,850000,98,healthy,99,healthy,0,12.5,16.8,18.9,200000,0.0,0,0,0,0,0,0
realistic_2pct,vanilla_ec,baseline,,,,,,dynamic_realistic_100d_2pct_hdd,100,42,1000000,5000,1.0,vanilla_ec,15.0,17,850000,900000,98,healthy,99,healthy,0,12.5,16.8,18.8,200000,0.0,0,0,0,0,0,0
realistic_2pct,vanilla_ec,baseline,,,,,,dynamic_realistic_100d_2pct_hdd,100,42,1000000,5000,1.0,vanilla_ec,15.0,18,900000,950000,98,healthy,99,healthy,0,12.5,16.8,18.8,200000,0.0,0,0,0,0,0,0
realistic_2pct,vanilla_ec,baseline,,,,,,dynamic_realistic_100d_2pct_hdd,100,42,1000000,5000,1.0,vanilla_ec,15.0,19,950000,1000000,98,healthy,99,healthy,0,12.5,16.8,18.9,200000,0.0,0,0,0,0,0,0
realistic_2pct,late_binding,baseline,,,,,,dynamic_realistic_100d_2pct_hdd,100,42,1000000,5000,1.0,late_binding,15.0,0,0,50000,98,healthy,99,healthy,0,10.7,14.0,15.4,250000,25.0,50000,50000,39904,0,0,0
realistic_2pct,late_binding,baseline,,,,,,dynamic_realistic_100d_2pct_hdd,100,42,1000000,5000,1.0,late_binding,15.0,1,50000,100000,98,healthy,99,healthy,0,10.7,14.0,15.5,250000,25.0,50000,50000,40119,0,0,0
realistic_2pct,late_binding,baseline,,,,,,dynamic_realistic_100d_2pct_hdd,100,42,1000000,5000,1.0,late_binding,15.0,2,100000,150000,98,healthy,99,healthy,0,10.7,14.0,15.4,250000,25.0,50000,50000,40024,0,0,0
realistic_2pct,late_binding,baseline,,,,,,dynamic_realistic_100d_2pct_hdd,100,42,1000000,5000,1.0,late_binding,15.0,3,150000,200000,98,mild_slow,99,healthy,1,10.8,14.2,15.8,250000,25.0,50000,50000,39717,0,0,0
realistic_2pct,late_binding,baseline,,,,,,dynamic_realistic_100d_2pct_hdd,100,42,1000000,5000,1.0,late_binding,15.0,4,200000,250000,98,mild_slow,99,healthy,1,10.8,14.1,15.8,250000,25.0,50000,50000,39811,0,0,0
realistic_2pct,late_binding,baseline,,,,,,dynamic_realistic_100d_2pct_hdd,100,42,1000000,5000,1.0,late_binding,15.0,5,250000,300000,98,mild_slow,99,healthy,1,10.7,14.2,15.7,250000,25.0,50000,50000,39918,0,0,0
realistic_2pct,late_binding,baseline,,,,,,dynamic_realistic_100d_2pct_hdd,100,42,1000000,5000,1.0,late_binding,15.0,6,300000,350000,98,severe_slow,99,healthy,1,10.7,14.2,15.8,250000,25.0,50000,50000,39831,0,0,0
realistic_2pct,late_binding,baseline,,,,,,dynamic_realistic_100d_2pct_hdd,100,42,1000000,5000,1.0,late_binding,15.0,7,350000,400000,98,severe_slow,99,healthy,1,10.7,14.2,15.8,250000,25.0,50000,50000,39856,0,0,0
realistic_2pct,late_binding,baseline,,,,,,dynamic_realistic_100d_2pct_hdd,100,42,1000000,5000,1.0,late_binding,15.0,8,400000,450000,98,severe_slow,99,healthy,1,10.8,14.2,15.9,250000,25.0,50000,50000,39871,0,0,0
realistic_2pct,late_binding,baseline,,,,,,dynamic_realistic_100d_2pct_hdd,100,42,1000000,5000,1.0,late_binding,15.0,9,450000,500000,98,recovery,99,mild_slow,1,10.8,14.3,16.6,250000,25.0,50000,50000,40117,0,0,0
realistic_2pct,late_binding,baseline,,,,,,dynamic_realistic_100d_2pct_hdd,100,42,1000000,5000,1.0,late_binding,15.0,10,500000,550000,98,recovery,99,mild_slow,1,10.8,14.3,16.4,250000,25.0,50000,50000,40153,0,0,0
realistic_2pct,late_binding,baseline,,,,,,dynamic_realistic_100d_2pct_hdd,100,42,1000000,5000,1.0,late_binding,15.0,11,550000,600000,98,healthy,99,severe_slow,1,10.8,14.2,15.8,250000,25.0,50000,50000,40244,0,0,0
realistic_2pct,late_binding,baseline,,,,,,dynamic_realistic_100d_2pct_hdd,100,42,1000000,5000,1.0,late_binding,15.0,12,600000,650000,98,healthy,99,severe_slow,1,10.7,14.1,15.7,250000,25.0,50000,50000,40440,0,0,0
realistic_2pct,late_binding,baseline,,,,,,dynamic_realistic_100d_2pct_hdd,100,42,1000000,5000,1.0,late_binding,15.0,13,650000,700000,98,healthy,99,severe_slow,1,10.7,14.1,15.7,250000,25.0,50000,50000,40224,0,0,0
realistic_2pct,late_binding,baseline,,,,,,dynamic_realistic_100d_2pct_hdd,100,42,1000000,5000,1.0,late_binding,15.0,14,700000,750000,98,mild_slow,99,recovery,1,10.8,14.4,16.6,250000,25.0,50000,50000,39855,0,0,0
realistic_2pct,late_binding,baseline,,,,,,dynamic_realistic_100d_2pct_hdd,100,42,1000000,5000,1.0,late_binding,15.0,15,750000,800000,98,recovery,99,recovery,0,10.7,14.2,15.9,250000,25.0,50000,50000,39940,0,0,0
realistic_2pct,late_binding,baseline,,,,,,dynamic_realistic_100d_2pct_hdd,100,42,1000000,5000,1.0,late_binding,15.0,16,800000,850000,98,healthy,99,healthy,0,10.7,14.0,15.4,250000,25.0,50000,50000,39820,0,0,0
realistic_2pct,late_binding,baseline,,,,,,dynamic_realistic_100d_2pct_hdd,100,42,1000000,5000,1.0,late_binding,15.0,17,850000,900000,98,healthy,99,healthy,0,10.7,14.0,15.4,250000,25.0,50000,50000,40051,0,0,0
realistic_2pct,late_binding,baseline,,,,,,dynamic_realistic_100d_2pct_hdd,100,42,1000000,5000,1.0,late_binding,15.0,18,900000,950000,98,healthy,99,healthy,0,10.7,14.0,15.5,250000,25.0,50000,50000,40025,0,0,0
realistic_2pct,late_binding,baseline,,,,,,dynamic_realistic_100d_2pct_hdd,100,42,1000000,5000,1.0,late_binding,15.0,19,950000,1000000,98,healthy,99,healthy,0,10.7,14.0,15.4,250000,25.0,50000,50000,40010,0,0,0
realistic_2pct,timeout_degraded_read,baseline,,,,,,dynamic_realistic_100d_2pct_hdd,100,42,1000000,5000,1.0,timeout_degraded_read,15.0,0,0,50000,98,healthy,99,healthy,0,12.5,16.8,18.7,208081,4.0,8081,8081,182,0,0,0
realistic_2pct,timeout_degraded_read,baseline,,,,,,dynamic_realistic_100d_2pct_hdd,100,42,1000000,5000,1.0,timeout_degraded_read,15.0,1,50000,100000,98,healthy,99,healthy,0,12.5,16.8,18.8,207998,4.0,7998,7998,191,0,0,0
realistic_2pct,timeout_degraded_read,baseline,,,,,,dynamic_realistic_100d_2pct_hdd,100,42,1000000,5000,1.0,timeout_degraded_read,15.0,2,100000,150000,98,healthy,99,healthy,0,12.5,16.8,18.7,208051,4.0,8051,8051,198,0,0,0
realistic_2pct,timeout_degraded_read,baseline,,,,,,dynamic_realistic_100d_2pct_hdd,100,42,1000000,5000,1.0,timeout_degraded_read,15.0,3,150000,200000,98,mild_slow,99,healthy,1,12.6,17.6,23.2,209230,4.6,9230,9230,985,0,0,0
realistic_2pct,timeout_degraded_read,baseline,,,,,,dynamic_realistic_100d_2pct_hdd,100,42,1000000,5000,1.0,timeout_degraded_read,15.0,4,200000,250000,98,mild_slow,99,healthy,1,12.6,17.6,23.1,209205,4.6,9205,9205,943,0,0,0
realistic_2pct,timeout_degraded_read,baseline,,,,,,dynamic_realistic_100d_2pct_hdd,100,42,1000000,5000,1.0,timeout_degraded_read,15.0,5,250000,300000,98,mild_slow,99,healthy,1,12.6,17.5,23.0,209173,4.6,9173,9173,935,0,0,0
realistic_2pct,timeout_degraded_read,baseline,,,,,,dynamic_realistic_100d_2pct_hdd,100,42,1000000,5000,1.0,timeout_degraded_read,15.0,6,300000,350000,98,severe_slow,99,healthy,1,12.6,17.8,25.4,209277,4.6,9277,9277,1562,0,0,0
realistic_2pct,timeout_degraded_read,baseline,,,,,,dynamic_realistic_100d_2pct_hdd,100,42,1000000,5000,1.0,timeout_degraded_read,15.0,7,350000,400000,98,severe_slow,99,healthy,1,12.6,17.8,25.3,209338,4.7,9338,9338,1604,0,0,0
realistic_2pct,timeout_degraded_read,baseline,,,,,,dynamic_realistic_100d_2pct_hdd,100,42,1000000,5000,1.0,timeout_degraded_read,15.0,8,400000,450000,98,severe_slow,99,healthy,1,12.6,17.9,25.4,209390,4.7,9390,9390,1618,0,0,0
realistic_2pct,timeout_degraded_read,baseline,,,,,,dynamic_realistic_100d_2pct_hdd,100,42,1000000,5000,1.0,timeout_degraded_read,15.0,9,450000,500000,98,recovery,99,mild_slow,1,12.6,17.7,23.4,209218,4.6,9218,9218,966,0,0,0
realistic_2pct,timeout_degraded_read,baseline,,,,,,dynamic_realistic_100d_2pct_hdd,100,42,1000000,5000,1.0,timeout_degraded_read,15.0,10,500000,550000,98,recovery,99,mild_slow,1,12.6,17.5,23.0,209146,4.6,9146,9146,925,0,0,0
realistic_2pct,timeout_degraded_read,baseline,,,,,,dynamic_realistic_100d_2pct_hdd,100,42,1000000,5000,1.0,timeout_degraded_read,15.0,11,550000,600000,98,healthy,99,severe_slow,1,12.6,17.9,25.3,209297,4.6,9297,9297,1655,0,0,0
realistic_2pct,timeout_degraded_read,baseline,,,,,,dynamic_realistic_100d_2pct_hdd,100,42,1000000,5000,1.0,timeout_degraded_read,15.0,12,600000,650000,98,healthy,99,severe_slow,1,12.6,17.8,25.3,209326,4.7,9326,9326,1636,0,0,0
realistic_2pct,timeout_degraded_read,baseline,,,,,,dynamic_realistic_100d_2pct_hdd,100,42,1000000,5000,1.0,timeout_degraded_read,15.0,13,650000,700000,98,healthy,99,severe_slow,1,12.6,17.8,25.5,209328,4.7,9328,9328,1629,0,0,0
realistic_2pct,timeout_degraded_read,baseline,,,,,,dynamic_realistic_100d_2pct_hdd,100,42,1000000,5000,1.0,timeout_degraded_read,15.0,14,700000,750000,98,mild_slow,99,recovery,1,12.6,17.6,23.2,209207,4.6,9207,9207,922,0,0,0
realistic_2pct,timeout_degraded_read,baseline,,,,,,dynamic_realistic_100d_2pct_hdd,100,42,1000000,5000,1.0,timeout_degraded_read,15.0,15,750000,800000,98,recovery,99,recovery,0,12.6,17.1,19.6,208819,4.4,8819,8819,301,0,0,0
realistic_2pct,timeout_degraded_read,baseline,,,,,,dynamic_realistic_100d_2pct_hdd,100,42,1000000,5000,1.0,timeout_degraded_read,15.0,16,800000,850000,98,healthy,99,healthy,0,12.5,16.8,18.8,208029,4.0,8029,8029,187,0,0,0
realistic_2pct,timeout_degraded_read,baseline,,,,,,dynamic_realistic_100d_2pct_hdd,100,42,1000000,5000,1.0,timeout_degraded_read,15.0,17,850000,900000,98,healthy,99,healthy,0,12.5,16.8,18.7,208054,4.0,8054,8054,201,0,0,0
realistic_2pct,timeout_degraded_read,baseline,,,,,,dynamic_realistic_100d_2pct_hdd,100,42,1000000,5000,1.0,timeout_degraded_read,15.0,18,900000,950000,98,healthy,99,healthy,0,12.5,16.8,18.8,208085,4.0,8085,8085,211,0,0,0
realistic_2pct,timeout_degraded_read,baseline,,,,,,dynamic_realistic_100d_2pct_hdd,100,42,1000000,5000,1.0,timeout_degraded_read,15.0,19,950000,1000000,98,healthy,99,healthy,0,12.5,16.8,18.8,208170,4.1,8170,8170,193,0,0,0
realistic_2pct,t28_default,default,12,0.05,0,0,0,dynamic_realistic_100d_2pct_hdd,100,42,1000000,5000,1.0,health_ec,15.0,0,0,50000,98,healthy,99,healthy,0,12.5,16.8,18.8,200000,0.0,0,0,0,0,0,0
realistic_2pct,t28_default,default,12,0.05,0,0,0,dynamic_realistic_100d_2pct_hdd,100,42,1000000,5000,1.0,health_ec,15.0,1,50000,100000,98,healthy,99,healthy,0,12.5,16.8,18.9,200000,0.0,0,0,0,0,0,0
realistic_2pct,t28_default,default,12,0.05,0,0,0,dynamic_realistic_100d_2pct_hdd,100,42,1000000,5000,1.0,health_ec,15.0,2,100000,150000,98,healthy,99,healthy,0,12.5,16.8,18.8,200000,0.0,0,0,0,0,0,0
realistic_2pct,t28_default,default,12,0.05,0,0,0,dynamic_realistic_100d_2pct_hdd,100,42,1000000,5000,1.0,health_ec,15.0,3,150000,200000,98,mild_slow,99,healthy,1,12.5,17.1,20.6,200618,0.3,618,618,607,1,1,0
realistic_2pct,t28_default,default,12,0.05,0,0,0,dynamic_realistic_100d_2pct_hdd,100,42,1000000,5000,1.0,health_ec,15.0,4,200000,250000,98,mild_slow,99,healthy,1,12.5,17.0,19.5,200842,0.4,842,842,827,0,0,0
realistic_2pct,t28_default,default,12,0.05,0,0,0,dynamic_realistic_100d_2pct_hdd,100,42,1000000,5000,1.0,health_ec,15.0,5,250000,300000,98,mild_slow,99,healthy,1,12.5,16.9,19.2,200882,0.4,882,882,867,0,0,0
realistic_2pct,t28_default,default,12,0.05,0,0,0,dynamic_realistic_100d_2pct_hdd,100,42,1000000,5000,1.0,health_ec,15.0,6,300000,350000,98,severe_slow,99,healthy,1,12.5,16.9,19.2,200888,0.4,888,888,888,1,1,0
realistic_2pct,t28_default,default,12,0.05,0,0,0,dynamic_realistic_100d_2pct_hdd,100,42,1000000,5000,1.0,health_ec,15.0,7,350000,400000,98,severe_slow,99,healthy,1,12.5,16.8,18.9,200948,0.5,948,948,947,0,0,0
realistic_2pct,t28_default,default,12,0.05,0,0,0,dynamic_realistic_100d_2pct_hdd,100,42,1000000,5000,1.0,health_ec,15.0,8,400000,450000,98,severe_slow,99,healthy,1,12.5,16.9,18.8,200944,0.5,944,944,943,0,0,0
realistic_2pct,t28_default,default,12,0.05,0,0,0,dynamic_realistic_100d_2pct_hdd,100,42,1000000,5000,1.0,health_ec,15.0,9,450000,500000,98,recovery,99,mild_slow,1,12.5,16.9,19.0,201278,0.6,1278,1278,1259,1,1,0
realistic_2pct,t28_default,default,12,0.05,0,0,0,dynamic_realistic_100d_2pct_hdd,100,42,1000000,5000,1.0,health_ec,15.0,10,500000,550000,98,recovery,99,mild_slow,1,12.5,16.9,19.1,201122,0.6,1122,1122,1106,0,0,0
realistic_2pct,t28_default,default,12,0.05,0,0,0,dynamic_realistic_100d_2pct_hdd,100,42,1000000,5000,1.0,health_ec,15.0,11,550000,600000,98,healthy,99,severe_slow,1,12.5,16.8,18.9,200997,0.5,997,997,997,1,1,0
realistic_2pct,t28_default,default,12,0.05,0,0,0,dynamic_realistic_100d_2pct_hdd,100,42,1000000,5000,1.0,health_ec,15.0,12,600000,650000,98,healthy,99,severe_slow,1,12.5,16.8,18.9,200976,0.5,976,976,975,0,0,0
realistic_2pct,t28_default,default,12,0.05,0,0,0,dynamic_realistic_100d_2pct_hdd,100,42,1000000,5000,1.0,health_ec,15.0,13,650000,700000,98,healthy,99,severe_slow,1,12.5,16.8,18.8,201013,0.5,1013,1013,1011,0,0,0
realistic_2pct,t28_default,default,12,0.05,0,0,0,dynamic_realistic_100d_2pct_hdd,100,42,1000000,5000,1.0,health_ec,15.0,14,700000,750000,98,mild_slow,99,recovery,1,12.5,16.9,19.1,200979,0.5,979,979,958,0,0,0
realistic_2pct,t28_default,default,12,0.05,0,0,0,dynamic_realistic_100d_2pct_hdd,100,42,1000000,5000,1.0,health_ec,15.0,15,750000,800000,98,recovery,99,recovery,0,12.5,16.8,18.9,200888,0.4,888,888,818,0,0,0
realistic_2pct,t28_default,default,12,0.05,0,0,0,dynamic_realistic_100d_2pct_hdd,100,42,1000000,5000,1.0,health_ec,15.0,16,800000,850000,98,healthy,99,healthy,0,12.5,16.8,18.9,200420,0.2,420,420,333,0,0,0
realistic_2pct,t28_default,default,12,0.05,0,0,0,dynamic_realistic_100d_2pct_hdd,100,42,1000000,5000,1.0,health_ec,15.0,17,850000,900000,98,healthy,99,healthy,0,12.5,16.8,18.8,200197,0.1,197,197,160,0,0,0
realistic_2pct,t28_default,default,12,0.05,0,0,0,dynamic_realistic_100d_2pct_hdd,100,42,1000000,5000,1.0,health_ec,15.0,18,900000,950000,98,healthy,99,healthy,0,12.5,16.8,18.8,200082,0.0,82,82,68,0,0,0
realistic_2pct,t28_default,default,12,0.05,0,0,0,dynamic_realistic_100d_2pct_hdd,100,42,1000000,5000,1.0,health_ec,15.0,19,950000,1000000,98,healthy,99,healthy,0,12.5,16.8,18.9,200052,0.0,52,52,40,0,0,0
realistic_2pct,migration_disabled,disabled,12,0.05,0,0,0,dynamic_realistic_100d_2pct_hdd,100,42,1000000,5000,1.0,health_ec,15.0,0,0,50000,98,healthy,99,healthy,0,12.5,16.8,18.8,200000,0.0,0,0,0,0,0,0
realistic_2pct,migration_disabled,disabled,12,0.05,0,0,0,dynamic_realistic_100d_2pct_hdd,100,42,1000000,5000,1.0,health_ec,15.0,1,50000,100000,98,healthy,99,healthy,0,12.5,16.8,18.9,200000,0.0,0,0,0,0,0,0
realistic_2pct,migration_disabled,disabled,12,0.05,0,0,0,dynamic_realistic_100d_2pct_hdd,100,42,1000000,5000,1.0,health_ec,15.0,2,100000,150000,98,healthy,99,healthy,0,12.5,16.8,18.8,200000,0.0,0,0,0,0,0,0
realistic_2pct,migration_disabled,disabled,12,0.05,0,0,0,dynamic_realistic_100d_2pct_hdd,100,42,1000000,5000,1.0,health_ec,15.0,3,150000,200000,98,mild_slow,99,healthy,1,12.5,17.1,20.6,200915,0.5,915,915,896,0,0,0
realistic_2pct,migration_disabled,disabled,12,0.05,0,0,0,dynamic_realistic_100d_2pct_hdd,100,42,1000000,5000,1.0,health_ec,15.0,4,200000,250000,98,mild_slow,99,healthy,1,12.5,17.0,19.5,201153,0.6,1153,1153,1132,0,0,0
realistic_2pct,migration_disabled,disabled,12,0.05,0,0,0,dynamic_realistic_100d_2pct_hdd,100,42,1000000,5000,1.0,health_ec,15.0,5,250000,300000,98,mild_slow,99,healthy,1,12.5,16.9,19.2,201195,0.6,1195,1195,1170,0,0,0
realistic_2pct,migration_disabled,disabled,12,0.05,0,0,0,dynamic_realistic_100d_2pct_hdd,100,42,1000000,5000,1.0,health_ec,15.0,6,300000,350000,98,severe_slow,99,healthy,1,12.5,16.9,19.2,201351,0.7,1351,1351,1350,0,0,0
realistic_2pct,migration_disabled,disabled,12,0.05,0,0,0,dynamic_realistic_100d_2pct_hdd,100,42,1000000,5000,1.0,health_ec,15.0,7,350000,400000,98,severe_slow,99,healthy,1,12.5,16.8,18.9,201456,0.7,1456,1456,1454,0,0,0
realistic_2pct,migration_disabled,disabled,12,0.05,0,0,0,dynamic_realistic_100d_2pct_hdd,100,42,1000000,5000,1.0,health_ec,15.0,8,400000,450000,98,severe_slow,99,healthy,1,12.5,16.9,18.8,201488,0.7,1488,1488,1486,0,0,0
realistic_2pct,migration_disabled,disabled,12,0.05,0,0,0,dynamic_realistic_100d_2pct_hdd,100,42,1000000,5000,1.0,health_ec,15.0,9,450000,500000,98,recovery,99,mild_slow,1,12.5,17.0,19.1,201550,0.8,1550,1550,1530,0,0,0
realistic_2pct,migration_disabled,disabled,12,0.05,0,0,0,dynamic_realistic_100d_2pct_hdd,100,42,1000000,5000,1.0,health_ec,15.0,10,500000,550000,98,recovery,99,mild_slow,1,12.5,16.9,19.2,201420,0.7,1420,1420,1400,0,0,0
realistic_2pct,migration_disabled,disabled,12,0.05,0,0,0,dynamic_realistic_100d_2pct_hdd,100,42,1000000,5000,1.0,health_ec,15.0,11,550000,600000,98,healthy,99,severe_slow,1,12.5,16.8,18.9,201505,0.8,1505,1505,1504,0,0,0
realistic_2pct,migration_disabled,disabled,12,0.05,0,0,0,dynamic_realistic_100d_2pct_hdd,100,42,1000000,5000,1.0,health_ec,15.0,12,600000,650000,98,healthy,99,severe_slow,1,12.5,16.8,18.9,201495,0.7,1495,1495,1493,0,0,0
realistic_2pct,migration_disabled,disabled,12,0.05,0,0,0,dynamic_realistic_100d_2pct_hdd,100,42,1000000,5000,1.0,health_ec,15.0,13,650000,700000,98,healthy,99,severe_slow,1,12.5,16.8,18.8,201517,0.8,1517,1517,1514,0,0,0
realistic_2pct,migration_disabled,disabled,12,0.05,0,0,0,dynamic_realistic_100d_2pct_hdd,100,42,1000000,5000,1.0,health_ec,15.0,14,700000,750000,98,mild_slow,99,recovery,1,12.5,17.0,19.3,201453,0.7,1453,1453,1429,0,0,0
realistic_2pct,migration_disabled,disabled,12,0.05,0,0,0,dynamic_realistic_100d_2pct_hdd,100,42,1000000,5000,1.0,health_ec,15.0,15,750000,800000,98,recovery,99,recovery,0,12.5,16.9,19.1,201156,0.6,1156,1156,1067,0,0,0
realistic_2pct,migration_disabled,disabled,12,0.05,0,0,0,dynamic_realistic_100d_2pct_hdd,100,42,1000000,5000,1.0,health_ec,15.0,16,800000,850000,98,healthy,99,healthy,0,12.5,16.8,18.9,200430,0.2,430,430,343,0,0,0
realistic_2pct,migration_disabled,disabled,12,0.05,0,0,0,dynamic_realistic_100d_2pct_hdd,100,42,1000000,5000,1.0,health_ec,15.0,17,850000,900000,98,healthy,99,healthy,0,12.5,16.8,18.8,200198,0.1,198,198,162,0,0,0
realistic_2pct,migration_disabled,disabled,12,0.05,0,0,0,dynamic_realistic_100d_2pct_hdd,100,42,1000000,5000,1.0,health_ec,15.0,18,900000,950000,98,healthy,99,healthy,0,12.5,16.8,18.8,200082,0.0,82,82,68,0,0,0
realistic_2pct,migration_disabled,disabled,12,0.05,0,0,0,dynamic_realistic_100d_2pct_hdd,100,42,1000000,5000,1.0,health_ec,15.0,19,950000,1000000,98,healthy,99,healthy,0,12.5,16.8,18.9,200052,0.0,52,52,40,0,0,0
realistic_2pct,threshold_d2_a005,threshold_alpha,2,0.05,0,0,0,dynamic_realistic_100d_2pct_hdd,100,42,1000000,5000,1.0,health_ec,15.0,0,0,50000,98,healthy,99,healthy,0,12.5,16.8,18.8,200000,0.0,0,0,0,0,0,0
realistic_2pct,threshold_d2_a005,threshold_alpha,2,0.05,0,0,0,dynamic_realistic_100d_2pct_hdd,100,42,1000000,5000,1.0,health_ec,15.0,1,50000,100000,98,healthy,99,healthy,0,12.5,16.8,18.9,200000,0.0,0,0,0,0,0,0
realistic_2pct,threshold_d2_a005,threshold_alpha,2,0.05,0,0,0,dynamic_realistic_100d_2pct_hdd,100,42,1000000,5000,1.0,health_ec,15.0,2,100000,150000,98,healthy,99,healthy,0,12.5,16.8,18.8,200000,0.0,0,0,0,0,0,0
realistic_2pct,threshold_d2_a005,threshold_alpha,2,0.05,0,0,0,dynamic_realistic_100d_2pct_hdd,100,42,1000000,5000,1.0,health_ec,15.0,3,150000,200000,98,mild_slow,99,healthy,1,12.5,17.1,20.6,200359,0.2,359,359,347,5,5,0
realistic_2pct,threshold_d2_a005,threshold_alpha,2,0.05,0,0,0,dynamic_realistic_100d_2pct_hdd,100,42,1000000,5000,1.0,health_ec,15.0,4,200000,250000,98,mild_slow,99,healthy,1,12.5,17.0,19.5,200468,0.2,468,468,460,1,1,0
realistic_2pct,threshold_d2_a005,threshold_alpha,2,0.05,0,0,0,dynamic_realistic_100d_2pct_hdd,100,42,1000000,5000,1.0,health_ec,15.0,5,250000,300000,98,mild_slow,99,healthy,1,12.5,16.9,19.3,200516,0.3,516,516,508,0,0,0
realistic_2pct,threshold_d2_a005,threshold_alpha,2,0.05,0,0,0,dynamic_realistic_100d_2pct_hdd,100,42,1000000,5000,1.0,health_ec,15.0,6,300000,350000,98,severe_slow,99,healthy,1,12.5,16.9,19.2,200596,0.3,596,596,596,2,2,0
realistic_2pct,threshold_d2_a005,threshold_alpha,2,0.05,0,0,0,dynamic_realistic_100d_2pct_hdd,100,42,1000000,5000,1.0,health_ec,15.0,7,350000,400000,98,severe_slow,99,healthy,1,12.5,16.8,18.9,200590,0.3,590,590,590,2,2,0
realistic_2pct,threshold_d2_a005,threshold_alpha,2,0.05,0,0,0,dynamic_realistic_100d_2pct_hdd,100,42,1000000,5000,1.0,health_ec,15.0,8,400000,450000,98,severe_slow,99,healthy,1,12.5,16.9,18.8,200617,0.3,617,617,616,0,0,0
realistic_2pct,threshold_d2_a005,threshold_alpha,2,0.05,0,0,0,dynamic_realistic_100d_2pct_hdd,100,42,1000000,5000,1.0,health_ec,15.0,9,450000,500000,98,recovery,99,mild_slow,1,12.5,16.9,19.0,200929,0.5,929,929,919,4,4,0
realistic_2pct,threshold_d2_a005,threshold_alpha,2,0.05,0,0,0,dynamic_realistic_100d_2pct_hdd,100,42,1000000,5000,1.0,health_ec,15.0,10,500000,550000,98,recovery,99,mild_slow,1,12.5,16.9,19.0,200747,0.4,747,747,734,3,3,0
realistic_2pct,threshold_d2_a005,threshold_alpha,2,0.05,0,0,0,dynamic_realistic_100d_2pct_hdd,100,42,1000000,5000,1.0,health_ec,15.0,11,550000,600000,98,healthy,99,severe_slow,1,12.5,16.8,18.9,200698,0.3,698,698,698,3,3,0
realistic_2pct,threshold_d2_a005,threshold_alpha,2,0.05,0,0,0,dynamic_realistic_100d_2pct_hdd,100,42,1000000,5000,1.0,health_ec,15.0,12,600000,650000,98,healthy,99,severe_slow,1,12.5,16.8,18.9,200642,0.3,642,642,642,0,0,0
realistic_2pct,threshold_d2_a005,threshold_alpha,2,0.05,0,0,0,dynamic_realistic_100d_2pct_hdd,100,42,1000000,5000,1.0,health_ec,15.0,13,650000,700000,98,healthy,99,severe_slow,1,12.5,16.8,18.8,200678,0.3,678,678,677,0,0,0
realistic_2pct,threshold_d2_a005,threshold_alpha,2,0.05,0,0,0,dynamic_realistic_100d_2pct_hdd,100,42,1000000,5000,1.0,health_ec,15.0,14,700000,750000,98,mild_slow,99,recovery,1,12.5,16.9,19.0,200649,0.3,649,649,637,0,0,0
realistic_2pct,threshold_d2_a005,threshold_alpha,2,0.05,0,0,0,dynamic_realistic_100d_2pct_hdd,100,42,1000000,5000,1.0,health_ec,15.0,15,750000,800000,98,recovery,99,recovery,0,12.5,16.8,18.9,200650,0.3,650,650,594,0,0,0
realistic_2pct,threshold_d2_a005,threshold_alpha,2,0.05,0,0,0,dynamic_realistic_100d_2pct_hdd,100,42,1000000,5000,1.0,health_ec,15.0,16,800000,850000,98,healthy,99,healthy,0,12.5,16.8,18.9,200400,0.2,400,400,319,0,0,0
realistic_2pct,threshold_d2_a005,threshold_alpha,2,0.05,0,0,0,dynamic_realistic_100d_2pct_hdd,100,42,1000000,5000,1.0,health_ec,15.0,17,850000,900000,98,healthy,99,healthy,0,12.5,16.8,18.8,200196,0.1,196,196,159,0,0,0
realistic_2pct,threshold_d2_a005,threshold_alpha,2,0.05,0,0,0,dynamic_realistic_100d_2pct_hdd,100,42,1000000,5000,1.0,health_ec,15.0,18,900000,950000,98,healthy,99,healthy,0,12.5,16.8,18.8,200082,0.0,82,82,68,0,0,0
realistic_2pct,threshold_d2_a005,threshold_alpha,2,0.05,0,0,0,dynamic_realistic_100d_2pct_hdd,100,42,1000000,5000,1.0,health_ec,15.0,19,950000,1000000,98,healthy,99,healthy,0,12.5,16.8,18.9,200052,0.0,52,52,40,0,0,0
realistic_2pct,threshold_d4_a005,threshold_alpha,4,0.05,0,0,0,dynamic_realistic_100d_2pct_hdd,100,42,1000000,5000,1.0,health_ec,15.0,0,0,50000,98,healthy,99,healthy,0,12.5,16.8,18.8,200000,0.0,0,0,0,0,0,0
realistic_2pct,threshold_d4_a005,threshold_alpha,4,0.05,0,0,0,dynamic_realistic_100d_2pct_hdd,100,42,1000000,5000,1.0,health_ec,15.0,1,50000,100000,98,healthy,99,healthy,0,12.5,16.8,18.9,200000,0.0,0,0,0,0,0,0
realistic_2pct,threshold_d4_a005,threshold_alpha,4,0.05,0,0,0,dynamic_realistic_100d_2pct_hdd,100,42,1000000,5000,1.0,health_ec,15.0,2,100000,150000,98,healthy,99,healthy,0,12.5,16.8,18.8,200000,0.0,0,0,0,0,0,0
realistic_2pct,threshold_d4_a005,threshold_alpha,4,0.05,0,0,0,dynamic_realistic_100d_2pct_hdd,100,42,1000000,5000,1.0,health_ec,15.0,3,150000,200000,98,mild_slow,99,healthy,1,12.5,17.1,20.6,200405,0.2,405,405,395,4,4,0
realistic_2pct,threshold_d4_a005,threshold_alpha,4,0.05,0,0,0,dynamic_realistic_100d_2pct_hdd,100,42,1000000,5000,1.0,health_ec,15.0,4,200000,250000,98,mild_slow,99,healthy,1,12.5,17.0,19.5,200545,0.3,545,545,536,0,0,0
realistic_2pct,threshold_d4_a005,threshold_alpha,4,0.05,0,0,0,dynamic_realistic_100d_2pct_hdd,100,42,1000000,5000,1.0,health_ec,15.0,5,250000,300000,98,mild_slow,99,healthy,1,12.5,16.9,19.3,200593,0.3,593,593,584,0,0,0
realistic_2pct,threshold_d4_a005,threshold_alpha,4,0.05,0,0,0,dynamic_realistic_100d_2pct_hdd,100,42,1000000,5000,1.0,health_ec,15.0,6,300000,350000,98,severe_slow,99,healthy,1,12.5,16.9,19.2,200708,0.4,708,708,708,1,1,0
realistic_2pct,threshold_d4_a005,threshold_alpha,4,0.05,0,0,0,dynamic_realistic_100d_2pct_hdd,100,42,1000000,5000,1.0,health_ec,15.0,7,350000,400000,98,severe_slow,99,healthy,1,12.5,16.8,18.9,200729,0.4,729,729,729,1,1,0
realistic_2pct,threshold_d4_a005,threshold_alpha,4,0.05,0,0,0,dynamic_realistic_100d_2pct_hdd,100,42,1000000,5000,1.0,health_ec,15.0,8,400000,450000,98,severe_slow,99,healthy,1,12.5,16.9,18.8,200722,0.4,722,722,721,0,0,0
realistic_2pct,threshold_d4_a005,threshold_alpha,4,0.05,0,0,0,dynamic_realistic_100d_2pct_hdd,100,42,1000000,5000,1.0,health_ec,15.0,9,450000,500000,98,recovery,99,mild_slow,1,12.5,16.9,19.0,201035,0.5,1035,1035,1020,3,3,0
realistic_2pct,threshold_d4_a005,threshold_alpha,4,0.05,0,0,0,dynamic_realistic_100d_2pct_hdd,100,42,1000000,5000,1.0,health_ec,15.0,10,500000,550000,98,recovery,99,mild_slow,1,12.5,16.9,19.0,200890,0.4,890,890,875,0,0,0
realistic_2pct,threshold_d4_a005,threshold_alpha,4,0.05,0,0,0,dynamic_realistic_100d_2pct_hdd,100,42,1000000,5000,1.0,health_ec,15.0,11,550000,600000,98,healthy,99,severe_slow,1,12.5,16.8,18.9,200829,0.4,829,829,829,2,2,0
realistic_2pct,threshold_d4_a005,threshold_alpha,4,0.05,0,0,0,dynamic_realistic_100d_2pct_hdd,100,42,1000000,5000,1.0,health_ec,15.0,12,600000,650000,98,healthy,99,severe_slow,1,12.5,16.8,18.9,200787,0.4,787,787,786,1,1,0
realistic_2pct,threshold_d4_a005,threshold_alpha,4,0.05,0,0,0,dynamic_realistic_100d_2pct_hdd,100,42,1000000,5000,1.0,health_ec,15.0,13,650000,700000,98,healthy,99,severe_slow,1,12.5,16.8,18.8,200773,0.4,773,773,772,0,0,0
realistic_2pct,threshold_d4_a005,threshold_alpha,4,0.05,0,0,0,dynamic_realistic_100d_2pct_hdd,100,42,1000000,5000,1.0,health_ec,15.0,14,700000,750000,98,mild_slow,99,recovery,1,12.5,16.9,19.1,200764,0.4,764,764,749,0,0,0
realistic_2pct,threshold_d4_a005,threshold_alpha,4,0.05,0,0,0,dynamic_realistic_100d_2pct_hdd,100,42,1000000,5000,1.0,health_ec,15.0,15,750000,800000,98,recovery,99,recovery,0,12.5,16.8,18.9,200728,0.4,728,728,669,0,0,0
realistic_2pct,threshold_d4_a005,threshold_alpha,4,0.05,0,0,0,dynamic_realistic_100d_2pct_hdd,100,42,1000000,5000,1.0,health_ec,15.0,16,800000,850000,98,healthy,99,healthy,0,12.5,16.8,18.9,200398,0.2,398,398,317,0,0,0
realistic_2pct,threshold_d4_a005,threshold_alpha,4,0.05,0,0,0,dynamic_realistic_100d_2pct_hdd,100,42,1000000,5000,1.0,health_ec,15.0,17,850000,900000,98,healthy,99,healthy,0,12.5,16.8,18.8,200197,0.1,197,197,160,0,0,0
realistic_2pct,threshold_d4_a005,threshold_alpha,4,0.05,0,0,0,dynamic_realistic_100d_2pct_hdd,100,42,1000000,5000,1.0,health_ec,15.0,18,900000,950000,98,healthy,99,healthy,0,12.5,16.8,18.8,200082,0.0,82,82,68,0,0,0
realistic_2pct,threshold_d4_a005,threshold_alpha,4,0.05,0,0,0,dynamic_realistic_100d_2pct_hdd,100,42,1000000,5000,1.0,health_ec,15.0,19,950000,1000000,98,healthy,99,healthy,0,12.5,16.8,18.9,200052,0.0,52,52,40,0,0,0
realistic_2pct,threshold_d6_a005,threshold_alpha,6,0.05,0,0,0,dynamic_realistic_100d_2pct_hdd,100,42,1000000,5000,1.0,health_ec,15.0,0,0,50000,98,healthy,99,healthy,0,12.5,16.8,18.8,200000,0.0,0,0,0,0,0,0
realistic_2pct,threshold_d6_a005,threshold_alpha,6,0.05,0,0,0,dynamic_realistic_100d_2pct_hdd,100,42,1000000,5000,1.0,health_ec,15.0,1,50000,100000,98,healthy,99,healthy,0,12.5,16.8,18.9,200000,0.0,0,0,0,0,0,0
realistic_2pct,threshold_d6_a005,threshold_alpha,6,0.05,0,0,0,dynamic_realistic_100d_2pct_hdd,100,42,1000000,5000,1.0,health_ec,15.0,2,100000,150000,98,healthy,99,healthy,0,12.5,16.8,18.8,200000,0.0,0,0,0,0,0,0
realistic_2pct,threshold_d6_a005,threshold_alpha,6,0.05,0,0,0,dynamic_realistic_100d_2pct_hdd,100,42,1000000,5000,1.0,health_ec,15.0,3,150000,200000,98,mild_slow,99,healthy,1,12.5,17.1,20.6,200473,0.2,473,473,462,2,2,0
realistic_2pct,threshold_d6_a005,threshold_alpha,6,0.05,0,0,0,dynamic_realistic_100d_2pct_hdd,100,42,1000000,5000,1.0,health_ec,15.0,4,200000,250000,98,mild_slow,99,healthy,1,12.5,17.0,19.5,200611,0.3,611,611,602,1,1,0
realistic_2pct,threshold_d6_a005,threshold_alpha,6,0.05,0,0,0,dynamic_realistic_100d_2pct_hdd,100,42,1000000,5000,1.0,health_ec,15.0,5,250000,300000,98,mild_slow,99,healthy,1,12.5,16.9,19.3,200656,0.3,656,656,647,0,0,0
realistic_2pct,threshold_d6_a005,threshold_alpha,6,0.05,0,0,0,dynamic_realistic_100d_2pct_hdd,100,42,1000000,5000,1.0,health_ec,15.0,6,300000,350000,98,severe_slow,99,healthy,1,12.5,16.9,19.1,200782,0.4,782,782,781,1,1,0
realistic_2pct,threshold_d6_a005,threshold_alpha,6,0.05,0,0,0,dynamic_realistic_100d_2pct_hdd,100,42,1000000,5000,1.0,health_ec,15.0,7,350000,400000,98,severe_slow,99,healthy,1,12.5,16.8,18.9,200787,0.4,787,787,787,0,0,0
realistic_2pct,threshold_d6_a005,threshold_alpha,6,0.05,0,0,0,dynamic_realistic_100d_2pct_hdd,100,42,1000000,5000,1.0,health_ec,15.0,8,400000,450000,98,severe_slow,99,healthy,1,12.5,16.9,18.9,200807,0.4,807,807,806,0,0,0
realistic_2pct,threshold_d6_a005,threshold_alpha,6,0.05,0,0,0,dynamic_realistic_100d_2pct_hdd,100,42,1000000,5000,1.0,health_ec,15.0,9,450000,500000,98,recovery,99,mild_slow,1,12.5,16.9,19.0,201094,0.5,1094,1094,1079,2,2,0
realistic_2pct,threshold_d6_a005,threshold_alpha,6,0.05,0,0,0,dynamic_realistic_100d_2pct_hdd,100,42,1000000,5000,1.0,health_ec,15.0,10,500000,550000,98,recovery,99,mild_slow,1,12.5,16.9,19.0,200973,0.5,973,973,957,0,0,0
realistic_2pct,threshold_d6_a005,threshold_alpha,6,0.05,0,0,0,dynamic_realistic_100d_2pct_hdd,100,42,1000000,5000,1.0,health_ec,15.0,11,550000,600000,98,healthy,99,severe_slow,1,12.5,16.8,18.9,200904,0.5,904,904,904,2,2,0
realistic_2pct,threshold_d6_a005,threshold_alpha,6,0.05,0,0,0,dynamic_realistic_100d_2pct_hdd,100,42,1000000,5000,1.0,health_ec,15.0,12,600000,650000,98,healthy,99,severe_slow,1,12.5,16.8,18.9,200831,0.4,831,831,830,0,0,0
realistic_2pct,threshold_d6_a005,threshold_alpha,6,0.05,0,0,0,dynamic_realistic_100d_2pct_hdd,100,42,1000000,5000,1.0,health_ec,15.0,13,650000,700000,98,healthy,99,severe_slow,1,12.5,16.8,18.8,200862,0.4,862,862,860,0,0,0
realistic_2pct,threshold_d6_a005,threshold_alpha,6,0.05,0,0,0,dynamic_realistic_100d_2pct_hdd,100,42,1000000,5000,1.0,health_ec,15.0,14,700000,750000,98,mild_slow,99,recovery,1,12.5,16.9,19.1,200847,0.4,847,847,830,0,0,0
realistic_2pct,threshold_d6_a005,threshold_alpha,6,0.05,0,0,0,dynamic_realistic_100d_2pct_hdd,100,42,1000000,5000,1.0,health_ec,15.0,15,750000,800000,98,recovery,99,recovery,0,12.5,16.8,18.9,200767,0.4,767,767,703,0,0,0
realistic_2pct,threshold_d6_a005,threshold_alpha,6,0.05,0,0,0,dynamic_realistic_100d_2pct_hdd,100,42,1000000,5000,1.0,health_ec,15.0,16,800000,850000,98,healthy,99,healthy,0,12.5,16.8,18.9,200398,0.2,398,398,317,0,0,0
realistic_2pct,threshold_d6_a005,threshold_alpha,6,0.05,0,0,0,dynamic_realistic_100d_2pct_hdd,100,42,1000000,5000,1.0,health_ec,15.0,17,850000,900000,98,healthy,99,healthy,0,12.5,16.8,18.8,200197,0.1,197,197,160,0,0,0
realistic_2pct,threshold_d6_a005,threshold_alpha,6,0.05,0,0,0,dynamic_realistic_100d_2pct_hdd,100,42,1000000,5000,1.0,health_ec,15.0,18,900000,950000,98,healthy,99,healthy,0,12.5,16.8,18.8,200082,0.0,82,82,68,0,0,0
realistic_2pct,threshold_d6_a005,threshold_alpha,6,0.05,0,0,0,dynamic_realistic_100d_2pct_hdd,100,42,1000000,5000,1.0,health_ec,15.0,19,950000,1000000,98,healthy,99,healthy,0,12.5,16.8,18.9,200052,0.0,52,52,40,0,0,0
realistic_2pct,threshold_d8_a005,threshold_alpha,8,0.05,0,0,0,dynamic_realistic_100d_2pct_hdd,100,42,1000000,5000,1.0,health_ec,15.0,0,0,50000,98,healthy,99,healthy,0,12.5,16.8,18.8,200000,0.0,0,0,0,0,0,0
realistic_2pct,threshold_d8_a005,threshold_alpha,8,0.05,0,0,0,dynamic_realistic_100d_2pct_hdd,100,42,1000000,5000,1.0,health_ec,15.0,1,50000,100000,98,healthy,99,healthy,0,12.5,16.8,18.9,200000,0.0,0,0,0,0,0,0
realistic_2pct,threshold_d8_a005,threshold_alpha,8,0.05,0,0,0,dynamic_realistic_100d_2pct_hdd,100,42,1000000,5000,1.0,health_ec,15.0,2,100000,150000,98,healthy,99,healthy,0,12.5,16.8,18.8,200000,0.0,0,0,0,0,0,0
realistic_2pct,threshold_d8_a005,threshold_alpha,8,0.05,0,0,0,dynamic_realistic_100d_2pct_hdd,100,42,1000000,5000,1.0,health_ec,15.0,3,150000,200000,98,mild_slow,99,healthy,1,12.5,17.1,20.6,200481,0.2,481,481,471,2,2,0
realistic_2pct,threshold_d8_a005,threshold_alpha,8,0.05,0,0,0,dynamic_realistic_100d_2pct_hdd,100,42,1000000,5000,1.0,health_ec,15.0,4,200000,250000,98,mild_slow,99,healthy,1,12.5,17.0,19.5,200690,0.3,690,690,679,0,0,0
realistic_2pct,threshold_d8_a005,threshold_alpha,8,0.05,0,0,0,dynamic_realistic_100d_2pct_hdd,100,42,1000000,5000,1.0,health_ec,15.0,5,250000,300000,98,mild_slow,99,healthy,1,12.5,16.9,19.3,200727,0.4,727,727,717,0,0,0
realistic_2pct,threshold_d8_a005,threshold_alpha,8,0.05,0,0,0,dynamic_realistic_100d_2pct_hdd,100,42,1000000,5000,1.0,health_ec,15.0,6,300000,350000,98,severe_slow,99,healthy,1,12.5,16.9,19.2,200871,0.4,871,871,871,1,1,0
realistic_2pct,threshold_d8_a005,threshold_alpha,8,0.05,0,0,0,dynamic_realistic_100d_2pct_hdd,100,42,1000000,5000,1.0,health_ec,15.0,7,350000,400000,98,severe_slow,99,healthy,1,12.5,16.8,18.9,200850,0.4,850,850,850,0,0,0
realistic_2pct,threshold_d8_a005,threshold_alpha,8,0.05,0,0,0,dynamic_realistic_100d_2pct_hdd,100,42,1000000,5000,1.0,health_ec,15.0,8,400000,450000,98,severe_slow,99,healthy,1,12.5,16.9,18.9,200863,0.4,863,863,862,0,0,0
realistic_2pct,threshold_d8_a005,threshold_alpha,8,0.05,0,0,0,dynamic_realistic_100d_2pct_hdd,100,42,1000000,5000,1.0,health_ec,15.0,9,450000,500000,98,recovery,99,mild_slow,1,12.5,16.9,19.0,201113,0.6,1113,1113,1098,2,2,0
realistic_2pct,threshold_d8_a005,threshold_alpha,8,0.05,0,0,0,dynamic_realistic_100d_2pct_hdd,100,42,1000000,5000,1.0,health_ec,15.0,10,500000,550000,98,recovery,99,mild_slow,1,12.5,16.9,19.1,200973,0.5,973,973,958,0,0,0
realistic_2pct,threshold_d8_a005,threshold_alpha,8,0.05,0,0,0,dynamic_realistic_100d_2pct_hdd,100,42,1000000,5000,1.0,health_ec,15.0,11,550000,600000,98,healthy,99,severe_slow,1,12.5,16.8,18.9,200971,0.5,971,971,971,1,1,0
realistic_2pct,threshold_d8_a005,threshold_alpha,8,0.05,0,0,0,dynamic_realistic_100d_2pct_hdd,100,42,1000000,5000,1.0,health_ec,15.0,12,600000,650000,98,healthy,99,severe_slow,1,12.5,16.8,18.9,200884,0.4,884,884,883,0,0,0
realistic_2pct,threshold_d8_a005,threshold_alpha,8,0.05,0,0,0,dynamic_realistic_100d_2pct_hdd,100,42,1000000,5000,1.0,health_ec,15.0,13,650000,700000,98,healthy,99,severe_slow,1,12.5,16.8,18.8,200924,0.5,924,924,922,0,0,0
realistic_2pct,threshold_d8_a005,threshold_alpha,8,0.05,0,0,0,dynamic_realistic_100d_2pct_hdd,100,42,1000000,5000,1.0,health_ec,15.0,14,700000,750000,98,mild_slow,99,recovery,1,12.5,16.9,19.1,200907,0.5,907,907,887,0,0,0
realistic_2pct,threshold_d8_a005,threshold_alpha,8,0.05,0,0,0,dynamic_realistic_100d_2pct_hdd,100,42,1000000,5000,1.0,health_ec,15.0,15,750000,800000,98,recovery,99,recovery,0,12.5,16.8,18.9,200833,0.4,833,833,764,0,0,0
realistic_2pct,threshold_d8_a005,threshold_alpha,8,0.05,0,0,0,dynamic_realistic_100d_2pct_hdd,100,42,1000000,5000,1.0,health_ec,15.0,16,800000,850000,98,healthy,99,healthy,0,12.5,16.8,18.9,200415,0.2,415,415,330,0,0,0
realistic_2pct,threshold_d8_a005,threshold_alpha,8,0.05,0,0,0,dynamic_realistic_100d_2pct_hdd,100,42,1000000,5000,1.0,health_ec,15.0,17,850000,900000,98,healthy,99,healthy,0,12.5,16.8,18.8,200197,0.1,197,197,160,0,0,0
realistic_2pct,threshold_d8_a005,threshold_alpha,8,0.05,0,0,0,dynamic_realistic_100d_2pct_hdd,100,42,1000000,5000,1.0,health_ec,15.0,18,900000,950000,98,healthy,99,healthy,0,12.5,16.8,18.8,200082,0.0,82,82,68,0,0,0
realistic_2pct,threshold_d8_a005,threshold_alpha,8,0.05,0,0,0,dynamic_realistic_100d_2pct_hdd,100,42,1000000,5000,1.0,health_ec,15.0,19,950000,1000000,98,healthy,99,healthy,0,12.5,16.8,18.9,200052,0.0,52,52,40,0,0,0
realistic_2pct,threshold_d2_a010,threshold_alpha,2,0.1,0,0,0,dynamic_realistic_100d_2pct_hdd,100,42,1000000,5000,1.0,health_ec,15.0,0,0,50000,98,healthy,99,healthy,0,12.5,16.8,18.8,200000,0.0,0,0,0,0,0,0
realistic_2pct,threshold_d2_a010,threshold_alpha,2,0.1,0,0,0,dynamic_realistic_100d_2pct_hdd,100,42,1000000,5000,1.0,health_ec,15.0,1,50000,100000,98,healthy,99,healthy,0,12.5,16.8,18.9,200000,0.0,0,0,0,0,0,0
realistic_2pct,threshold_d2_a010,threshold_alpha,2,0.1,0,0,0,dynamic_realistic_100d_2pct_hdd,100,42,1000000,5000,1.0,health_ec,15.0,2,100000,150000,98,healthy,99,healthy,0,12.5,16.8,18.8,200000,0.0,0,0,0,0,0,0
realistic_2pct,threshold_d2_a010,threshold_alpha,2,0.1,0,0,0,dynamic_realistic_100d_2pct_hdd,100,42,1000000,5000,1.0,health_ec,15.0,3,150000,200000,98,mild_slow,99,healthy,1,12.5,17.1,20.6,200305,0.2,305,305,294,7,6,1
realistic_2pct,threshold_d2_a010,threshold_alpha,2,0.1,0,0,0,dynamic_realistic_100d_2pct_hdd,100,42,1000000,5000,1.0,health_ec,15.0,4,200000,250000,98,mild_slow,99,healthy,1,12.5,17.0,19.5,200445,0.2,445,445,437,2,2,0
realistic_2pct,threshold_d2_a010,threshold_alpha,2,0.1,0,0,0,dynamic_realistic_100d_2pct_hdd,100,42,1000000,5000,1.0,health_ec,15.0,5,250000,300000,98,mild_slow,99,healthy,1,12.5,16.9,19.3,200464,0.2,464,464,457,0,0,0
realistic_2pct,threshold_d2_a010,threshold_alpha,2,0.1,0,0,0,dynamic_realistic_100d_2pct_hdd,100,42,1000000,5000,1.0,health_ec,15.0,6,300000,350000,98,severe_slow,99,healthy,1,12.5,16.9,19.1,200558,0.3,558,558,558,2,2,0
realistic_2pct,threshold_d2_a010,threshold_alpha,2,0.1,0,0,0,dynamic_realistic_100d_2pct_hdd,100,42,1000000,5000,1.0,health_ec,15.0,7,350000,400000,98,severe_slow,99,healthy,1,12.5,16.8,18.9,200579,0.3,579,579,579,0,0,0
realistic_2pct,threshold_d2_a010,threshold_alpha,2,0.1,0,0,0,dynamic_realistic_100d_2pct_hdd,100,42,1000000,5000,1.0,health_ec,15.0,8,400000,450000,98,severe_slow,99,healthy,1,12.5,16.9,18.8,200600,0.3,600,600,599,1,1,0
realistic_2pct,threshold_d2_a010,threshold_alpha,2,0.1,0,0,0,dynamic_realistic_100d_2pct_hdd,100,42,1000000,5000,1.0,health_ec,15.0,9,450000,500000,98,recovery,99,mild_slow,1,12.5,16.9,19.1,200833,0.4,833,833,822,7,7,0
realistic_2pct,threshold_d2_a010,threshold_alpha,2,0.1,0,0,0,dynamic_realistic_100d_2pct_hdd,100,42,1000000,5000,1.0,health_ec,15.0,10,500000,550000,98,recovery,99,mild_slow,1,12.5,16.9,19.0,200676,0.3,676,676,664,1,1,0
realistic_2pct,threshold_d2_a010,threshold_alpha,2,0.1,0,0,0,dynamic_realistic_100d_2pct_hdd,100,42,1000000,5000,1.0,health_ec,15.0,11,550000,600000,98,healthy,99,severe_slow,1,12.5,16.8,18.9,200656,0.3,656,656,656,2,2,0
realistic_2pct,threshold_d2_a010,threshold_alpha,2,0.1,0,0,0,dynamic_realistic_100d_2pct_hdd,100,42,1000000,5000,1.0,health_ec,15.0,12,600000,650000,98,healthy,99,severe_slow,1,12.5,16.8,18.9,200642,0.3,642,642,642,0,0,0
realistic_2pct,threshold_d2_a010,threshold_alpha,2,0.1,0,0,0,dynamic_realistic_100d_2pct_hdd,100,42,1000000,5000,1.0,health_ec,15.0,13,650000,700000,98,healthy,99,severe_slow,1,12.5,16.8,18.8,200669,0.3,669,669,668,1,1,0
realistic_2pct,threshold_d2_a010,threshold_alpha,2,0.1,0,0,0,dynamic_realistic_100d_2pct_hdd,100,42,1000000,5000,1.0,health_ec,15.0,14,700000,750000,98,mild_slow,99,recovery,1,12.5,16.9,19.0,200632,0.3,632,632,620,0,0,0
realistic_2pct,threshold_d2_a010,threshold_alpha,2,0.1,0,0,0,dynamic_realistic_100d_2pct_hdd,100,42,1000000,5000,1.0,health_ec,15.0,15,750000,800000,98,recovery,99,recovery,0,12.5,16.8,18.9,200630,0.3,630,630,576,0,0,0
realistic_2pct,threshold_d2_a010,threshold_alpha,2,0.1,0,0,0,dynamic_realistic_100d_2pct_hdd,100,42,1000000,5000,1.0,health_ec,15.0,16,800000,850000,98,healthy,99,healthy,0,12.5,16.8,18.9,200400,0.2,400,400,319,0,0,0
realistic_2pct,threshold_d2_a010,threshold_alpha,2,0.1,0,0,0,dynamic_realistic_100d_2pct_hdd,100,42,1000000,5000,1.0,health_ec,15.0,17,850000,900000,98,healthy,99,healthy,0,12.5,16.8,18.8,200197,0.1,197,197,160,0,0,0
realistic_2pct,threshold_d2_a010,threshold_alpha,2,0.1,0,0,0,dynamic_realistic_100d_2pct_hdd,100,42,1000000,5000,1.0,health_ec,15.0,18,900000,950000,98,healthy,99,healthy,0,12.5,16.8,18.8,200082,0.0,82,82,68,0,0,0
realistic_2pct,threshold_d2_a010,threshold_alpha,2,0.1,0,0,0,dynamic_realistic_100d_2pct_hdd,100,42,1000000,5000,1.0,health_ec,15.0,19,950000,1000000,98,healthy,99,healthy,0,12.5,16.8,18.9,200053,0.0,53,53,41,0,0,0
realistic_2pct,threshold_d4_a010,threshold_alpha,4,0.1,0,0,0,dynamic_realistic_100d_2pct_hdd,100,42,1000000,5000,1.0,health_ec,15.0,0,0,50000,98,healthy,99,healthy,0,12.5,16.8,18.8,200000,0.0,0,0,0,0,0,0
realistic_2pct,threshold_d4_a010,threshold_alpha,4,0.1,0,0,0,dynamic_realistic_100d_2pct_hdd,100,42,1000000,5000,1.0,health_ec,15.0,1,50000,100000,98,healthy,99,healthy,0,12.5,16.8,18.9,200000,0.0,0,0,0,0,0,0
realistic_2pct,threshold_d4_a010,threshold_alpha,4,0.1,0,0,0,dynamic_realistic_100d_2pct_hdd,100,42,1000000,5000,1.0,health_ec,15.0,2,100000,150000,98,healthy,99,healthy,0,12.5,16.8,18.8,200000,0.0,0,0,0,0,0,0
realistic_2pct,threshold_d4_a010,threshold_alpha,4,0.1,0,0,0,dynamic_realistic_100d_2pct_hdd,100,42,1000000,5000,1.0,health_ec,15.0,3,150000,200000,98,mild_slow,99,healthy,1,12.5,17.1,20.6,200391,0.2,391,391,380,4,4,0
realistic_2pct,threshold_d4_a010,threshold_alpha,4,0.1,0,0,0,dynamic_realistic_100d_2pct_hdd,100,42,1000000,5000,1.0,health_ec,15.0,4,200000,250000,98,mild_slow,99,healthy,1,12.5,17.0,19.5,200545,0.3,545,545,536,0,0,0
realistic_2pct,threshold_d4_a010,threshold_alpha,4,0.1,0,0,0,dynamic_realistic_100d_2pct_hdd,100,42,1000000,5000,1.0,health_ec,15.0,5,250000,300000,98,mild_slow,99,healthy,1,12.5,16.9,19.3,200593,0.3,593,593,584,0,0,0
realistic_2pct,threshold_d4_a010,threshold_alpha,4,0.1,0,0,0,dynamic_realistic_100d_2pct_hdd,100,42,1000000,5000,1.0,health_ec,15.0,6,300000,350000,98,severe_slow,99,healthy,1,12.5,16.9,19.2,200697,0.3,697,697,697,1,1,0
realistic_2pct,threshold_d4_a010,threshold_alpha,4,0.1,0,0,0,dynamic_realistic_100d_2pct_hdd,100,42,1000000,5000,1.0,health_ec,15.0,7,350000,400000,98,severe_slow,99,healthy,1,12.5,16.8,18.9,200711,0.4,711,711,711,1,1,0
realistic_2pct,threshold_d4_a010,threshold_alpha,4,0.1,0,0,0,dynamic_realistic_100d_2pct_hdd,100,42,1000000,5000,1.0,health_ec,15.0,8,400000,450000,98,severe_slow,99,healthy,1,12.5,16.9,18.8,200722,0.4,722,722,721,0,0,0
realistic_2pct,threshold_d4_a010,threshold_alpha,4,0.1,0,0,0,dynamic_realistic_100d_2pct_hdd,100,42,1000000,5000,1.0,health_ec,15.0,9,450000,500000,98,recovery,99,mild_slow,1,12.5,16.9,19.0,200963,0.5,963,963,950,4,4,0
realistic_2pct,threshold_d4_a010,threshold_alpha,4,0.1,0,0,0,dynamic_realistic_100d_2pct_hdd,100,42,1000000,5000,1.0,health_ec,15.0,10,500000,550000,98,recovery,99,mild_slow,1,12.5,16.9,19.0,200821,0.4,821,821,806,0,0,0
realistic_2pct,threshold_d4_a010,threshold_alpha,4,0.1,0,0,0,dynamic_realistic_100d_2pct_hdd,100,42,1000000,5000,1.0,health_ec,15.0,11,550000,600000,98,healthy,99,severe_slow,1,12.5,16.8,18.9,200802,0.4,802,802,802,2,2,0
realistic_2pct,threshold_d4_a010,threshold_alpha,4,0.1,0,0,0,dynamic_realistic_100d_2pct_hdd,100,42,1000000,5000,1.0,health_ec,15.0,12,600000,650000,98,healthy,99,severe_slow,1,12.5,16.8,18.9,200755,0.4,755,755,754,0,0,0
realistic_2pct,threshold_d4_a010,threshold_alpha,4,0.1,0,0,0,dynamic_realistic_100d_2pct_hdd,100,42,1000000,5000,1.0,health_ec,15.0,13,650000,700000,98,healthy,99,severe_slow,1,12.5,16.8,18.8,200773,0.4,773,773,772,0,0,0
realistic_2pct,threshold_d4_a010,threshold_alpha,4,0.1,0,0,0,dynamic_realistic_100d_2pct_hdd,100,42,1000000,5000,1.0,health_ec,15.0,14,700000,750000,98,mild_slow,99,recovery,1,12.5,16.9,19.1,200764,0.4,764,764,749,0,0,0
realistic_2pct,threshold_d4_a010,threshold_alpha,4,0.1,0,0,0,dynamic_realistic_100d_2pct_hdd,100,42,1000000,5000,1.0,health_ec,15.0,15,750000,800000,98,recovery,99,recovery,0,12.5,16.8,18.9,200728,0.4,728,728,669,0,0,0
realistic_2pct,threshold_d4_a010,threshold_alpha,4,0.1,0,0,0,dynamic_realistic_100d_2pct_hdd,100,42,1000000,5000,1.0,health_ec,15.0,16,800000,850000,98,healthy,99,healthy,0,12.5,16.8,18.9,200398,0.2,398,398,317,0,0,0
realistic_2pct,threshold_d4_a010,threshold_alpha,4,0.1,0,0,0,dynamic_realistic_100d_2pct_hdd,100,42,1000000,5000,1.0,health_ec,15.0,17,850000,900000,98,healthy,99,healthy,0,12.5,16.8,18.8,200197,0.1,197,197,160,0,0,0
realistic_2pct,threshold_d4_a010,threshold_alpha,4,0.1,0,0,0,dynamic_realistic_100d_2pct_hdd,100,42,1000000,5000,1.0,health_ec,15.0,18,900000,950000,98,healthy,99,healthy,0,12.5,16.8,18.8,200082,0.0,82,82,68,0,0,0
realistic_2pct,threshold_d4_a010,threshold_alpha,4,0.1,0,0,0,dynamic_realistic_100d_2pct_hdd,100,42,1000000,5000,1.0,health_ec,15.0,19,950000,1000000,98,healthy,99,healthy,0,12.5,16.8,18.9,200052,0.0,52,52,40,0,0,0
realistic_2pct,threshold_d6_a010,threshold_alpha,6,0.1,0,0,0,dynamic_realistic_100d_2pct_hdd,100,42,1000000,5000,1.0,health_ec,15.0,0,0,50000,98,healthy,99,healthy,0,12.5,16.8,18.8,200000,0.0,0,0,0,0,0,0
realistic_2pct,threshold_d6_a010,threshold_alpha,6,0.1,0,0,0,dynamic_realistic_100d_2pct_hdd,100,42,1000000,5000,1.0,health_ec,15.0,1,50000,100000,98,healthy,99,healthy,0,12.5,16.8,18.9,200000,0.0,0,0,0,0,0,0
realistic_2pct,threshold_d6_a010,threshold_alpha,6,0.1,0,0,0,dynamic_realistic_100d_2pct_hdd,100,42,1000000,5000,1.0,health_ec,15.0,2,100000,150000,98,healthy,99,healthy,0,12.5,16.8,18.8,200000,0.0,0,0,0,0,0,0
realistic_2pct,threshold_d6_a010,threshold_alpha,6,0.1,0,0,0,dynamic_realistic_100d_2pct_hdd,100,42,1000000,5000,1.0,health_ec,15.0,3,150000,200000,98,mild_slow,99,healthy,1,12.5,17.1,20.6,200422,0.2,422,422,413,3,3,0
realistic_2pct,threshold_d6_a010,threshold_alpha,6,0.1,0,0,0,dynamic_realistic_100d_2pct_hdd,100,42,1000000,5000,1.0,health_ec,15.0,4,200000,250000,98,mild_slow,99,healthy,1,12.5,17.0,19.5,200607,0.3,607,607,598,0,0,0
realistic_2pct,threshold_d6_a010,threshold_alpha,6,0.1,0,0,0,dynamic_realistic_100d_2pct_hdd,100,42,1000000,5000,1.0,health_ec,15.0,5,250000,300000,98,mild_slow,99,healthy,1,12.5,16.9,19.2,200656,0.3,656,656,647,0,0,0
realistic_2pct,threshold_d6_a010,threshold_alpha,6,0.1,0,0,0,dynamic_realistic_100d_2pct_hdd,100,42,1000000,5000,1.0,health_ec,15.0,6,300000,350000,98,severe_slow,99,healthy,1,12.5,16.9,19.2,200754,0.4,754,754,754,1,1,0
realistic_2pct,threshold_d6_a010,threshold_alpha,6,0.1,0,0,0,dynamic_realistic_100d_2pct_hdd,100,42,1000000,5000,1.0,health_ec,15.0,7,350000,400000,98,severe_slow,99,healthy,1,12.5,16.8,18.9,200787,0.4,787,787,787,0,0,0
realistic_2pct,threshold_d6_a010,threshold_alpha,6,0.1,0,0,0,dynamic_realistic_100d_2pct_hdd,100,42,1000000,5000,1.0,health_ec,15.0,8,400000,450000,98,severe_slow,99,healthy,1,12.5,16.9,18.8,200807,0.4,807,807,806,0,0,0
realistic_2pct,threshold_d6_a010,threshold_alpha,6,0.1,0,0,0,dynamic_realistic_100d_2pct_hdd,100,42,1000000,5000,1.0,health_ec,15.0,9,450000,500000,98,recovery,99,mild_slow,1,12.5,16.9,18.9,201089,0.5,1089,1089,1076,2,2,0
realistic_2pct,threshold_d6_a010,threshold_alpha,6,0.1,0,0,0,dynamic_realistic_100d_2pct_hdd,100,42,1000000,5000,1.0,health_ec,15.0,10,500000,550000,98,recovery,99,mild_slow,1,12.5,16.9,19.0,200949,0.5,949,949,934,1,1,0
realistic_2pct,threshold_d6_a010,threshold_alpha,6,0.1,0,0,0,dynamic_realistic_100d_2pct_hdd,100,42,1000000,5000,1.0,health_ec,15.0,11,550000,600000,98,healthy,99,severe_slow,1,12.5,16.8,18.9,200878,0.4,878,878,878,1,1,0
realistic_2pct,threshold_d6_a010,threshold_alpha,6,0.1,0,0,0,dynamic_realistic_100d_2pct_hdd,100,42,1000000,5000,1.0,health_ec,15.0,12,600000,650000,98,healthy,99,severe_slow,1,12.5,16.8,18.9,200831,0.4,831,831,830,0,0,0
realistic_2pct,threshold_d6_a010,threshold_alpha,6,0.1,0,0,0,dynamic_realistic_100d_2pct_hdd,100,42,1000000,5000,1.0,health_ec,15.0,13,650000,700000,98,healthy,99,severe_slow,1,12.5,16.8,18.8,200862,0.4,862,862,860,0,0,0
realistic_2pct,threshold_d6_a010,threshold_alpha,6,0.1,0,0,0,dynamic_realistic_100d_2pct_hdd,100,42,1000000,5000,1.0,health_ec,15.0,14,700000,750000,98,mild_slow,99,recovery,1,12.5,16.9,19.1,200847,0.4,847,847,830,0,0,0
realistic_2pct,threshold_d6_a010,threshold_alpha,6,0.1,0,0,0,dynamic_realistic_100d_2pct_hdd,100,42,1000000,5000,1.0,health_ec,15.0,15,750000,800000,98,recovery,99,recovery,0,12.5,16.8,18.9,200767,0.4,767,767,703,0,0,0
realistic_2pct,threshold_d6_a010,threshold_alpha,6,0.1,0,0,0,dynamic_realistic_100d_2pct_hdd,100,42,1000000,5000,1.0,health_ec,15.0,16,800000,850000,98,healthy,99,healthy,0,12.5,16.8,18.9,200398,0.2,398,398,317,0,0,0
realistic_2pct,threshold_d6_a010,threshold_alpha,6,0.1,0,0,0,dynamic_realistic_100d_2pct_hdd,100,42,1000000,5000,1.0,health_ec,15.0,17,850000,900000,98,healthy,99,healthy,0,12.5,16.8,18.8,200197,0.1,197,197,160,0,0,0
realistic_2pct,threshold_d6_a010,threshold_alpha,6,0.1,0,0,0,dynamic_realistic_100d_2pct_hdd,100,42,1000000,5000,1.0,health_ec,15.0,18,900000,950000,98,healthy,99,healthy,0,12.5,16.8,18.8,200082,0.0,82,82,68,0,0,0
realistic_2pct,threshold_d6_a010,threshold_alpha,6,0.1,0,0,0,dynamic_realistic_100d_2pct_hdd,100,42,1000000,5000,1.0,health_ec,15.0,19,950000,1000000,98,healthy,99,healthy,0,12.5,16.8,18.9,200052,0.0,52,52,40,0,0,0
realistic_2pct,threshold_d8_a010,threshold_alpha,8,0.1,0,0,0,dynamic_realistic_100d_2pct_hdd,100,42,1000000,5000,1.0,health_ec,15.0,0,0,50000,98,healthy,99,healthy,0,12.5,16.8,18.8,200000,0.0,0,0,0,0,0,0
realistic_2pct,threshold_d8_a010,threshold_alpha,8,0.1,0,0,0,dynamic_realistic_100d_2pct_hdd,100,42,1000000,5000,1.0,health_ec,15.0,1,50000,100000,98,healthy,99,healthy,0,12.5,16.8,18.9,200000,0.0,0,0,0,0,0,0
realistic_2pct,threshold_d8_a010,threshold_alpha,8,0.1,0,0,0,dynamic_realistic_100d_2pct_hdd,100,42,1000000,5000,1.0,health_ec,15.0,2,100000,150000,98,healthy,99,healthy,0,12.5,16.8,18.8,200000,0.0,0,0,0,0,0,0
realistic_2pct,threshold_d8_a010,threshold_alpha,8,0.1,0,0,0,dynamic_realistic_100d_2pct_hdd,100,42,1000000,5000,1.0,health_ec,15.0,3,150000,200000,98,mild_slow,99,healthy,1,12.5,17.1,20.6,200471,0.2,471,471,461,2,2,0
realistic_2pct,threshold_d8_a010,threshold_alpha,8,0.1,0,0,0,dynamic_realistic_100d_2pct_hdd,100,42,1000000,5000,1.0,health_ec,15.0,4,200000,250000,98,mild_slow,99,healthy,1,12.5,17.0,19.5,200690,0.3,690,690,679,0,0,0
realistic_2pct,threshold_d8_a010,threshold_alpha,8,0.1,0,0,0,dynamic_realistic_100d_2pct_hdd,100,42,1000000,5000,1.0,health_ec,15.0,5,250000,300000,98,mild_slow,99,healthy,1,12.5,16.9,19.3,200727,0.4,727,727,717,0,0,0
realistic_2pct,threshold_d8_a010,threshold_alpha,8,0.1,0,0,0,dynamic_realistic_100d_2pct_hdd,100,42,1000000,5000,1.0,health_ec,15.0,6,300000,350000,98,severe_slow,99,healthy,1,12.5,16.9,19.2,200838,0.4,838,838,838,1,1,0
realistic_2pct,threshold_d8_a010,threshold_alpha,8,0.1,0,0,0,dynamic_realistic_100d_2pct_hdd,100,42,1000000,5000,1.0,health_ec,15.0,7,350000,400000,98,severe_slow,99,healthy,1,12.5,16.8,18.9,200850,0.4,850,850,850,0,0,0
realistic_2pct,threshold_d8_a010,threshold_alpha,8,0.1,0,0,0,dynamic_realistic_100d_2pct_hdd,100,42,1000000,5000,1.0,health_ec,15.0,8,400000,450000,98,severe_slow,99,healthy,1,12.5,16.9,18.8,200863,0.4,863,863,862,0,0,0
realistic_2pct,threshold_d8_a010,threshold_alpha,8,0.1,0,0,0,dynamic_realistic_100d_2pct_hdd,100,42,1000000,5000,1.0,health_ec,15.0,9,450000,500000,98,recovery,99,mild_slow,1,12.5,16.9,18.9,201100,0.5,1100,1100,1086,2,2,0
realistic_2pct,threshold_d8_a010,threshold_alpha,8,0.1,0,0,0,dynamic_realistic_100d_2pct_hdd,100,42,1000000,5000,1.0,health_ec,15.0,10,500000,550000,98,recovery,99,mild_slow,1,12.5,16.9,19.1,200973,0.5,973,973,958,0,0,0
realistic_2pct,threshold_d8_a010,threshold_alpha,8,0.1,0,0,0,dynamic_realistic_100d_2pct_hdd,100,42,1000000,5000,1.0,health_ec,15.0,11,550000,600000,98,healthy,99,severe_slow,1,12.5,16.8,18.9,200951,0.5,951,951,951,1,1,0
realistic_2pct,threshold_d8_a010,threshold_alpha,8,0.1,0,0,0,dynamic_realistic_100d_2pct_hdd,100,42,1000000,5000,1.0,health_ec,15.0,12,600000,650000,98,healthy,99,severe_slow,1,12.5,16.8,18.9,200884,0.4,884,884,883,0,0,0
realistic_2pct,threshold_d8_a010,threshold_alpha,8,0.1,0,0,0,dynamic_realistic_100d_2pct_hdd,100,42,1000000,5000,1.0,health_ec,15.0,13,650000,700000,98,healthy,99,severe_slow,1,12.5,16.8,18.8,200924,0.5,924,924,922,0,0,0
realistic_2pct,threshold_d8_a010,threshold_alpha,8,0.1,0,0,0,dynamic_realistic_100d_2pct_hdd,100,42,1000000,5000,1.0,health_ec,15.0,14,700000,750000,98,mild_slow,99,recovery,1,12.5,16.9,19.1,200907,0.5,907,907,887,0,0,0
realistic_2pct,threshold_d8_a010,threshold_alpha,8,0.1,0,0,0,dynamic_realistic_100d_2pct_hdd,100,42,1000000,5000,1.0,health_ec,15.0,15,750000,800000,98,recovery,99,recovery,0,12.5,16.8,18.9,200833,0.4,833,833,764,0,0,0
realistic_2pct,threshold_d8_a010,threshold_alpha,8,0.1,0,0,0,dynamic_realistic_100d_2pct_hdd,100,42,1000000,5000,1.0,health_ec,15.0,16,800000,850000,98,healthy,99,healthy,0,12.5,16.8,18.9,200415,0.2,415,415,330,0,0,0
realistic_2pct,threshold_d8_a010,threshold_alpha,8,0.1,0,0,0,dynamic_realistic_100d_2pct_hdd,100,42,1000000,5000,1.0,health_ec,15.0,17,850000,900000,98,healthy,99,healthy,0,12.5,16.8,18.8,200197,0.1,197,197,160,0,0,0
realistic_2pct,threshold_d8_a010,threshold_alpha,8,0.1,0,0,0,dynamic_realistic_100d_2pct_hdd,100,42,1000000,5000,1.0,health_ec,15.0,18,900000,950000,98,healthy,99,healthy,0,12.5,16.8,18.8,200082,0.0,82,82,68,0,0,0
realistic_2pct,threshold_d8_a010,threshold_alpha,8,0.1,0,0,0,dynamic_realistic_100d_2pct_hdd,100,42,1000000,5000,1.0,health_ec,15.0,19,950000,1000000,98,healthy,99,healthy,0,12.5,16.8,18.9,200052,0.0,52,52,40,0,0,0
realistic_2pct,evidence_w2_d4,window_evidence,4,0.1,2,0,0,dynamic_realistic_100d_2pct_hdd,100,42,1000000,5000,1.0,health_ec,15.0,0,0,50000,98,healthy,99,healthy,0,12.5,16.8,18.8,200000,0.0,0,0,0,0,0,0
realistic_2pct,evidence_w2_d4,window_evidence,4,0.1,2,0,0,dynamic_realistic_100d_2pct_hdd,100,42,1000000,5000,1.0,health_ec,15.0,1,50000,100000,98,healthy,99,healthy,0,12.5,16.8,18.9,200000,0.0,0,0,0,0,0,0
realistic_2pct,evidence_w2_d4,window_evidence,4,0.1,2,0,0,dynamic_realistic_100d_2pct_hdd,100,42,1000000,5000,1.0,health_ec,15.0,2,100000,150000,98,healthy,99,healthy,0,12.5,16.8,18.8,200000,0.0,0,0,0,0,0,0
realistic_2pct,evidence_w2_d4,window_evidence,4,0.1,2,0,0,dynamic_realistic_100d_2pct_hdd,100,42,1000000,5000,1.0,health_ec,15.0,3,150000,200000,98,mild_slow,99,healthy,1,12.5,17.1,20.6,200915,0.5,915,915,896,0,0,0
realistic_2pct,evidence_w2_d4,window_evidence,4,0.1,2,0,0,dynamic_realistic_100d_2pct_hdd,100,42,1000000,5000,1.0,health_ec,15.0,4,200000,250000,98,mild_slow,99,healthy,1,12.5,17.0,19.6,200551,0.3,551,551,542,4,4,0
realistic_2pct,evidence_w2_d4,window_evidence,4,0.1,2,0,0,dynamic_realistic_100d_2pct_hdd,100,42,1000000,5000,1.0,health_ec,15.0,5,250000,300000,98,mild_slow,99,healthy,1,12.5,16.9,19.3,200593,0.3,593,593,584,0,0,0
realistic_2pct,evidence_w2_d4,window_evidence,4,0.1,2,0,0,dynamic_realistic_100d_2pct_hdd,100,42,1000000,5000,1.0,health_ec,15.0,6,300000,350000,98,severe_slow,99,healthy,1,12.5,16.9,19.2,200697,0.3,697,697,697,1,1,0
realistic_2pct,evidence_w2_d4,window_evidence,4,0.1,2,0,0,dynamic_realistic_100d_2pct_hdd,100,42,1000000,5000,1.0,health_ec,15.0,7,350000,400000,98,severe_slow,99,healthy,1,12.5,16.8,18.9,200711,0.4,711,711,711,1,1,0
realistic_2pct,evidence_w2_d4,window_evidence,4,0.1,2,0,0,dynamic_realistic_100d_2pct_hdd,100,42,1000000,5000,1.0,health_ec,15.0,8,400000,450000,98,severe_slow,99,healthy,1,12.5,16.9,18.8,200722,0.4,722,722,721,0,0,0
realistic_2pct,evidence_w2_d4,window_evidence,4,0.1,2,0,0,dynamic_realistic_100d_2pct_hdd,100,42,1000000,5000,1.0,health_ec,15.0,9,450000,500000,98,recovery,99,mild_slow,1,12.5,16.9,18.9,201513,0.8,1513,1513,1486,0,0,0
realistic_2pct,evidence_w2_d4,window_evidence,4,0.1,2,0,0,dynamic_realistic_100d_2pct_hdd,100,42,1000000,5000,1.0,health_ec,15.0,10,500000,550000,98,recovery,99,mild_slow,1,12.5,16.9,19.0,200895,0.4,895,895,880,3,3,0
realistic_2pct,evidence_w2_d4,window_evidence,4,0.1,2,0,0,dynamic_realistic_100d_2pct_hdd,100,42,1000000,5000,1.0,health_ec,15.0,11,550000,600000,98,healthy,99,severe_slow,1,12.5,16.8,18.9,200804,0.4,804,804,804,3,2,0
realistic_2pct,evidence_w2_d4,window_evidence,4,0.1,2,0,0,dynamic_realistic_100d_2pct_hdd,100,42,1000000,5000,1.0,health_ec,15.0,12,600000,650000,98,healthy,99,severe_slow,1,12.5,16.8,18.9,200755,0.4,755,755,754,0,0,0
realistic_2pct,evidence_w2_d4,window_evidence,4,0.1,2,0,0,dynamic_realistic_100d_2pct_hdd,100,42,1000000,5000,1.0,health_ec,15.0,13,650000,700000,98,healthy,99,severe_slow,1,12.5,16.8,18.8,200773,0.4,773,773,772,0,0,0
realistic_2pct,evidence_w2_d4,window_evidence,4,0.1,2,0,0,dynamic_realistic_100d_2pct_hdd,100,42,1000000,5000,1.0,health_ec,15.0,14,700000,750000,98,mild_slow,99,recovery,1,12.5,16.9,19.1,200764,0.4,764,764,749,0,0,0
realistic_2pct,evidence_w2_d4,window_evidence,4,0.1,2,0,0,dynamic_realistic_100d_2pct_hdd,100,42,1000000,5000,1.0,health_ec,15.0,15,750000,800000,98,recovery,99,recovery,0,12.5,16.8,18.9,200728,0.4,728,728,669,0,0,0
realistic_2pct,evidence_w2_d4,window_evidence,4,0.1,2,0,0,dynamic_realistic_100d_2pct_hdd,100,42,1000000,5000,1.0,health_ec,15.0,16,800000,850000,98,healthy,99,healthy,0,12.5,16.8,18.9,200398,0.2,398,398,317,0,0,0
realistic_2pct,evidence_w2_d4,window_evidence,4,0.1,2,0,0,dynamic_realistic_100d_2pct_hdd,100,42,1000000,5000,1.0,health_ec,15.0,17,850000,900000,98,healthy,99,healthy,0,12.5,16.8,18.8,200197,0.1,197,197,160,0,0,0
realistic_2pct,evidence_w2_d4,window_evidence,4,0.1,2,0,0,dynamic_realistic_100d_2pct_hdd,100,42,1000000,5000,1.0,health_ec,15.0,18,900000,950000,98,healthy,99,healthy,0,12.5,16.8,18.8,200082,0.0,82,82,68,0,0,0
realistic_2pct,evidence_w2_d4,window_evidence,4,0.1,2,0,0,dynamic_realistic_100d_2pct_hdd,100,42,1000000,5000,1.0,health_ec,15.0,19,950000,1000000,98,healthy,99,healthy,0,12.5,16.8,18.9,200052,0.0,52,52,40,0,0,0
realistic_2pct,evidence_w2_d6,window_evidence,6,0.1,2,0,0,dynamic_realistic_100d_2pct_hdd,100,42,1000000,5000,1.0,health_ec,15.0,0,0,50000,98,healthy,99,healthy,0,12.5,16.8,18.8,200000,0.0,0,0,0,0,0,0
realistic_2pct,evidence_w2_d6,window_evidence,6,0.1,2,0,0,dynamic_realistic_100d_2pct_hdd,100,42,1000000,5000,1.0,health_ec,15.0,1,50000,100000,98,healthy,99,healthy,0,12.5,16.8,18.9,200000,0.0,0,0,0,0,0,0
realistic_2pct,evidence_w2_d6,window_evidence,6,0.1,2,0,0,dynamic_realistic_100d_2pct_hdd,100,42,1000000,5000,1.0,health_ec,15.0,2,100000,150000,98,healthy,99,healthy,0,12.5,16.8,18.8,200000,0.0,0,0,0,0,0,0
realistic_2pct,evidence_w2_d6,window_evidence,6,0.1,2,0,0,dynamic_realistic_100d_2pct_hdd,100,42,1000000,5000,1.0,health_ec,15.0,3,150000,200000,98,mild_slow,99,healthy,1,12.5,17.1,20.6,200915,0.5,915,915,896,0,0,0
realistic_2pct,evidence_w2_d6,window_evidence,6,0.1,2,0,0,dynamic_realistic_100d_2pct_hdd,100,42,1000000,5000,1.0,health_ec,15.0,4,200000,250000,98,mild_slow,99,healthy,1,12.5,17.0,19.6,200612,0.3,612,612,603,3,3,0
realistic_2pct,evidence_w2_d6,window_evidence,6,0.1,2,0,0,dynamic_realistic_100d_2pct_hdd,100,42,1000000,5000,1.0,health_ec,15.0,5,250000,300000,98,mild_slow,99,healthy,1,12.5,16.9,19.3,200656,0.3,656,656,647,0,0,0
realistic_2pct,evidence_w2_d6,window_evidence,6,0.1,2,0,0,dynamic_realistic_100d_2pct_hdd,100,42,1000000,5000,1.0,health_ec,15.0,6,300000,350000,98,severe_slow,99,healthy,1,12.5,16.9,19.2,200754,0.4,754,754,754,1,1,0
realistic_2pct,evidence_w2_d6,window_evidence,6,0.1,2,0,0,dynamic_realistic_100d_2pct_hdd,100,42,1000000,5000,1.0,health_ec,15.0,7,350000,400000,98,severe_slow,99,healthy,1,12.5,16.8,18.9,200787,0.4,787,787,787,0,0,0
realistic_2pct,evidence_w2_d6,window_evidence,6,0.1,2,0,0,dynamic_realistic_100d_2pct_hdd,100,42,1000000,5000,1.0,health_ec,15.0,8,400000,450000,98,severe_slow,99,healthy,1,12.5,16.9,18.8,200807,0.4,807,807,806,0,0,0
realistic_2pct,evidence_w2_d6,window_evidence,6,0.1,2,0,0,dynamic_realistic_100d_2pct_hdd,100,42,1000000,5000,1.0,health_ec,15.0,9,450000,500000,98,recovery,99,mild_slow,1,12.5,16.9,18.9,201529,0.8,1529,1529,1504,0,0,0
realistic_2pct,evidence_w2_d6,window_evidence,6,0.1,2,0,0,dynamic_realistic_100d_2pct_hdd,100,42,1000000,5000,1.0,health_ec,15.0,10,500000,550000,98,recovery,99,mild_slow,1,12.5,16.9,19.0,200952,0.5,952,952,936,3,3,0
realistic_2pct,evidence_w2_d6,window_evidence,6,0.1,2,0,0,dynamic_realistic_100d_2pct_hdd,100,42,1000000,5000,1.0,health_ec,15.0,11,550000,600000,98,healthy,99,severe_slow,1,12.5,16.8,18.9,200878,0.4,878,878,878,1,1,0
realistic_2pct,evidence_w2_d6,window_evidence,6,0.1,2,0,0,dynamic_realistic_100d_2pct_hdd,100,42,1000000,5000,1.0,health_ec,15.0,12,600000,650000,98,healthy,99,severe_slow,1,12.5,16.8,18.9,200831,0.4,831,831,830,0,0,0
realistic_2pct,evidence_w2_d6,window_evidence,6,0.1,2,0,0,dynamic_realistic_100d_2pct_hdd,100,42,1000000,5000,1.0,health_ec,15.0,13,650000,700000,98,healthy,99,severe_slow,1,12.5,16.8,18.8,200862,0.4,862,862,860,0,0,0
realistic_2pct,evidence_w2_d6,window_evidence,6,0.1,2,0,0,dynamic_realistic_100d_2pct_hdd,100,42,1000000,5000,1.0,health_ec,15.0,14,700000,750000,98,mild_slow,99,recovery,1,12.5,16.9,19.1,200847,0.4,847,847,830,0,0,0
realistic_2pct,evidence_w2_d6,window_evidence,6,0.1,2,0,0,dynamic_realistic_100d_2pct_hdd,100,42,1000000,5000,1.0,health_ec,15.0,15,750000,800000,98,recovery,99,recovery,0,12.5,16.8,18.9,200767,0.4,767,767,703,0,0,0
realistic_2pct,evidence_w2_d6,window_evidence,6,0.1,2,0,0,dynamic_realistic_100d_2pct_hdd,100,42,1000000,5000,1.0,health_ec,15.0,16,800000,850000,98,healthy,99,healthy,0,12.5,16.8,18.9,200398,0.2,398,398,317,0,0,0
realistic_2pct,evidence_w2_d6,window_evidence,6,0.1,2,0,0,dynamic_realistic_100d_2pct_hdd,100,42,1000000,5000,1.0,health_ec,15.0,17,850000,900000,98,healthy,99,healthy,0,12.5,16.8,18.8,200197,0.1,197,197,160,0,0,0
realistic_2pct,evidence_w2_d6,window_evidence,6,0.1,2,0,0,dynamic_realistic_100d_2pct_hdd,100,42,1000000,5000,1.0,health_ec,15.0,18,900000,950000,98,healthy,99,healthy,0,12.5,16.8,18.8,200082,0.0,82,82,68,0,0,0
realistic_2pct,evidence_w2_d6,window_evidence,6,0.1,2,0,0,dynamic_realistic_100d_2pct_hdd,100,42,1000000,5000,1.0,health_ec,15.0,19,950000,1000000,98,healthy,99,healthy,0,12.5,16.8,18.9,200052,0.0,52,52,40,0,0,0
realistic_2pct,evidence_w3_d4,window_evidence,4,0.1,3,0,0,dynamic_realistic_100d_2pct_hdd,100,42,1000000,5000,1.0,health_ec,15.0,0,0,50000,98,healthy,99,healthy,0,12.5,16.8,18.8,200000,0.0,0,0,0,0,0,0
realistic_2pct,evidence_w3_d4,window_evidence,4,0.1,3,0,0,dynamic_realistic_100d_2pct_hdd,100,42,1000000,5000,1.0,health_ec,15.0,1,50000,100000,98,healthy,99,healthy,0,12.5,16.8,18.9,200000,0.0,0,0,0,0,0,0
realistic_2pct,evidence_w3_d4,window_evidence,4,0.1,3,0,0,dynamic_realistic_100d_2pct_hdd,100,42,1000000,5000,1.0,health_ec,15.0,2,100000,150000,98,healthy,99,healthy,0,12.5,16.8,18.8,200000,0.0,0,0,0,0,0,0
realistic_2pct,evidence_w3_d4,window_evidence,4,0.1,3,0,0,dynamic_realistic_100d_2pct_hdd,100,42,1000000,5000,1.0,health_ec,15.0,3,150000,200000,98,mild_slow,99,healthy,1,12.5,17.1,20.6,200915,0.5,915,915,896,0,0,0
realistic_2pct,evidence_w3_d4,window_evidence,4,0.1,3,0,0,dynamic_realistic_100d_2pct_hdd,100,42,1000000,5000,1.0,health_ec,15.0,4,200000,250000,98,mild_slow,99,healthy,1,12.5,17.0,19.5,201153,0.6,1153,1153,1132,0,0,0
realistic_2pct,evidence_w3_d4,window_evidence,4,0.1,3,0,0,dynamic_realistic_100d_2pct_hdd,100,42,1000000,5000,1.0,health_ec,15.0,5,250000,300000,98,mild_slow,99,healthy,1,12.5,16.9,19.3,200607,0.3,607,607,595,4,4,0
realistic_2pct,evidence_w3_d4,window_evidence,4,0.1,3,0,0,dynamic_realistic_100d_2pct_hdd,100,42,1000000,5000,1.0,health_ec,15.0,6,300000,350000,98,severe_slow,99,healthy,1,12.5,16.9,19.2,200697,0.3,697,697,697,1,1,0
realistic_2pct,evidence_w3_d4,window_evidence,4,0.1,3,0,0,dynamic_realistic_100d_2pct_hdd,100,42,1000000,5000,1.0,health_ec,15.0,7,350000,400000,98,severe_slow,99,healthy,1,12.5,16.8,18.9,200711,0.4,711,711,711,1,1,0
realistic_2pct,evidence_w3_d4,window_evidence,4,0.1,3,0,0,dynamic_realistic_100d_2pct_hdd,100,42,1000000,5000,1.0,health_ec,15.0,8,400000,450000,98,severe_slow,99,healthy,1,12.5,16.9,18.8,200722,0.4,722,722,721,0,0,0
realistic_2pct,evidence_w3_d4,window_evidence,4,0.1,3,0,0,dynamic_realistic_100d_2pct_hdd,100,42,1000000,5000,1.0,health_ec,15.0,9,450000,500000,98,recovery,99,mild_slow,1,12.5,16.9,18.9,201512,0.8,1512,1512,1483,0,0,0
realistic_2pct,evidence_w3_d4,window_evidence,4,0.1,3,0,0,dynamic_realistic_100d_2pct_hdd,100,42,1000000,5000,1.0,health_ec,15.0,10,500000,550000,98,recovery,99,mild_slow,1,12.5,16.9,19.0,201420,0.7,1420,1420,1395,0,0,0
realistic_2pct,evidence_w3_d4,window_evidence,4,0.1,3,0,0,dynamic_realistic_100d_2pct_hdd,100,42,1000000,5000,1.0,health_ec,15.0,11,550000,600000,98,healthy,99,severe_slow,1,12.5,16.8,18.9,200825,0.4,825,825,820,6,2,0
realistic_2pct,evidence_w3_d4,window_evidence,4,0.1,3,0,0,dynamic_realistic_100d_2pct_hdd,100,42,1000000,5000,1.0,health_ec,15.0,12,600000,650000,98,healthy,99,severe_slow,1,12.5,16.8,18.9,200755,0.4,755,755,754,0,0,0
realistic_2pct,evidence_w3_d4,window_evidence,4,0.1,3,0,0,dynamic_realistic_100d_2pct_hdd,100,42,1000000,5000,1.0,health_ec,15.0,13,650000,700000,98,healthy,99,severe_slow,1,12.5,16.8,18.8,200773,0.4,773,773,772,0,0,0
realistic_2pct,evidence_w3_d4,window_evidence,4,0.1,3,0,0,dynamic_realistic_100d_2pct_hdd,100,42,1000000,5000,1.0,health_ec,15.0,14,700000,750000,98,mild_slow,99,recovery,1,12.5,16.9,19.1,200764,0.4,764,764,749,0,0,0
realistic_2pct,evidence_w3_d4,window_evidence,4,0.1,3,0,0,dynamic_realistic_100d_2pct_hdd,100,42,1000000,5000,1.0,health_ec,15.0,15,750000,800000,98,recovery,99,recovery,0,12.5,16.8,18.9,200728,0.4,728,728,669,0,0,0
realistic_2pct,evidence_w3_d4,window_evidence,4,0.1,3,0,0,dynamic_realistic_100d_2pct_hdd,100,42,1000000,5000,1.0,health_ec,15.0,16,800000,850000,98,healthy,99,healthy,0,12.5,16.8,18.9,200398,0.2,398,398,317,0,0,0
realistic_2pct,evidence_w3_d4,window_evidence,4,0.1,3,0,0,dynamic_realistic_100d_2pct_hdd,100,42,1000000,5000,1.0,health_ec,15.0,17,850000,900000,98,healthy,99,healthy,0,12.5,16.8,18.8,200196,0.1,196,196,160,0,0,0
realistic_2pct,evidence_w3_d4,window_evidence,4,0.1,3,0,0,dynamic_realistic_100d_2pct_hdd,100,42,1000000,5000,1.0,health_ec,15.0,18,900000,950000,98,healthy,99,healthy,0,12.5,16.8,18.8,200082,0.0,82,82,68,0,0,0
realistic_2pct,evidence_w3_d4,window_evidence,4,0.1,3,0,0,dynamic_realistic_100d_2pct_hdd,100,42,1000000,5000,1.0,health_ec,15.0,19,950000,1000000,98,healthy,99,healthy,0,12.5,16.8,18.9,200052,0.0,52,52,40,0,0,0
realistic_2pct,evidence_w3_d6,window_evidence,6,0.1,3,0,0,dynamic_realistic_100d_2pct_hdd,100,42,1000000,5000,1.0,health_ec,15.0,0,0,50000,98,healthy,99,healthy,0,12.5,16.8,18.8,200000,0.0,0,0,0,0,0,0
realistic_2pct,evidence_w3_d6,window_evidence,6,0.1,3,0,0,dynamic_realistic_100d_2pct_hdd,100,42,1000000,5000,1.0,health_ec,15.0,1,50000,100000,98,healthy,99,healthy,0,12.5,16.8,18.9,200000,0.0,0,0,0,0,0,0
realistic_2pct,evidence_w3_d6,window_evidence,6,0.1,3,0,0,dynamic_realistic_100d_2pct_hdd,100,42,1000000,5000,1.0,health_ec,15.0,2,100000,150000,98,healthy,99,healthy,0,12.5,16.8,18.8,200000,0.0,0,0,0,0,0,0
realistic_2pct,evidence_w3_d6,window_evidence,6,0.1,3,0,0,dynamic_realistic_100d_2pct_hdd,100,42,1000000,5000,1.0,health_ec,15.0,3,150000,200000,98,mild_slow,99,healthy,1,12.5,17.1,20.6,200915,0.5,915,915,896,0,0,0
realistic_2pct,evidence_w3_d6,window_evidence,6,0.1,3,0,0,dynamic_realistic_100d_2pct_hdd,100,42,1000000,5000,1.0,health_ec,15.0,4,200000,250000,98,mild_slow,99,healthy,1,12.5,17.0,19.5,201153,0.6,1153,1153,1132,0,0,0
realistic_2pct,evidence_w3_d6,window_evidence,6,0.1,3,0,0,dynamic_realistic_100d_2pct_hdd,100,42,1000000,5000,1.0,health_ec,15.0,5,250000,300000,98,mild_slow,99,healthy,1,12.5,16.9,19.3,200705,0.4,705,705,695,3,3,0
realistic_2pct,evidence_w3_d6,window_evidence,6,0.1,3,0,0,dynamic_realistic_100d_2pct_hdd,100,42,1000000,5000,1.0,health_ec,15.0,6,300000,350000,98,severe_slow,99,healthy,1,12.5,16.9,19.2,200754,0.4,754,754,754,1,1,0
realistic_2pct,evidence_w3_d6,window_evidence,6,0.1,3,0,0,dynamic_realistic_100d_2pct_hdd,100,42,1000000,5000,1.0,health_ec,15.0,7,350000,400000,98,severe_slow,99,healthy,1,12.5,16.8,18.9,200787,0.4,787,787,787,0,0,0
realistic_2pct,evidence_w3_d6,window_evidence,6,0.1,3,0,0,dynamic_realistic_100d_2pct_hdd,100,42,1000000,5000,1.0,health_ec,15.0,8,400000,450000,98,severe_slow,99,healthy,1,12.5,16.9,18.8,200807,0.4,807,807,806,0,0,0
realistic_2pct,evidence_w3_d6,window_evidence,6,0.1,3,0,0,dynamic_realistic_100d_2pct_hdd,100,42,1000000,5000,1.0,health_ec,15.0,9,450000,500000,98,recovery,99,mild_slow,1,12.5,16.9,18.9,201529,0.8,1529,1529,1502,0,0,0
realistic_2pct,evidence_w3_d6,window_evidence,6,0.1,3,0,0,dynamic_realistic_100d_2pct_hdd,100,42,1000000,5000,1.0,health_ec,15.0,10,500000,550000,98,recovery,99,mild_slow,1,12.5,16.9,19.0,201420,0.7,1420,1420,1397,0,0,0
realistic_2pct,evidence_w3_d6,window_evidence,6,0.1,3,0,0,dynamic_realistic_100d_2pct_hdd,100,42,1000000,5000,1.0,health_ec,15.0,11,550000,600000,98,healthy,99,severe_slow,1,12.5,16.8,18.9,200903,0.5,903,903,898,4,2,0
realistic_2pct,evidence_w3_d6,window_evidence,6,0.1,3,0,0,dynamic_realistic_100d_2pct_hdd,100,42,1000000,5000,1.0,health_ec,15.0,12,600000,650000,98,healthy,99,severe_slow,1,12.5,16.8,18.9,200831,0.4,831,831,830,0,0,0
realistic_2pct,evidence_w3_d6,window_evidence,6,0.1,3,0,0,dynamic_realistic_100d_2pct_hdd,100,42,1000000,5000,1.0,health_ec,15.0,13,650000,700000,98,healthy,99,severe_slow,1,12.5,16.8,18.8,200862,0.4,862,862,860,0,0,0
realistic_2pct,evidence_w3_d6,window_evidence,6,0.1,3,0,0,dynamic_realistic_100d_2pct_hdd,100,42,1000000,5000,1.0,health_ec,15.0,14,700000,750000,98,mild_slow,99,recovery,1,12.5,16.9,19.1,200847,0.4,847,847,830,0,0,0
realistic_2pct,evidence_w3_d6,window_evidence,6,0.1,3,0,0,dynamic_realistic_100d_2pct_hdd,100,42,1000000,5000,1.0,health_ec,15.0,15,750000,800000,98,recovery,99,recovery,0,12.5,16.8,18.9,200767,0.4,767,767,703,0,0,0
realistic_2pct,evidence_w3_d6,window_evidence,6,0.1,3,0,0,dynamic_realistic_100d_2pct_hdd,100,42,1000000,5000,1.0,health_ec,15.0,16,800000,850000,98,healthy,99,healthy,0,12.5,16.8,18.9,200398,0.2,398,398,317,0,0,0
realistic_2pct,evidence_w3_d6,window_evidence,6,0.1,3,0,0,dynamic_realistic_100d_2pct_hdd,100,42,1000000,5000,1.0,health_ec,15.0,17,850000,900000,98,healthy,99,healthy,0,12.5,16.8,18.8,200196,0.1,196,196,160,0,0,0
realistic_2pct,evidence_w3_d6,window_evidence,6,0.1,3,0,0,dynamic_realistic_100d_2pct_hdd,100,42,1000000,5000,1.0,health_ec,15.0,18,900000,950000,98,healthy,99,healthy,0,12.5,16.8,18.8,200082,0.0,82,82,68,0,0,0
realistic_2pct,evidence_w3_d6,window_evidence,6,0.1,3,0,0,dynamic_realistic_100d_2pct_hdd,100,42,1000000,5000,1.0,health_ec,15.0,19,950000,1000000,98,healthy,99,healthy,0,12.5,16.8,18.9,200052,0.0,52,52,40,0,0,0
realistic_2pct,topk_k2_d4,topk_budgeted,4,0.1,0,2,0,dynamic_realistic_100d_2pct_hdd,100,42,1000000,5000,1.0,health_ec,15.0,0,0,50000,98,healthy,99,healthy,0,12.5,16.8,18.8,200000,0.0,0,0,0,0,0,0
realistic_2pct,topk_k2_d4,topk_budgeted,4,0.1,0,2,0,dynamic_realistic_100d_2pct_hdd,100,42,1000000,5000,1.0,health_ec,15.0,1,50000,100000,98,healthy,99,healthy,0,12.5,16.8,18.9,200000,0.0,0,0,0,0,0,0
realistic_2pct,topk_k2_d4,topk_budgeted,4,0.1,0,2,0,dynamic_realistic_100d_2pct_hdd,100,42,1000000,5000,1.0,health_ec,15.0,2,100000,150000,98,healthy,99,healthy,0,12.5,16.8,18.8,200000,0.0,0,0,0,0,0,0
realistic_2pct,topk_k2_d4,topk_budgeted,4,0.1,0,2,0,dynamic_realistic_100d_2pct_hdd,100,42,1000000,5000,1.0,health_ec,15.0,3,150000,200000,98,mild_slow,99,healthy,1,12.5,17.1,20.6,200915,0.5,915,915,896,0,0,0
realistic_2pct,topk_k2_d4,topk_budgeted,4,0.1,0,2,0,dynamic_realistic_100d_2pct_hdd,100,42,1000000,5000,1.0,health_ec,15.0,4,200000,250000,98,mild_slow,99,healthy,1,12.5,17.0,19.6,200690,0.3,690,690,679,2,2,0
realistic_2pct,topk_k2_d4,topk_budgeted,4,0.1,0,2,0,dynamic_realistic_100d_2pct_hdd,100,42,1000000,5000,1.0,health_ec,15.0,5,250000,300000,98,mild_slow,99,healthy,1,12.5,16.9,19.3,200603,0.3,603,603,591,2,2,0
realistic_2pct,topk_k2_d4,topk_budgeted,4,0.1,0,2,0,dynamic_realistic_100d_2pct_hdd,100,42,1000000,5000,1.0,health_ec,15.0,6,300000,350000,98,severe_slow,99,healthy,1,12.5,16.9,19.2,200732,0.4,732,732,732,0,0,0
realistic_2pct,topk_k2_d4,topk_budgeted,4,0.1,0,2,0,dynamic_realistic_100d_2pct_hdd,100,42,1000000,5000,1.0,health_ec,15.0,7,350000,400000,98,severe_slow,99,healthy,1,12.5,16.8,18.9,200731,0.4,731,731,731,1,1,0
realistic_2pct,topk_k2_d4,topk_budgeted,4,0.1,0,2,0,dynamic_realistic_100d_2pct_hdd,100,42,1000000,5000,1.0,health_ec,15.0,8,400000,450000,98,severe_slow,99,healthy,1,12.5,16.9,18.8,200722,0.4,722,722,721,1,1,0
realistic_2pct,topk_k2_d4,topk_budgeted,4,0.1,0,2,0,dynamic_realistic_100d_2pct_hdd,100,42,1000000,5000,1.0,health_ec,15.0,9,450000,500000,98,recovery,99,mild_slow,1,12.5,16.9,18.9,201512,0.8,1512,1512,1486,0,0,0
realistic_2pct,topk_k2_d4,topk_budgeted,4,0.1,0,2,0,dynamic_realistic_100d_2pct_hdd,100,42,1000000,5000,1.0,health_ec,15.0,10,500000,550000,98,recovery,99,mild_slow,1,12.5,16.9,19.0,200973,0.5,973,973,955,2,2,0
realistic_2pct,topk_k2_d4,topk_budgeted,4,0.1,0,2,0,dynamic_realistic_100d_2pct_hdd,100,42,1000000,5000,1.0,health_ec,15.0,11,550000,600000,98,healthy,99,severe_slow,1,12.5,16.8,18.9,200902,0.5,902,902,902,1,0,0
realistic_2pct,topk_k2_d4,topk_budgeted,4,0.1,0,2,0,dynamic_realistic_100d_2pct_hdd,100,42,1000000,5000,1.0,health_ec,15.0,12,600000,650000,98,healthy,99,severe_slow,1,12.5,16.8,18.9,200791,0.4,791,791,790,2,2,0
realistic_2pct,topk_k2_d4,topk_budgeted,4,0.1,0,2,0,dynamic_realistic_100d_2pct_hdd,100,42,1000000,5000,1.0,health_ec,15.0,13,650000,700000,98,healthy,99,severe_slow,1,12.5,16.8,18.8,200773,0.4,773,773,772,1,1,0
realistic_2pct,topk_k2_d4,topk_budgeted,4,0.1,0,2,0,dynamic_realistic_100d_2pct_hdd,100,42,1000000,5000,1.0,health_ec,15.0,14,700000,750000,98,mild_slow,99,recovery,1,12.5,16.9,19.1,200764,0.4,764,764,749,0,0,0
realistic_2pct,topk_k2_d4,topk_budgeted,4,0.1,0,2,0,dynamic_realistic_100d_2pct_hdd,100,42,1000000,5000,1.0,health_ec,15.0,15,750000,800000,98,recovery,99,recovery,0,12.5,16.8,18.9,200728,0.4,728,728,669,0,0,0
realistic_2pct,topk_k2_d4,topk_budgeted,4,0.1,0,2,0,dynamic_realistic_100d_2pct_hdd,100,42,1000000,5000,1.0,health_ec,15.0,16,800000,850000,98,healthy,99,healthy,0,12.5,16.8,18.9,200398,0.2,398,398,317,0,0,0
realistic_2pct,topk_k2_d4,topk_budgeted,4,0.1,0,2,0,dynamic_realistic_100d_2pct_hdd,100,42,1000000,5000,1.0,health_ec,15.0,17,850000,900000,98,healthy,99,healthy,0,12.5,16.8,18.8,200197,0.1,197,197,160,0,0,0
realistic_2pct,topk_k2_d4,topk_budgeted,4,0.1,0,2,0,dynamic_realistic_100d_2pct_hdd,100,42,1000000,5000,1.0,health_ec,15.0,18,900000,950000,98,healthy,99,healthy,0,12.5,16.8,18.8,200082,0.0,82,82,68,0,0,0
realistic_2pct,topk_k2_d4,topk_budgeted,4,0.1,0,2,0,dynamic_realistic_100d_2pct_hdd,100,42,1000000,5000,1.0,health_ec,15.0,19,950000,1000000,98,healthy,99,healthy,0,12.5,16.8,18.9,200052,0.0,52,52,40,0,0,0
realistic_2pct,topk_k2_d6,topk_budgeted,6,0.1,0,2,0,dynamic_realistic_100d_2pct_hdd,100,42,1000000,5000,1.0,health_ec,15.0,0,0,50000,98,healthy,99,healthy,0,12.5,16.8,18.8,200000,0.0,0,0,0,0,0,0
realistic_2pct,topk_k2_d6,topk_budgeted,6,0.1,0,2,0,dynamic_realistic_100d_2pct_hdd,100,42,1000000,5000,1.0,health_ec,15.0,1,50000,100000,98,healthy,99,healthy,0,12.5,16.8,18.9,200000,0.0,0,0,0,0,0,0
realistic_2pct,topk_k2_d6,topk_budgeted,6,0.1,0,2,0,dynamic_realistic_100d_2pct_hdd,100,42,1000000,5000,1.0,health_ec,15.0,2,100000,150000,98,healthy,99,healthy,0,12.5,16.8,18.8,200000,0.0,0,0,0,0,0,0
realistic_2pct,topk_k2_d6,topk_budgeted,6,0.1,0,2,0,dynamic_realistic_100d_2pct_hdd,100,42,1000000,5000,1.0,health_ec,15.0,3,150000,200000,98,mild_slow,99,healthy,1,12.5,17.1,20.6,200915,0.5,915,915,896,0,0,0
realistic_2pct,topk_k2_d6,topk_budgeted,6,0.1,0,2,0,dynamic_realistic_100d_2pct_hdd,100,42,1000000,5000,1.0,health_ec,15.0,4,200000,250000,98,mild_slow,99,healthy,1,12.5,17.0,19.6,200690,0.3,690,690,679,2,2,0
realistic_2pct,topk_k2_d6,topk_budgeted,6,0.1,0,2,0,dynamic_realistic_100d_2pct_hdd,100,42,1000000,5000,1.0,health_ec,15.0,5,250000,300000,98,mild_slow,99,healthy,1,12.5,16.9,19.3,200656,0.3,656,656,647,1,1,0
realistic_2pct,topk_k2_d6,topk_budgeted,6,0.1,0,2,0,dynamic_realistic_100d_2pct_hdd,100,42,1000000,5000,1.0,health_ec,15.0,6,300000,350000,98,severe_slow,99,healthy,1,12.5,16.9,19.2,200787,0.4,787,787,787,0,0,0
realistic_2pct,topk_k2_d6,topk_budgeted,6,0.1,0,2,0,dynamic_realistic_100d_2pct_hdd,100,42,1000000,5000,1.0,health_ec,15.0,7,350000,400000,98,severe_slow,99,healthy,1,12.5,16.8,18.9,200787,0.4,787,787,787,1,1,0
realistic_2pct,topk_k2_d6,topk_budgeted,6,0.1,0,2,0,dynamic_realistic_100d_2pct_hdd,100,42,1000000,5000,1.0,health_ec,15.0,8,400000,450000,98,severe_slow,99,healthy,1,12.5,16.9,18.8,200807,0.4,807,807,806,0,0,0
realistic_2pct,topk_k2_d6,topk_budgeted,6,0.1,0,2,0,dynamic_realistic_100d_2pct_hdd,100,42,1000000,5000,1.0,health_ec,15.0,9,450000,500000,98,recovery,99,mild_slow,1,12.5,16.9,18.9,201529,0.8,1529,1529,1503,0,0,0
realistic_2pct,topk_k2_d6,topk_budgeted,6,0.1,0,2,0,dynamic_realistic_100d_2pct_hdd,100,42,1000000,5000,1.0,health_ec,15.0,10,500000,550000,98,recovery,99,mild_slow,1,12.5,16.9,19.0,200973,0.5,973,973,957,2,2,0
realistic_2pct,topk_k2_d6,topk_budgeted,6,0.1,0,2,0,dynamic_realistic_100d_2pct_hdd,100,42,1000000,5000,1.0,health_ec,15.0,11,550000,600000,98,healthy,99,severe_slow,1,12.5,16.8,18.9,200902,0.5,902,902,902,1,0,0
realistic_2pct,topk_k2_d6,topk_budgeted,6,0.1,0,2,0,dynamic_realistic_100d_2pct_hdd,100,42,1000000,5000,1.0,health_ec,15.0,12,600000,650000,98,healthy,99,severe_slow,1,12.5,16.8,18.9,200831,0.4,831,831,830,1,1,0
realistic_2pct,topk_k2_d6,topk_budgeted,6,0.1,0,2,0,dynamic_realistic_100d_2pct_hdd,100,42,1000000,5000,1.0,health_ec,15.0,13,650000,700000,98,healthy,99,severe_slow,1,12.5,16.8,18.8,200862,0.4,862,862,860,0,0,0
realistic_2pct,topk_k2_d6,topk_budgeted,6,0.1,0,2,0,dynamic_realistic_100d_2pct_hdd,100,42,1000000,5000,1.0,health_ec,15.0,14,700000,750000,98,mild_slow,99,recovery,1,12.5,16.9,19.1,200847,0.4,847,847,830,0,0,0
realistic_2pct,topk_k2_d6,topk_budgeted,6,0.1,0,2,0,dynamic_realistic_100d_2pct_hdd,100,42,1000000,5000,1.0,health_ec,15.0,15,750000,800000,98,recovery,99,recovery,0,12.5,16.8,18.9,200767,0.4,767,767,703,0,0,0
realistic_2pct,topk_k2_d6,topk_budgeted,6,0.1,0,2,0,dynamic_realistic_100d_2pct_hdd,100,42,1000000,5000,1.0,health_ec,15.0,16,800000,850000,98,healthy,99,healthy,0,12.5,16.8,18.9,200398,0.2,398,398,317,0,0,0
realistic_2pct,topk_k2_d6,topk_budgeted,6,0.1,0,2,0,dynamic_realistic_100d_2pct_hdd,100,42,1000000,5000,1.0,health_ec,15.0,17,850000,900000,98,healthy,99,healthy,0,12.5,16.8,18.8,200197,0.1,197,197,160,0,0,0
realistic_2pct,topk_k2_d6,topk_budgeted,6,0.1,0,2,0,dynamic_realistic_100d_2pct_hdd,100,42,1000000,5000,1.0,health_ec,15.0,18,900000,950000,98,healthy,99,healthy,0,12.5,16.8,18.8,200082,0.0,82,82,68,0,0,0
realistic_2pct,topk_k2_d6,topk_budgeted,6,0.1,0,2,0,dynamic_realistic_100d_2pct_hdd,100,42,1000000,5000,1.0,health_ec,15.0,19,950000,1000000,98,healthy,99,healthy,0,12.5,16.8,18.9,200052,0.0,52,52,40,0,0,0
realistic_2pct,topk_k4_d4,topk_budgeted,4,0.1,0,4,0,dynamic_realistic_100d_2pct_hdd,100,42,1000000,5000,1.0,health_ec,15.0,0,0,50000,98,healthy,99,healthy,0,12.5,16.8,18.8,200000,0.0,0,0,0,0,0,0
realistic_2pct,topk_k4_d4,topk_budgeted,4,0.1,0,4,0,dynamic_realistic_100d_2pct_hdd,100,42,1000000,5000,1.0,health_ec,15.0,1,50000,100000,98,healthy,99,healthy,0,12.5,16.8,18.9,200000,0.0,0,0,0,0,0,0
realistic_2pct,topk_k4_d4,topk_budgeted,4,0.1,0,4,0,dynamic_realistic_100d_2pct_hdd,100,42,1000000,5000,1.0,health_ec,15.0,2,100000,150000,98,healthy,99,healthy,0,12.5,16.8,18.8,200000,0.0,0,0,0,0,0,0
realistic_2pct,topk_k4_d4,topk_budgeted,4,0.1,0,4,0,dynamic_realistic_100d_2pct_hdd,100,42,1000000,5000,1.0,health_ec,15.0,3,150000,200000,98,mild_slow,99,healthy,1,12.5,17.1,20.6,200915,0.5,915,915,896,0,0,0
realistic_2pct,topk_k4_d4,topk_budgeted,4,0.1,0,4,0,dynamic_realistic_100d_2pct_hdd,100,42,1000000,5000,1.0,health_ec,15.0,4,200000,250000,98,mild_slow,99,healthy,1,12.5,17.0,19.6,200545,0.3,545,545,536,4,4,0
realistic_2pct,topk_k4_d4,topk_budgeted,4,0.1,0,4,0,dynamic_realistic_100d_2pct_hdd,100,42,1000000,5000,1.0,health_ec,15.0,5,250000,300000,98,mild_slow,99,healthy,1,12.5,16.9,19.3,200593,0.3,593,593,584,0,0,0
realistic_2pct,topk_k4_d4,topk_budgeted,4,0.1,0,4,0,dynamic_realistic_100d_2pct_hdd,100,42,1000000,5000,1.0,health_ec,15.0,6,300000,350000,98,severe_slow,99,healthy,1,12.5,16.9,19.2,200732,0.4,732,732,732,0,0,0
realistic_2pct,topk_k4_d4,topk_budgeted,4,0.1,0,4,0,dynamic_realistic_100d_2pct_hdd,100,42,1000000,5000,1.0,health_ec,15.0,7,350000,400000,98,severe_slow,99,healthy,1,12.5,16.8,18.9,200731,0.4,731,731,731,1,1,0
realistic_2pct,topk_k4_d4,topk_budgeted,4,0.1,0,4,0,dynamic_realistic_100d_2pct_hdd,100,42,1000000,5000,1.0,health_ec,15.0,8,400000,450000,98,severe_slow,99,healthy,1,12.5,16.9,18.8,200722,0.4,722,722,721,1,1,0
realistic_2pct,topk_k4_d4,topk_budgeted,4,0.1,0,4,0,dynamic_realistic_100d_2pct_hdd,100,42,1000000,5000,1.0,health_ec,15.0,9,450000,500000,98,recovery,99,mild_slow,1,12.5,16.9,18.9,201513,0.8,1513,1513,1487,0,0,0
realistic_2pct,topk_k4_d4,topk_budgeted,4,0.1,0,4,0,dynamic_realistic_100d_2pct_hdd,100,42,1000000,5000,1.0,health_ec,15.0,10,500000,550000,98,recovery,99,mild_slow,1,12.5,16.9,19.0,200821,0.4,821,821,806,4,4,0
realistic_2pct,topk_k4_d4,topk_budgeted,4,0.1,0,4,0,dynamic_realistic_100d_2pct_hdd,100,42,1000000,5000,1.0,health_ec,15.0,11,550000,600000,98,healthy,99,severe_slow,1,12.5,16.8,18.9,200847,0.4,847,847,847,0,0,0
realistic_2pct,topk_k4_d4,topk_budgeted,4,0.1,0,4,0,dynamic_realistic_100d_2pct_hdd,100,42,1000000,5000,1.0,health_ec,15.0,12,600000,650000,98,healthy,99,severe_slow,1,12.5,16.8,18.9,200755,0.4,755,755,754,2,2,0
realistic_2pct,topk_k4_d4,topk_budgeted,4,0.1,0,4,0,dynamic_realistic_100d_2pct_hdd,100,42,1000000,5000,1.0,health_ec,15.0,13,650000,700000,98,healthy,99,severe_slow,1,12.5,16.8,18.8,200773,0.4,773,773,772,0,0,0
realistic_2pct,topk_k4_d4,topk_budgeted,4,0.1,0,4,0,dynamic_realistic_100d_2pct_hdd,100,42,1000000,5000,1.0,health_ec,15.0,14,700000,750000,98,mild_slow,99,recovery,1,12.5,16.9,19.1,200764,0.4,764,764,749,0,0,0
realistic_2pct,topk_k4_d4,topk_budgeted,4,0.1,0,4,0,dynamic_realistic_100d_2pct_hdd,100,42,1000000,5000,1.0,health_ec,15.0,15,750000,800000,98,recovery,99,recovery,0,12.5,16.8,18.9,200728,0.4,728,728,669,0,0,0
realistic_2pct,topk_k4_d4,topk_budgeted,4,0.1,0,4,0,dynamic_realistic_100d_2pct_hdd,100,42,1000000,5000,1.0,health_ec,15.0,16,800000,850000,98,healthy,99,healthy,0,12.5,16.8,18.9,200398,0.2,398,398,317,0,0,0
realistic_2pct,topk_k4_d4,topk_budgeted,4,0.1,0,4,0,dynamic_realistic_100d_2pct_hdd,100,42,1000000,5000,1.0,health_ec,15.0,17,850000,900000,98,healthy,99,healthy,0,12.5,16.8,18.8,200197,0.1,197,197,160,0,0,0
realistic_2pct,topk_k4_d4,topk_budgeted,4,0.1,0,4,0,dynamic_realistic_100d_2pct_hdd,100,42,1000000,5000,1.0,health_ec,15.0,18,900000,950000,98,healthy,99,healthy,0,12.5,16.8,18.8,200082,0.0,82,82,68,0,0,0
realistic_2pct,topk_k4_d4,topk_budgeted,4,0.1,0,4,0,dynamic_realistic_100d_2pct_hdd,100,42,1000000,5000,1.0,health_ec,15.0,19,950000,1000000,98,healthy,99,healthy,0,12.5,16.8,18.9,200052,0.0,52,52,40,0,0,0
realistic_2pct,topk_k4_d6,topk_budgeted,6,0.1,0,4,0,dynamic_realistic_100d_2pct_hdd,100,42,1000000,5000,1.0,health_ec,15.0,0,0,50000,98,healthy,99,healthy,0,12.5,16.8,18.8,200000,0.0,0,0,0,0,0,0
realistic_2pct,topk_k4_d6,topk_budgeted,6,0.1,0,4,0,dynamic_realistic_100d_2pct_hdd,100,42,1000000,5000,1.0,health_ec,15.0,1,50000,100000,98,healthy,99,healthy,0,12.5,16.8,18.9,200000,0.0,0,0,0,0,0,0
realistic_2pct,topk_k4_d6,topk_budgeted,6,0.1,0,4,0,dynamic_realistic_100d_2pct_hdd,100,42,1000000,5000,1.0,health_ec,15.0,2,100000,150000,98,healthy,99,healthy,0,12.5,16.8,18.8,200000,0.0,0,0,0,0,0,0
realistic_2pct,topk_k4_d6,topk_budgeted,6,0.1,0,4,0,dynamic_realistic_100d_2pct_hdd,100,42,1000000,5000,1.0,health_ec,15.0,3,150000,200000,98,mild_slow,99,healthy,1,12.5,17.1,20.6,200915,0.5,915,915,896,0,0,0
realistic_2pct,topk_k4_d6,topk_budgeted,6,0.1,0,4,0,dynamic_realistic_100d_2pct_hdd,100,42,1000000,5000,1.0,health_ec,15.0,4,200000,250000,98,mild_slow,99,healthy,1,12.5,17.0,19.6,200607,0.3,607,607,598,3,3,0
realistic_2pct,topk_k4_d6,topk_budgeted,6,0.1,0,4,0,dynamic_realistic_100d_2pct_hdd,100,42,1000000,5000,1.0,health_ec,15.0,5,250000,300000,98,mild_slow,99,healthy,1,12.5,16.9,19.3,200656,0.3,656,656,647,0,0,0
realistic_2pct,topk_k4_d6,topk_budgeted,6,0.1,0,4,0,dynamic_realistic_100d_2pct_hdd,100,42,1000000,5000,1.0,health_ec,15.0,6,300000,350000,98,severe_slow,99,healthy,1,12.5,16.9,19.2,200787,0.4,787,787,787,0,0,0
realistic_2pct,topk_k4_d6,topk_budgeted,6,0.1,0,4,0,dynamic_realistic_100d_2pct_hdd,100,42,1000000,5000,1.0,health_ec,15.0,7,350000,400000,98,severe_slow,99,healthy,1,12.5,16.8,18.9,200787,0.4,787,787,787,1,1,0
realistic_2pct,topk_k4_d6,topk_budgeted,6,0.1,0,4,0,dynamic_realistic_100d_2pct_hdd,100,42,1000000,5000,1.0,health_ec,15.0,8,400000,450000,98,severe_slow,99,healthy,1,12.5,16.9,18.8,200807,0.4,807,807,806,0,0,0
realistic_2pct,topk_k4_d6,topk_budgeted,6,0.1,0,4,0,dynamic_realistic_100d_2pct_hdd,100,42,1000000,5000,1.0,health_ec,15.0,9,450000,500000,98,recovery,99,mild_slow,1,12.5,16.9,18.9,201530,0.8,1530,1530,1504,0,0,0
realistic_2pct,topk_k4_d6,topk_budgeted,6,0.1,0,4,0,dynamic_realistic_100d_2pct_hdd,100,42,1000000,5000,1.0,health_ec,15.0,10,500000,550000,98,recovery,99,mild_slow,1,12.5,16.9,19.0,200973,0.5,973,973,958,2,2,0
realistic_2pct,topk_k4_d6,topk_budgeted,6,0.1,0,4,0,dynamic_realistic_100d_2pct_hdd,100,42,1000000,5000,1.0,health_ec,15.0,11,550000,600000,98,healthy,99,severe_slow,1,12.5,16.8,18.9,200902,0.5,902,902,902,1,0,0
realistic_2pct,topk_k4_d6,topk_budgeted,6,0.1,0,4,0,dynamic_realistic_100d_2pct_hdd,100,42,1000000,5000,1.0,health_ec,15.0,12,600000,650000,98,healthy,99,severe_slow,1,12.5,16.8,18.8,200831,0.4,831,831,830,1,1,0
realistic_2pct,topk_k4_d6,topk_budgeted,6,0.1,0,4,0,dynamic_realistic_100d_2pct_hdd,100,42,1000000,5000,1.0,health_ec,15.0,13,650000,700000,98,healthy,99,severe_slow,1,12.5,16.8,18.8,200862,0.4,862,862,860,0,0,0
realistic_2pct,topk_k4_d6,topk_budgeted,6,0.1,0,4,0,dynamic_realistic_100d_2pct_hdd,100,42,1000000,5000,1.0,health_ec,15.0,14,700000,750000,98,mild_slow,99,recovery,1,12.5,16.9,19.1,200847,0.4,847,847,830,0,0,0
realistic_2pct,topk_k4_d6,topk_budgeted,6,0.1,0,4,0,dynamic_realistic_100d_2pct_hdd,100,42,1000000,5000,1.0,health_ec,15.0,15,750000,800000,98,recovery,99,recovery,0,12.5,16.8,18.9,200767,0.4,767,767,703,0,0,0
realistic_2pct,topk_k4_d6,topk_budgeted,6,0.1,0,4,0,dynamic_realistic_100d_2pct_hdd,100,42,1000000,5000,1.0,health_ec,15.0,16,800000,850000,98,healthy,99,healthy,0,12.5,16.8,18.9,200398,0.2,398,398,317,0,0,0
realistic_2pct,topk_k4_d6,topk_budgeted,6,0.1,0,4,0,dynamic_realistic_100d_2pct_hdd,100,42,1000000,5000,1.0,health_ec,15.0,17,850000,900000,98,healthy,99,healthy,0,12.5,16.8,18.8,200197,0.1,197,197,160,0,0,0
realistic_2pct,topk_k4_d6,topk_budgeted,6,0.1,0,4,0,dynamic_realistic_100d_2pct_hdd,100,42,1000000,5000,1.0,health_ec,15.0,18,900000,950000,98,healthy,99,healthy,0,12.5,16.8,18.8,200082,0.0,82,82,68,0,0,0
realistic_2pct,topk_k4_d6,topk_budgeted,6,0.1,0,4,0,dynamic_realistic_100d_2pct_hdd,100,42,1000000,5000,1.0,health_ec,15.0,19,950000,1000000,98,healthy,99,healthy,0,12.5,16.8,18.9,200052,0.0,52,52,40,0,0,0
realistic_2pct,hybrid_w2_k2_d4_c1,hybrid,4,0.1,2,2,1,dynamic_realistic_100d_2pct_hdd,100,42,1000000,5000,1.0,health_ec,15.0,0,0,50000,98,healthy,99,healthy,0,12.5,16.8,18.8,200000,0.0,0,0,0,0,0,0
realistic_2pct,hybrid_w2_k2_d4_c1,hybrid,4,0.1,2,2,1,dynamic_realistic_100d_2pct_hdd,100,42,1000000,5000,1.0,health_ec,15.0,1,50000,100000,98,healthy,99,healthy,0,12.5,16.8,18.9,200000,0.0,0,0,0,0,0,0
realistic_2pct,hybrid_w2_k2_d4_c1,hybrid,4,0.1,2,2,1,dynamic_realistic_100d_2pct_hdd,100,42,1000000,5000,1.0,health_ec,15.0,2,100000,150000,98,healthy,99,healthy,0,12.5,16.8,18.8,200000,0.0,0,0,0,0,0,0
realistic_2pct,hybrid_w2_k2_d4_c1,hybrid,4,0.1,2,2,1,dynamic_realistic_100d_2pct_hdd,100,42,1000000,5000,1.0,health_ec,15.0,3,150000,200000,98,mild_slow,99,healthy,1,12.5,17.1,20.6,200915,0.5,915,915,896,0,0,0
realistic_2pct,hybrid_w2_k2_d4_c1,hybrid,4,0.1,2,2,1,dynamic_realistic_100d_2pct_hdd,100,42,1000000,5000,1.0,health_ec,15.0,4,200000,250000,98,mild_slow,99,healthy,1,12.5,17.0,19.5,201153,0.6,1153,1153,1132,0,0,0
realistic_2pct,hybrid_w2_k2_d4_c1,hybrid,4,0.1,2,2,1,dynamic_realistic_100d_2pct_hdd,100,42,1000000,5000,1.0,health_ec,15.0,5,250000,300000,98,mild_slow,99,healthy,1,12.5,16.9,19.3,200727,0.4,727,727,717,2,2,0
realistic_2pct,hybrid_w2_k2_d4_c1,hybrid,4,0.1,2,2,1,dynamic_realistic_100d_2pct_hdd,100,42,1000000,5000,1.0,health_ec,15.0,6,300000,350000,98,severe_slow,99,healthy,1,12.5,16.9,19.2,200732,0.4,732,732,732,2,0,0
realistic_2pct,hybrid_w2_k2_d4_c1,hybrid,4,0.1,2,2,1,dynamic_realistic_100d_2pct_hdd,100,42,1000000,5000,1.0,health_ec,15.0,7,350000,400000,98,severe_slow,99,healthy,1,12.5,16.8,18.9,200731,0.4,731,731,731,1,1,0
realistic_2pct,hybrid_w2_k2_d4_c1,hybrid,4,0.1,2,2,1,dynamic_realistic_100d_2pct_hdd,100,42,1000000,5000,1.0,health_ec,15.0,8,400000,450000,98,severe_slow,99,healthy,1,12.5,16.9,18.8,200722,0.4,722,722,721,1,1,0
realistic_2pct,hybrid_w2_k2_d4_c1,hybrid,4,0.1,2,2,1,dynamic_realistic_100d_2pct_hdd,100,42,1000000,5000,1.0,health_ec,15.0,9,450000,500000,98,recovery,99,mild_slow,1,12.5,16.9,19.0,201476,0.7,1476,1476,1452,0,0,0
realistic_2pct,hybrid_w2_k2_d4_c1,hybrid,4,0.1,2,2,1,dynamic_realistic_100d_2pct_hdd,100,42,1000000,5000,1.0,health_ec,15.0,10,500000,550000,98,recovery,99,mild_slow,1,12.5,16.9,19.0,201420,0.7,1420,1420,1393,0,0,0
realistic_2pct,hybrid_w2_k2_d4_c1,hybrid,4,0.1,2,2,1,dynamic_realistic_100d_2pct_hdd,100,42,1000000,5000,1.0,health_ec,15.0,11,550000,600000,98,healthy,99,severe_slow,1,12.5,16.8,18.9,201000,0.5,1000,1000,995,2,0,0
realistic_2pct,hybrid_w2_k2_d4_c1,hybrid,4,0.1,2,2,1,dynamic_realistic_100d_2pct_hdd,100,42,1000000,5000,1.0,health_ec,15.0,12,600000,650000,98,healthy,99,severe_slow,1,12.5,16.8,18.9,200831,0.4,831,831,830,2,2,0
realistic_2pct,hybrid_w2_k2_d4_c1,hybrid,4,0.1,2,2,1,dynamic_realistic_100d_2pct_hdd,100,42,1000000,5000,1.0,health_ec,15.0,13,650000,700000,98,healthy,99,severe_slow,1,12.5,16.8,18.8,200773,0.4,773,773,772,2,2,0
realistic_2pct,hybrid_w2_k2_d4_c1,hybrid,4,0.1,2,2,1,dynamic_realistic_100d_2pct_hdd,100,42,1000000,5000,1.0,health_ec,15.0,14,700000,750000,98,mild_slow,99,recovery,1,12.5,16.9,19.1,200764,0.4,764,764,749,0,0,0
realistic_2pct,hybrid_w2_k2_d4_c1,hybrid,4,0.1,2,2,1,dynamic_realistic_100d_2pct_hdd,100,42,1000000,5000,1.0,health_ec,15.0,15,750000,800000,98,recovery,99,recovery,0,12.5,16.8,18.9,200728,0.4,728,728,669,0,0,0
realistic_2pct,hybrid_w2_k2_d4_c1,hybrid,4,0.1,2,2,1,dynamic_realistic_100d_2pct_hdd,100,42,1000000,5000,1.0,health_ec,15.0,16,800000,850000,98,healthy,99,healthy,0,12.5,16.8,18.9,200398,0.2,398,398,317,0,0,0
realistic_2pct,hybrid_w2_k2_d4_c1,hybrid,4,0.1,2,2,1,dynamic_realistic_100d_2pct_hdd,100,42,1000000,5000,1.0,health_ec,15.0,17,850000,900000,98,healthy,99,healthy,0,12.5,16.8,18.8,200196,0.1,196,196,160,0,0,0
realistic_2pct,hybrid_w2_k2_d4_c1,hybrid,4,0.1,2,2,1,dynamic_realistic_100d_2pct_hdd,100,42,1000000,5000,1.0,health_ec,15.0,18,900000,950000,98,healthy,99,healthy,0,12.5,16.8,18.8,200082,0.0,82,82,68,0,0,0
realistic_2pct,hybrid_w2_k2_d4_c1,hybrid,4,0.1,2,2,1,dynamic_realistic_100d_2pct_hdd,100,42,1000000,5000,1.0,health_ec,15.0,19,950000,1000000,98,healthy,99,healthy,0,12.5,16.8,18.9,200052,0.0,52,52,40,0,0,0
realistic_2pct,hybrid_w2_k4_d4_c1,hybrid,4,0.1,2,4,1,dynamic_realistic_100d_2pct_hdd,100,42,1000000,5000,1.0,health_ec,15.0,0,0,50000,98,healthy,99,healthy,0,12.5,16.8,18.8,200000,0.0,0,0,0,0,0,0
realistic_2pct,hybrid_w2_k4_d4_c1,hybrid,4,0.1,2,4,1,dynamic_realistic_100d_2pct_hdd,100,42,1000000,5000,1.0,health_ec,15.0,1,50000,100000,98,healthy,99,healthy,0,12.5,16.8,18.9,200000,0.0,0,0,0,0,0,0
realistic_2pct,hybrid_w2_k4_d4_c1,hybrid,4,0.1,2,4,1,dynamic_realistic_100d_2pct_hdd,100,42,1000000,5000,1.0,health_ec,15.0,2,100000,150000,98,healthy,99,healthy,0,12.5,16.8,18.8,200000,0.0,0,0,0,0,0,0
realistic_2pct,hybrid_w2_k4_d4_c1,hybrid,4,0.1,2,4,1,dynamic_realistic_100d_2pct_hdd,100,42,1000000,5000,1.0,health_ec,15.0,3,150000,200000,98,mild_slow,99,healthy,1,12.5,17.1,20.6,200915,0.5,915,915,896,0,0,0
realistic_2pct,hybrid_w2_k4_d4_c1,hybrid,4,0.1,2,4,1,dynamic_realistic_100d_2pct_hdd,100,42,1000000,5000,1.0,health_ec,15.0,4,200000,250000,98,mild_slow,99,healthy,1,12.5,17.0,19.5,201153,0.6,1153,1153,1132,0,0,0
realistic_2pct,hybrid_w2_k4_d4_c1,hybrid,4,0.1,2,4,1,dynamic_realistic_100d_2pct_hdd,100,42,1000000,5000,1.0,health_ec,15.0,5,250000,300000,98,mild_slow,99,healthy,1,12.5,16.9,19.3,200603,0.3,603,603,591,4,4,0
realistic_2pct,hybrid_w2_k4_d4_c1,hybrid,4,0.1,2,4,1,dynamic_realistic_100d_2pct_hdd,100,42,1000000,5000,1.0,health_ec,15.0,6,300000,350000,98,severe_slow,99,healthy,1,12.5,16.9,19.2,200732,0.4,732,732,732,0,0,0
realistic_2pct,hybrid_w2_k4_d4_c1,hybrid,4,0.1,2,4,1,dynamic_realistic_100d_2pct_hdd,100,42,1000000,5000,1.0,health_ec,15.0,7,350000,400000,98,severe_slow,99,healthy,1,12.5,16.8,18.9,200731,0.4,731,731,731,1,1,0
realistic_2pct,hybrid_w2_k4_d4_c1,hybrid,4,0.1,2,4,1,dynamic_realistic_100d_2pct_hdd,100,42,1000000,5000,1.0,health_ec,15.0,8,400000,450000,98,severe_slow,99,healthy,1,12.5,16.9,18.8,200722,0.4,722,722,721,1,1,0
realistic_2pct,hybrid_w2_k4_d4_c1,hybrid,4,0.1,2,4,1,dynamic_realistic_100d_2pct_hdd,100,42,1000000,5000,1.0,health_ec,15.0,9,450000,500000,98,recovery,99,mild_slow,1,12.5,16.9,19.0,201487,0.7,1487,1487,1462,0,0,0
realistic_2pct,hybrid_w2_k4_d4_c1,hybrid,4,0.1,2,4,1,dynamic_realistic_100d_2pct_hdd,100,42,1000000,5000,1.0,health_ec,15.0,10,500000,550000,98,recovery,99,mild_slow,1,12.5,16.9,19.0,201420,0.7,1420,1420,1393,0,0,0
realistic_2pct,hybrid_w2_k4_d4_c1,hybrid,4,0.1,2,4,1,dynamic_realistic_100d_2pct_hdd,100,42,1000000,5000,1.0,health_ec,15.0,11,550000,600000,98,healthy,99,severe_slow,1,12.5,16.8,18.9,200922,0.5,922,922,917,3,0,0
realistic_2pct,hybrid_w2_k4_d4_c1,hybrid,4,0.1,2,4,1,dynamic_realistic_100d_2pct_hdd,100,42,1000000,5000,1.0,health_ec,15.0,12,600000,650000,98,healthy,99,severe_slow,1,12.5,16.8,18.9,200755,0.4,755,755,754,3,3,0
realistic_2pct,hybrid_w2_k4_d4_c1,hybrid,4,0.1,2,4,1,dynamic_realistic_100d_2pct_hdd,100,42,1000000,5000,1.0,health_ec,15.0,13,650000,700000,98,healthy,99,severe_slow,1,12.5,16.8,18.8,200773,0.4,773,773,772,0,0,0
realistic_2pct,hybrid_w2_k4_d4_c1,hybrid,4,0.1,2,4,1,dynamic_realistic_100d_2pct_hdd,100,42,1000000,5000,1.0,health_ec,15.0,14,700000,750000,98,mild_slow,99,recovery,1,12.5,16.9,19.1,200764,0.4,764,764,749,0,0,0
realistic_2pct,hybrid_w2_k4_d4_c1,hybrid,4,0.1,2,4,1,dynamic_realistic_100d_2pct_hdd,100,42,1000000,5000,1.0,health_ec,15.0,15,750000,800000,98,recovery,99,recovery,0,12.5,16.8,18.9,200728,0.4,728,728,669,0,0,0
realistic_2pct,hybrid_w2_k4_d4_c1,hybrid,4,0.1,2,4,1,dynamic_realistic_100d_2pct_hdd,100,42,1000000,5000,1.0,health_ec,15.0,16,800000,850000,98,healthy,99,healthy,0,12.5,16.8,18.9,200398,0.2,398,398,317,0,0,0
realistic_2pct,hybrid_w2_k4_d4_c1,hybrid,4,0.1,2,4,1,dynamic_realistic_100d_2pct_hdd,100,42,1000000,5000,1.0,health_ec,15.0,17,850000,900000,98,healthy,99,healthy,0,12.5,16.8,18.8,200196,0.1,196,196,160,0,0,0
realistic_2pct,hybrid_w2_k4_d4_c1,hybrid,4,0.1,2,4,1,dynamic_realistic_100d_2pct_hdd,100,42,1000000,5000,1.0,health_ec,15.0,18,900000,950000,98,healthy,99,healthy,0,12.5,16.8,18.8,200082,0.0,82,82,68,0,0,0
realistic_2pct,hybrid_w2_k4_d4_c1,hybrid,4,0.1,2,4,1,dynamic_realistic_100d_2pct_hdd,100,42,1000000,5000,1.0,health_ec,15.0,19,950000,1000000,98,healthy,99,healthy,0,12.5,16.8,18.9,200052,0.0,52,52,40,0,0,0
realistic_2pct,vanilla_ec,baseline,,,,,,dynamic_realistic_100d_2pct_hdd,100,43,1000000,5000,1.0,vanilla_ec,15.0,0,0,50000,98,healthy,99,healthy,0,12.5,16.8,18.8,200000,0.0,0,0,0,0,0,0
realistic_2pct,vanilla_ec,baseline,,,,,,dynamic_realistic_100d_2pct_hdd,100,43,1000000,5000,1.0,vanilla_ec,15.0,1,50000,100000,98,healthy,99,healthy,0,12.5,16.8,18.9,200000,0.0,0,0,0,0,0,0
realistic_2pct,vanilla_ec,baseline,,,,,,dynamic_realistic_100d_2pct_hdd,100,43,1000000,5000,1.0,vanilla_ec,15.0,2,100000,150000,98,healthy,99,healthy,0,12.5,16.8,18.8,200000,0.0,0,0,0,0,0,0
realistic_2pct,vanilla_ec,baseline,,,,,,dynamic_realistic_100d_2pct_hdd,100,43,1000000,5000,1.0,vanilla_ec,15.0,3,150000,200000,98,mild_slow,99,healthy,1,12.6,17.6,27.2,200000,0.0,0,0,0,0,0,0
realistic_2pct,vanilla_ec,baseline,,,,,,dynamic_realistic_100d_2pct_hdd,100,43,1000000,5000,1.0,vanilla_ec,15.0,4,200000,250000,98,mild_slow,99,healthy,1,12.6,17.7,27.6,200000,0.0,0,0,0,0,0,0
realistic_2pct,vanilla_ec,baseline,,,,,,dynamic_realistic_100d_2pct_hdd,100,43,1000000,5000,1.0,vanilla_ec,15.0,5,250000,300000,98,mild_slow,99,healthy,1,12.6,17.6,27.6,200000,0.0,0,0,0,0,0,0
realistic_2pct,vanilla_ec,baseline,,,,,,dynamic_realistic_100d_2pct_hdd,100,43,1000000,5000,1.0,vanilla_ec,15.0,6,300000,350000,98,severe_slow,99,healthy,1,12.6,17.8,63.1,200000,0.0,0,0,0,0,0,0
realistic_2pct,vanilla_ec,baseline,,,,,,dynamic_realistic_100d_2pct_hdd,100,43,1000000,5000,1.0,vanilla_ec,15.0,7,350000,400000,98,severe_slow,99,healthy,1,12.6,17.9,62.9,200000,0.0,0,0,0,0,0,0
realistic_2pct,vanilla_ec,baseline,,,,,,dynamic_realistic_100d_2pct_hdd,100,43,1000000,5000,1.0,vanilla_ec,15.0,8,400000,450000,98,severe_slow,99,healthy,1,12.6,17.9,64.2,200000,0.0,0,0,0,0,0,0
realistic_2pct,vanilla_ec,baseline,,,,,,dynamic_realistic_100d_2pct_hdd,100,43,1000000,5000,1.0,vanilla_ec,15.0,9,450000,500000,98,recovery,99,mild_slow,1,12.6,17.7,27.6,200000,0.0,0,0,0,0,0,0
realistic_2pct,vanilla_ec,baseline,,,,,,dynamic_realistic_100d_2pct_hdd,100,43,1000000,5000,1.0,vanilla_ec,15.0,10,500000,550000,98,recovery,99,mild_slow,1,12.6,17.7,27.6,200000,0.0,0,0,0,0,0,0
realistic_2pct,vanilla_ec,baseline,,,,,,dynamic_realistic_100d_2pct_hdd,100,43,1000000,5000,1.0,vanilla_ec,15.0,11,550000,600000,98,healthy,99,severe_slow,1,12.6,17.9,63.9,200000,0.0,0,0,0,0,0,0
realistic_2pct,vanilla_ec,baseline,,,,,,dynamic_realistic_100d_2pct_hdd,100,43,1000000,5000,1.0,vanilla_ec,15.0,12,600000,650000,98,healthy,99,severe_slow,1,12.6,18.0,62.8,200000,0.0,0,0,0,0,0,0
realistic_2pct,vanilla_ec,baseline,,,,,,dynamic_realistic_100d_2pct_hdd,100,43,1000000,5000,1.0,vanilla_ec,15.0,13,650000,700000,98,healthy,99,severe_slow,1,12.6,17.8,63.0,200000,0.0,0,0,0,0,0,0
realistic_2pct,vanilla_ec,baseline,,,,,,dynamic_realistic_100d_2pct_hdd,100,43,1000000,5000,1.0,vanilla_ec,15.0,14,700000,750000,98,mild_slow,99,recovery,1,12.6,17.7,27.5,200000,0.0,0,0,0,0,0,0
realistic_2pct,vanilla_ec,baseline,,,,,,dynamic_realistic_100d_2pct_hdd,100,43,1000000,5000,1.0,vanilla_ec,15.0,15,750000,800000,98,recovery,99,recovery,0,12.6,17.2,19.8,200000,0.0,0,0,0,0,0,0
realistic_2pct,vanilla_ec,baseline,,,,,,dynamic_realistic_100d_2pct_hdd,100,43,1000000,5000,1.0,vanilla_ec,15.0,16,800000,850000,98,healthy,99,healthy,0,12.5,16.8,18.9,200000,0.0,0,0,0,0,0,0
realistic_2pct,vanilla_ec,baseline,,,,,,dynamic_realistic_100d_2pct_hdd,100,43,1000000,5000,1.0,vanilla_ec,15.0,17,850000,900000,98,healthy,99,healthy,0,12.5,16.8,18.8,200000,0.0,0,0,0,0,0,0
realistic_2pct,vanilla_ec,baseline,,,,,,dynamic_realistic_100d_2pct_hdd,100,43,1000000,5000,1.0,vanilla_ec,15.0,18,900000,950000,98,healthy,99,healthy,0,12.5,16.8,18.9,200000,0.0,0,0,0,0,0,0
realistic_2pct,vanilla_ec,baseline,,,,,,dynamic_realistic_100d_2pct_hdd,100,43,1000000,5000,1.0,vanilla_ec,15.0,19,950000,1000000,98,healthy,99,healthy,0,12.5,16.8,18.7,200000,0.0,0,0,0,0,0,0
realistic_2pct,late_binding,baseline,,,,,,dynamic_realistic_100d_2pct_hdd,100,43,1000000,5000,1.0,late_binding,15.0,0,0,50000,98,healthy,99,healthy,0,10.7,14.0,15.4,250000,25.0,50000,50000,39871,0,0,0
realistic_2pct,late_binding,baseline,,,,,,dynamic_realistic_100d_2pct_hdd,100,43,1000000,5000,1.0,late_binding,15.0,1,50000,100000,98,healthy,99,healthy,0,10.7,14.0,15.4,250000,25.0,50000,50000,40011,0,0,0
realistic_2pct,late_binding,baseline,,,,,,dynamic_realistic_100d_2pct_hdd,100,43,1000000,5000,1.0,late_binding,15.0,2,100000,150000,98,healthy,99,healthy,0,10.7,14.0,15.4,250000,25.0,50000,50000,40100,0,0,0
realistic_2pct,late_binding,baseline,,,,,,dynamic_realistic_100d_2pct_hdd,100,43,1000000,5000,1.0,late_binding,15.0,3,150000,200000,98,mild_slow,99,healthy,1,10.7,14.1,15.7,250000,25.0,50000,50000,39810,0,0,0
realistic_2pct,late_binding,baseline,,,,,,dynamic_realistic_100d_2pct_hdd,100,43,1000000,5000,1.0,late_binding,15.0,4,200000,250000,98,mild_slow,99,healthy,1,10.7,14.2,15.8,250000,25.0,50000,50000,39785,0,0,0
realistic_2pct,late_binding,baseline,,,,,,dynamic_realistic_100d_2pct_hdd,100,43,1000000,5000,1.0,late_binding,15.0,5,250000,300000,98,mild_slow,99,healthy,1,10.7,14.1,15.7,250000,25.0,50000,50000,39879,0,0,0
realistic_2pct,late_binding,baseline,,,,,,dynamic_realistic_100d_2pct_hdd,100,43,1000000,5000,1.0,late_binding,15.0,6,300000,350000,98,severe_slow,99,healthy,1,10.8,14.2,15.8,250000,25.0,50000,50000,39840,0,0,0
realistic_2pct,late_binding,baseline,,,,,,dynamic_realistic_100d_2pct_hdd,100,43,1000000,5000,1.0,late_binding,15.0,7,350000,400000,98,severe_slow,99,healthy,1,10.8,14.2,15.8,250000,25.0,50000,50000,39854,0,0,0
realistic_2pct,late_binding,baseline,,,,,,dynamic_realistic_100d_2pct_hdd,100,43,1000000,5000,1.0,late_binding,15.0,8,400000,450000,98,severe_slow,99,healthy,1,10.7,14.1,15.8,250000,25.0,50000,50000,39763,0,0,0
realistic_2pct,late_binding,baseline,,,,,,dynamic_realistic_100d_2pct_hdd,100,43,1000000,5000,1.0,late_binding,15.0,9,450000,500000,98,recovery,99,mild_slow,1,10.8,14.4,16.6,250000,25.0,50000,50000,40139,0,0,0
realistic_2pct,late_binding,baseline,,,,,,dynamic_realistic_100d_2pct_hdd,100,43,1000000,5000,1.0,late_binding,15.0,10,500000,550000,98,recovery,99,mild_slow,1,10.8,14.3,16.6,250000,25.0,50000,50000,40039,0,0,0
realistic_2pct,late_binding,baseline,,,,,,dynamic_realistic_100d_2pct_hdd,100,43,1000000,5000,1.0,late_binding,15.0,11,550000,600000,98,healthy,99,severe_slow,1,10.8,14.1,15.7,250000,25.0,50000,50000,40409,0,0,0
realistic_2pct,late_binding,baseline,,,,,,dynamic_realistic_100d_2pct_hdd,100,43,1000000,5000,1.0,late_binding,15.0,12,600000,650000,98,healthy,99,severe_slow,1,10.7,14.1,15.7,250000,25.0,50000,50000,40273,0,0,0
realistic_2pct,late_binding,baseline,,,,,,dynamic_realistic_100d_2pct_hdd,100,43,1000000,5000,1.0,late_binding,15.0,13,650000,700000,98,healthy,99,severe_slow,1,10.7,14.2,15.7,250000,25.0,50000,50000,40509,0,0,0
realistic_2pct,late_binding,baseline,,,,,,dynamic_realistic_100d_2pct_hdd,100,43,1000000,5000,1.0,late_binding,15.0,14,700000,750000,98,mild_slow,99,recovery,1,10.8,14.4,16.7,250000,25.0,50000,50000,39828,0,0,0
realistic_2pct,late_binding,baseline,,,,,,dynamic_realistic_100d_2pct_hdd,100,43,1000000,5000,1.0,late_binding,15.0,15,750000,800000,98,recovery,99,recovery,0,10.8,14.2,15.9,250000,25.0,50000,50000,39920,0,0,0
realistic_2pct,late_binding,baseline,,,,,,dynamic_realistic_100d_2pct_hdd,100,43,1000000,5000,1.0,late_binding,15.0,16,800000,850000,98,healthy,99,healthy,0,10.7,14.0,15.4,250000,25.0,50000,50000,39910,0,0,0
realistic_2pct,late_binding,baseline,,,,,,dynamic_realistic_100d_2pct_hdd,100,43,1000000,5000,1.0,late_binding,15.0,17,850000,900000,98,healthy,99,healthy,0,10.7,14.0,15.5,250000,25.0,50000,50000,40032,0,0,0
realistic_2pct,late_binding,baseline,,,,,,dynamic_realistic_100d_2pct_hdd,100,43,1000000,5000,1.0,late_binding,15.0,18,900000,950000,98,healthy,99,healthy,0,10.7,14.0,15.4,250000,25.0,50000,50000,39985,0,0,0
realistic_2pct,late_binding,baseline,,,,,,dynamic_realistic_100d_2pct_hdd,100,43,1000000,5000,1.0,late_binding,15.0,19,950000,1000000,98,healthy,99,healthy,0,10.7,14.0,15.4,250000,25.0,50000,50000,39872,0,0,0
realistic_2pct,timeout_degraded_read,baseline,,,,,,dynamic_realistic_100d_2pct_hdd,100,43,1000000,5000,1.0,timeout_degraded_read,15.0,0,0,50000,98,healthy,99,healthy,0,12.5,16.8,18.7,208102,4.1,8102,8102,165,0,0,0
realistic_2pct,timeout_degraded_read,baseline,,,,,,dynamic_realistic_100d_2pct_hdd,100,43,1000000,5000,1.0,timeout_degraded_read,15.0,1,50000,100000,98,healthy,99,healthy,0,12.5,16.8,18.8,208123,4.1,8123,8123,169,0,0,0
realistic_2pct,timeout_degraded_read,baseline,,,,,,dynamic_realistic_100d_2pct_hdd,100,43,1000000,5000,1.0,timeout_degraded_read,15.0,2,100000,150000,98,healthy,99,healthy,0,12.5,16.8,18.7,208110,4.1,8110,8110,198,0,0,0
realistic_2pct,timeout_degraded_read,baseline,,,,,,dynamic_realistic_100d_2pct_hdd,100,43,1000000,5000,1.0,timeout_degraded_read,15.0,3,150000,200000,98,mild_slow,99,healthy,1,12.6,17.5,23.0,209203,4.6,9203,9203,905,0,0,0
realistic_2pct,timeout_degraded_read,baseline,,,,,,dynamic_realistic_100d_2pct_hdd,100,43,1000000,5000,1.0,timeout_degraded_read,15.0,4,200000,250000,98,mild_slow,99,healthy,1,12.6,17.6,23.1,209214,4.6,9214,9214,949,0,0,0
realistic_2pct,timeout_degraded_read,baseline,,,,,,dynamic_realistic_100d_2pct_hdd,100,43,1000000,5000,1.0,timeout_degraded_read,15.0,5,250000,300000,98,mild_slow,99,healthy,1,12.6,17.5,23.2,209236,4.6,9236,9236,923,0,0,0
realistic_2pct,timeout_degraded_read,baseline,,,,,,dynamic_realistic_100d_2pct_hdd,100,43,1000000,5000,1.0,timeout_degraded_read,15.0,6,300000,350000,98,severe_slow,99,healthy,1,12.6,17.7,25.3,209238,4.6,9238,9238,1585,0,0,0
realistic_2pct,timeout_degraded_read,baseline,,,,,,dynamic_realistic_100d_2pct_hdd,100,43,1000000,5000,1.0,timeout_degraded_read,15.0,7,350000,400000,98,severe_slow,99,healthy,1,12.6,17.8,25.4,209338,4.7,9338,9338,1652,0,0,0
realistic_2pct,timeout_degraded_read,baseline,,,,,,dynamic_realistic_100d_2pct_hdd,100,43,1000000,5000,1.0,timeout_degraded_read,15.0,8,400000,450000,98,severe_slow,99,healthy,1,12.6,17.7,25.4,209184,4.6,9184,9184,1584,0,0,0
realistic_2pct,timeout_degraded_read,baseline,,,,,,dynamic_realistic_100d_2pct_hdd,100,43,1000000,5000,1.0,timeout_degraded_read,15.0,9,450000,500000,98,recovery,99,mild_slow,1,12.6,17.7,23.3,209388,4.7,9388,9388,956,0,0,0
realistic_2pct,timeout_degraded_read,baseline,,,,,,dynamic_realistic_100d_2pct_hdd,100,43,1000000,5000,1.0,timeout_degraded_read,15.0,10,500000,550000,98,recovery,99,mild_slow,1,12.6,17.6,23.3,209241,4.6,9241,9241,934,0,0,0
realistic_2pct,timeout_degraded_read,baseline,,,,,,dynamic_realistic_100d_2pct_hdd,100,43,1000000,5000,1.0,timeout_degraded_read,15.0,11,550000,600000,98,healthy,99,severe_slow,1,12.6,17.8,25.5,209355,4.7,9355,9355,1663,0,0,0
realistic_2pct,timeout_degraded_read,baseline,,,,,,dynamic_realistic_100d_2pct_hdd,100,43,1000000,5000,1.0,timeout_degraded_read,15.0,12,600000,650000,98,healthy,99,severe_slow,1,12.6,17.8,25.3,209299,4.6,9299,9299,1615,0,0,0
realistic_2pct,timeout_degraded_read,baseline,,,,,,dynamic_realistic_100d_2pct_hdd,100,43,1000000,5000,1.0,timeout_degraded_read,15.0,13,650000,700000,98,healthy,99,severe_slow,1,12.6,17.7,25.3,209351,4.7,9351,9351,1582,0,0,0
realistic_2pct,timeout_degraded_read,baseline,,,,,,dynamic_realistic_100d_2pct_hdd,100,43,1000000,5000,1.0,timeout_degraded_read,15.0,14,700000,750000,98,mild_slow,99,recovery,1,12.6,17.6,23.1,209335,4.7,9335,9335,985,0,0,0
realistic_2pct,timeout_degraded_read,baseline,,,,,,dynamic_realistic_100d_2pct_hdd,100,43,1000000,5000,1.0,timeout_degraded_read,15.0,15,750000,800000,98,recovery,99,recovery,0,12.6,17.1,19.7,208974,4.5,8974,8974,274,0,0,0
realistic_2pct,timeout_degraded_read,baseline,,,,,,dynamic_realistic_100d_2pct_hdd,100,43,1000000,5000,1.0,timeout_degraded_read,15.0,16,800000,850000,98,healthy,99,healthy,0,12.5,16.8,18.8,208097,4.0,8097,8097,187,0,0,0
realistic_2pct,timeout_degraded_read,baseline,,,,,,dynamic_realistic_100d_2pct_hdd,100,43,1000000,5000,1.0,timeout_degraded_read,15.0,17,850000,900000,98,healthy,99,healthy,0,12.5,16.8,18.7,208029,4.0,8029,8029,173,0,0,0
realistic_2pct,timeout_degraded_read,baseline,,,,,,dynamic_realistic_100d_2pct_hdd,100,43,1000000,5000,1.0,timeout_degraded_read,15.0,18,900000,950000,98,healthy,99,healthy,0,12.5,16.8,18.8,208094,4.0,8094,8094,194,0,0,0
realistic_2pct,timeout_degraded_read,baseline,,,,,,dynamic_realistic_100d_2pct_hdd,100,43,1000000,5000,1.0,timeout_degraded_read,15.0,19,950000,1000000,98,healthy,99,healthy,0,12.5,16.7,18.7,207918,4.0,7918,7918,220,0,0,0
realistic_2pct,t28_default,default,12,0.05,0,0,0,dynamic_realistic_100d_2pct_hdd,100,43,1000000,5000,1.0,health_ec,15.0,0,0,50000,98,healthy,99,healthy,0,12.5,16.8,18.8,200000,0.0,0,0,0,0,0,0
realistic_2pct,t28_default,default,12,0.05,0,0,0,dynamic_realistic_100d_2pct_hdd,100,43,1000000,5000,1.0,health_ec,15.0,1,50000,100000,98,healthy,99,healthy,0,12.5,16.8,18.9,200000,0.0,0,0,0,0,0,0
realistic_2pct,t28_default,default,12,0.05,0,0,0,dynamic_realistic_100d_2pct_hdd,100,43,1000000,5000,1.0,health_ec,15.0,2,100000,150000,98,healthy,99,healthy,0,12.5,16.8,18.8,200000,0.0,0,0,0,0,0,0
realistic_2pct,t28_default,default,12,0.05,0,0,0,dynamic_realistic_100d_2pct_hdd,100,43,1000000,5000,1.0,health_ec,15.0,3,150000,200000,98,mild_slow,99,healthy,1,12.5,17.0,20.7,200566,0.3,566,566,559,1,1,0
realistic_2pct,t28_default,default,12,0.05,0,0,0,dynamic_realistic_100d_2pct_hdd,100,43,1000000,5000,1.0,health_ec,15.0,4,200000,250000,98,mild_slow,99,healthy,1,12.5,17.0,19.6,200815,0.4,815,815,804,0,0,0
realistic_2pct,t28_default,default,12,0.05,0,0,0,dynamic_realistic_100d_2pct_hdd,100,43,1000000,5000,1.0,health_ec,15.0,5,250000,300000,98,mild_slow,99,healthy,1,12.5,16.9,19.3,200912,0.5,912,912,891,0,0,0
realistic_2pct,t28_default,default,12,0.05,0,0,0,dynamic_realistic_100d_2pct_hdd,100,43,1000000,5000,1.0,health_ec,15.0,6,300000,350000,98,severe_slow,99,healthy,1,12.5,16.9,19.1,200885,0.4,885,885,880,1,1,0
realistic_2pct,t28_default,default,12,0.05,0,0,0,dynamic_realistic_100d_2pct_hdd,100,43,1000000,5000,1.0,health_ec,15.0,7,350000,400000,98,severe_slow,99,healthy,1,12.5,16.8,18.9,200969,0.5,969,969,969,0,0,0
realistic_2pct,t28_default,default,12,0.05,0,0,0,dynamic_realistic_100d_2pct_hdd,100,43,1000000,5000,1.0,health_ec,15.0,8,400000,450000,98,severe_slow,99,healthy,1,12.5,16.8,18.8,200951,0.5,951,951,950,0,0,0
realistic_2pct,t28_default,default,12,0.05,0,0,0,dynamic_realistic_100d_2pct_hdd,100,43,1000000,5000,1.0,health_ec,15.0,9,450000,500000,98,recovery,99,mild_slow,1,12.5,17.0,19.1,201194,0.6,1194,1194,1172,1,1,0
realistic_2pct,t28_default,default,12,0.05,0,0,0,dynamic_realistic_100d_2pct_hdd,100,43,1000000,5000,1.0,health_ec,15.0,10,500000,550000,98,recovery,99,mild_slow,1,12.5,16.9,19.0,201163,0.6,1163,1163,1149,0,0,0
realistic_2pct,t28_default,default,12,0.05,0,0,0,dynamic_realistic_100d_2pct_hdd,100,43,1000000,5000,1.0,health_ec,15.0,11,550000,600000,98,healthy,99,severe_slow,1,12.5,16.8,18.8,201024,0.5,1024,1024,1022,1,1,0
realistic_2pct,t28_default,default,12,0.05,0,0,0,dynamic_realistic_100d_2pct_hdd,100,43,1000000,5000,1.0,health_ec,15.0,12,600000,650000,98,healthy,99,severe_slow,1,12.5,16.8,18.9,201009,0.5,1009,1009,1007,0,0,0
realistic_2pct,t28_default,default,12,0.05,0,0,0,dynamic_realistic_100d_2pct_hdd,100,43,1000000,5000,1.0,health_ec,15.0,13,650000,700000,98,healthy,99,severe_slow,1,12.5,16.8,18.7,201012,0.5,1012,1012,1008,0,0,0
realistic_2pct,t28_default,default,12,0.05,0,0,0,dynamic_realistic_100d_2pct_hdd,100,43,1000000,5000,1.0,health_ec,15.0,14,700000,750000,98,mild_slow,99,recovery,1,12.5,16.9,19.0,201026,0.5,1026,1026,1018,0,0,0
realistic_2pct,t28_default,default,12,0.05,0,0,0,dynamic_realistic_100d_2pct_hdd,100,43,1000000,5000,1.0,health_ec,15.0,15,750000,800000,98,recovery,99,recovery,0,12.5,16.9,18.9,200882,0.4,882,882,832,0,0,0
realistic_2pct,t28_default,default,12,0.05,0,0,0,dynamic_realistic_100d_2pct_hdd,100,43,1000000,5000,1.0,health_ec,15.0,16,800000,850000,98,healthy,99,healthy,0,12.5,16.8,18.9,200461,0.2,461,461,374,0,0,0
realistic_2pct,t28_default,default,12,0.05,0,0,0,dynamic_realistic_100d_2pct_hdd,100,43,1000000,5000,1.0,health_ec,15.0,17,850000,900000,98,healthy,99,healthy,0,12.5,16.8,18.8,200224,0.1,224,224,171,0,0,0
realistic_2pct,t28_default,default,12,0.05,0,0,0,dynamic_realistic_100d_2pct_hdd,100,43,1000000,5000,1.0,health_ec,15.0,18,900000,950000,98,healthy,99,healthy,0,12.5,16.8,18.9,200086,0.0,86,86,70,0,0,0
realistic_2pct,t28_default,default,12,0.05,0,0,0,dynamic_realistic_100d_2pct_hdd,100,43,1000000,5000,1.0,health_ec,15.0,19,950000,1000000,98,healthy,99,healthy,0,12.5,16.8,18.7,200029,0.0,29,29,28,0,0,0
realistic_2pct,migration_disabled,disabled,12,0.05,0,0,0,dynamic_realistic_100d_2pct_hdd,100,43,1000000,5000,1.0,health_ec,15.0,0,0,50000,98,healthy,99,healthy,0,12.5,16.8,18.8,200000,0.0,0,0,0,0,0,0
realistic_2pct,migration_disabled,disabled,12,0.05,0,0,0,dynamic_realistic_100d_2pct_hdd,100,43,1000000,5000,1.0,health_ec,15.0,1,50000,100000,98,healthy,99,healthy,0,12.5,16.8,18.9,200000,0.0,0,0,0,0,0,0
realistic_2pct,migration_disabled,disabled,12,0.05,0,0,0,dynamic_realistic_100d_2pct_hdd,100,43,1000000,5000,1.0,health_ec,15.0,2,100000,150000,98,healthy,99,healthy,0,12.5,16.8,18.8,200000,0.0,0,0,0,0,0,0
realistic_2pct,migration_disabled,disabled,12,0.05,0,0,0,dynamic_realistic_100d_2pct_hdd,100,43,1000000,5000,1.0,health_ec,15.0,3,150000,200000,98,mild_slow,99,healthy,1,12.5,17.0,20.7,200814,0.4,814,814,806,0,0,0
realistic_2pct,migration_disabled,disabled,12,0.05,0,0,0,dynamic_realistic_100d_2pct_hdd,100,43,1000000,5000,1.0,health_ec,15.0,4,200000,250000,98,mild_slow,99,healthy,1,12.5,17.0,19.6,201141,0.6,1141,1141,1121,0,0,0
realistic_2pct,migration_disabled,disabled,12,0.05,0,0,0,dynamic_realistic_100d_2pct_hdd,100,43,1000000,5000,1.0,health_ec,15.0,5,250000,300000,98,mild_slow,99,healthy,1,12.5,16.9,19.3,201240,0.6,1240,1240,1207,0,0,0
realistic_2pct,migration_disabled,disabled,12,0.05,0,0,0,dynamic_realistic_100d_2pct_hdd,100,43,1000000,5000,1.0,health_ec,15.0,6,300000,350000,98,severe_slow,99,healthy,1,12.5,16.9,19.1,201343,0.7,1343,1343,1337,0,0,0
realistic_2pct,migration_disabled,disabled,12,0.05,0,0,0,dynamic_realistic_100d_2pct_hdd,100,43,1000000,5000,1.0,health_ec,15.0,7,350000,400000,98,severe_slow,99,healthy,1,12.5,16.8,18.9,201500,0.8,1500,1500,1498,0,0,0
realistic_2pct,migration_disabled,disabled,12,0.05,0,0,0,dynamic_realistic_100d_2pct_hdd,100,43,1000000,5000,1.0,health_ec,15.0,8,400000,450000,98,severe_slow,99,healthy,1,12.5,16.8,18.8,201446,0.7,1446,1446,1445,0,0,0
realistic_2pct,migration_disabled,disabled,12,0.05,0,0,0,dynamic_realistic_100d_2pct_hdd,100,43,1000000,5000,1.0,health_ec,15.0,9,450000,500000,98,recovery,99,mild_slow,1,12.5,17.0,19.2,201512,0.8,1512,1512,1490,0,0,0
realistic_2pct,migration_disabled,disabled,12,0.05,0,0,0,dynamic_realistic_100d_2pct_hdd,100,43,1000000,5000,1.0,health_ec,15.0,10,500000,550000,98,recovery,99,mild_slow,1,12.6,16.9,19.1,201499,0.7,1499,1499,1484,0,0,0
realistic_2pct,migration_disabled,disabled,12,0.05,0,0,0,dynamic_realistic_100d_2pct_hdd,100,43,1000000,5000,1.0,health_ec,15.0,11,550000,600000,98,healthy,99,severe_slow,1,12.5,16.8,18.8,201505,0.8,1505,1505,1503,0,0,0
realistic_2pct,migration_disabled,disabled,12,0.05,0,0,0,dynamic_realistic_100d_2pct_hdd,100,43,1000000,5000,1.0,health_ec,15.0,12,600000,650000,98,healthy,99,severe_slow,1,12.5,16.8,18.9,201498,0.7,1498,1498,1494,0,0,0
realistic_2pct,migration_disabled,disabled,12,0.05,0,0,0,dynamic_realistic_100d_2pct_hdd,100,43,1000000,5000,1.0,health_ec,15.0,13,650000,700000,98,healthy,99,severe_slow,1,12.5,16.8,18.7,201483,0.7,1483,1483,1478,0,0,0
realistic_2pct,migration_disabled,disabled,12,0.05,0,0,0,dynamic_realistic_100d_2pct_hdd,100,43,1000000,5000,1.0,health_ec,15.0,14,700000,750000,98,mild_slow,99,recovery,1,12.6,17.0,19.1,201503,0.8,1503,1503,1488,0,0,0
realistic_2pct,migration_disabled,disabled,12,0.05,0,0,0,dynamic_realistic_100d_2pct_hdd,100,43,1000000,5000,1.0,health_ec,15.0,15,750000,800000,98,recovery,99,recovery,0,12.5,16.9,19.2,201128,0.6,1128,1128,1064,0,0,0
realistic_2pct,migration_disabled,disabled,12,0.05,0,0,0,dynamic_realistic_100d_2pct_hdd,100,43,1000000,5000,1.0,health_ec,15.0,16,800000,850000,98,healthy,99,healthy,0,12.5,16.8,18.9,200459,0.2,459,459,373,0,0,0
realistic_2pct,migration_disabled,disabled,12,0.05,0,0,0,dynamic_realistic_100d_2pct_hdd,100,43,1000000,5000,1.0,health_ec,15.0,17,850000,900000,98,healthy,99,healthy,0,12.5,16.8,18.8,200225,0.1,225,225,172,0,0,0
realistic_2pct,migration_disabled,disabled,12,0.05,0,0,0,dynamic_realistic_100d_2pct_hdd,100,43,1000000,5000,1.0,health_ec,15.0,18,900000,950000,98,healthy,99,healthy,0,12.5,16.8,18.9,200086,0.0,86,86,70,0,0,0
realistic_2pct,migration_disabled,disabled,12,0.05,0,0,0,dynamic_realistic_100d_2pct_hdd,100,43,1000000,5000,1.0,health_ec,15.0,19,950000,1000000,98,healthy,99,healthy,0,12.5,16.8,18.7,200029,0.0,29,29,28,0,0,0
realistic_2pct,threshold_d2_a005,threshold_alpha,2,0.05,0,0,0,dynamic_realistic_100d_2pct_hdd,100,43,1000000,5000,1.0,health_ec,15.0,0,0,50000,98,healthy,99,healthy,0,12.5,16.8,18.8,200000,0.0,0,0,0,0,0,0
realistic_2pct,threshold_d2_a005,threshold_alpha,2,0.05,0,0,0,dynamic_realistic_100d_2pct_hdd,100,43,1000000,5000,1.0,health_ec,15.0,1,50000,100000,98,healthy,99,healthy,0,12.5,16.8,18.9,200000,0.0,0,0,0,0,0,0
realistic_2pct,threshold_d2_a005,threshold_alpha,2,0.05,0,0,0,dynamic_realistic_100d_2pct_hdd,100,43,1000000,5000,1.0,health_ec,15.0,2,100000,150000,98,healthy,99,healthy,0,12.5,16.8,18.8,200000,0.0,0,0,0,0,0,0
realistic_2pct,threshold_d2_a005,threshold_alpha,2,0.05,0,0,0,dynamic_realistic_100d_2pct_hdd,100,43,1000000,5000,1.0,health_ec,15.0,3,150000,200000,98,mild_slow,99,healthy,1,12.5,17.0,20.7,200325,0.2,325,325,322,5,5,0
realistic_2pct,threshold_d2_a005,threshold_alpha,2,0.05,0,0,0,dynamic_realistic_100d_2pct_hdd,100,43,1000000,5000,1.0,health_ec,15.0,4,200000,250000,98,mild_slow,99,healthy,1,12.5,17.0,19.6,200428,0.2,428,428,423,1,1,0
realistic_2pct,threshold_d2_a005,threshold_alpha,2,0.05,0,0,0,dynamic_realistic_100d_2pct_hdd,100,43,1000000,5000,1.0,health_ec,15.0,5,250000,300000,98,mild_slow,99,healthy,1,12.5,16.9,19.3,200528,0.3,528,528,516,0,0,0
realistic_2pct,threshold_d2_a005,threshold_alpha,2,0.05,0,0,0,dynamic_realistic_100d_2pct_hdd,100,43,1000000,5000,1.0,health_ec,15.0,6,300000,350000,98,severe_slow,99,healthy,1,12.5,16.9,19.1,200593,0.3,593,593,588,3,3,0
realistic_2pct,threshold_d2_a005,threshold_alpha,2,0.05,0,0,0,dynamic_realistic_100d_2pct_hdd,100,43,1000000,5000,1.0,health_ec,15.0,7,350000,400000,98,severe_slow,99,healthy,1,12.5,16.8,18.9,200611,0.3,611,611,611,1,1,0
realistic_2pct,threshold_d2_a005,threshold_alpha,2,0.05,0,0,0,dynamic_realistic_100d_2pct_hdd,100,43,1000000,5000,1.0,health_ec,15.0,8,400000,450000,98,severe_slow,99,healthy,1,12.5,16.8,18.8,200634,0.3,634,634,634,1,1,0
realistic_2pct,threshold_d2_a005,threshold_alpha,2,0.05,0,0,0,dynamic_realistic_100d_2pct_hdd,100,43,1000000,5000,1.0,health_ec,15.0,9,450000,500000,98,recovery,99,mild_slow,1,12.5,17.0,19.2,200835,0.4,835,835,820,5,5,0
realistic_2pct,threshold_d2_a005,threshold_alpha,2,0.05,0,0,0,dynamic_realistic_100d_2pct_hdd,100,43,1000000,5000,1.0,health_ec,15.0,10,500000,550000,98,recovery,99,mild_slow,1,12.5,16.8,18.9,200754,0.4,754,754,744,1,1,0
realistic_2pct,threshold_d2_a005,threshold_alpha,2,0.05,0,0,0,dynamic_realistic_100d_2pct_hdd,100,43,1000000,5000,1.0,health_ec,15.0,11,550000,600000,98,healthy,99,severe_slow,1,12.5,16.8,18.8,200741,0.4,741,741,740,3,3,0
realistic_2pct,threshold_d2_a005,threshold_alpha,2,0.05,0,0,0,dynamic_realistic_100d_2pct_hdd,100,43,1000000,5000,1.0,health_ec,15.0,12,600000,650000,98,healthy,99,severe_slow,1,12.5,16.8,18.9,200653,0.3,653,653,651,1,1,0
realistic_2pct,threshold_d2_a005,threshold_alpha,2,0.05,0,0,0,dynamic_realistic_100d_2pct_hdd,100,43,1000000,5000,1.0,health_ec,15.0,13,650000,700000,98,healthy,99,severe_slow,1,12.5,16.8,18.7,200657,0.3,657,657,653,0,0,0
realistic_2pct,threshold_d2_a005,threshold_alpha,2,0.05,0,0,0,dynamic_realistic_100d_2pct_hdd,100,43,1000000,5000,1.0,health_ec,15.0,14,700000,750000,98,mild_slow,99,recovery,1,12.5,16.9,18.9,200665,0.3,665,665,657,0,0,0
realistic_2pct,threshold_d2_a005,threshold_alpha,2,0.05,0,0,0,dynamic_realistic_100d_2pct_hdd,100,43,1000000,5000,1.0,health_ec,15.0,15,750000,800000,98,recovery,99,recovery,0,12.5,16.8,18.9,200622,0.3,622,622,584,0,0,0
realistic_2pct,threshold_d2_a005,threshold_alpha,2,0.05,0,0,0,dynamic_realistic_100d_2pct_hdd,100,43,1000000,5000,1.0,health_ec,15.0,16,800000,850000,98,healthy,99,healthy,0,12.5,16.8,18.9,200444,0.2,444,444,362,0,0,0
realistic_2pct,threshold_d2_a005,threshold_alpha,2,0.05,0,0,0,dynamic_realistic_100d_2pct_hdd,100,43,1000000,5000,1.0,health_ec,15.0,17,850000,900000,98,healthy,99,healthy,0,12.5,16.8,18.8,200222,0.1,222,222,170,0,0,0
realistic_2pct,threshold_d2_a005,threshold_alpha,2,0.05,0,0,0,dynamic_realistic_100d_2pct_hdd,100,43,1000000,5000,1.0,health_ec,15.0,18,900000,950000,98,healthy,99,healthy,0,12.5,16.8,18.9,200088,0.0,88,88,71,0,0,0
realistic_2pct,threshold_d2_a005,threshold_alpha,2,0.05,0,0,0,dynamic_realistic_100d_2pct_hdd,100,43,1000000,5000,1.0,health_ec,15.0,19,950000,1000000,98,healthy,99,healthy,0,12.5,16.8,18.7,200029,0.0,29,29,28,0,0,0
realistic_2pct,threshold_d4_a005,threshold_alpha,4,0.05,0,0,0,dynamic_realistic_100d_2pct_hdd,100,43,1000000,5000,1.0,health_ec,15.0,0,0,50000,98,healthy,99,healthy,0,12.5,16.8,18.8,200000,0.0,0,0,0,0,0,0
realistic_2pct,threshold_d4_a005,threshold_alpha,4,0.05,0,0,0,dynamic_realistic_100d_2pct_hdd,100,43,1000000,5000,1.0,health_ec,15.0,1,50000,100000,98,healthy,99,healthy,0,12.5,16.8,18.9,200000,0.0,0,0,0,0,0,0
realistic_2pct,threshold_d4_a005,threshold_alpha,4,0.05,0,0,0,dynamic_realistic_100d_2pct_hdd,100,43,1000000,5000,1.0,health_ec,15.0,2,100000,150000,98,healthy,99,healthy,0,12.5,16.8,18.8,200000,0.0,0,0,0,0,0,0
realistic_2pct,threshold_d4_a005,threshold_alpha,4,0.05,0,0,0,dynamic_realistic_100d_2pct_hdd,100,43,1000000,5000,1.0,health_ec,15.0,3,150000,200000,98,mild_slow,99,healthy,1,12.5,17.0,20.7,200403,0.2,403,403,398,3,3,0
realistic_2pct,threshold_d4_a005,threshold_alpha,4,0.05,0,0,0,dynamic_realistic_100d_2pct_hdd,100,43,1000000,5000,1.0,health_ec,15.0,4,200000,250000,98,mild_slow,99,healthy,1,12.5,17.0,19.6,200539,0.3,539,539,533,1,1,0
realistic_2pct,threshold_d4_a005,threshold_alpha,4,0.05,0,0,0,dynamic_realistic_100d_2pct_hdd,100,43,1000000,5000,1.0,health_ec,15.0,5,250000,300000,98,mild_slow,99,healthy,1,12.5,16.9,19.3,200608,0.3,608,608,593,0,0,0
realistic_2pct,threshold_d4_a005,threshold_alpha,4,0.05,0,0,0,dynamic_realistic_100d_2pct_hdd,100,43,1000000,5000,1.0,health_ec,15.0,6,300000,350000,98,severe_slow,99,healthy,1,12.5,16.9,19.1,200720,0.4,720,720,715,1,1,0
realistic_2pct,threshold_d4_a005,threshold_alpha,4,0.05,0,0,0,dynamic_realistic_100d_2pct_hdd,100,43,1000000,5000,1.0,health_ec,15.0,7,350000,400000,98,severe_slow,99,healthy,1,12.5,16.8,18.8,200748,0.4,748,748,748,1,1,0
realistic_2pct,threshold_d4_a005,threshold_alpha,4,0.05,0,0,0,dynamic_realistic_100d_2pct_hdd,100,43,1000000,5000,1.0,health_ec,15.0,8,400000,450000,98,severe_slow,99,healthy,1,12.5,16.8,18.8,200735,0.4,735,735,735,0,0,0
realistic_2pct,threshold_d4_a005,threshold_alpha,4,0.05,0,0,0,dynamic_realistic_100d_2pct_hdd,100,43,1000000,5000,1.0,health_ec,15.0,9,450000,500000,98,recovery,99,mild_slow,1,12.5,17.0,19.1,200980,0.5,980,980,963,4,4,0
realistic_2pct,threshold_d4_a005,threshold_alpha,4,0.05,0,0,0,dynamic_realistic_100d_2pct_hdd,100,43,1000000,5000,1.0,health_ec,15.0,10,500000,550000,98,recovery,99,mild_slow,1,12.5,16.9,19.0,200836,0.4,836,836,827,0,0,0
realistic_2pct,threshold_d4_a005,threshold_alpha,4,0.05,0,0,0,dynamic_realistic_100d_2pct_hdd,100,43,1000000,5000,1.0,health_ec,15.0,11,550000,600000,98,healthy,99,severe_slow,1,12.5,16.8,18.8,200839,0.4,839,839,838,1,1,0
realistic_2pct,threshold_d4_a005,threshold_alpha,4,0.05,0,0,0,dynamic_realistic_100d_2pct_hdd,100,43,1000000,5000,1.0,health_ec,15.0,12,600000,650000,98,healthy,99,severe_slow,1,12.5,16.8,18.9,200801,0.4,801,801,799,0,0,0
realistic_2pct,threshold_d4_a005,threshold_alpha,4,0.05,0,0,0,dynamic_realistic_100d_2pct_hdd,100,43,1000000,5000,1.0,health_ec,15.0,13,650000,700000,98,healthy,99,severe_slow,1,12.5,16.8,18.7,200829,0.4,829,829,825,0,0,0
realistic_2pct,threshold_d4_a005,threshold_alpha,4,0.05,0,0,0,dynamic_realistic_100d_2pct_hdd,100,43,1000000,5000,1.0,health_ec,15.0,14,700000,750000,98,mild_slow,99,recovery,1,12.5,16.9,19.0,200808,0.4,808,808,798,0,0,0
realistic_2pct,threshold_d4_a005,threshold_alpha,4,0.05,0,0,0,dynamic_realistic_100d_2pct_hdd,100,43,1000000,5000,1.0,health_ec,15.0,15,750000,800000,98,recovery,99,recovery,0,12.5,16.8,18.9,200728,0.4,728,728,684,0,0,0
realistic_2pct,threshold_d4_a005,threshold_alpha,4,0.05,0,0,0,dynamic_realistic_100d_2pct_hdd,100,43,1000000,5000,1.0,health_ec,15.0,16,800000,850000,98,healthy,99,healthy,0,12.5,16.8,18.9,200458,0.2,458,458,371,0,0,0
realistic_2pct,threshold_d4_a005,threshold_alpha,4,0.05,0,0,0,dynamic_realistic_100d_2pct_hdd,100,43,1000000,5000,1.0,health_ec,15.0,17,850000,900000,98,healthy,99,healthy,0,12.5,16.8,18.8,200222,0.1,222,222,170,0,0,0
realistic_2pct,threshold_d4_a005,threshold_alpha,4,0.05,0,0,0,dynamic_realistic_100d_2pct_hdd,100,43,1000000,5000,1.0,health_ec,15.0,18,900000,950000,98,healthy,99,healthy,0,12.5,16.8,18.9,200087,0.0,87,87,70,0,0,0
realistic_2pct,threshold_d4_a005,threshold_alpha,4,0.05,0,0,0,dynamic_realistic_100d_2pct_hdd,100,43,1000000,5000,1.0,health_ec,15.0,19,950000,1000000,98,healthy,99,healthy,0,12.5,16.8,18.7,200029,0.0,29,29,28,0,0,0
realistic_2pct,threshold_d6_a005,threshold_alpha,6,0.05,0,0,0,dynamic_realistic_100d_2pct_hdd,100,43,1000000,5000,1.0,health_ec,15.0,0,0,50000,98,healthy,99,healthy,0,12.5,16.8,18.8,200000,0.0,0,0,0,0,0,0
realistic_2pct,threshold_d6_a005,threshold_alpha,6,0.05,0,0,0,dynamic_realistic_100d_2pct_hdd,100,43,1000000,5000,1.0,health_ec,15.0,1,50000,100000,98,healthy,99,healthy,0,12.5,16.8,18.9,200000,0.0,0,0,0,0,0,0
realistic_2pct,threshold_d6_a005,threshold_alpha,6,0.05,0,0,0,dynamic_realistic_100d_2pct_hdd,100,43,1000000,5000,1.0,health_ec,15.0,2,100000,150000,98,healthy,99,healthy,0,12.5,16.8,18.8,200000,0.0,0,0,0,0,0,0
realistic_2pct,threshold_d6_a005,threshold_alpha,6,0.05,0,0,0,dynamic_realistic_100d_2pct_hdd,100,43,1000000,5000,1.0,health_ec,15.0,3,150000,200000,98,mild_slow,99,healthy,1,12.5,17.0,20.7,200462,0.2,462,462,456,2,2,0
realistic_2pct,threshold_d6_a005,threshold_alpha,6,0.05,0,0,0,dynamic_realistic_100d_2pct_hdd,100,43,1000000,5000,1.0,health_ec,15.0,4,200000,250000,98,mild_slow,99,healthy,1,12.5,17.0,19.6,200647,0.3,647,647,638,0,0,0
realistic_2pct,threshold_d6_a005,threshold_alpha,6,0.05,0,0,0,dynamic_realistic_100d_2pct_hdd,100,43,1000000,5000,1.0,health_ec,15.0,5,250000,300000,98,mild_slow,99,healthy,1,12.5,16.9,19.3,200760,0.4,760,760,741,0,0,0
realistic_2pct,threshold_d6_a005,threshold_alpha,6,0.05,0,0,0,dynamic_realistic_100d_2pct_hdd,100,43,1000000,5000,1.0,health_ec,15.0,6,300000,350000,98,severe_slow,99,healthy,1,12.5,16.9,19.1,200766,0.4,766,766,761,2,2,0
realistic_2pct,threshold_d6_a005,threshold_alpha,6,0.05,0,0,0,dynamic_realistic_100d_2pct_hdd,100,43,1000000,5000,1.0,health_ec,15.0,7,350000,400000,98,severe_slow,99,healthy,1,12.5,16.8,18.8,200808,0.4,808,808,808,0,0,0
realistic_2pct,threshold_d6_a005,threshold_alpha,6,0.05,0,0,0,dynamic_realistic_100d_2pct_hdd,100,43,1000000,5000,1.0,health_ec,15.0,8,400000,450000,98,severe_slow,99,healthy,1,12.5,16.8,18.8,200813,0.4,813,813,812,0,0,0
realistic_2pct,threshold_d6_a005,threshold_alpha,6,0.05,0,0,0,dynamic_realistic_100d_2pct_hdd,100,43,1000000,5000,1.0,health_ec,15.0,9,450000,500000,98,recovery,99,mild_slow,1,12.5,17.0,19.1,201069,0.5,1069,1069,1051,2,2,0
realistic_2pct,threshold_d6_a005,threshold_alpha,6,0.05,0,0,0,dynamic_realistic_100d_2pct_hdd,100,43,1000000,5000,1.0,health_ec,15.0,10,500000,550000,98,recovery,99,mild_slow,1,12.5,16.9,19.0,200977,0.5,977,977,966,0,0,0
realistic_2pct,threshold_d6_a005,threshold_alpha,6,0.05,0,0,0,dynamic_realistic_100d_2pct_hdd,100,43,1000000,5000,1.0,health_ec,15.0,11,550000,600000,98,healthy,99,severe_slow,1,12.5,16.8,18.8,200919,0.5,919,919,918,2,2,0
realistic_2pct,threshold_d6_a005,threshold_alpha,6,0.05,0,0,0,dynamic_realistic_100d_2pct_hdd,100,43,1000000,5000,1.0,health_ec,15.0,12,600000,650000,98,healthy,99,severe_slow,1,12.5,16.8,18.9,200850,0.4,850,850,848,0,0,0
realistic_2pct,threshold_d6_a005,threshold_alpha,6,0.05,0,0,0,dynamic_realistic_100d_2pct_hdd,100,43,1000000,5000,1.0,health_ec,15.0,13,650000,700000,98,healthy,99,severe_slow,1,12.5,16.8,18.7,200872,0.4,872,872,868,0,0,0
realistic_2pct,threshold_d6_a005,threshold_alpha,6,0.05,0,0,0,dynamic_realistic_100d_2pct_hdd,100,43,1000000,5000,1.0,health_ec,15.0,14,700000,750000,98,mild_slow,99,recovery,1,12.5,16.9,19.0,200866,0.4,866,866,858,0,0,0
realistic_2pct,threshold_d6_a005,threshold_alpha,6,0.05,0,0,0,dynamic_realistic_100d_2pct_hdd,100,43,1000000,5000,1.0,health_ec,15.0,15,750000,800000,98,recovery,99,recovery,0,12.5,16.8,18.9,200806,0.4,806,806,759,0,0,0
realistic_2pct,threshold_d6_a005,threshold_alpha,6,0.05,0,0,0,dynamic_realistic_100d_2pct_hdd,100,43,1000000,5000,1.0,health_ec,15.0,16,800000,850000,98,healthy,99,healthy,0,12.5,16.8,18.9,200460,0.2,460,460,373,0,0,0
realistic_2pct,threshold_d6_a005,threshold_alpha,6,0.05,0,0,0,dynamic_realistic_100d_2pct_hdd,100,43,1000000,5000,1.0,health_ec,15.0,17,850000,900000,98,healthy,99,healthy,0,12.5,16.8,18.8,200224,0.1,224,224,171,0,0,0
realistic_2pct,threshold_d6_a005,threshold_alpha,6,0.05,0,0,0,dynamic_realistic_100d_2pct_hdd,100,43,1000000,5000,1.0,health_ec,15.0,18,900000,950000,98,healthy,99,healthy,0,12.5,16.8,18.9,200085,0.0,85,85,70,0,0,0
realistic_2pct,threshold_d6_a005,threshold_alpha,6,0.05,0,0,0,dynamic_realistic_100d_2pct_hdd,100,43,1000000,5000,1.0,health_ec,15.0,19,950000,1000000,98,healthy,99,healthy,0,12.5,16.8,18.7,200029,0.0,29,29,28,0,0,0
realistic_2pct,threshold_d8_a005,threshold_alpha,8,0.05,0,0,0,dynamic_realistic_100d_2pct_hdd,100,43,1000000,5000,1.0,health_ec,15.0,0,0,50000,98,healthy,99,healthy,0,12.5,16.8,18.8,200000,0.0,0,0,0,0,0,0
realistic_2pct,threshold_d8_a005,threshold_alpha,8,0.05,0,0,0,dynamic_realistic_100d_2pct_hdd,100,43,1000000,5000,1.0,health_ec,15.0,1,50000,100000,98,healthy,99,healthy,0,12.5,16.8,18.9,200000,0.0,0,0,0,0,0,0
realistic_2pct,threshold_d8_a005,threshold_alpha,8,0.05,0,0,0,dynamic_realistic_100d_2pct_hdd,100,43,1000000,5000,1.0,health_ec,15.0,2,100000,150000,98,healthy,99,healthy,0,12.5,16.8,18.8,200000,0.0,0,0,0,0,0,0
realistic_2pct,threshold_d8_a005,threshold_alpha,8,0.05,0,0,0,dynamic_realistic_100d_2pct_hdd,100,43,1000000,5000,1.0,health_ec,15.0,3,150000,200000,98,mild_slow,99,healthy,1,12.5,17.0,20.7,200472,0.2,472,472,466,2,2,0
realistic_2pct,threshold_d8_a005,threshold_alpha,8,0.05,0,0,0,dynamic_realistic_100d_2pct_hdd,100,43,1000000,5000,1.0,health_ec,15.0,4,200000,250000,98,mild_slow,99,healthy,1,12.5,17.0,19.6,200647,0.3,647,647,638,0,0,0
realistic_2pct,threshold_d8_a005,threshold_alpha,8,0.05,0,0,0,dynamic_realistic_100d_2pct_hdd,100,43,1000000,5000,1.0,health_ec,15.0,5,250000,300000,98,mild_slow,99,healthy,1,12.5,16.9,19.3,200760,0.4,760,760,741,0,0,0
realistic_2pct,threshold_d8_a005,threshold_alpha,8,0.05,0,0,0,dynamic_realistic_100d_2pct_hdd,100,43,1000000,5000,1.0,health_ec,15.0,6,300000,350000,98,severe_slow,99,healthy,1,12.5,16.9,19.1,200866,0.4,866,866,861,0,0,0
realistic_2pct,threshold_d8_a005,threshold_alpha,8,0.05,0,0,0,dynamic_realistic_100d_2pct_hdd,100,43,1000000,5000,1.0,health_ec,15.0,7,350000,400000,98,severe_slow,99,healthy,1,12.5,16.8,18.8,200906,0.5,906,906,906,1,1,0
realistic_2pct,threshold_d8_a005,threshold_alpha,8,0.05,0,0,0,dynamic_realistic_100d_2pct_hdd,100,43,1000000,5000,1.0,health_ec,15.0,8,400000,450000,98,severe_slow,99,healthy,1,12.5,16.8,18.8,200871,0.4,871,871,870,0,0,0
realistic_2pct,threshold_d8_a005,threshold_alpha,8,0.05,0,0,0,dynamic_realistic_100d_2pct_hdd,100,43,1000000,5000,1.0,health_ec,15.0,9,450000,500000,98,recovery,99,mild_slow,1,12.5,17.0,19.1,201132,0.6,1132,1132,1110,2,2,0
realistic_2pct,threshold_d8_a005,threshold_alpha,8,0.05,0,0,0,dynamic_realistic_100d_2pct_hdd,100,43,1000000,5000,1.0,health_ec,15.0,10,500000,550000,98,recovery,99,mild_slow,1,12.5,16.9,19.0,200978,0.5,978,978,968,0,0,0
realistic_2pct,threshold_d8_a005,threshold_alpha,8,0.05,0,0,0,dynamic_realistic_100d_2pct_hdd,100,43,1000000,5000,1.0,health_ec,15.0,11,550000,600000,98,healthy,99,severe_slow,1,12.5,16.8,18.8,201000,0.5,1000,1000,999,0,0,0
realistic_2pct,threshold_d8_a005,threshold_alpha,8,0.05,0,0,0,dynamic_realistic_100d_2pct_hdd,100,43,1000000,5000,1.0,health_ec,15.0,12,600000,650000,98,healthy,99,severe_slow,1,12.5,16.8,18.9,200956,0.5,956,956,954,1,1,0
realistic_2pct,threshold_d8_a005,threshold_alpha,8,0.05,0,0,0,dynamic_realistic_100d_2pct_hdd,100,43,1000000,5000,1.0,health_ec,15.0,13,650000,700000,98,healthy,99,severe_slow,1,12.5,16.8,18.7,200935,0.5,935,935,931,0,0,0
realistic_2pct,threshold_d8_a005,threshold_alpha,8,0.05,0,0,0,dynamic_realistic_100d_2pct_hdd,100,43,1000000,5000,1.0,health_ec,15.0,14,700000,750000,98,mild_slow,99,recovery,1,12.5,16.9,19.0,200943,0.5,943,943,936,0,0,0
realistic_2pct,threshold_d8_a005,threshold_alpha,8,0.05,0,0,0,dynamic_realistic_100d_2pct_hdd,100,43,1000000,5000,1.0,health_ec,15.0,15,750000,800000,98,recovery,99,recovery,0,12.5,16.8,18.9,200864,0.4,864,864,816,0,0,0
realistic_2pct,threshold_d8_a005,threshold_alpha,8,0.05,0,0,0,dynamic_realistic_100d_2pct_hdd,100,43,1000000,5000,1.0,health_ec,15.0,16,800000,850000,98,healthy,99,healthy,0,12.5,16.8,18.9,200464,0.2,464,464,377,0,0,0
realistic_2pct,threshold_d8_a005,threshold_alpha,8,0.05,0,0,0,dynamic_realistic_100d_2pct_hdd,100,43,1000000,5000,1.0,health_ec,15.0,17,850000,900000,98,healthy,99,healthy,0,12.5,16.8,18.8,200221,0.1,221,221,169,0,0,0
realistic_2pct,threshold_d8_a005,threshold_alpha,8,0.05,0,0,0,dynamic_realistic_100d_2pct_hdd,100,43,1000000,5000,1.0,health_ec,15.0,18,900000,950000,98,healthy,99,healthy,0,12.5,16.8,18.9,200087,0.0,87,87,71,0,0,0
realistic_2pct,threshold_d8_a005,threshold_alpha,8,0.05,0,0,0,dynamic_realistic_100d_2pct_hdd,100,43,1000000,5000,1.0,health_ec,15.0,19,950000,1000000,98,healthy,99,healthy,0,12.5,16.8,18.7,200029,0.0,29,29,28,0,0,0
realistic_2pct,threshold_d2_a010,threshold_alpha,2,0.1,0,0,0,dynamic_realistic_100d_2pct_hdd,100,43,1000000,5000,1.0,health_ec,15.0,0,0,50000,98,healthy,99,healthy,0,12.5,16.8,18.8,200000,0.0,0,0,0,0,0,0
realistic_2pct,threshold_d2_a010,threshold_alpha,2,0.1,0,0,0,dynamic_realistic_100d_2pct_hdd,100,43,1000000,5000,1.0,health_ec,15.0,1,50000,100000,98,healthy,99,healthy,0,12.5,16.8,18.9,200000,0.0,0,0,0,0,0,0
realistic_2pct,threshold_d2_a010,threshold_alpha,2,0.1,0,0,0,dynamic_realistic_100d_2pct_hdd,100,43,1000000,5000,1.0,health_ec,15.0,2,100000,150000,98,healthy,99,healthy,0,12.5,16.8,18.8,200000,0.0,0,0,0,0,0,0
realistic_2pct,threshold_d2_a010,threshold_alpha,2,0.1,0,0,0,dynamic_realistic_100d_2pct_hdd,100,43,1000000,5000,1.0,health_ec,15.0,3,150000,200000,98,mild_slow,99,healthy,1,12.5,17.0,20.7,200294,0.1,294,294,292,6,6,0
realistic_2pct,threshold_d2_a010,threshold_alpha,2,0.1,0,0,0,dynamic_realistic_100d_2pct_hdd,100,43,1000000,5000,1.0,health_ec,15.0,4,200000,250000,98,mild_slow,99,healthy,1,12.5,17.0,19.6,200393,0.2,393,393,389,1,1,0
realistic_2pct,threshold_d2_a010,threshold_alpha,2,0.1,0,0,0,dynamic_realistic_100d_2pct_hdd,100,43,1000000,5000,1.0,health_ec,15.0,5,250000,300000,98,mild_slow,99,healthy,1,12.5,16.9,19.3,200473,0.2,473,473,463,1,1,0
realistic_2pct,threshold_d2_a010,threshold_alpha,2,0.1,0,0,0,dynamic_realistic_100d_2pct_hdd,100,43,1000000,5000,1.0,health_ec,15.0,6,300000,350000,98,severe_slow,99,healthy,1,12.5,16.9,19.1,200556,0.3,556,556,551,2,2,0
realistic_2pct,threshold_d2_a010,threshold_alpha,2,0.1,0,0,0,dynamic_realistic_100d_2pct_hdd,100,43,1000000,5000,1.0,health_ec,15.0,7,350000,400000,98,severe_slow,99,healthy,1,12.5,16.8,18.8,200594,0.3,594,594,594,1,1,0
realistic_2pct,threshold_d2_a010,threshold_alpha,2,0.1,0,0,0,dynamic_realistic_100d_2pct_hdd,100,43,1000000,5000,1.0,health_ec,15.0,8,400000,450000,98,severe_slow,99,healthy,1,12.5,16.8,18.8,200620,0.3,620,620,620,0,0,0
realistic_2pct,threshold_d2_a010,threshold_alpha,2,0.1,0,0,0,dynamic_realistic_100d_2pct_hdd,100,43,1000000,5000,1.0,health_ec,15.0,9,450000,500000,98,recovery,99,mild_slow,1,12.5,17.0,19.1,200783,0.4,783,783,768,6,6,0
realistic_2pct,threshold_d2_a010,threshold_alpha,2,0.1,0,0,0,dynamic_realistic_100d_2pct_hdd,100,43,1000000,5000,1.0,health_ec,15.0,10,500000,550000,98,recovery,99,mild_slow,1,12.5,16.8,18.9,200733,0.4,733,733,723,1,1,0
realistic_2pct,threshold_d2_a010,threshold_alpha,2,0.1,0,0,0,dynamic_realistic_100d_2pct_hdd,100,43,1000000,5000,1.0,health_ec,15.0,11,550000,600000,98,healthy,99,severe_slow,1,12.5,16.8,18.8,200702,0.4,702,702,701,3,3,0
realistic_2pct,threshold_d2_a010,threshold_alpha,2,0.1,0,0,0,dynamic_realistic_100d_2pct_hdd,100,43,1000000,5000,1.0,health_ec,15.0,12,600000,650000,98,healthy,99,severe_slow,1,12.5,16.8,18.9,200638,0.3,638,638,636,0,0,0
realistic_2pct,threshold_d2_a010,threshold_alpha,2,0.1,0,0,0,dynamic_realistic_100d_2pct_hdd,100,43,1000000,5000,1.0,health_ec,15.0,13,650000,700000,98,healthy,99,severe_slow,1,12.5,16.8,18.7,200639,0.3,639,639,635,1,1,0
realistic_2pct,threshold_d2_a010,threshold_alpha,2,0.1,0,0,0,dynamic_realistic_100d_2pct_hdd,100,43,1000000,5000,1.0,health_ec,15.0,14,700000,750000,98,mild_slow,99,recovery,1,12.5,16.9,18.9,200646,0.3,646,646,642,0,0,0
realistic_2pct,threshold_d2_a010,threshold_alpha,2,0.1,0,0,0,dynamic_realistic_100d_2pct_hdd,100,43,1000000,5000,1.0,health_ec,15.0,15,750000,800000,98,recovery,99,recovery,0,12.5,16.8,18.9,200622,0.3,622,622,584,0,0,0
realistic_2pct,threshold_d2_a010,threshold_alpha,2,0.1,0,0,0,dynamic_realistic_100d_2pct_hdd,100,43,1000000,5000,1.0,health_ec,15.0,16,800000,850000,98,healthy,99,healthy,0,12.5,16.8,18.8,200445,0.2,445,445,363,0,0,0
realistic_2pct,threshold_d2_a010,threshold_alpha,2,0.1,0,0,0,dynamic_realistic_100d_2pct_hdd,100,43,1000000,5000,1.0,health_ec,15.0,17,850000,900000,98,healthy,99,healthy,0,12.5,16.8,18.8,200222,0.1,222,222,170,0,0,0
realistic_2pct,threshold_d2_a010,threshold_alpha,2,0.1,0,0,0,dynamic_realistic_100d_2pct_hdd,100,43,1000000,5000,1.0,health_ec,15.0,18,900000,950000,98,healthy,99,healthy,0,12.5,16.8,18.9,200087,0.0,87,87,70,0,0,0
realistic_2pct,threshold_d2_a010,threshold_alpha,2,0.1,0,0,0,dynamic_realistic_100d_2pct_hdd,100,43,1000000,5000,1.0,health_ec,15.0,19,950000,1000000,98,healthy,99,healthy,0,12.5,16.8,18.7,200029,0.0,29,29,28,0,0,0
realistic_2pct,threshold_d4_a010,threshold_alpha,4,0.1,0,0,0,dynamic_realistic_100d_2pct_hdd,100,43,1000000,5000,1.0,health_ec,15.0,0,0,50000,98,healthy,99,healthy,0,12.5,16.8,18.8,200000,0.0,0,0,0,0,0,0
realistic_2pct,threshold_d4_a010,threshold_alpha,4,0.1,0,0,0,dynamic_realistic_100d_2pct_hdd,100,43,1000000,5000,1.0,health_ec,15.0,1,50000,100000,98,healthy,99,healthy,0,12.5,16.8,18.9,200000,0.0,0,0,0,0,0,0
realistic_2pct,threshold_d4_a010,threshold_alpha,4,0.1,0,0,0,dynamic_realistic_100d_2pct_hdd,100,43,1000000,5000,1.0,health_ec,15.0,2,100000,150000,98,healthy,99,healthy,0,12.5,16.8,18.8,200000,0.0,0,0,0,0,0,0
realistic_2pct,threshold_d4_a010,threshold_alpha,4,0.1,0,0,0,dynamic_realistic_100d_2pct_hdd,100,43,1000000,5000,1.0,health_ec,15.0,3,150000,200000,98,mild_slow,99,healthy,1,12.5,17.0,20.7,200332,0.2,332,332,329,4,4,0
realistic_2pct,threshold_d4_a010,threshold_alpha,4,0.1,0,0,0,dynamic_realistic_100d_2pct_hdd,100,43,1000000,5000,1.0,health_ec,15.0,4,200000,250000,98,mild_slow,99,healthy,1,12.5,17.0,19.6,200485,0.2,485,485,480,0,0,0
realistic_2pct,threshold_d4_a010,threshold_alpha,4,0.1,0,0,0,dynamic_realistic_100d_2pct_hdd,100,43,1000000,5000,1.0,health_ec,15.0,5,250000,300000,98,mild_slow,99,healthy,1,12.5,16.9,19.3,200608,0.3,608,608,593,0,0,0
realistic_2pct,threshold_d4_a010,threshold_alpha,4,0.1,0,0,0,dynamic_realistic_100d_2pct_hdd,100,43,1000000,5000,1.0,health_ec,15.0,6,300000,350000,98,severe_slow,99,healthy,1,12.5,16.9,19.1,200697,0.3,697,697,692,2,2,0
realistic_2pct,threshold_d4_a010,threshold_alpha,4,0.1,0,0,0,dynamic_realistic_100d_2pct_hdd,100,43,1000000,5000,1.0,health_ec,15.0,7,350000,400000,98,severe_slow,99,healthy,1,12.5,16.8,18.9,200724,0.4,724,724,724,0,0,0
realistic_2pct,threshold_d4_a010,threshold_alpha,4,0.1,0,0,0,dynamic_realistic_100d_2pct_hdd,100,43,1000000,5000,1.0,health_ec,15.0,8,400000,450000,98,severe_slow,99,healthy,1,12.5,16.8,18.8,200735,0.4,735,735,735,0,0,0
realistic_2pct,threshold_d4_a010,threshold_alpha,4,0.1,0,0,0,dynamic_realistic_100d_2pct_hdd,100,43,1000000,5000,1.0,health_ec,15.0,9,450000,500000,98,recovery,99,mild_slow,1,12.5,17.0,19.1,200950,0.5,950,950,933,4,4,0
realistic_2pct,threshold_d4_a010,threshold_alpha,4,0.1,0,0,0,dynamic_realistic_100d_2pct_hdd,100,43,1000000,5000,1.0,health_ec,15.0,10,500000,550000,98,recovery,99,mild_slow,1,12.5,16.9,19.0,200837,0.4,837,837,827,0,0,0
realistic_2pct,threshold_d4_a010,threshold_alpha,4,0.1,0,0,0,dynamic_realistic_100d_2pct_hdd,100,43,1000000,5000,1.0,health_ec,15.0,11,550000,600000,98,healthy,99,severe_slow,1,12.5,16.8,18.8,200828,0.4,828,828,827,1,1,0
realistic_2pct,threshold_d4_a010,threshold_alpha,4,0.1,0,0,0,dynamic_realistic_100d_2pct_hdd,100,43,1000000,5000,1.0,health_ec,15.0,12,600000,650000,98,healthy,99,severe_slow,1,12.5,16.8,18.9,200775,0.4,775,775,773,1,1,0
realistic_2pct,threshold_d4_a010,threshold_alpha,4,0.1,0,0,0,dynamic_realistic_100d_2pct_hdd,100,43,1000000,5000,1.0,health_ec,15.0,13,650000,700000,98,healthy,99,severe_slow,1,12.5,16.8,18.7,200786,0.4,786,786,782,0,0,0
realistic_2pct,threshold_d4_a010,threshold_alpha,4,0.1,0,0,0,dynamic_realistic_100d_2pct_hdd,100,43,1000000,5000,1.0,health_ec,15.0,14,700000,750000,98,mild_slow,99,recovery,1,12.5,16.9,19.0,200782,0.4,782,782,776,0,0,0
realistic_2pct,threshold_d4_a010,threshold_alpha,4,0.1,0,0,0,dynamic_realistic_100d_2pct_hdd,100,43,1000000,5000,1.0,health_ec,15.0,15,750000,800000,98,recovery,99,recovery,0,12.5,16.8,18.9,200728,0.4,728,728,684,0,0,0
realistic_2pct,threshold_d4_a010,threshold_alpha,4,0.1,0,0,0,dynamic_realistic_100d_2pct_hdd,100,43,1000000,5000,1.0,health_ec,15.0,16,800000,850000,98,healthy,99,healthy,0,12.5,16.8,18.8,200457,0.2,457,457,370,0,0,0
realistic_2pct,threshold_d4_a010,threshold_alpha,4,0.1,0,0,0,dynamic_realistic_100d_2pct_hdd,100,43,1000000,5000,1.0,health_ec,15.0,17,850000,900000,98,healthy,99,healthy,0,12.5,16.8,18.8,200222,0.1,222,222,170,0,0,0
realistic_2pct,threshold_d4_a010,threshold_alpha,4,0.1,0,0,0,dynamic_realistic_100d_2pct_hdd,100,43,1000000,5000,1.0,health_ec,15.0,18,900000,950000,98,healthy,99,healthy,0,12.5,16.8,18.9,200088,0.0,88,88,71,0,0,0
realistic_2pct,threshold_d4_a010,threshold_alpha,4,0.1,0,0,0,dynamic_realistic_100d_2pct_hdd,100,43,1000000,5000,1.0,health_ec,15.0,19,950000,1000000,98,healthy,99,healthy,0,12.5,16.8,18.7,200029,0.0,29,29,28,0,0,0
realistic_2pct,threshold_d6_a010,threshold_alpha,6,0.1,0,0,0,dynamic_realistic_100d_2pct_hdd,100,43,1000000,5000,1.0,health_ec,15.0,0,0,50000,98,healthy,99,healthy,0,12.5,16.8,18.8,200000,0.0,0,0,0,0,0,0
realistic_2pct,threshold_d6_a010,threshold_alpha,6,0.1,0,0,0,dynamic_realistic_100d_2pct_hdd,100,43,1000000,5000,1.0,health_ec,15.0,1,50000,100000,98,healthy,99,healthy,0,12.5,16.8,18.9,200000,0.0,0,0,0,0,0,0
realistic_2pct,threshold_d6_a010,threshold_alpha,6,0.1,0,0,0,dynamic_realistic_100d_2pct_hdd,100,43,1000000,5000,1.0,health_ec,15.0,2,100000,150000,98,healthy,99,healthy,0,12.5,16.8,18.8,200000,0.0,0,0,0,0,0,0
realistic_2pct,threshold_d6_a010,threshold_alpha,6,0.1,0,0,0,dynamic_realistic_100d_2pct_hdd,100,43,1000000,5000,1.0,health_ec,15.0,3,150000,200000,98,mild_slow,99,healthy,1,12.5,17.0,20.7,200395,0.2,395,395,390,3,3,0
realistic_2pct,threshold_d6_a010,threshold_alpha,6,0.1,0,0,0,dynamic_realistic_100d_2pct_hdd,100,43,1000000,5000,1.0,health_ec,15.0,4,200000,250000,98,mild_slow,99,healthy,1,12.5,17.0,19.6,200558,0.3,558,558,552,0,0,0
realistic_2pct,threshold_d6_a010,threshold_alpha,6,0.1,0,0,0,dynamic_realistic_100d_2pct_hdd,100,43,1000000,5000,1.0,health_ec,15.0,5,250000,300000,98,mild_slow,99,healthy,1,12.5,16.9,19.3,200671,0.3,671,671,654,0,0,0
realistic_2pct,threshold_d6_a010,threshold_alpha,6,0.1,0,0,0,dynamic_realistic_100d_2pct_hdd,100,43,1000000,5000,1.0,health_ec,15.0,6,300000,350000,98,severe_slow,99,healthy,1,12.5,16.9,19.1,200739,0.4,739,739,734,1,1,0
realistic_2pct,threshold_d6_a010,threshold_alpha,6,0.1,0,0,0,dynamic_realistic_100d_2pct_hdd,100,43,1000000,5000,1.0,health_ec,15.0,7,350000,400000,98,severe_slow,99,healthy,1,12.5,16.8,18.8,200808,0.4,808,808,808,0,0,0
realistic_2pct,threshold_d6_a010,threshold_alpha,6,0.1,0,0,0,dynamic_realistic_100d_2pct_hdd,100,43,1000000,5000,1.0,health_ec,15.0,8,400000,450000,98,severe_slow,99,healthy,1,12.5,16.8,18.8,200813,0.4,813,813,812,0,0,0
realistic_2pct,threshold_d6_a010,threshold_alpha,6,0.1,0,0,0,dynamic_realistic_100d_2pct_hdd,100,43,1000000,5000,1.0,health_ec,15.0,9,450000,500000,98,recovery,99,mild_slow,1,12.5,17.0,19.1,201028,0.5,1028,1028,1011,2,2,0
realistic_2pct,threshold_d6_a010,threshold_alpha,6,0.1,0,0,0,dynamic_realistic_100d_2pct_hdd,100,43,1000000,5000,1.0,health_ec,15.0,10,500000,550000,98,recovery,99,mild_slow,1,12.5,16.9,19.0,200947,0.5,947,947,936,1,1,0
realistic_2pct,threshold_d6_a010,threshold_alpha,6,0.1,0,0,0,dynamic_realistic_100d_2pct_hdd,100,43,1000000,5000,1.0,health_ec,15.0,11,550000,600000,98,healthy,99,severe_slow,1,12.5,16.8,18.8,200886,0.4,886,886,885,1,1,0
realistic_2pct,threshold_d6_a010,threshold_alpha,6,0.1,0,0,0,dynamic_realistic_100d_2pct_hdd,100,43,1000000,5000,1.0,health_ec,15.0,12,600000,650000,98,healthy,99,severe_slow,1,12.5,16.8,18.9,200850,0.4,850,850,848,0,0,0
realistic_2pct,threshold_d6_a010,threshold_alpha,6,0.1,0,0,0,dynamic_realistic_100d_2pct_hdd,100,43,1000000,5000,1.0,health_ec,15.0,13,650000,700000,98,healthy,99,severe_slow,1,12.5,16.8,18.7,200872,0.4,872,872,868,0,0,0
realistic_2pct,threshold_d6_a010,threshold_alpha,6,0.1,0,0,0,dynamic_realistic_100d_2pct_hdd,100,43,1000000,5000,1.0,health_ec,15.0,14,700000,750000,98,mild_slow,99,recovery,1,12.5,16.9,19.0,200866,0.4,866,866,858,0,0,0
realistic_2pct,threshold_d6_a010,threshold_alpha,6,0.1,0,0,0,dynamic_realistic_100d_2pct_hdd,100,43,1000000,5000,1.0,health_ec,15.0,15,750000,800000,98,recovery,99,recovery,0,12.5,16.8,18.9,200806,0.4,806,806,760,0,0,0
realistic_2pct,threshold_d6_a010,threshold_alpha,6,0.1,0,0,0,dynamic_realistic_100d_2pct_hdd,100,43,1000000,5000,1.0,health_ec,15.0,16,800000,850000,98,healthy,99,healthy,0,12.5,16.8,18.9,200461,0.2,461,461,374,0,0,0
realistic_2pct,threshold_d6_a010,threshold_alpha,6,0.1,0,0,0,dynamic_realistic_100d_2pct_hdd,100,43,1000000,5000,1.0,health_ec,15.0,17,850000,900000,98,healthy,99,healthy,0,12.5,16.8,18.8,200224,0.1,224,224,171,0,0,0
realistic_2pct,threshold_d6_a010,threshold_alpha,6,0.1,0,0,0,dynamic_realistic_100d_2pct_hdd,100,43,1000000,5000,1.0,health_ec,15.0,18,900000,950000,98,healthy,99,healthy,0,12.5,16.8,18.9,200086,0.0,86,86,70,0,0,0
realistic_2pct,threshold_d6_a010,threshold_alpha,6,0.1,0,0,0,dynamic_realistic_100d_2pct_hdd,100,43,1000000,5000,1.0,health_ec,15.0,19,950000,1000000,98,healthy,99,healthy,0,12.5,16.8,18.7,200029,0.0,29,29,28,0,0,0
realistic_2pct,threshold_d8_a010,threshold_alpha,8,0.1,0,0,0,dynamic_realistic_100d_2pct_hdd,100,43,1000000,5000,1.0,health_ec,15.0,0,0,50000,98,healthy,99,healthy,0,12.5,16.8,18.8,200000,0.0,0,0,0,0,0,0
realistic_2pct,threshold_d8_a010,threshold_alpha,8,0.1,0,0,0,dynamic_realistic_100d_2pct_hdd,100,43,1000000,5000,1.0,health_ec,15.0,1,50000,100000,98,healthy,99,healthy,0,12.5,16.8,18.9,200000,0.0,0,0,0,0,0,0
realistic_2pct,threshold_d8_a010,threshold_alpha,8,0.1,0,0,0,dynamic_realistic_100d_2pct_hdd,100,43,1000000,5000,1.0,health_ec,15.0,2,100000,150000,98,healthy,99,healthy,0,12.5,16.8,18.8,200000,0.0,0,0,0,0,0,0
realistic_2pct,threshold_d8_a010,threshold_alpha,8,0.1,0,0,0,dynamic_realistic_100d_2pct_hdd,100,43,1000000,5000,1.0,health_ec,15.0,3,150000,200000,98,mild_slow,99,healthy,1,12.5,17.0,20.7,200465,0.2,465,465,459,2,2,0
realistic_2pct,threshold_d8_a010,threshold_alpha,8,0.1,0,0,0,dynamic_realistic_100d_2pct_hdd,100,43,1000000,5000,1.0,health_ec,15.0,4,200000,250000,98,mild_slow,99,healthy,1,12.5,17.0,19.6,200647,0.3,647,647,638,0,0,0
realistic_2pct,threshold_d8_a010,threshold_alpha,8,0.1,0,0,0,dynamic_realistic_100d_2pct_hdd,100,43,1000000,5000,1.0,health_ec,15.0,5,250000,300000,98,mild_slow,99,healthy,1,12.5,16.9,19.3,200760,0.4,760,760,741,0,0,0
realistic_2pct,threshold_d8_a010,threshold_alpha,8,0.1,0,0,0,dynamic_realistic_100d_2pct_hdd,100,43,1000000,5000,1.0,health_ec,15.0,6,300000,350000,98,severe_slow,99,healthy,1,12.5,16.9,19.1,200859,0.4,859,859,854,1,1,0
realistic_2pct,threshold_d8_a010,threshold_alpha,8,0.1,0,0,0,dynamic_realistic_100d_2pct_hdd,100,43,1000000,5000,1.0,health_ec,15.0,7,350000,400000,98,severe_slow,99,healthy,1,12.5,16.8,18.8,200874,0.4,874,874,874,0,0,0
realistic_2pct,threshold_d8_a010,threshold_alpha,8,0.1,0,0,0,dynamic_realistic_100d_2pct_hdd,100,43,1000000,5000,1.0,health_ec,15.0,8,400000,450000,98,severe_slow,99,healthy,1,12.5,16.8,18.8,200871,0.4,871,871,870,0,0,0
realistic_2pct,threshold_d8_a010,threshold_alpha,8,0.1,0,0,0,dynamic_realistic_100d_2pct_hdd,100,43,1000000,5000,1.0,health_ec,15.0,9,450000,500000,98,recovery,99,mild_slow,1,12.5,17.0,19.1,201071,0.5,1071,1071,1053,2,2,0
realistic_2pct,threshold_d8_a010,threshold_alpha,8,0.1,0,0,0,dynamic_realistic_100d_2pct_hdd,100,43,1000000,5000,1.0,health_ec,15.0,10,500000,550000,98,recovery,99,mild_slow,1,12.5,16.9,19.0,200977,0.5,977,977,967,0,0,0
realistic_2pct,threshold_d8_a010,threshold_alpha,8,0.1,0,0,0,dynamic_realistic_100d_2pct_hdd,100,43,1000000,5000,1.0,health_ec,15.0,11,550000,600000,98,healthy,99,severe_slow,1,12.5,16.8,18.8,200977,0.5,977,977,976,1,1,0
realistic_2pct,threshold_d8_a010,threshold_alpha,8,0.1,0,0,0,dynamic_realistic_100d_2pct_hdd,100,43,1000000,5000,1.0,health_ec,15.0,12,600000,650000,98,healthy,99,severe_slow,1,12.5,16.8,18.9,200932,0.5,932,932,930,0,0,0
realistic_2pct,threshold_d8_a010,threshold_alpha,8,0.1,0,0,0,dynamic_realistic_100d_2pct_hdd,100,43,1000000,5000,1.0,health_ec,15.0,13,650000,700000,98,healthy,99,severe_slow,1,12.5,16.8,18.7,200935,0.5,935,935,931,0,0,0
realistic_2pct,threshold_d8_a010,threshold_alpha,8,0.1,0,0,0,dynamic_realistic_100d_2pct_hdd,100,43,1000000,5000,1.0,health_ec,15.0,14,700000,750000,98,mild_slow,99,recovery,1,12.5,16.9,19.0,200943,0.5,943,943,936,0,0,0
realistic_2pct,threshold_d8_a010,threshold_alpha,8,0.1,0,0,0,dynamic_realistic_100d_2pct_hdd,100,43,1000000,5000,1.0,health_ec,15.0,15,750000,800000,98,recovery,99,recovery,0,12.5,16.8,18.9,200858,0.4,858,858,810,0,0,0
realistic_2pct,threshold_d8_a010,threshold_alpha,8,0.1,0,0,0,dynamic_realistic_100d_2pct_hdd,100,43,1000000,5000,1.0,health_ec,15.0,16,800000,850000,98,healthy,99,healthy,0,12.5,16.8,18.9,200461,0.2,461,461,374,0,0,0
realistic_2pct,threshold_d8_a010,threshold_alpha,8,0.1,0,0,0,dynamic_realistic_100d_2pct_hdd,100,43,1000000,5000,1.0,health_ec,15.0,17,850000,900000,98,healthy,99,healthy,0,12.5,16.8,18.8,200224,0.1,224,224,171,0,0,0
realistic_2pct,threshold_d8_a010,threshold_alpha,8,0.1,0,0,0,dynamic_realistic_100d_2pct_hdd,100,43,1000000,5000,1.0,health_ec,15.0,18,900000,950000,98,healthy,99,healthy,0,12.5,16.8,18.9,200086,0.0,86,86,70,0,0,0
realistic_2pct,threshold_d8_a010,threshold_alpha,8,0.1,0,0,0,dynamic_realistic_100d_2pct_hdd,100,43,1000000,5000,1.0,health_ec,15.0,19,950000,1000000,98,healthy,99,healthy,0,12.5,16.8,18.7,200029,0.0,29,29,28,0,0,0
realistic_2pct,evidence_w2_d4,window_evidence,4,0.1,2,0,0,dynamic_realistic_100d_2pct_hdd,100,43,1000000,5000,1.0,health_ec,15.0,0,0,50000,98,healthy,99,healthy,0,12.5,16.8,18.8,200000,0.0,0,0,0,0,0,0
realistic_2pct,evidence_w2_d4,window_evidence,4,0.1,2,0,0,dynamic_realistic_100d_2pct_hdd,100,43,1000000,5000,1.0,health_ec,15.0,1,50000,100000,98,healthy,99,healthy,0,12.5,16.8,18.9,200000,0.0,0,0,0,0,0,0
realistic_2pct,evidence_w2_d4,window_evidence,4,0.1,2,0,0,dynamic_realistic_100d_2pct_hdd,100,43,1000000,5000,1.0,health_ec,15.0,2,100000,150000,98,healthy,99,healthy,0,12.5,16.8,18.8,200000,0.0,0,0,0,0,0,0
realistic_2pct,evidence_w2_d4,window_evidence,4,0.1,2,0,0,dynamic_realistic_100d_2pct_hdd,100,43,1000000,5000,1.0,health_ec,15.0,3,150000,200000,98,mild_slow,99,healthy,1,12.5,17.0,20.7,200814,0.4,814,814,806,0,0,0
realistic_2pct,evidence_w2_d4,window_evidence,4,0.1,2,0,0,dynamic_realistic_100d_2pct_hdd,100,43,1000000,5000,1.0,health_ec,15.0,4,200000,250000,98,mild_slow,99,healthy,1,12.5,17.0,19.6,200516,0.3,516,516,510,4,4,0
realistic_2pct,evidence_w2_d4,window_evidence,4,0.1,2,0,0,dynamic_realistic_100d_2pct_hdd,100,43,1000000,5000,1.0,health_ec,15.0,5,250000,300000,98,mild_slow,99,healthy,1,12.5,16.9,19.3,200608,0.3,608,608,593,0,0,0
realistic_2pct,evidence_w2_d4,window_evidence,4,0.1,2,0,0,dynamic_realistic_100d_2pct_hdd,100,43,1000000,5000,1.0,health_ec,15.0,6,300000,350000,98,severe_slow,99,healthy,1,12.5,16.9,19.1,200697,0.3,697,697,692,2,2,0
realistic_2pct,evidence_w2_d4,window_evidence,4,0.1,2,0,0,dynamic_realistic_100d_2pct_hdd,100,43,1000000,5000,1.0,health_ec,15.0,7,350000,400000,98,severe_slow,99,healthy,1,12.5,16.8,18.8,200724,0.4,724,724,724,0,0,0
realistic_2pct,evidence_w2_d4,window_evidence,4,0.1,2,0,0,dynamic_realistic_100d_2pct_hdd,100,43,1000000,5000,1.0,health_ec,15.0,8,400000,450000,98,severe_slow,99,healthy,1,12.5,16.8,18.8,200735,0.4,735,735,735,0,0,0
realistic_2pct,evidence_w2_d4,window_evidence,4,0.1,2,0,0,dynamic_realistic_100d_2pct_hdd,100,43,1000000,5000,1.0,health_ec,15.0,9,450000,500000,98,recovery,99,mild_slow,1,12.5,17.0,19.1,201470,0.7,1470,1470,1444,0,0,0
realistic_2pct,evidence_w2_d4,window_evidence,4,0.1,2,0,0,dynamic_realistic_100d_2pct_hdd,100,43,1000000,5000,1.0,health_ec,15.0,10,500000,550000,98,recovery,99,mild_slow,1,12.5,16.9,19.0,200885,0.4,885,885,873,4,4,0
realistic_2pct,evidence_w2_d4,window_evidence,4,0.1,2,0,0,dynamic_realistic_100d_2pct_hdd,100,43,1000000,5000,1.0,health_ec,15.0,11,550000,600000,98,healthy,99,severe_slow,1,12.5,16.8,18.8,200827,0.4,827,827,826,1,1,0
realistic_2pct,evidence_w2_d4,window_evidence,4,0.1,2,0,0,dynamic_realistic_100d_2pct_hdd,100,43,1000000,5000,1.0,health_ec,15.0,12,600000,650000,98,healthy,99,severe_slow,1,12.5,16.8,18.9,200774,0.4,774,774,772,1,1,0
realistic_2pct,evidence_w2_d4,window_evidence,4,0.1,2,0,0,dynamic_realistic_100d_2pct_hdd,100,43,1000000,5000,1.0,health_ec,15.0,13,650000,700000,98,healthy,99,severe_slow,1,12.5,16.8,18.7,200786,0.4,786,786,782,0,0,0
realistic_2pct,evidence_w2_d4,window_evidence,4,0.1,2,0,0,dynamic_realistic_100d_2pct_hdd,100,43,1000000,5000,1.0,health_ec,15.0,14,700000,750000,98,mild_slow,99,recovery,1,12.5,16.9,19.0,200782,0.4,782,782,776,0,0,0
realistic_2pct,evidence_w2_d4,window_evidence,4,0.1,2,0,0,dynamic_realistic_100d_2pct_hdd,100,43,1000000,5000,1.0,health_ec,15.0,15,750000,800000,98,recovery,99,recovery,0,12.5,16.8,18.9,200728,0.4,728,728,684,0,0,0
realistic_2pct,evidence_w2_d4,window_evidence,4,0.1,2,0,0,dynamic_realistic_100d_2pct_hdd,100,43,1000000,5000,1.0,health_ec,15.0,16,800000,850000,98,healthy,99,healthy,0,12.5,16.8,18.9,200458,0.2,458,458,371,0,0,0
realistic_2pct,evidence_w2_d4,window_evidence,4,0.1,2,0,0,dynamic_realistic_100d_2pct_hdd,100,43,1000000,5000,1.0,health_ec,15.0,17,850000,900000,98,healthy,99,healthy,0,12.5,16.8,18.8,200222,0.1,222,222,170,0,0,0
realistic_2pct,evidence_w2_d4,window_evidence,4,0.1,2,0,0,dynamic_realistic_100d_2pct_hdd,100,43,1000000,5000,1.0,health_ec,15.0,18,900000,950000,98,healthy,99,healthy,0,12.5,16.8,18.9,200087,0.0,87,87,70,0,0,0
realistic_2pct,evidence_w2_d4,window_evidence,4,0.1,2,0,0,dynamic_realistic_100d_2pct_hdd,100,43,1000000,5000,1.0,health_ec,15.0,19,950000,1000000,98,healthy,99,healthy,0,12.5,16.8,18.7,200029,0.0,29,29,28,0,0,0
realistic_2pct,evidence_w2_d6,window_evidence,6,0.1,2,0,0,dynamic_realistic_100d_2pct_hdd,100,43,1000000,5000,1.0,health_ec,15.0,0,0,50000,98,healthy,99,healthy,0,12.5,16.8,18.8,200000,0.0,0,0,0,0,0,0
realistic_2pct,evidence_w2_d6,window_evidence,6,0.1,2,0,0,dynamic_realistic_100d_2pct_hdd,100,43,1000000,5000,1.0,health_ec,15.0,1,50000,100000,98,healthy,99,healthy,0,12.5,16.8,18.9,200000,0.0,0,0,0,0,0,0
realistic_2pct,evidence_w2_d6,window_evidence,6,0.1,2,0,0,dynamic_realistic_100d_2pct_hdd,100,43,1000000,5000,1.0,health_ec,15.0,2,100000,150000,98,healthy,99,healthy,0,12.5,16.8,18.8,200000,0.0,0,0,0,0,0,0
realistic_2pct,evidence_w2_d6,window_evidence,6,0.1,2,0,0,dynamic_realistic_100d_2pct_hdd,100,43,1000000,5000,1.0,health_ec,15.0,3,150000,200000,98,mild_slow,99,healthy,1,12.5,17.0,20.7,200814,0.4,814,814,806,0,0,0
realistic_2pct,evidence_w2_d6,window_evidence,6,0.1,2,0,0,dynamic_realistic_100d_2pct_hdd,100,43,1000000,5000,1.0,health_ec,15.0,4,200000,250000,98,mild_slow,99,healthy,1,12.5,17.0,19.6,200607,0.3,607,607,601,3,3,0
realistic_2pct,evidence_w2_d6,window_evidence,6,0.1,2,0,0,dynamic_realistic_100d_2pct_hdd,100,43,1000000,5000,1.0,health_ec,15.0,5,250000,300000,98,mild_slow,99,healthy,1,12.5,16.9,19.3,200671,0.3,671,671,654,0,0,0
realistic_2pct,evidence_w2_d6,window_evidence,6,0.1,2,0,0,dynamic_realistic_100d_2pct_hdd,100,43,1000000,5000,1.0,health_ec,15.0,6,300000,350000,98,severe_slow,99,healthy,1,12.5,16.9,19.1,200739,0.4,739,739,734,1,1,0
realistic_2pct,evidence_w2_d6,window_evidence,6,0.1,2,0,0,dynamic_realistic_100d_2pct_hdd,100,43,1000000,5000,1.0,health_ec,15.0,7,350000,400000,98,severe_slow,99,healthy,1,12.5,16.8,18.8,200808,0.4,808,808,808,0,0,0
realistic_2pct,evidence_w2_d6,window_evidence,6,0.1,2,0,0,dynamic_realistic_100d_2pct_hdd,100,43,1000000,5000,1.0,health_ec,15.0,8,400000,450000,98,severe_slow,99,healthy,1,12.5,16.8,18.8,200813,0.4,813,813,812,0,0,0
realistic_2pct,evidence_w2_d6,window_evidence,6,0.1,2,0,0,dynamic_realistic_100d_2pct_hdd,100,43,1000000,5000,1.0,health_ec,15.0,9,450000,500000,98,recovery,99,mild_slow,1,12.5,17.0,19.0,201500,0.8,1500,1500,1473,0,0,0
realistic_2pct,evidence_w2_d6,window_evidence,6,0.1,2,0,0,dynamic_realistic_100d_2pct_hdd,100,43,1000000,5000,1.0,health_ec,15.0,10,500000,550000,98,recovery,99,mild_slow,1,12.5,16.9,19.0,200951,0.5,951,951,940,3,3,0
realistic_2pct,evidence_w2_d6,window_evidence,6,0.1,2,0,0,dynamic_realistic_100d_2pct_hdd,100,43,1000000,5000,1.0,health_ec,15.0,11,550000,600000,98,healthy,99,severe_slow,1,12.5,16.8,18.8,200886,0.4,886,886,885,1,1,0
realistic_2pct,evidence_w2_d6,window_evidence,6,0.1,2,0,0,dynamic_realistic_100d_2pct_hdd,100,43,1000000,5000,1.0,health_ec,15.0,12,600000,650000,98,healthy,99,severe_slow,1,12.5,16.8,18.9,200850,0.4,850,850,848,0,0,0
realistic_2pct,evidence_w2_d6,window_evidence,6,0.1,2,0,0,dynamic_realistic_100d_2pct_hdd,100,43,1000000,5000,1.0,health_ec,15.0,13,650000,700000,98,healthy,99,severe_slow,1,12.5,16.8,18.7,200872,0.4,872,872,868,0,0,0
realistic_2pct,evidence_w2_d6,window_evidence,6,0.1,2,0,0,dynamic_realistic_100d_2pct_hdd,100,43,1000000,5000,1.0,health_ec,15.0,14,700000,750000,98,mild_slow,99,recovery,1,12.5,16.9,19.0,200866,0.4,866,866,858,0,0,0
realistic_2pct,evidence_w2_d6,window_evidence,6,0.1,2,0,0,dynamic_realistic_100d_2pct_hdd,100,43,1000000,5000,1.0,health_ec,15.0,15,750000,800000,98,recovery,99,recovery,0,12.5,16.8,18.9,200806,0.4,806,806,760,0,0,0
realistic_2pct,evidence_w2_d6,window_evidence,6,0.1,2,0,0,dynamic_realistic_100d_2pct_hdd,100,43,1000000,5000,1.0,health_ec,15.0,16,800000,850000,98,healthy,99,healthy,0,12.5,16.8,18.9,200461,0.2,461,461,374,0,0,0
realistic_2pct,evidence_w2_d6,window_evidence,6,0.1,2,0,0,dynamic_realistic_100d_2pct_hdd,100,43,1000000,5000,1.0,health_ec,15.0,17,850000,900000,98,healthy,99,healthy,0,12.5,16.8,18.8,200224,0.1,224,224,171,0,0,0
realistic_2pct,evidence_w2_d6,window_evidence,6,0.1,2,0,0,dynamic_realistic_100d_2pct_hdd,100,43,1000000,5000,1.0,health_ec,15.0,18,900000,950000,98,healthy,99,healthy,0,12.5,16.8,18.9,200086,0.0,86,86,70,0,0,0
realistic_2pct,evidence_w2_d6,window_evidence,6,0.1,2,0,0,dynamic_realistic_100d_2pct_hdd,100,43,1000000,5000,1.0,health_ec,15.0,19,950000,1000000,98,healthy,99,healthy,0,12.5,16.8,18.7,200029,0.0,29,29,28,0,0,0
realistic_2pct,evidence_w3_d4,window_evidence,4,0.1,3,0,0,dynamic_realistic_100d_2pct_hdd,100,43,1000000,5000,1.0,health_ec,15.0,0,0,50000,98,healthy,99,healthy,0,12.5,16.8,18.8,200000,0.0,0,0,0,0,0,0
realistic_2pct,evidence_w3_d4,window_evidence,4,0.1,3,0,0,dynamic_realistic_100d_2pct_hdd,100,43,1000000,5000,1.0,health_ec,15.0,1,50000,100000,98,healthy,99,healthy,0,12.5,16.8,18.9,200000,0.0,0,0,0,0,0,0
realistic_2pct,evidence_w3_d4,window_evidence,4,0.1,3,0,0,dynamic_realistic_100d_2pct_hdd,100,43,1000000,5000,1.0,health_ec,15.0,2,100000,150000,98,healthy,99,healthy,0,12.5,16.8,18.8,200000,0.0,0,0,0,0,0,0
realistic_2pct,evidence_w3_d4,window_evidence,4,0.1,3,0,0,dynamic_realistic_100d_2pct_hdd,100,43,1000000,5000,1.0,health_ec,15.0,3,150000,200000,98,mild_slow,99,healthy,1,12.5,17.0,20.7,200814,0.4,814,814,806,0,0,0
realistic_2pct,evidence_w3_d4,window_evidence,4,0.1,3,0,0,dynamic_realistic_100d_2pct_hdd,100,43,1000000,5000,1.0,health_ec,15.0,4,200000,250000,98,mild_slow,99,healthy,1,12.5,17.0,19.6,201141,0.6,1141,1141,1121,0,0,0
realistic_2pct,evidence_w3_d4,window_evidence,4,0.1,3,0,0,dynamic_realistic_100d_2pct_hdd,100,43,1000000,5000,1.0,health_ec,15.0,5,250000,300000,98,mild_slow,99,healthy,1,12.5,16.9,19.3,200616,0.3,616,616,601,4,4,0
realistic_2pct,evidence_w3_d4,window_evidence,4,0.1,3,0,0,dynamic_realistic_100d_2pct_hdd,100,43,1000000,5000,1.0,health_ec,15.0,6,300000,350000,98,severe_slow,99,healthy,1,12.5,16.9,19.1,200697,0.3,697,697,692,2,2,0
realistic_2pct,evidence_w3_d4,window_evidence,4,0.1,3,0,0,dynamic_realistic_100d_2pct_hdd,100,43,1000000,5000,1.0,health_ec,15.0,7,350000,400000,98,severe_slow,99,healthy,1,12.5,16.8,18.9,200724,0.4,724,724,724,0,0,0
realistic_2pct,evidence_w3_d4,window_evidence,4,0.1,3,0,0,dynamic_realistic_100d_2pct_hdd,100,43,1000000,5000,1.0,health_ec,15.0,8,400000,450000,98,severe_slow,99,healthy,1,12.5,16.8,18.8,200735,0.4,735,735,735,0,0,0
realistic_2pct,evidence_w3_d4,window_evidence,4,0.1,3,0,0,dynamic_realistic_100d_2pct_hdd,100,43,1000000,5000,1.0,health_ec,15.0,9,450000,500000,98,recovery,99,mild_slow,1,12.5,17.0,19.1,201474,0.7,1474,1474,1449,0,0,0
realistic_2pct,evidence_w3_d4,window_evidence,4,0.1,3,0,0,dynamic_realistic_100d_2pct_hdd,100,43,1000000,5000,1.0,health_ec,15.0,10,500000,550000,98,recovery,99,mild_slow,1,12.5,16.9,19.0,201499,0.7,1499,1499,1477,0,0,0
realistic_2pct,evidence_w3_d4,window_evidence,4,0.1,3,0,0,dynamic_realistic_100d_2pct_hdd,100,43,1000000,5000,1.0,health_ec,15.0,11,550000,600000,98,healthy,99,severe_slow,1,12.5,16.8,18.8,200832,0.4,832,832,831,5,1,0
realistic_2pct,evidence_w3_d4,window_evidence,4,0.1,3,0,0,dynamic_realistic_100d_2pct_hdd,100,43,1000000,5000,1.0,health_ec,15.0,12,600000,650000,98,healthy,99,severe_slow,1,12.5,16.8,18.9,200774,0.4,774,774,772,1,1,0
realistic_2pct,evidence_w3_d4,window_evidence,4,0.1,3,0,0,dynamic_realistic_100d_2pct_hdd,100,43,1000000,5000,1.0,health_ec,15.0,13,650000,700000,98,healthy,99,severe_slow,1,12.5,16.8,18.7,200786,0.4,786,786,782,0,0,0
realistic_2pct,evidence_w3_d4,window_evidence,4,0.1,3,0,0,dynamic_realistic_100d_2pct_hdd,100,43,1000000,5000,1.0,health_ec,15.0,14,700000,750000,98,mild_slow,99,recovery,1,12.5,16.9,19.0,200782,0.4,782,782,776,0,0,0
realistic_2pct,evidence_w3_d4,window_evidence,4,0.1,3,0,0,dynamic_realistic_100d_2pct_hdd,100,43,1000000,5000,1.0,health_ec,15.0,15,750000,800000,98,recovery,99,recovery,0,12.5,16.8,18.9,200728,0.4,728,728,684,0,0,0
realistic_2pct,evidence_w3_d4,window_evidence,4,0.1,3,0,0,dynamic_realistic_100d_2pct_hdd,100,43,1000000,5000,1.0,health_ec,15.0,16,800000,850000,98,healthy,99,healthy,0,12.5,16.8,18.8,200458,0.2,458,458,371,0,0,0
realistic_2pct,evidence_w3_d4,window_evidence,4,0.1,3,0,0,dynamic_realistic_100d_2pct_hdd,100,43,1000000,5000,1.0,health_ec,15.0,17,850000,900000,98,healthy,99,healthy,0,12.5,16.8,18.8,200222,0.1,222,222,170,0,0,0
realistic_2pct,evidence_w3_d4,window_evidence,4,0.1,3,0,0,dynamic_realistic_100d_2pct_hdd,100,43,1000000,5000,1.0,health_ec,15.0,18,900000,950000,98,healthy,99,healthy,0,12.5,16.8,18.9,200087,0.0,87,87,70,0,0,0
realistic_2pct,evidence_w3_d4,window_evidence,4,0.1,3,0,0,dynamic_realistic_100d_2pct_hdd,100,43,1000000,5000,1.0,health_ec,15.0,19,950000,1000000,98,healthy,99,healthy,0,12.5,16.8,18.7,200029,0.0,29,29,28,0,0,0
realistic_2pct,evidence_w3_d6,window_evidence,6,0.1,3,0,0,dynamic_realistic_100d_2pct_hdd,100,43,1000000,5000,1.0,health_ec,15.0,0,0,50000,98,healthy,99,healthy,0,12.5,16.8,18.8,200000,0.0,0,0,0,0,0,0
realistic_2pct,evidence_w3_d6,window_evidence,6,0.1,3,0,0,dynamic_realistic_100d_2pct_hdd,100,43,1000000,5000,1.0,health_ec,15.0,1,50000,100000,98,healthy,99,healthy,0,12.5,16.8,18.9,200000,0.0,0,0,0,0,0,0
realistic_2pct,evidence_w3_d6,window_evidence,6,0.1,3,0,0,dynamic_realistic_100d_2pct_hdd,100,43,1000000,5000,1.0,health_ec,15.0,2,100000,150000,98,healthy,99,healthy,0,12.5,16.8,18.8,200000,0.0,0,0,0,0,0,0
realistic_2pct,evidence_w3_d6,window_evidence,6,0.1,3,0,0,dynamic_realistic_100d_2pct_hdd,100,43,1000000,5000,1.0,health_ec,15.0,3,150000,200000,98,mild_slow,99,healthy,1,12.5,17.0,20.7,200814,0.4,814,814,806,0,0,0
realistic_2pct,evidence_w3_d6,window_evidence,6,0.1,3,0,0,dynamic_realistic_100d_2pct_hdd,100,43,1000000,5000,1.0,health_ec,15.0,4,200000,250000,98,mild_slow,99,healthy,1,12.5,17.0,19.6,201141,0.6,1141,1141,1121,0,0,0
realistic_2pct,evidence_w3_d6,window_evidence,6,0.1,3,0,0,dynamic_realistic_100d_2pct_hdd,100,43,1000000,5000,1.0,health_ec,15.0,5,250000,300000,98,mild_slow,99,healthy,1,12.5,16.9,19.3,200690,0.3,690,690,673,3,3,0
realistic_2pct,evidence_w3_d6,window_evidence,6,0.1,3,0,0,dynamic_realistic_100d_2pct_hdd,100,43,1000000,5000,1.0,health_ec,15.0,6,300000,350000,98,severe_slow,99,healthy,1,12.5,16.9,19.1,200739,0.4,739,739,734,1,1,0
realistic_2pct,evidence_w3_d6,window_evidence,6,0.1,3,0,0,dynamic_realistic_100d_2pct_hdd,100,43,1000000,5000,1.0,health_ec,15.0,7,350000,400000,98,severe_slow,99,healthy,1,12.5,16.8,18.9,200808,0.4,808,808,808,0,0,0
realistic_2pct,evidence_w3_d6,window_evidence,6,0.1,3,0,0,dynamic_realistic_100d_2pct_hdd,100,43,1000000,5000,1.0,health_ec,15.0,8,400000,450000,98,severe_slow,99,healthy,1,12.5,16.8,18.8,200813,0.4,813,813,812,0,0,0
realistic_2pct,evidence_w3_d6,window_evidence,6,0.1,3,0,0,dynamic_realistic_100d_2pct_hdd,100,43,1000000,5000,1.0,health_ec,15.0,9,450000,500000,98,recovery,99,mild_slow,1,12.5,17.0,19.1,201481,0.7,1481,1481,1456,0,0,0
realistic_2pct,evidence_w3_d6,window_evidence,6,0.1,3,0,0,dynamic_realistic_100d_2pct_hdd,100,43,1000000,5000,1.0,health_ec,15.0,10,500000,550000,98,recovery,99,mild_slow,1,12.5,16.9,19.0,201499,0.7,1499,1499,1478,0,0,0
realistic_2pct,evidence_w3_d6,window_evidence,6,0.1,3,0,0,dynamic_realistic_100d_2pct_hdd,100,43,1000000,5000,1.0,health_ec,15.0,11,550000,600000,98,healthy,99,severe_slow,1,12.5,16.8,18.8,200896,0.4,896,896,895,4,2,0
realistic_2pct,evidence_w3_d6,window_evidence,6,0.1,3,0,0,dynamic_realistic_100d_2pct_hdd,100,43,1000000,5000,1.0,health_ec,15.0,12,600000,650000,98,healthy,99,severe_slow,1,12.5,16.8,18.9,200850,0.4,850,850,848,0,0,0
realistic_2pct,evidence_w3_d6,window_evidence,6,0.1,3,0,0,dynamic_realistic_100d_2pct_hdd,100,43,1000000,5000,1.0,health_ec,15.0,13,650000,700000,98,healthy,99,severe_slow,1,12.5,16.8,18.7,200872,0.4,872,872,868,0,0,0
realistic_2pct,evidence_w3_d6,window_evidence,6,0.1,3,0,0,dynamic_realistic_100d_2pct_hdd,100,43,1000000,5000,1.0,health_ec,15.0,14,700000,750000,98,mild_slow,99,recovery,1,12.5,16.9,19.0,200866,0.4,866,866,858,0,0,0
realistic_2pct,evidence_w3_d6,window_evidence,6,0.1,3,0,0,dynamic_realistic_100d_2pct_hdd,100,43,1000000,5000,1.0,health_ec,15.0,15,750000,800000,98,recovery,99,recovery,0,12.5,16.8,18.9,200806,0.4,806,806,760,0,0,0
realistic_2pct,evidence_w3_d6,window_evidence,6,0.1,3,0,0,dynamic_realistic_100d_2pct_hdd,100,43,1000000,5000,1.0,health_ec,15.0,16,800000,850000,98,healthy,99,healthy,0,12.5,16.8,18.9,200461,0.2,461,461,374,0,0,0
realistic_2pct,evidence_w3_d6,window_evidence,6,0.1,3,0,0,dynamic_realistic_100d_2pct_hdd,100,43,1000000,5000,1.0,health_ec,15.0,17,850000,900000,98,healthy,99,healthy,0,12.5,16.8,18.8,200224,0.1,224,224,171,0,0,0
realistic_2pct,evidence_w3_d6,window_evidence,6,0.1,3,0,0,dynamic_realistic_100d_2pct_hdd,100,43,1000000,5000,1.0,health_ec,15.0,18,900000,950000,98,healthy,99,healthy,0,12.5,16.8,18.9,200086,0.0,86,86,70,0,0,0
realistic_2pct,evidence_w3_d6,window_evidence,6,0.1,3,0,0,dynamic_realistic_100d_2pct_hdd,100,43,1000000,5000,1.0,health_ec,15.0,19,950000,1000000,98,healthy,99,healthy,0,12.5,16.8,18.7,200029,0.0,29,29,28,0,0,0
realistic_2pct,topk_k2_d4,topk_budgeted,4,0.1,0,2,0,dynamic_realistic_100d_2pct_hdd,100,43,1000000,5000,1.0,health_ec,15.0,0,0,50000,98,healthy,99,healthy,0,12.5,16.8,18.8,200000,0.0,0,0,0,0,0,0
realistic_2pct,topk_k2_d4,topk_budgeted,4,0.1,0,2,0,dynamic_realistic_100d_2pct_hdd,100,43,1000000,5000,1.0,health_ec,15.0,1,50000,100000,98,healthy,99,healthy,0,12.5,16.8,18.9,200000,0.0,0,0,0,0,0,0
realistic_2pct,topk_k2_d4,topk_budgeted,4,0.1,0,2,0,dynamic_realistic_100d_2pct_hdd,100,43,1000000,5000,1.0,health_ec,15.0,2,100000,150000,98,healthy,99,healthy,0,12.5,16.8,18.8,200000,0.0,0,0,0,0,0,0
realistic_2pct,topk_k2_d4,topk_budgeted,4,0.1,0,2,0,dynamic_realistic_100d_2pct_hdd,100,43,1000000,5000,1.0,health_ec,15.0,3,150000,200000,98,mild_slow,99,healthy,1,12.5,17.0,20.7,200814,0.4,814,814,806,0,0,0
realistic_2pct,topk_k2_d4,topk_budgeted,4,0.1,0,2,0,dynamic_realistic_100d_2pct_hdd,100,43,1000000,5000,1.0,health_ec,15.0,4,200000,250000,98,mild_slow,99,healthy,1,12.5,17.0,19.6,200647,0.3,647,647,638,2,2,0
realistic_2pct,topk_k2_d4,topk_budgeted,4,0.1,0,2,0,dynamic_realistic_100d_2pct_hdd,100,43,1000000,5000,1.0,health_ec,15.0,5,250000,300000,98,mild_slow,99,healthy,1,12.5,16.9,19.3,200608,0.3,608,608,593,2,2,0
realistic_2pct,topk_k2_d4,topk_budgeted,4,0.1,0,2,0,dynamic_realistic_100d_2pct_hdd,100,43,1000000,5000,1.0,health_ec,15.0,6,300000,350000,98,severe_slow,99,healthy,1,12.5,16.9,19.1,200720,0.4,720,720,715,0,0,0
realistic_2pct,topk_k2_d4,topk_budgeted,4,0.1,0,2,0,dynamic_realistic_100d_2pct_hdd,100,43,1000000,5000,1.0,health_ec,15.0,7,350000,400000,98,severe_slow,99,healthy,1,12.5,16.8,18.9,200724,0.4,724,724,724,2,2,0
realistic_2pct,topk_k2_d4,topk_budgeted,4,0.1,0,2,0,dynamic_realistic_100d_2pct_hdd,100,43,1000000,5000,1.0,health_ec,15.0,8,400000,450000,98,severe_slow,99,healthy,1,12.5,16.8,18.8,200735,0.4,735,735,735,0,0,0
realistic_2pct,topk_k2_d4,topk_budgeted,4,0.1,0,2,0,dynamic_realistic_100d_2pct_hdd,100,43,1000000,5000,1.0,health_ec,15.0,9,450000,500000,98,recovery,99,mild_slow,1,12.5,17.0,19.1,201480,0.7,1480,1480,1452,0,0,0
realistic_2pct,topk_k2_d4,topk_budgeted,4,0.1,0,2,0,dynamic_realistic_100d_2pct_hdd,100,43,1000000,5000,1.0,health_ec,15.0,10,500000,550000,98,recovery,99,mild_slow,1,12.5,16.9,19.0,200977,0.5,977,977,966,2,2,0
realistic_2pct,topk_k2_d4,topk_budgeted,4,0.1,0,2,0,dynamic_realistic_100d_2pct_hdd,100,43,1000000,5000,1.0,health_ec,15.0,11,550000,600000,98,healthy,99,severe_slow,1,12.5,16.8,18.8,200872,0.4,872,872,871,2,0,0
realistic_2pct,topk_k2_d4,topk_budgeted,4,0.1,0,2,0,dynamic_realistic_100d_2pct_hdd,100,43,1000000,5000,1.0,health_ec,15.0,12,600000,650000,98,healthy,99,severe_slow,1,12.5,16.8,18.9,200801,0.4,801,801,799,1,1,0
realistic_2pct,topk_k2_d4,topk_budgeted,4,0.1,0,2,0,dynamic_realistic_100d_2pct_hdd,100,43,1000000,5000,1.0,health_ec,15.0,13,650000,700000,98,healthy,99,severe_slow,1,12.5,16.8,18.7,200786,0.4,786,786,782,1,1,0
realistic_2pct,topk_k2_d4,topk_budgeted,4,0.1,0,2,0,dynamic_realistic_100d_2pct_hdd,100,43,1000000,5000,1.0,health_ec,15.0,14,700000,750000,98,mild_slow,99,recovery,1,12.5,16.9,19.0,200782,0.4,782,782,776,0,0,0
realistic_2pct,topk_k2_d4,topk_budgeted,4,0.1,0,2,0,dynamic_realistic_100d_2pct_hdd,100,43,1000000,5000,1.0,health_ec,15.0,15,750000,800000,98,recovery,99,recovery,0,12.5,16.8,18.9,200728,0.4,728,728,684,0,0,0
realistic_2pct,topk_k2_d4,topk_budgeted,4,0.1,0,2,0,dynamic_realistic_100d_2pct_hdd,100,43,1000000,5000,1.0,health_ec,15.0,16,800000,850000,98,healthy,99,healthy,0,12.5,16.8,18.9,200458,0.2,458,458,371,0,0,0
realistic_2pct,topk_k2_d4,topk_budgeted,4,0.1,0,2,0,dynamic_realistic_100d_2pct_hdd,100,43,1000000,5000,1.0,health_ec,15.0,17,850000,900000,98,healthy,99,healthy,0,12.5,16.8,18.8,200222,0.1,222,222,170,0,0,0
realistic_2pct,topk_k2_d4,topk_budgeted,4,0.1,0,2,0,dynamic_realistic_100d_2pct_hdd,100,43,1000000,5000,1.0,health_ec,15.0,18,900000,950000,98,healthy,99,healthy,0,12.5,16.8,18.9,200087,0.0,87,87,70,0,0,0
realistic_2pct,topk_k2_d4,topk_budgeted,4,0.1,0,2,0,dynamic_realistic_100d_2pct_hdd,100,43,1000000,5000,1.0,health_ec,15.0,19,950000,1000000,98,healthy,99,healthy,0,12.5,16.8,18.7,200029,0.0,29,29,28,0,0,0
realistic_2pct,topk_k2_d6,topk_budgeted,6,0.1,0,2,0,dynamic_realistic_100d_2pct_hdd,100,43,1000000,5000,1.0,health_ec,15.0,0,0,50000,98,healthy,99,healthy,0,12.5,16.8,18.8,200000,0.0,0,0,0,0,0,0
realistic_2pct,topk_k2_d6,topk_budgeted,6,0.1,0,2,0,dynamic_realistic_100d_2pct_hdd,100,43,1000000,5000,1.0,health_ec,15.0,1,50000,100000,98,healthy,99,healthy,0,12.5,16.8,18.9,200000,0.0,0,0,0,0,0,0
realistic_2pct,topk_k2_d6,topk_budgeted,6,0.1,0,2,0,dynamic_realistic_100d_2pct_hdd,100,43,1000000,5000,1.0,health_ec,15.0,2,100000,150000,98,healthy,99,healthy,0,12.5,16.8,18.8,200000,0.0,0,0,0,0,0,0
realistic_2pct,topk_k2_d6,topk_budgeted,6,0.1,0,2,0,dynamic_realistic_100d_2pct_hdd,100,43,1000000,5000,1.0,health_ec,15.0,3,150000,200000,98,mild_slow,99,healthy,1,12.5,17.0,20.7,200814,0.4,814,814,806,0,0,0
realistic_2pct,topk_k2_d6,topk_budgeted,6,0.1,0,2,0,dynamic_realistic_100d_2pct_hdd,100,43,1000000,5000,1.0,health_ec,15.0,4,200000,250000,98,mild_slow,99,healthy,1,12.5,17.0,19.6,200647,0.3,647,647,638,2,2,0
realistic_2pct,topk_k2_d6,topk_budgeted,6,0.1,0,2,0,dynamic_realistic_100d_2pct_hdd,100,43,1000000,5000,1.0,health_ec,15.0,5,250000,300000,98,mild_slow,99,healthy,1,12.5,16.9,19.3,200671,0.3,671,671,654,1,1,0
realistic_2pct,topk_k2_d6,topk_budgeted,6,0.1,0,2,0,dynamic_realistic_100d_2pct_hdd,100,43,1000000,5000,1.0,health_ec,15.0,6,300000,350000,98,severe_slow,99,healthy,1,12.5,16.9,19.1,200782,0.4,782,782,777,0,0,0
realistic_2pct,topk_k2_d6,topk_budgeted,6,0.1,0,2,0,dynamic_realistic_100d_2pct_hdd,100,43,1000000,5000,1.0,health_ec,15.0,7,350000,400000,98,severe_slow,99,healthy,1,12.5,16.8,18.8,200808,0.4,808,808,808,1,1,0
realistic_2pct,topk_k2_d6,topk_budgeted,6,0.1,0,2,0,dynamic_realistic_100d_2pct_hdd,100,43,1000000,5000,1.0,health_ec,15.0,8,400000,450000,98,severe_slow,99,healthy,1,12.5,16.8,18.8,200813,0.4,813,813,812,0,0,0
realistic_2pct,topk_k2_d6,topk_budgeted,6,0.1,0,2,0,dynamic_realistic_100d_2pct_hdd,100,43,1000000,5000,1.0,health_ec,15.0,9,450000,500000,98,recovery,99,mild_slow,1,12.5,17.0,19.0,201500,0.8,1500,1500,1472,0,0,0
realistic_2pct,topk_k2_d6,topk_budgeted,6,0.1,0,2,0,dynamic_realistic_100d_2pct_hdd,100,43,1000000,5000,1.0,health_ec,15.0,10,500000,550000,98,recovery,99,mild_slow,1,12.5,16.9,19.0,200977,0.5,977,977,966,2,2,0
realistic_2pct,topk_k2_d6,topk_budgeted,6,0.1,0,2,0,dynamic_realistic_100d_2pct_hdd,100,43,1000000,5000,1.0,health_ec,15.0,11,550000,600000,98,healthy,99,severe_slow,1,12.5,16.8,18.8,200934,0.5,934,934,933,1,0,0
realistic_2pct,topk_k2_d6,topk_budgeted,6,0.1,0,2,0,dynamic_realistic_100d_2pct_hdd,100,43,1000000,5000,1.0,health_ec,15.0,12,600000,650000,98,healthy,99,severe_slow,1,12.5,16.8,18.9,200850,0.4,850,850,848,1,1,0
realistic_2pct,topk_k2_d6,topk_budgeted,6,0.1,0,2,0,dynamic_realistic_100d_2pct_hdd,100,43,1000000,5000,1.0,health_ec,15.0,13,650000,700000,98,healthy,99,severe_slow,1,12.5,16.8,18.7,200872,0.4,872,872,868,0,0,0
realistic_2pct,topk_k2_d6,topk_budgeted,6,0.1,0,2,0,dynamic_realistic_100d_2pct_hdd,100,43,1000000,5000,1.0,health_ec,15.0,14,700000,750000,98,mild_slow,99,recovery,1,12.5,16.9,19.0,200866,0.4,866,866,858,0,0,0
realistic_2pct,topk_k2_d6,topk_budgeted,6,0.1,0,2,0,dynamic_realistic_100d_2pct_hdd,100,43,1000000,5000,1.0,health_ec,15.0,15,750000,800000,98,recovery,99,recovery,0,12.5,16.8,18.9,200806,0.4,806,806,760,0,0,0
realistic_2pct,topk_k2_d6,topk_budgeted,6,0.1,0,2,0,dynamic_realistic_100d_2pct_hdd,100,43,1000000,5000,1.0,health_ec,15.0,16,800000,850000,98,healthy,99,healthy,0,12.5,16.8,18.9,200461,0.2,461,461,374,0,0,0
realistic_2pct,topk_k2_d6,topk_budgeted,6,0.1,0,2,0,dynamic_realistic_100d_2pct_hdd,100,43,1000000,5000,1.0,health_ec,15.0,17,850000,900000,98,healthy,99,healthy,0,12.5,16.8,18.8,200224,0.1,224,224,171,0,0,0
realistic_2pct,topk_k2_d6,topk_budgeted,6,0.1,0,2,0,dynamic_realistic_100d_2pct_hdd,100,43,1000000,5000,1.0,health_ec,15.0,18,900000,950000,98,healthy,99,healthy,0,12.5,16.8,18.9,200086,0.0,86,86,70,0,0,0
realistic_2pct,topk_k2_d6,topk_budgeted,6,0.1,0,2,0,dynamic_realistic_100d_2pct_hdd,100,43,1000000,5000,1.0,health_ec,15.0,19,950000,1000000,98,healthy,99,healthy,0,12.5,16.8,18.7,200029,0.0,29,29,28,0,0,0
realistic_2pct,topk_k4_d4,topk_budgeted,4,0.1,0,4,0,dynamic_realistic_100d_2pct_hdd,100,43,1000000,5000,1.0,health_ec,15.0,0,0,50000,98,healthy,99,healthy,0,12.5,16.8,18.8,200000,0.0,0,0,0,0,0,0
realistic_2pct,topk_k4_d4,topk_budgeted,4,0.1,0,4,0,dynamic_realistic_100d_2pct_hdd,100,43,1000000,5000,1.0,health_ec,15.0,1,50000,100000,98,healthy,99,healthy,0,12.5,16.8,18.9,200000,0.0,0,0,0,0,0,0
realistic_2pct,topk_k4_d4,topk_budgeted,4,0.1,0,4,0,dynamic_realistic_100d_2pct_hdd,100,43,1000000,5000,1.0,health_ec,15.0,2,100000,150000,98,healthy,99,healthy,0,12.5,16.8,18.8,200000,0.0,0,0,0,0,0,0
realistic_2pct,topk_k4_d4,topk_budgeted,4,0.1,0,4,0,dynamic_realistic_100d_2pct_hdd,100,43,1000000,5000,1.0,health_ec,15.0,3,150000,200000,98,mild_slow,99,healthy,1,12.5,17.0,20.7,200814,0.4,814,814,806,0,0,0
realistic_2pct,topk_k4_d4,topk_budgeted,4,0.1,0,4,0,dynamic_realistic_100d_2pct_hdd,100,43,1000000,5000,1.0,health_ec,15.0,4,200000,250000,98,mild_slow,99,healthy,1,12.5,17.0,19.6,200495,0.2,495,495,489,4,4,0
realistic_2pct,topk_k4_d4,topk_budgeted,4,0.1,0,4,0,dynamic_realistic_100d_2pct_hdd,100,43,1000000,5000,1.0,health_ec,15.0,5,250000,300000,98,mild_slow,99,healthy,1,12.5,16.9,19.3,200608,0.3,608,608,593,0,0,0
realistic_2pct,topk_k4_d4,topk_budgeted,4,0.1,0,4,0,dynamic_realistic_100d_2pct_hdd,100,43,1000000,5000,1.0,health_ec,15.0,6,300000,350000,98,severe_slow,99,healthy,1,12.5,16.9,19.1,200720,0.4,720,720,715,0,0,0
realistic_2pct,topk_k4_d4,topk_budgeted,4,0.1,0,4,0,dynamic_realistic_100d_2pct_hdd,100,43,1000000,5000,1.0,health_ec,15.0,7,350000,400000,98,severe_slow,99,healthy,1,12.5,16.8,18.9,200724,0.4,724,724,724,2,2,0
realistic_2pct,topk_k4_d4,topk_budgeted,4,0.1,0,4,0,dynamic_realistic_100d_2pct_hdd,100,43,1000000,5000,1.0,health_ec,15.0,8,400000,450000,98,severe_slow,99,healthy,1,12.5,16.8,18.8,200735,0.4,735,735,735,0,0,0
realistic_2pct,topk_k4_d4,topk_budgeted,4,0.1,0,4,0,dynamic_realistic_100d_2pct_hdd,100,43,1000000,5000,1.0,health_ec,15.0,9,450000,500000,98,recovery,99,mild_slow,1,12.5,17.0,19.1,201480,0.7,1480,1480,1452,0,0,0
realistic_2pct,topk_k4_d4,topk_budgeted,4,0.1,0,4,0,dynamic_realistic_100d_2pct_hdd,100,43,1000000,5000,1.0,health_ec,15.0,10,500000,550000,98,recovery,99,mild_slow,1,12.5,16.9,19.0,200836,0.4,836,836,827,4,4,0
realistic_2pct,topk_k4_d4,topk_budgeted,4,0.1,0,4,0,dynamic_realistic_100d_2pct_hdd,100,43,1000000,5000,1.0,health_ec,15.0,11,550000,600000,98,healthy,99,severe_slow,1,12.5,16.8,18.8,200872,0.4,872,872,871,0,0,0
realistic_2pct,topk_k4_d4,topk_budgeted,4,0.1,0,4,0,dynamic_realistic_100d_2pct_hdd,100,43,1000000,5000,1.0,health_ec,15.0,12,600000,650000,98,healthy,99,severe_slow,1,12.5,16.8,18.9,200801,0.4,801,801,799,1,1,0
realistic_2pct,topk_k4_d4,topk_budgeted,4,0.1,0,4,0,dynamic_realistic_100d_2pct_hdd,100,43,1000000,5000,1.0,health_ec,15.0,13,650000,700000,98,healthy,99,severe_slow,1,12.5,16.8,18.7,200786,0.4,786,786,782,1,1,0
realistic_2pct,topk_k4_d4,topk_budgeted,4,0.1,0,4,0,dynamic_realistic_100d_2pct_hdd,100,43,1000000,5000,1.0,health_ec,15.0,14,700000,750000,98,mild_slow,99,recovery,1,12.5,16.9,19.0,200782,0.4,782,782,776,0,0,0
realistic_2pct,topk_k4_d4,topk_budgeted,4,0.1,0,4,0,dynamic_realistic_100d_2pct_hdd,100,43,1000000,5000,1.0,health_ec,15.0,15,750000,800000,98,recovery,99,recovery,0,12.5,16.8,18.9,200728,0.4,728,728,684,0,0,0
realistic_2pct,topk_k4_d4,topk_budgeted,4,0.1,0,4,0,dynamic_realistic_100d_2pct_hdd,100,43,1000000,5000,1.0,health_ec,15.0,16,800000,850000,98,healthy,99,healthy,0,12.5,16.8,18.9,200458,0.2,458,458,371,0,0,0
realistic_2pct,topk_k4_d4,topk_budgeted,4,0.1,0,4,0,dynamic_realistic_100d_2pct_hdd,100,43,1000000,5000,1.0,health_ec,15.0,17,850000,900000,98,healthy,99,healthy,0,12.5,16.8,18.8,200222,0.1,222,222,170,0,0,0
realistic_2pct,topk_k4_d4,topk_budgeted,4,0.1,0,4,0,dynamic_realistic_100d_2pct_hdd,100,43,1000000,5000,1.0,health_ec,15.0,18,900000,950000,98,healthy,99,healthy,0,12.5,16.8,18.9,200087,0.0,87,87,70,0,0,0
realistic_2pct,topk_k4_d4,topk_budgeted,4,0.1,0,4,0,dynamic_realistic_100d_2pct_hdd,100,43,1000000,5000,1.0,health_ec,15.0,19,950000,1000000,98,healthy,99,healthy,0,12.5,16.8,18.7,200029,0.0,29,29,28,0,0,0
realistic_2pct,topk_k4_d6,topk_budgeted,6,0.1,0,4,0,dynamic_realistic_100d_2pct_hdd,100,43,1000000,5000,1.0,health_ec,15.0,0,0,50000,98,healthy,99,healthy,0,12.5,16.8,18.8,200000,0.0,0,0,0,0,0,0
realistic_2pct,topk_k4_d6,topk_budgeted,6,0.1,0,4,0,dynamic_realistic_100d_2pct_hdd,100,43,1000000,5000,1.0,health_ec,15.0,1,50000,100000,98,healthy,99,healthy,0,12.5,16.8,18.9,200000,0.0,0,0,0,0,0,0
realistic_2pct,topk_k4_d6,topk_budgeted,6,0.1,0,4,0,dynamic_realistic_100d_2pct_hdd,100,43,1000000,5000,1.0,health_ec,15.0,2,100000,150000,98,healthy,99,healthy,0,12.5,16.8,18.8,200000,0.0,0,0,0,0,0,0
realistic_2pct,topk_k4_d6,topk_budgeted,6,0.1,0,4,0,dynamic_realistic_100d_2pct_hdd,100,43,1000000,5000,1.0,health_ec,15.0,3,150000,200000,98,mild_slow,99,healthy,1,12.5,17.0,20.7,200814,0.4,814,814,806,0,0,0
realistic_2pct,topk_k4_d6,topk_budgeted,6,0.1,0,4,0,dynamic_realistic_100d_2pct_hdd,100,43,1000000,5000,1.0,health_ec,15.0,4,200000,250000,98,mild_slow,99,healthy,1,12.5,17.0,19.6,200568,0.3,568,568,561,3,3,0
realistic_2pct,topk_k4_d6,topk_budgeted,6,0.1,0,4,0,dynamic_realistic_100d_2pct_hdd,100,43,1000000,5000,1.0,health_ec,15.0,5,250000,300000,98,mild_slow,99,healthy,1,12.5,16.9,19.3,200671,0.3,671,671,654,0,0,0
realistic_2pct,topk_k4_d6,topk_budgeted,6,0.1,0,4,0,dynamic_realistic_100d_2pct_hdd,100,43,1000000,5000,1.0,health_ec,15.0,6,300000,350000,98,severe_slow,99,healthy,1,12.5,16.9,19.1,200782,0.4,782,782,777,0,0,0
realistic_2pct,topk_k4_d6,topk_budgeted,6,0.1,0,4,0,dynamic_realistic_100d_2pct_hdd,100,43,1000000,5000,1.0,health_ec,15.0,7,350000,400000,98,severe_slow,99,healthy,1,12.5,16.8,18.8,200808,0.4,808,808,808,1,1,0
realistic_2pct,topk_k4_d6,topk_budgeted,6,0.1,0,4,0,dynamic_realistic_100d_2pct_hdd,100,43,1000000,5000,1.0,health_ec,15.0,8,400000,450000,98,severe_slow,99,healthy,1,12.5,16.8,18.8,200813,0.4,813,813,812,0,0,0
realistic_2pct,topk_k4_d6,topk_budgeted,6,0.1,0,4,0,dynamic_realistic_100d_2pct_hdd,100,43,1000000,5000,1.0,health_ec,15.0,9,450000,500000,98,recovery,99,mild_slow,1,12.5,17.0,19.0,201500,0.8,1500,1500,1472,0,0,0
realistic_2pct,topk_k4_d6,topk_budgeted,6,0.1,0,4,0,dynamic_realistic_100d_2pct_hdd,100,43,1000000,5000,1.0,health_ec,15.0,10,500000,550000,98,recovery,99,mild_slow,1,12.5,16.9,19.0,200977,0.5,977,977,966,2,2,0
realistic_2pct,topk_k4_d6,topk_budgeted,6,0.1,0,4,0,dynamic_realistic_100d_2pct_hdd,100,43,1000000,5000,1.0,health_ec,15.0,11,550000,600000,98,healthy,99,severe_slow,1,12.5,16.8,18.8,200934,0.5,934,934,933,1,0,0
realistic_2pct,topk_k4_d6,topk_budgeted,6,0.1,0,4,0,dynamic_realistic_100d_2pct_hdd,100,43,1000000,5000,1.0,health_ec,15.0,12,600000,650000,98,healthy,99,severe_slow,1,12.5,16.8,18.9,200850,0.4,850,850,848,1,1,0
realistic_2pct,topk_k4_d6,topk_budgeted,6,0.1,0,4,0,dynamic_realistic_100d_2pct_hdd,100,43,1000000,5000,1.0,health_ec,15.0,13,650000,700000,98,healthy,99,severe_slow,1,12.5,16.8,18.7,200872,0.4,872,872,868,0,0,0
realistic_2pct,topk_k4_d6,topk_budgeted,6,0.1,0,4,0,dynamic_realistic_100d_2pct_hdd,100,43,1000000,5000,1.0,health_ec,15.0,14,700000,750000,98,mild_slow,99,recovery,1,12.5,16.9,19.0,200866,0.4,866,866,858,0,0,0
realistic_2pct,topk_k4_d6,topk_budgeted,6,0.1,0,4,0,dynamic_realistic_100d_2pct_hdd,100,43,1000000,5000,1.0,health_ec,15.0,15,750000,800000,98,recovery,99,recovery,0,12.5,16.8,18.9,200806,0.4,806,806,760,0,0,0
realistic_2pct,topk_k4_d6,topk_budgeted,6,0.1,0,4,0,dynamic_realistic_100d_2pct_hdd,100,43,1000000,5000,1.0,health_ec,15.0,16,800000,850000,98,healthy,99,healthy,0,12.5,16.8,18.9,200461,0.2,461,461,374,0,0,0
realistic_2pct,topk_k4_d6,topk_budgeted,6,0.1,0,4,0,dynamic_realistic_100d_2pct_hdd,100,43,1000000,5000,1.0,health_ec,15.0,17,850000,900000,98,healthy,99,healthy,0,12.5,16.8,18.8,200224,0.1,224,224,171,0,0,0
realistic_2pct,topk_k4_d6,topk_budgeted,6,0.1,0,4,0,dynamic_realistic_100d_2pct_hdd,100,43,1000000,5000,1.0,health_ec,15.0,18,900000,950000,98,healthy,99,healthy,0,12.5,16.8,18.9,200086,0.0,86,86,70,0,0,0
realistic_2pct,topk_k4_d6,topk_budgeted,6,0.1,0,4,0,dynamic_realistic_100d_2pct_hdd,100,43,1000000,5000,1.0,health_ec,15.0,19,950000,1000000,98,healthy,99,healthy,0,12.5,16.8,18.7,200029,0.0,29,29,28,0,0,0
realistic_2pct,hybrid_w2_k2_d4_c1,hybrid,4,0.1,2,2,1,dynamic_realistic_100d_2pct_hdd,100,43,1000000,5000,1.0,health_ec,15.0,0,0,50000,98,healthy,99,healthy,0,12.5,16.8,18.8,200000,0.0,0,0,0,0,0,0
realistic_2pct,hybrid_w2_k2_d4_c1,hybrid,4,0.1,2,2,1,dynamic_realistic_100d_2pct_hdd,100,43,1000000,5000,1.0,health_ec,15.0,1,50000,100000,98,healthy,99,healthy,0,12.5,16.8,18.9,200000,0.0,0,0,0,0,0,0
realistic_2pct,hybrid_w2_k2_d4_c1,hybrid,4,0.1,2,2,1,dynamic_realistic_100d_2pct_hdd,100,43,1000000,5000,1.0,health_ec,15.0,2,100000,150000,98,healthy,99,healthy,0,12.5,16.8,18.8,200000,0.0,0,0,0,0,0,0
realistic_2pct,hybrid_w2_k2_d4_c1,hybrid,4,0.1,2,2,1,dynamic_realistic_100d_2pct_hdd,100,43,1000000,5000,1.0,health_ec,15.0,3,150000,200000,98,mild_slow,99,healthy,1,12.5,17.0,20.7,200814,0.4,814,814,806,0,0,0
realistic_2pct,hybrid_w2_k2_d4_c1,hybrid,4,0.1,2,2,1,dynamic_realistic_100d_2pct_hdd,100,43,1000000,5000,1.0,health_ec,15.0,4,200000,250000,98,mild_slow,99,healthy,1,12.5,17.0,19.6,201141,0.6,1141,1141,1121,0,0,0
realistic_2pct,hybrid_w2_k2_d4_c1,hybrid,4,0.1,2,2,1,dynamic_realistic_100d_2pct_hdd,100,43,1000000,5000,1.0,health_ec,15.0,5,250000,300000,98,mild_slow,99,healthy,1,12.5,16.9,19.3,200760,0.4,760,760,741,2,2,0
realistic_2pct,hybrid_w2_k2_d4_c1,hybrid,4,0.1,2,2,1,dynamic_realistic_100d_2pct_hdd,100,43,1000000,5000,1.0,health_ec,15.0,6,300000,350000,98,severe_slow,99,healthy,1,12.5,16.9,19.1,200720,0.4,720,720,715,2,0,0
realistic_2pct,hybrid_w2_k2_d4_c1,hybrid,4,0.1,2,2,1,dynamic_realistic_100d_2pct_hdd,100,43,1000000,5000,1.0,health_ec,15.0,7,350000,400000,98,severe_slow,99,healthy,1,12.5,16.8,18.8,200724,0.4,724,724,724,2,2,0
realistic_2pct,hybrid_w2_k2_d4_c1,hybrid,4,0.1,2,2,1,dynamic_realistic_100d_2pct_hdd,100,43,1000000,5000,1.0,health_ec,15.0,8,400000,450000,98,severe_slow,99,healthy,1,12.5,16.8,18.8,200735,0.4,735,735,735,0,0,0
realistic_2pct,hybrid_w2_k2_d4_c1,hybrid,4,0.1,2,2,1,dynamic_realistic_100d_2pct_hdd,100,43,1000000,5000,1.0,health_ec,15.0,9,450000,500000,98,recovery,99,mild_slow,1,12.5,17.0,19.1,201474,0.7,1474,1474,1447,0,0,0
realistic_2pct,hybrid_w2_k2_d4_c1,hybrid,4,0.1,2,2,1,dynamic_realistic_100d_2pct_hdd,100,43,1000000,5000,1.0,health_ec,15.0,10,500000,550000,98,recovery,99,mild_slow,1,12.5,16.9,19.0,201499,0.7,1499,1499,1479,0,0,0
realistic_2pct,hybrid_w2_k2_d4_c1,hybrid,4,0.1,2,2,1,dynamic_realistic_100d_2pct_hdd,100,43,1000000,5000,1.0,health_ec,15.0,11,550000,600000,98,healthy,99,severe_slow,1,12.5,16.8,18.8,200999,0.5,999,999,998,2,0,0
realistic_2pct,hybrid_w2_k2_d4_c1,hybrid,4,0.1,2,2,1,dynamic_realistic_100d_2pct_hdd,100,43,1000000,5000,1.0,health_ec,15.0,12,600000,650000,98,healthy,99,severe_slow,1,12.5,16.8,18.9,200850,0.4,850,850,848,2,2,0
realistic_2pct,hybrid_w2_k2_d4_c1,hybrid,4,0.1,2,2,1,dynamic_realistic_100d_2pct_hdd,100,43,1000000,5000,1.0,health_ec,15.0,13,650000,700000,98,healthy,99,severe_slow,1,12.5,16.8,18.7,200786,0.4,786,786,782,2,2,0
realistic_2pct,hybrid_w2_k2_d4_c1,hybrid,4,0.1,2,2,1,dynamic_realistic_100d_2pct_hdd,100,43,1000000,5000,1.0,health_ec,15.0,14,700000,750000,98,mild_slow,99,recovery,1,12.5,16.9,19.0,200782,0.4,782,782,776,0,0,0
realistic_2pct,hybrid_w2_k2_d4_c1,hybrid,4,0.1,2,2,1,dynamic_realistic_100d_2pct_hdd,100,43,1000000,5000,1.0,health_ec,15.0,15,750000,800000,98,recovery,99,recovery,0,12.5,16.8,18.9,200728,0.4,728,728,684,0,0,0
realistic_2pct,hybrid_w2_k2_d4_c1,hybrid,4,0.1,2,2,1,dynamic_realistic_100d_2pct_hdd,100,43,1000000,5000,1.0,health_ec,15.0,16,800000,850000,98,healthy,99,healthy,0,12.5,16.8,18.9,200458,0.2,458,458,371,0,0,0
realistic_2pct,hybrid_w2_k2_d4_c1,hybrid,4,0.1,2,2,1,dynamic_realistic_100d_2pct_hdd,100,43,1000000,5000,1.0,health_ec,15.0,17,850000,900000,98,healthy,99,healthy,0,12.5,16.8,18.8,200222,0.1,222,222,170,0,0,0
realistic_2pct,hybrid_w2_k2_d4_c1,hybrid,4,0.1,2,2,1,dynamic_realistic_100d_2pct_hdd,100,43,1000000,5000,1.0,health_ec,15.0,18,900000,950000,98,healthy,99,healthy,0,12.5,16.8,18.9,200087,0.0,87,87,70,0,0,0
realistic_2pct,hybrid_w2_k2_d4_c1,hybrid,4,0.1,2,2,1,dynamic_realistic_100d_2pct_hdd,100,43,1000000,5000,1.0,health_ec,15.0,19,950000,1000000,98,healthy,99,healthy,0,12.5,16.8,18.7,200029,0.0,29,29,28,0,0,0
realistic_2pct,hybrid_w2_k4_d4_c1,hybrid,4,0.1,2,4,1,dynamic_realistic_100d_2pct_hdd,100,43,1000000,5000,1.0,health_ec,15.0,0,0,50000,98,healthy,99,healthy,0,12.5,16.8,18.8,200000,0.0,0,0,0,0,0,0
realistic_2pct,hybrid_w2_k4_d4_c1,hybrid,4,0.1,2,4,1,dynamic_realistic_100d_2pct_hdd,100,43,1000000,5000,1.0,health_ec,15.0,1,50000,100000,98,healthy,99,healthy,0,12.5,16.8,18.9,200000,0.0,0,0,0,0,0,0
realistic_2pct,hybrid_w2_k4_d4_c1,hybrid,4,0.1,2,4,1,dynamic_realistic_100d_2pct_hdd,100,43,1000000,5000,1.0,health_ec,15.0,2,100000,150000,98,healthy,99,healthy,0,12.5,16.8,18.8,200000,0.0,0,0,0,0,0,0
realistic_2pct,hybrid_w2_k4_d4_c1,hybrid,4,0.1,2,4,1,dynamic_realistic_100d_2pct_hdd,100,43,1000000,5000,1.0,health_ec,15.0,3,150000,200000,98,mild_slow,99,healthy,1,12.5,17.0,20.7,200814,0.4,814,814,806,0,0,0
realistic_2pct,hybrid_w2_k4_d4_c1,hybrid,4,0.1,2,4,1,dynamic_realistic_100d_2pct_hdd,100,43,1000000,5000,1.0,health_ec,15.0,4,200000,250000,98,mild_slow,99,healthy,1,12.5,17.0,19.6,201141,0.6,1141,1141,1121,0,0,0
realistic_2pct,hybrid_w2_k4_d4_c1,hybrid,4,0.1,2,4,1,dynamic_realistic_100d_2pct_hdd,100,43,1000000,5000,1.0,health_ec,15.0,5,250000,300000,98,mild_slow,99,healthy,1,12.5,16.9,19.3,200608,0.3,608,608,593,4,4,0
realistic_2pct,hybrid_w2_k4_d4_c1,hybrid,4,0.1,2,4,1,dynamic_realistic_100d_2pct_hdd,100,43,1000000,5000,1.0,health_ec,15.0,6,300000,350000,98,severe_slow,99,healthy,1,12.5,16.9,19.1,200720,0.4,720,720,715,0,0,0
realistic_2pct,hybrid_w2_k4_d4_c1,hybrid,4,0.1,2,4,1,dynamic_realistic_100d_2pct_hdd,100,43,1000000,5000,1.0,health_ec,15.0,7,350000,400000,98,severe_slow,99,healthy,1,12.5,16.8,18.9,200724,0.4,724,724,724,2,2,0
realistic_2pct,hybrid_w2_k4_d4_c1,hybrid,4,0.1,2,4,1,dynamic_realistic_100d_2pct_hdd,100,43,1000000,5000,1.0,health_ec,15.0,8,400000,450000,98,severe_slow,99,healthy,1,12.5,16.8,18.8,200735,0.4,735,735,735,0,0,0
realistic_2pct,hybrid_w2_k4_d4_c1,hybrid,4,0.1,2,4,1,dynamic_realistic_100d_2pct_hdd,100,43,1000000,5000,1.0,health_ec,15.0,9,450000,500000,98,recovery,99,mild_slow,1,12.5,17.0,19.1,201461,0.7,1461,1461,1434,0,0,0
realistic_2pct,hybrid_w2_k4_d4_c1,hybrid,4,0.1,2,4,1,dynamic_realistic_100d_2pct_hdd,100,43,1000000,5000,1.0,health_ec,15.0,10,500000,550000,98,recovery,99,mild_slow,1,12.5,16.9,19.0,201499,0.7,1499,1499,1479,0,0,0
realistic_2pct,hybrid_w2_k4_d4_c1,hybrid,4,0.1,2,4,1,dynamic_realistic_100d_2pct_hdd,100,43,1000000,5000,1.0,health_ec,15.0,11,550000,600000,98,healthy,99,severe_slow,1,12.5,16.8,18.8,200872,0.4,872,872,871,4,0,0
realistic_2pct,hybrid_w2_k4_d4_c1,hybrid,4,0.1,2,4,1,dynamic_realistic_100d_2pct_hdd,100,43,1000000,5000,1.0,health_ec,15.0,12,600000,650000,98,healthy,99,severe_slow,1,12.5,16.8,18.9,200801,0.4,801,801,799,1,1,0
realistic_2pct,hybrid_w2_k4_d4_c1,hybrid,4,0.1,2,4,1,dynamic_realistic_100d_2pct_hdd,100,43,1000000,5000,1.0,health_ec,15.0,13,650000,700000,98,healthy,99,severe_slow,1,12.5,16.8,18.7,200786,0.4,786,786,782,1,1,0
realistic_2pct,hybrid_w2_k4_d4_c1,hybrid,4,0.1,2,4,1,dynamic_realistic_100d_2pct_hdd,100,43,1000000,5000,1.0,health_ec,15.0,14,700000,750000,98,mild_slow,99,recovery,1,12.5,16.9,19.0,200782,0.4,782,782,776,0,0,0
realistic_2pct,hybrid_w2_k4_d4_c1,hybrid,4,0.1,2,4,1,dynamic_realistic_100d_2pct_hdd,100,43,1000000,5000,1.0,health_ec,15.0,15,750000,800000,98,recovery,99,recovery,0,12.5,16.8,18.9,200728,0.4,728,728,684,0,0,0
realistic_2pct,hybrid_w2_k4_d4_c1,hybrid,4,0.1,2,4,1,dynamic_realistic_100d_2pct_hdd,100,43,1000000,5000,1.0,health_ec,15.0,16,800000,850000,98,healthy,99,healthy,0,12.5,16.8,18.9,200458,0.2,458,458,371,0,0,0
realistic_2pct,hybrid_w2_k4_d4_c1,hybrid,4,0.1,2,4,1,dynamic_realistic_100d_2pct_hdd,100,43,1000000,5000,1.0,health_ec,15.0,17,850000,900000,98,healthy,99,healthy,0,12.5,16.8,18.8,200222,0.1,222,222,170,0,0,0
realistic_2pct,hybrid_w2_k4_d4_c1,hybrid,4,0.1,2,4,1,dynamic_realistic_100d_2pct_hdd,100,43,1000000,5000,1.0,health_ec,15.0,18,900000,950000,98,healthy,99,healthy,0,12.5,16.8,18.9,200087,0.0,87,87,70,0,0,0
realistic_2pct,hybrid_w2_k4_d4_c1,hybrid,4,0.1,2,4,1,dynamic_realistic_100d_2pct_hdd,100,43,1000000,5000,1.0,health_ec,15.0,19,950000,1000000,98,healthy,99,healthy,0,12.5,16.8,18.7,200029,0.0,29,29,28,0,0,0
realistic_2pct,vanilla_ec,baseline,,,,,,dynamic_realistic_100d_2pct_hdd,100,44,1000000,5000,1.0,vanilla_ec,15.0,0,0,50000,98,healthy,99,healthy,0,12.5,16.8,18.8,200000,0.0,0,0,0,0,0,0
realistic_2pct,vanilla_ec,baseline,,,,,,dynamic_realistic_100d_2pct_hdd,100,44,1000000,5000,1.0,vanilla_ec,15.0,1,50000,100000,98,healthy,99,healthy,0,12.5,16.8,18.7,200000,0.0,0,0,0,0,0,0
realistic_2pct,vanilla_ec,baseline,,,,,,dynamic_realistic_100d_2pct_hdd,100,44,1000000,5000,1.0,vanilla_ec,15.0,2,100000,150000,98,healthy,99,healthy,0,12.5,16.8,18.8,200000,0.0,0,0,0,0,0,0
realistic_2pct,vanilla_ec,baseline,,,,,,dynamic_realistic_100d_2pct_hdd,100,44,1000000,5000,1.0,vanilla_ec,15.0,3,150000,200000,98,mild_slow,99,healthy,1,12.6,17.8,27.7,200000,0.0,0,0,0,0,0,0
realistic_2pct,vanilla_ec,baseline,,,,,,dynamic_realistic_100d_2pct_hdd,100,44,1000000,5000,1.0,vanilla_ec,15.0,4,200000,250000,98,mild_slow,99,healthy,1,12.6,17.6,27.1,200000,0.0,0,0,0,0,0,0
realistic_2pct,vanilla_ec,baseline,,,,,,dynamic_realistic_100d_2pct_hdd,100,44,1000000,5000,1.0,vanilla_ec,15.0,5,250000,300000,98,mild_slow,99,healthy,1,12.6,17.6,27.4,200000,0.0,0,0,0,0,0,0
realistic_2pct,vanilla_ec,baseline,,,,,,dynamic_realistic_100d_2pct_hdd,100,44,1000000,5000,1.0,vanilla_ec,15.0,6,300000,350000,98,severe_slow,99,healthy,1,12.6,18.0,64.2,200000,0.0,0,0,0,0,0,0
realistic_2pct,vanilla_ec,baseline,,,,,,dynamic_realistic_100d_2pct_hdd,100,44,1000000,5000,1.0,vanilla_ec,15.0,7,350000,400000,98,severe_slow,99,healthy,1,12.6,18.0,62.7,200000,0.0,0,0,0,0,0,0
realistic_2pct,vanilla_ec,baseline,,,,,,dynamic_realistic_100d_2pct_hdd,100,44,1000000,5000,1.0,vanilla_ec,15.0,8,400000,450000,98,severe_slow,99,healthy,1,12.6,17.9,62.6,200000,0.0,0,0,0,0,0,0
realistic_2pct,vanilla_ec,baseline,,,,,,dynamic_realistic_100d_2pct_hdd,100,44,1000000,5000,1.0,vanilla_ec,15.0,9,450000,500000,98,recovery,99,mild_slow,1,12.6,17.6,27.2,200000,0.0,0,0,0,0,0,0
realistic_2pct,vanilla_ec,baseline,,,,,,dynamic_realistic_100d_2pct_hdd,100,44,1000000,5000,1.0,vanilla_ec,15.0,10,500000,550000,98,recovery,99,mild_slow,1,12.6,17.7,27.9,200000,0.0,0,0,0,0,0,0
realistic_2pct,vanilla_ec,baseline,,,,,,dynamic_realistic_100d_2pct_hdd,100,44,1000000,5000,1.0,vanilla_ec,15.0,11,550000,600000,98,healthy,99,severe_slow,1,12.6,18.0,65.2,200000,0.0,0,0,0,0,0,0
realistic_2pct,vanilla_ec,baseline,,,,,,dynamic_realistic_100d_2pct_hdd,100,44,1000000,5000,1.0,vanilla_ec,15.0,12,600000,650000,98,healthy,99,severe_slow,1,12.6,18.0,64.5,200000,0.0,0,0,0,0,0,0
realistic_2pct,vanilla_ec,baseline,,,,,,dynamic_realistic_100d_2pct_hdd,100,44,1000000,5000,1.0,vanilla_ec,15.0,13,650000,700000,98,healthy,99,severe_slow,1,12.6,17.9,64.1,200000,0.0,0,0,0,0,0,0
realistic_2pct,vanilla_ec,baseline,,,,,,dynamic_realistic_100d_2pct_hdd,100,44,1000000,5000,1.0,vanilla_ec,15.0,14,700000,750000,98,mild_slow,99,recovery,1,12.6,17.7,27.4,200000,0.0,0,0,0,0,0,0
realistic_2pct,vanilla_ec,baseline,,,,,,dynamic_realistic_100d_2pct_hdd,100,44,1000000,5000,1.0,vanilla_ec,15.0,15,750000,800000,98,recovery,99,recovery,0,12.5,17.2,19.7,200000,0.0,0,0,0,0,0,0
realistic_2pct,vanilla_ec,baseline,,,,,,dynamic_realistic_100d_2pct_hdd,100,44,1000000,5000,1.0,vanilla_ec,15.0,16,800000,850000,98,healthy,99,healthy,0,12.5,16.8,18.8,200000,0.0,0,0,0,0,0,0
realistic_2pct,vanilla_ec,baseline,,,,,,dynamic_realistic_100d_2pct_hdd,100,44,1000000,5000,1.0,vanilla_ec,15.0,17,850000,900000,98,healthy,99,healthy,0,12.5,16.8,18.8,200000,0.0,0,0,0,0,0,0
realistic_2pct,vanilla_ec,baseline,,,,,,dynamic_realistic_100d_2pct_hdd,100,44,1000000,5000,1.0,vanilla_ec,15.0,18,900000,950000,98,healthy,99,healthy,0,12.5,16.9,18.8,200000,0.0,0,0,0,0,0,0
realistic_2pct,vanilla_ec,baseline,,,,,,dynamic_realistic_100d_2pct_hdd,100,44,1000000,5000,1.0,vanilla_ec,15.0,19,950000,1000000,98,healthy,99,healthy,0,12.5,16.9,18.9,200000,0.0,0,0,0,0,0,0
realistic_2pct,late_binding,baseline,,,,,,dynamic_realistic_100d_2pct_hdd,100,44,1000000,5000,1.0,late_binding,15.0,0,0,50000,98,healthy,99,healthy,0,10.7,14.0,15.4,250000,25.0,50000,50000,39978,0,0,0
realistic_2pct,late_binding,baseline,,,,,,dynamic_realistic_100d_2pct_hdd,100,44,1000000,5000,1.0,late_binding,15.0,1,50000,100000,98,healthy,99,healthy,0,10.7,14.0,15.4,250000,25.0,50000,50000,40008,0,0,0
realistic_2pct,late_binding,baseline,,,,,,dynamic_realistic_100d_2pct_hdd,100,44,1000000,5000,1.0,late_binding,15.0,2,100000,150000,98,healthy,99,healthy,0,10.7,14.0,15.5,250000,25.0,50000,50000,39927,0,0,0
realistic_2pct,late_binding,baseline,,,,,,dynamic_realistic_100d_2pct_hdd,100,44,1000000,5000,1.0,late_binding,15.0,3,150000,200000,98,mild_slow,99,healthy,1,10.8,14.2,15.8,250000,25.0,50000,50000,39920,0,0,0
realistic_2pct,late_binding,baseline,,,,,,dynamic_realistic_100d_2pct_hdd,100,44,1000000,5000,1.0,late_binding,15.0,4,200000,250000,98,mild_slow,99,healthy,1,10.8,14.2,15.9,250000,25.0,50000,50000,39964,0,0,0
realistic_2pct,late_binding,baseline,,,,,,dynamic_realistic_100d_2pct_hdd,100,44,1000000,5000,1.0,late_binding,15.0,5,250000,300000,98,mild_slow,99,healthy,1,10.8,14.2,15.7,250000,25.0,50000,50000,39791,0,0,0
realistic_2pct,late_binding,baseline,,,,,,dynamic_realistic_100d_2pct_hdd,100,44,1000000,5000,1.0,late_binding,15.0,6,300000,350000,98,severe_slow,99,healthy,1,10.8,14.2,15.8,250000,25.0,50000,50000,39794,0,0,0
realistic_2pct,late_binding,baseline,,,,,,dynamic_realistic_100d_2pct_hdd,100,44,1000000,5000,1.0,late_binding,15.0,7,350000,400000,98,severe_slow,99,healthy,1,10.8,14.2,15.8,250000,25.0,50000,50000,39808,0,0,0
realistic_2pct,late_binding,baseline,,,,,,dynamic_realistic_100d_2pct_hdd,100,44,1000000,5000,1.0,late_binding,15.0,8,400000,450000,98,severe_slow,99,healthy,1,10.7,14.2,15.8,250000,25.0,50000,50000,39820,0,0,0
realistic_2pct,late_binding,baseline,,,,,,dynamic_realistic_100d_2pct_hdd,100,44,1000000,5000,1.0,late_binding,15.0,9,450000,500000,98,recovery,99,mild_slow,1,10.8,14.3,16.6,250000,25.0,50000,50000,40156,0,0,0
realistic_2pct,late_binding,baseline,,,,,,dynamic_realistic_100d_2pct_hdd,100,44,1000000,5000,1.0,late_binding,15.0,10,500000,550000,98,recovery,99,mild_slow,1,10.8,14.4,16.7,250000,25.0,50000,50000,40072,0,0,0
realistic_2pct,late_binding,baseline,,,,,,dynamic_realistic_100d_2pct_hdd,100,44,1000000,5000,1.0,late_binding,15.0,11,550000,600000,98,healthy,99,severe_slow,1,10.7,14.1,15.7,250000,25.0,50000,50000,40316,0,0,0
realistic_2pct,late_binding,baseline,,,,,,dynamic_realistic_100d_2pct_hdd,100,44,1000000,5000,1.0,late_binding,15.0,12,600000,650000,98,healthy,99,severe_slow,1,10.7,14.2,15.7,250000,25.0,50000,50000,40314,0,0,0
realistic_2pct,late_binding,baseline,,,,,,dynamic_realistic_100d_2pct_hdd,100,44,1000000,5000,1.0,late_binding,15.0,13,650000,700000,98,healthy,99,severe_slow,1,10.7,14.1,15.7,250000,25.0,50000,50000,40187,0,0,0
realistic_2pct,late_binding,baseline,,,,,,dynamic_realistic_100d_2pct_hdd,100,44,1000000,5000,1.0,late_binding,15.0,14,700000,750000,98,mild_slow,99,recovery,1,10.8,14.4,16.6,250000,25.0,50000,50000,39971,0,0,0
realistic_2pct,late_binding,baseline,,,,,,dynamic_realistic_100d_2pct_hdd,100,44,1000000,5000,1.0,late_binding,15.0,15,750000,800000,98,recovery,99,recovery,0,10.8,14.2,15.9,250000,25.0,50000,50000,39951,0,0,0
realistic_2pct,late_binding,baseline,,,,,,dynamic_realistic_100d_2pct_hdd,100,44,1000000,5000,1.0,late_binding,15.0,16,800000,850000,98,healthy,99,healthy,0,10.7,14.0,15.5,250000,25.0,50000,50000,40014,0,0,0
realistic_2pct,late_binding,baseline,,,,,,dynamic_realistic_100d_2pct_hdd,100,44,1000000,5000,1.0,late_binding,15.0,17,850000,900000,98,healthy,99,healthy,0,10.7,14.0,15.4,250000,25.0,50000,50000,39891,0,0,0
realistic_2pct,late_binding,baseline,,,,,,dynamic_realistic_100d_2pct_hdd,100,44,1000000,5000,1.0,late_binding,15.0,18,900000,950000,98,healthy,99,healthy,0,10.7,14.0,15.5,250000,25.0,50000,50000,39817,0,0,0
realistic_2pct,late_binding,baseline,,,,,,dynamic_realistic_100d_2pct_hdd,100,44,1000000,5000,1.0,late_binding,15.0,19,950000,1000000,98,healthy,99,healthy,0,10.7,14.0,15.5,250000,25.0,50000,50000,40068,0,0,0
realistic_2pct,timeout_degraded_read,baseline,,,,,,dynamic_realistic_100d_2pct_hdd,100,44,1000000,5000,1.0,timeout_degraded_read,15.0,0,0,50000,98,healthy,99,healthy,0,12.5,16.8,18.8,208033,4.0,8033,8033,184,0,0,0
realistic_2pct,timeout_degraded_read,baseline,,,,,,dynamic_realistic_100d_2pct_hdd,100,44,1000000,5000,1.0,timeout_degraded_read,15.0,1,50000,100000,98,healthy,99,healthy,0,12.5,16.8,18.7,208137,4.1,8137,8137,165,0,0,0
realistic_2pct,timeout_degraded_read,baseline,,,,,,dynamic_realistic_100d_2pct_hdd,100,44,1000000,5000,1.0,timeout_degraded_read,15.0,2,100000,150000,98,healthy,99,healthy,0,12.5,16.8,18.7,208104,4.1,8104,8104,193,0,0,0
realistic_2pct,timeout_degraded_read,baseline,,,,,,dynamic_realistic_100d_2pct_hdd,100,44,1000000,5000,1.0,timeout_degraded_read,15.0,3,150000,200000,98,mild_slow,99,healthy,1,12.6,17.6,23.3,209102,4.6,9102,9102,966,0,0,0
realistic_2pct,timeout_degraded_read,baseline,,,,,,dynamic_realistic_100d_2pct_hdd,100,44,1000000,5000,1.0,timeout_degraded_read,15.0,4,200000,250000,98,mild_slow,99,healthy,1,12.6,17.5,23.0,209244,4.6,9244,9244,891,0,0,0
realistic_2pct,timeout_degraded_read,baseline,,,,,,dynamic_realistic_100d_2pct_hdd,100,44,1000000,5000,1.0,timeout_degraded_read,15.0,5,250000,300000,98,mild_slow,99,healthy,1,12.6,17.5,22.9,209029,4.5,9029,9029,903,0,0,0
realistic_2pct,timeout_degraded_read,baseline,,,,,,dynamic_realistic_100d_2pct_hdd,100,44,1000000,5000,1.0,timeout_degraded_read,15.0,6,300000,350000,98,severe_slow,99,healthy,1,12.6,17.9,25.4,209396,4.7,9396,9396,1658,0,0,0
realistic_2pct,timeout_degraded_read,baseline,,,,,,dynamic_realistic_100d_2pct_hdd,100,44,1000000,5000,1.0,timeout_degraded_read,15.0,7,350000,400000,98,severe_slow,99,healthy,1,12.6,17.9,25.3,209455,4.7,9455,9455,1586,0,0,0
realistic_2pct,timeout_degraded_read,baseline,,,,,,dynamic_realistic_100d_2pct_hdd,100,44,1000000,5000,1.0,timeout_degraded_read,15.0,8,400000,450000,98,severe_slow,99,healthy,1,12.6,17.8,25.1,209366,4.7,9366,9366,1543,0,0,0
realistic_2pct,timeout_degraded_read,baseline,,,,,,dynamic_realistic_100d_2pct_hdd,100,44,1000000,5000,1.0,timeout_degraded_read,15.0,9,450000,500000,98,recovery,99,mild_slow,1,12.6,17.5,23.3,209190,4.6,9190,9190,946,0,0,0
realistic_2pct,timeout_degraded_read,baseline,,,,,,dynamic_realistic_100d_2pct_hdd,100,44,1000000,5000,1.0,timeout_degraded_read,15.0,10,500000,550000,98,recovery,99,mild_slow,1,12.6,17.7,23.4,209401,4.7,9401,9401,1002,0,0,0
realistic_2pct,timeout_degraded_read,baseline,,,,,,dynamic_realistic_100d_2pct_hdd,100,44,1000000,5000,1.0,timeout_degraded_read,15.0,11,550000,600000,98,healthy,99,severe_slow,1,12.6,17.9,25.4,209401,4.7,9401,9401,1685,0,0,0
realistic_2pct,timeout_degraded_read,baseline,,,,,,dynamic_realistic_100d_2pct_hdd,100,44,1000000,5000,1.0,timeout_degraded_read,15.0,12,600000,650000,98,healthy,99,severe_slow,1,12.6,17.9,25.5,209495,4.7,9495,9495,1701,0,0,0
realistic_2pct,timeout_degraded_read,baseline,,,,,,dynamic_realistic_100d_2pct_hdd,100,44,1000000,5000,1.0,timeout_degraded_read,15.0,13,650000,700000,98,healthy,99,severe_slow,1,12.6,17.8,25.3,209171,4.6,9171,9171,1644,0,0,0
realistic_2pct,timeout_degraded_read,baseline,,,,,,dynamic_realistic_100d_2pct_hdd,100,44,1000000,5000,1.0,timeout_degraded_read,15.0,14,700000,750000,98,mild_slow,99,recovery,1,12.6,17.6,23.2,209137,4.6,9137,9137,952,0,0,0
realistic_2pct,timeout_degraded_read,baseline,,,,,,dynamic_realistic_100d_2pct_hdd,100,44,1000000,5000,1.0,timeout_degraded_read,15.0,15,750000,800000,98,recovery,99,recovery,0,12.5,17.1,19.5,208813,4.4,8813,8813,286,0,0,0
realistic_2pct,timeout_degraded_read,baseline,,,,,,dynamic_realistic_100d_2pct_hdd,100,44,1000000,5000,1.0,timeout_degraded_read,15.0,16,800000,850000,98,healthy,99,healthy,0,12.5,16.8,18.8,208040,4.0,8040,8040,191,0,0,0
realistic_2pct,timeout_degraded_read,baseline,,,,,,dynamic_realistic_100d_2pct_hdd,100,44,1000000,5000,1.0,timeout_degraded_read,15.0,17,850000,900000,98,healthy,99,healthy,0,12.5,16.8,18.7,208057,4.0,8057,8057,162,0,0,0
realistic_2pct,timeout_degraded_read,baseline,,,,,,dynamic_realistic_100d_2pct_hdd,100,44,1000000,5000,1.0,timeout_degraded_read,15.0,18,900000,950000,98,healthy,99,healthy,0,12.5,16.8,18.8,208090,4.0,8090,8090,175,0,0,0
realistic_2pct,timeout_degraded_read,baseline,,,,,,dynamic_realistic_100d_2pct_hdd,100,44,1000000,5000,1.0,timeout_degraded_read,15.0,19,950000,1000000,98,healthy,99,healthy,0,12.5,16.8,18.8,208183,4.1,8183,8183,197,0,0,0
realistic_2pct,t28_default,default,12,0.05,0,0,0,dynamic_realistic_100d_2pct_hdd,100,44,1000000,5000,1.0,health_ec,15.0,0,0,50000,98,healthy,99,healthy,0,12.5,16.8,18.8,200000,0.0,0,0,0,0,0,0
realistic_2pct,t28_default,default,12,0.05,0,0,0,dynamic_realistic_100d_2pct_hdd,100,44,1000000,5000,1.0,health_ec,15.0,1,50000,100000,98,healthy,99,healthy,0,12.5,16.8,18.7,200000,0.0,0,0,0,0,0,0
realistic_2pct,t28_default,default,12,0.05,0,0,0,dynamic_realistic_100d_2pct_hdd,100,44,1000000,5000,1.0,health_ec,15.0,2,100000,150000,98,healthy,99,healthy,0,12.5,16.8,18.8,200000,0.0,0,0,0,0,0,0
realistic_2pct,t28_default,default,12,0.05,0,0,0,dynamic_realistic_100d_2pct_hdd,100,44,1000000,5000,1.0,health_ec,15.0,3,150000,200000,98,mild_slow,99,healthy,1,12.5,17.1,20.3,200681,0.3,681,681,669,1,1,0
realistic_2pct,t28_default,default,12,0.05,0,0,0,dynamic_realistic_100d_2pct_hdd,100,44,1000000,5000,1.0,health_ec,15.0,4,200000,250000,98,mild_slow,99,healthy,1,12.5,17.0,19.3,200802,0.4,802,802,788,0,0,0
realistic_2pct,t28_default,default,12,0.05,0,0,0,dynamic_realistic_100d_2pct_hdd,100,44,1000000,5000,1.0,health_ec,15.0,5,250000,300000,98,mild_slow,99,healthy,1,12.5,16.9,19.3,200842,0.4,842,842,827,0,0,0
realistic_2pct,t28_default,default,12,0.05,0,0,0,dynamic_realistic_100d_2pct_hdd,100,44,1000000,5000,1.0,health_ec,15.0,6,300000,350000,98,severe_slow,99,healthy,1,12.5,16.9,19.1,200935,0.5,935,935,931,1,1,0
realistic_2pct,t28_default,default,12,0.05,0,0,0,dynamic_realistic_100d_2pct_hdd,100,44,1000000,5000,1.0,health_ec,15.0,7,350000,400000,98,severe_slow,99,healthy,1,12.5,16.9,19.0,200967,0.5,967,967,964,0,0,0
realistic_2pct,t28_default,default,12,0.05,0,0,0,dynamic_realistic_100d_2pct_hdd,100,44,1000000,5000,1.0,health_ec,15.0,8,400000,450000,98,severe_slow,99,healthy,1,12.5,16.8,18.8,200950,0.5,950,950,947,0,0,0
realistic_2pct,t28_default,default,12,0.05,0,0,0,dynamic_realistic_100d_2pct_hdd,100,44,1000000,5000,1.0,health_ec,15.0,9,450000,500000,98,recovery,99,mild_slow,1,12.5,16.9,19.1,201158,0.6,1158,1158,1134,1,1,0
realistic_2pct,t28_default,default,12,0.05,0,0,0,dynamic_realistic_100d_2pct_hdd,100,44,1000000,5000,1.0,health_ec,15.0,10,500000,550000,98,recovery,99,mild_slow,1,12.5,16.9,19.1,201217,0.6,1217,1217,1205,0,0,0
realistic_2pct,t28_default,default,12,0.05,0,0,0,dynamic_realistic_100d_2pct_hdd,100,44,1000000,5000,1.0,health_ec,15.0,11,550000,600000,98,healthy,99,severe_slow,1,12.5,16.8,18.8,201087,0.5,1087,1087,1085,1,1,0
realistic_2pct,t28_default,default,12,0.05,0,0,0,dynamic_realistic_100d_2pct_hdd,100,44,1000000,5000,1.0,health_ec,15.0,12,600000,650000,98,healthy,99,severe_slow,1,12.5,16.8,18.8,201061,0.5,1061,1061,1061,0,0,0
realistic_2pct,t28_default,default,12,0.05,0,0,0,dynamic_realistic_100d_2pct_hdd,100,44,1000000,5000,1.0,health_ec,15.0,13,650000,700000,98,healthy,99,severe_slow,1,12.5,16.8,18.8,201021,0.5,1021,1021,1018,0,0,0
realistic_2pct,t28_default,default,12,0.05,0,0,0,dynamic_realistic_100d_2pct_hdd,100,44,1000000,5000,1.0,health_ec,15.0,14,700000,750000,98,mild_slow,99,recovery,1,12.5,16.9,19.1,201016,0.5,1016,1016,1002,0,0,0
realistic_2pct,t28_default,default,12,0.05,0,0,0,dynamic_realistic_100d_2pct_hdd,100,44,1000000,5000,1.0,health_ec,15.0,15,750000,800000,98,recovery,99,recovery,0,12.5,16.8,18.9,200866,0.4,866,866,818,0,0,0
realistic_2pct,t28_default,default,12,0.05,0,0,0,dynamic_realistic_100d_2pct_hdd,100,44,1000000,5000,1.0,health_ec,15.0,16,800000,850000,98,healthy,99,healthy,0,12.5,16.8,18.8,200536,0.3,536,536,419,0,0,0
realistic_2pct,t28_default,default,12,0.05,0,0,0,dynamic_realistic_100d_2pct_hdd,100,44,1000000,5000,1.0,health_ec,15.0,17,850000,900000,98,healthy,99,healthy,0,12.5,16.8,18.8,200220,0.1,220,220,178,0,0,0
realistic_2pct,t28_default,default,12,0.05,0,0,0,dynamic_realistic_100d_2pct_hdd,100,44,1000000,5000,1.0,health_ec,15.0,18,900000,950000,98,healthy,99,healthy,0,12.5,16.8,18.8,200086,0.0,86,86,67,0,0,0
realistic_2pct,t28_default,default,12,0.05,0,0,0,dynamic_realistic_100d_2pct_hdd,100,44,1000000,5000,1.0,health_ec,15.0,19,950000,1000000,98,healthy,99,healthy,0,12.5,16.9,18.9,200038,0.0,38,38,32,0,0,0
realistic_2pct,migration_disabled,disabled,12,0.05,0,0,0,dynamic_realistic_100d_2pct_hdd,100,44,1000000,5000,1.0,health_ec,15.0,0,0,50000,98,healthy,99,healthy,0,12.5,16.8,18.8,200000,0.0,0,0,0,0,0,0
realistic_2pct,migration_disabled,disabled,12,0.05,0,0,0,dynamic_realistic_100d_2pct_hdd,100,44,1000000,5000,1.0,health_ec,15.0,1,50000,100000,98,healthy,99,healthy,0,12.5,16.8,18.7,200000,0.0,0,0,0,0,0,0
realistic_2pct,migration_disabled,disabled,12,0.05,0,0,0,dynamic_realistic_100d_2pct_hdd,100,44,1000000,5000,1.0,health_ec,15.0,2,100000,150000,98,healthy,99,healthy,0,12.5,16.8,18.8,200000,0.0,0,0,0,0,0,0
realistic_2pct,migration_disabled,disabled,12,0.05,0,0,0,dynamic_realistic_100d_2pct_hdd,100,44,1000000,5000,1.0,health_ec,15.0,3,150000,200000,98,mild_slow,99,healthy,1,12.5,17.1,20.3,201000,0.5,1000,1000,972,0,0,0
realistic_2pct,migration_disabled,disabled,12,0.05,0,0,0,dynamic_realistic_100d_2pct_hdd,100,44,1000000,5000,1.0,health_ec,15.0,4,200000,250000,98,mild_slow,99,healthy,1,12.5,17.0,19.3,201157,0.6,1157,1157,1130,0,0,0
realistic_2pct,migration_disabled,disabled,12,0.05,0,0,0,dynamic_realistic_100d_2pct_hdd,100,44,1000000,5000,1.0,health_ec,15.0,5,250000,300000,98,mild_slow,99,healthy,1,12.5,16.9,19.3,201183,0.6,1183,1183,1164,0,0,0
realistic_2pct,migration_disabled,disabled,12,0.05,0,0,0,dynamic_realistic_100d_2pct_hdd,100,44,1000000,5000,1.0,health_ec,15.0,6,300000,350000,98,severe_slow,99,healthy,1,12.5,16.9,19.1,201415,0.7,1415,1415,1411,0,0,0
realistic_2pct,migration_disabled,disabled,12,0.05,0,0,0,dynamic_realistic_100d_2pct_hdd,100,44,1000000,5000,1.0,health_ec,15.0,7,350000,400000,98,severe_slow,99,healthy,1,12.5,16.9,19.0,201456,0.7,1456,1456,1451,0,0,0
realistic_2pct,migration_disabled,disabled,12,0.05,0,0,0,dynamic_realistic_100d_2pct_hdd,100,44,1000000,5000,1.0,health_ec,15.0,8,400000,450000,98,severe_slow,99,healthy,1,12.5,16.8,18.8,201430,0.7,1430,1430,1426,0,0,0
realistic_2pct,migration_disabled,disabled,12,0.05,0,0,0,dynamic_realistic_100d_2pct_hdd,100,44,1000000,5000,1.0,health_ec,15.0,9,450000,500000,98,recovery,99,mild_slow,1,12.5,16.9,19.1,201483,0.7,1483,1483,1456,0,0,0
realistic_2pct,migration_disabled,disabled,12,0.05,0,0,0,dynamic_realistic_100d_2pct_hdd,100,44,1000000,5000,1.0,health_ec,15.0,10,500000,550000,98,recovery,99,mild_slow,1,12.6,17.0,19.2,201543,0.8,1543,1543,1524,0,0,0
realistic_2pct,migration_disabled,disabled,12,0.05,0,0,0,dynamic_realistic_100d_2pct_hdd,100,44,1000000,5000,1.0,health_ec,15.0,11,550000,600000,98,healthy,99,severe_slow,1,12.5,16.8,18.8,201543,0.8,1543,1543,1539,0,0,0
realistic_2pct,migration_disabled,disabled,12,0.05,0,0,0,dynamic_realistic_100d_2pct_hdd,100,44,1000000,5000,1.0,health_ec,15.0,12,600000,650000,98,healthy,99,severe_slow,1,12.5,16.8,18.8,201557,0.8,1557,1557,1556,0,0,0
realistic_2pct,migration_disabled,disabled,12,0.05,0,0,0,dynamic_realistic_100d_2pct_hdd,100,44,1000000,5000,1.0,health_ec,15.0,13,650000,700000,98,healthy,99,severe_slow,1,12.5,16.8,18.8,201511,0.8,1511,1511,1507,0,0,0
realistic_2pct,migration_disabled,disabled,12,0.05,0,0,0,dynamic_realistic_100d_2pct_hdd,100,44,1000000,5000,1.0,health_ec,15.0,14,700000,750000,98,mild_slow,99,recovery,1,12.5,17.0,19.2,201456,0.7,1456,1456,1436,0,0,0
realistic_2pct,migration_disabled,disabled,12,0.05,0,0,0,dynamic_realistic_100d_2pct_hdd,100,44,1000000,5000,1.0,health_ec,15.0,15,750000,800000,98,recovery,99,recovery,0,12.5,16.9,19.0,201148,0.6,1148,1148,1079,0,0,0
realistic_2pct,migration_disabled,disabled,12,0.05,0,0,0,dynamic_realistic_100d_2pct_hdd,100,44,1000000,5000,1.0,health_ec,15.0,16,800000,850000,98,healthy,99,healthy,0,12.5,16.8,18.8,200543,0.3,543,543,425,0,0,0
realistic_2pct,migration_disabled,disabled,12,0.05,0,0,0,dynamic_realistic_100d_2pct_hdd,100,44,1000000,5000,1.0,health_ec,15.0,17,850000,900000,98,healthy,99,healthy,0,12.5,16.8,18.8,200219,0.1,219,219,177,0,0,0
realistic_2pct,migration_disabled,disabled,12,0.05,0,0,0,dynamic_realistic_100d_2pct_hdd,100,44,1000000,5000,1.0,health_ec,15.0,18,900000,950000,98,healthy,99,healthy,0,12.5,16.8,18.8,200086,0.0,86,86,67,0,0,0
realistic_2pct,migration_disabled,disabled,12,0.05,0,0,0,dynamic_realistic_100d_2pct_hdd,100,44,1000000,5000,1.0,health_ec,15.0,19,950000,1000000,98,healthy,99,healthy,0,12.5,16.9,18.9,200039,0.0,39,39,33,0,0,0
realistic_2pct,threshold_d2_a005,threshold_alpha,2,0.05,0,0,0,dynamic_realistic_100d_2pct_hdd,100,44,1000000,5000,1.0,health_ec,15.0,0,0,50000,98,healthy,99,healthy,0,12.5,16.8,18.8,200000,0.0,0,0,0,0,0,0
realistic_2pct,threshold_d2_a005,threshold_alpha,2,0.05,0,0,0,dynamic_realistic_100d_2pct_hdd,100,44,1000000,5000,1.0,health_ec,15.0,1,50000,100000,98,healthy,99,healthy,0,12.5,16.8,18.7,200000,0.0,0,0,0,0,0,0
realistic_2pct,threshold_d2_a005,threshold_alpha,2,0.05,0,0,0,dynamic_realistic_100d_2pct_hdd,100,44,1000000,5000,1.0,health_ec,15.0,2,100000,150000,98,healthy,99,healthy,0,12.5,16.8,18.8,200000,0.0,0,0,0,0,0,0
realistic_2pct,threshold_d2_a005,threshold_alpha,2,0.05,0,0,0,dynamic_realistic_100d_2pct_hdd,100,44,1000000,5000,1.0,health_ec,15.0,3,150000,200000,98,mild_slow,99,healthy,1,12.5,17.1,20.3,200410,0.2,410,410,402,5,5,0
realistic_2pct,threshold_d2_a005,threshold_alpha,2,0.05,0,0,0,dynamic_realistic_100d_2pct_hdd,100,44,1000000,5000,1.0,health_ec,15.0,4,200000,250000,98,mild_slow,99,healthy,1,12.5,17.0,19.3,200423,0.2,423,423,416,0,0,0
realistic_2pct,threshold_d2_a005,threshold_alpha,2,0.05,0,0,0,dynamic_realistic_100d_2pct_hdd,100,44,1000000,5000,1.0,health_ec,15.0,5,250000,300000,98,mild_slow,99,healthy,1,12.5,16.9,19.3,200461,0.2,461,461,452,1,1,0
realistic_2pct,threshold_d2_a005,threshold_alpha,2,0.05,0,0,0,dynamic_realistic_100d_2pct_hdd,100,44,1000000,5000,1.0,health_ec,15.0,6,300000,350000,98,severe_slow,99,healthy,1,12.5,16.9,19.1,200623,0.3,623,623,619,3,3,0
realistic_2pct,threshold_d2_a005,threshold_alpha,2,0.05,0,0,0,dynamic_realistic_100d_2pct_hdd,100,44,1000000,5000,1.0,health_ec,15.0,7,350000,400000,98,severe_slow,99,healthy,1,12.5,16.9,19.0,200620,0.3,620,620,617,1,1,0
realistic_2pct,threshold_d2_a005,threshold_alpha,2,0.05,0,0,0,dynamic_realistic_100d_2pct_hdd,100,44,1000000,5000,1.0,health_ec,15.0,8,400000,450000,98,severe_slow,99,healthy,1,12.5,16.8,18.8,200617,0.3,617,617,615,0,0,0
realistic_2pct,threshold_d2_a005,threshold_alpha,2,0.05,0,0,0,dynamic_realistic_100d_2pct_hdd,100,44,1000000,5000,1.0,health_ec,15.0,9,450000,500000,98,recovery,99,mild_slow,1,12.5,16.9,19.2,200791,0.4,791,791,771,5,5,0
realistic_2pct,threshold_d2_a005,threshold_alpha,2,0.05,0,0,0,dynamic_realistic_100d_2pct_hdd,100,44,1000000,5000,1.0,health_ec,15.0,10,500000,550000,98,recovery,99,mild_slow,1,12.5,16.9,19.0,200807,0.4,807,807,800,1,1,0
realistic_2pct,threshold_d2_a005,threshold_alpha,2,0.05,0,0,0,dynamic_realistic_100d_2pct_hdd,100,44,1000000,5000,1.0,health_ec,15.0,11,550000,600000,98,healthy,99,severe_slow,1,12.5,16.8,18.8,200774,0.4,774,774,770,3,2,0
realistic_2pct,threshold_d2_a005,threshold_alpha,2,0.05,0,0,0,dynamic_realistic_100d_2pct_hdd,100,44,1000000,5000,1.0,health_ec,15.0,12,600000,650000,98,healthy,99,severe_slow,1,12.5,16.8,18.8,200724,0.4,724,724,724,1,1,0
realistic_2pct,threshold_d2_a005,threshold_alpha,2,0.05,0,0,0,dynamic_realistic_100d_2pct_hdd,100,44,1000000,5000,1.0,health_ec,15.0,13,650000,700000,98,healthy,99,severe_slow,1,12.5,16.8,18.8,200657,0.3,657,657,654,0,0,0
realistic_2pct,threshold_d2_a005,threshold_alpha,2,0.05,0,0,0,dynamic_realistic_100d_2pct_hdd,100,44,1000000,5000,1.0,health_ec,15.0,14,700000,750000,98,mild_slow,99,recovery,1,12.5,16.9,19.0,200653,0.3,653,653,640,0,0,0
realistic_2pct,threshold_d2_a005,threshold_alpha,2,0.05,0,0,0,dynamic_realistic_100d_2pct_hdd,100,44,1000000,5000,1.0,health_ec,15.0,15,750000,800000,98,recovery,99,recovery,0,12.5,16.8,18.8,200611,0.3,611,611,574,0,0,0
realistic_2pct,threshold_d2_a005,threshold_alpha,2,0.05,0,0,0,dynamic_realistic_100d_2pct_hdd,100,44,1000000,5000,1.0,health_ec,15.0,16,800000,850000,98,healthy,99,healthy,0,12.5,16.8,18.8,200488,0.2,488,488,383,0,0,0
realistic_2pct,threshold_d2_a005,threshold_alpha,2,0.05,0,0,0,dynamic_realistic_100d_2pct_hdd,100,44,1000000,5000,1.0,health_ec,15.0,17,850000,900000,98,healthy,99,healthy,0,12.5,16.8,18.8,200223,0.1,223,223,180,0,0,0
realistic_2pct,threshold_d2_a005,threshold_alpha,2,0.05,0,0,0,dynamic_realistic_100d_2pct_hdd,100,44,1000000,5000,1.0,health_ec,15.0,18,900000,950000,98,healthy,99,healthy,0,12.5,16.8,18.8,200086,0.0,86,86,67,0,0,0
realistic_2pct,threshold_d2_a005,threshold_alpha,2,0.05,0,0,0,dynamic_realistic_100d_2pct_hdd,100,44,1000000,5000,1.0,health_ec,15.0,19,950000,1000000,98,healthy,99,healthy,0,12.5,16.9,18.9,200040,0.0,40,40,33,0,0,0
realistic_2pct,threshold_d4_a005,threshold_alpha,4,0.05,0,0,0,dynamic_realistic_100d_2pct_hdd,100,44,1000000,5000,1.0,health_ec,15.0,0,0,50000,98,healthy,99,healthy,0,12.5,16.8,18.8,200000,0.0,0,0,0,0,0,0
realistic_2pct,threshold_d4_a005,threshold_alpha,4,0.05,0,0,0,dynamic_realistic_100d_2pct_hdd,100,44,1000000,5000,1.0,health_ec,15.0,1,50000,100000,98,healthy,99,healthy,0,12.5,16.8,18.7,200000,0.0,0,0,0,0,0,0
realistic_2pct,threshold_d4_a005,threshold_alpha,4,0.05,0,0,0,dynamic_realistic_100d_2pct_hdd,100,44,1000000,5000,1.0,health_ec,15.0,2,100000,150000,98,healthy,99,healthy,0,12.5,16.8,18.8,200000,0.0,0,0,0,0,0,0
realistic_2pct,threshold_d4_a005,threshold_alpha,4,0.05,0,0,0,dynamic_realistic_100d_2pct_hdd,100,44,1000000,5000,1.0,health_ec,15.0,3,150000,200000,98,mild_slow,99,healthy,1,12.5,17.1,20.3,200489,0.2,489,489,481,3,3,0
realistic_2pct,threshold_d4_a005,threshold_alpha,4,0.05,0,0,0,dynamic_realistic_100d_2pct_hdd,100,44,1000000,5000,1.0,health_ec,15.0,4,200000,250000,98,mild_slow,99,healthy,1,12.5,17.0,19.3,200537,0.3,537,537,528,0,0,0
realistic_2pct,threshold_d4_a005,threshold_alpha,4,0.05,0,0,0,dynamic_realistic_100d_2pct_hdd,100,44,1000000,5000,1.0,health_ec,15.0,5,250000,300000,98,mild_slow,99,healthy,1,12.5,16.9,19.3,200583,0.3,583,583,572,1,1,0
realistic_2pct,threshold_d4_a005,threshold_alpha,4,0.05,0,0,0,dynamic_realistic_100d_2pct_hdd,100,44,1000000,5000,1.0,health_ec,15.0,6,300000,350000,98,severe_slow,99,healthy,1,12.5,16.9,19.1,200762,0.4,762,762,754,1,1,0
realistic_2pct,threshold_d4_a005,threshold_alpha,4,0.05,0,0,0,dynamic_realistic_100d_2pct_hdd,100,44,1000000,5000,1.0,health_ec,15.0,7,350000,400000,98,severe_slow,99,healthy,1,12.5,16.9,19.0,200770,0.4,770,770,767,0,0,0
realistic_2pct,threshold_d4_a005,threshold_alpha,4,0.05,0,0,0,dynamic_realistic_100d_2pct_hdd,100,44,1000000,5000,1.0,health_ec,15.0,8,400000,450000,98,severe_slow,99,healthy,1,12.5,16.8,18.8,200765,0.4,765,765,762,0,0,0
realistic_2pct,threshold_d4_a005,threshold_alpha,4,0.05,0,0,0,dynamic_realistic_100d_2pct_hdd,100,44,1000000,5000,1.0,health_ec,15.0,9,450000,500000,98,recovery,99,mild_slow,1,12.5,16.9,19.1,200947,0.5,947,947,926,3,3,0
realistic_2pct,threshold_d4_a005,threshold_alpha,4,0.05,0,0,0,dynamic_realistic_100d_2pct_hdd,100,44,1000000,5000,1.0,health_ec,15.0,10,500000,550000,98,recovery,99,mild_slow,1,12.5,16.9,19.1,200963,0.5,963,963,955,0,0,0
realistic_2pct,threshold_d4_a005,threshold_alpha,4,0.05,0,0,0,dynamic_realistic_100d_2pct_hdd,100,44,1000000,5000,1.0,health_ec,15.0,11,550000,600000,98,healthy,99,severe_slow,1,12.5,16.8,18.8,200907,0.5,907,907,904,2,2,0
realistic_2pct,threshold_d4_a005,threshold_alpha,4,0.05,0,0,0,dynamic_realistic_100d_2pct_hdd,100,44,1000000,5000,1.0,health_ec,15.0,12,600000,650000,98,healthy,99,severe_slow,1,12.5,16.8,18.8,200849,0.4,849,849,849,0,0,0
realistic_2pct,threshold_d4_a005,threshold_alpha,4,0.05,0,0,0,dynamic_realistic_100d_2pct_hdd,100,44,1000000,5000,1.0,health_ec,15.0,13,650000,700000,98,healthy,99,severe_slow,1,12.5,16.8,18.8,200814,0.4,814,814,811,0,0,0
realistic_2pct,threshold_d4_a005,threshold_alpha,4,0.05,0,0,0,dynamic_realistic_100d_2pct_hdd,100,44,1000000,5000,1.0,health_ec,15.0,14,700000,750000,98,mild_slow,99,recovery,1,12.5,16.9,19.1,200817,0.4,817,817,803,0,0,0
realistic_2pct,threshold_d4_a005,threshold_alpha,4,0.05,0,0,0,dynamic_realistic_100d_2pct_hdd,100,44,1000000,5000,1.0,health_ec,15.0,15,750000,800000,98,recovery,99,recovery,0,12.5,16.8,18.8,200741,0.4,741,741,698,0,0,0
realistic_2pct,threshold_d4_a005,threshold_alpha,4,0.05,0,0,0,dynamic_realistic_100d_2pct_hdd,100,44,1000000,5000,1.0,health_ec,15.0,16,800000,850000,98,healthy,99,healthy,0,12.5,16.8,18.8,200509,0.3,509,509,398,0,0,0
realistic_2pct,threshold_d4_a005,threshold_alpha,4,0.05,0,0,0,dynamic_realistic_100d_2pct_hdd,100,44,1000000,5000,1.0,health_ec,15.0,17,850000,900000,98,healthy,99,healthy,0,12.5,16.8,18.8,200220,0.1,220,220,178,0,0,0
realistic_2pct,threshold_d4_a005,threshold_alpha,4,0.05,0,0,0,dynamic_realistic_100d_2pct_hdd,100,44,1000000,5000,1.0,health_ec,15.0,18,900000,950000,98,healthy,99,healthy,0,12.5,16.8,18.8,200086,0.0,86,86,67,0,0,0
realistic_2pct,threshold_d4_a005,threshold_alpha,4,0.05,0,0,0,dynamic_realistic_100d_2pct_hdd,100,44,1000000,5000,1.0,health_ec,15.0,19,950000,1000000,98,healthy,99,healthy,0,12.5,16.8,18.9,200040,0.0,40,40,33,0,0,0
realistic_2pct,threshold_d6_a005,threshold_alpha,6,0.05,0,0,0,dynamic_realistic_100d_2pct_hdd,100,44,1000000,5000,1.0,health_ec,15.0,0,0,50000,98,healthy,99,healthy,0,12.5,16.8,18.8,200000,0.0,0,0,0,0,0,0
realistic_2pct,threshold_d6_a005,threshold_alpha,6,0.05,0,0,0,dynamic_realistic_100d_2pct_hdd,100,44,1000000,5000,1.0,health_ec,15.0,1,50000,100000,98,healthy,99,healthy,0,12.5,16.8,18.7,200000,0.0,0,0,0,0,0,0
realistic_2pct,threshold_d6_a005,threshold_alpha,6,0.05,0,0,0,dynamic_realistic_100d_2pct_hdd,100,44,1000000,5000,1.0,health_ec,15.0,2,100000,150000,98,healthy,99,healthy,0,12.5,16.8,18.8,200000,0.0,0,0,0,0,0,0
realistic_2pct,threshold_d6_a005,threshold_alpha,6,0.05,0,0,0,dynamic_realistic_100d_2pct_hdd,100,44,1000000,5000,1.0,health_ec,15.0,3,150000,200000,98,mild_slow,99,healthy,1,12.5,17.1,20.3,200532,0.3,532,532,523,2,2,0
realistic_2pct,threshold_d6_a005,threshold_alpha,6,0.05,0,0,0,dynamic_realistic_100d_2pct_hdd,100,44,1000000,5000,1.0,health_ec,15.0,4,200000,250000,98,mild_slow,99,healthy,1,12.5,17.0,19.3,200625,0.3,625,625,613,0,0,0
realistic_2pct,threshold_d6_a005,threshold_alpha,6,0.05,0,0,0,dynamic_realistic_100d_2pct_hdd,100,44,1000000,5000,1.0,health_ec,15.0,5,250000,300000,98,mild_slow,99,healthy,1,12.5,16.9,19.3,200667,0.3,667,667,654,1,1,0
realistic_2pct,threshold_d6_a005,threshold_alpha,6,0.05,0,0,0,dynamic_realistic_100d_2pct_hdd,100,44,1000000,5000,1.0,health_ec,15.0,6,300000,350000,98,severe_slow,99,healthy,1,12.5,16.9,19.1,200817,0.4,817,817,813,1,1,0
realistic_2pct,threshold_d6_a005,threshold_alpha,6,0.05,0,0,0,dynamic_realistic_100d_2pct_hdd,100,44,1000000,5000,1.0,health_ec,15.0,7,350000,400000,98,severe_slow,99,healthy,1,12.5,16.9,19.0,200817,0.4,817,817,814,0,0,0
realistic_2pct,threshold_d6_a005,threshold_alpha,6,0.05,0,0,0,dynamic_realistic_100d_2pct_hdd,100,44,1000000,5000,1.0,health_ec,15.0,8,400000,450000,98,severe_slow,99,healthy,1,12.5,16.8,18.8,200813,0.4,813,813,810,0,0,0
realistic_2pct,threshold_d6_a005,threshold_alpha,6,0.05,0,0,0,dynamic_realistic_100d_2pct_hdd,100,44,1000000,5000,1.0,health_ec,15.0,9,450000,500000,98,recovery,99,mild_slow,1,12.5,16.9,19.0,201005,0.5,1005,1005,985,2,2,0
realistic_2pct,threshold_d6_a005,threshold_alpha,6,0.05,0,0,0,dynamic_realistic_100d_2pct_hdd,100,44,1000000,5000,1.0,health_ec,15.0,10,500000,550000,98,recovery,99,mild_slow,1,12.5,16.9,19.1,201057,0.5,1057,1057,1046,0,0,0
realistic_2pct,threshold_d6_a005,threshold_alpha,6,0.05,0,0,0,dynamic_realistic_100d_2pct_hdd,100,44,1000000,5000,1.0,health_ec,15.0,11,550000,600000,98,healthy,99,severe_slow,1,12.5,16.8,18.8,200982,0.5,982,982,979,2,2,0
realistic_2pct,threshold_d6_a005,threshold_alpha,6,0.05,0,0,0,dynamic_realistic_100d_2pct_hdd,100,44,1000000,5000,1.0,health_ec,15.0,12,600000,650000,98,healthy,99,severe_slow,1,12.5,16.8,18.8,200906,0.5,906,906,906,0,0,0
realistic_2pct,threshold_d6_a005,threshold_alpha,6,0.05,0,0,0,dynamic_realistic_100d_2pct_hdd,100,44,1000000,5000,1.0,health_ec,15.0,13,650000,700000,98,healthy,99,severe_slow,1,12.5,16.8,18.8,200873,0.4,873,873,870,0,0,0
realistic_2pct,threshold_d6_a005,threshold_alpha,6,0.05,0,0,0,dynamic_realistic_100d_2pct_hdd,100,44,1000000,5000,1.0,health_ec,15.0,14,700000,750000,98,mild_slow,99,recovery,1,12.5,16.9,19.1,200870,0.4,870,870,856,0,0,0
realistic_2pct,threshold_d6_a005,threshold_alpha,6,0.05,0,0,0,dynamic_realistic_100d_2pct_hdd,100,44,1000000,5000,1.0,health_ec,15.0,15,750000,800000,98,recovery,99,recovery,0,12.5,16.8,18.8,200781,0.4,781,781,736,0,0,0
realistic_2pct,threshold_d6_a005,threshold_alpha,6,0.05,0,0,0,dynamic_realistic_100d_2pct_hdd,100,44,1000000,5000,1.0,health_ec,15.0,16,800000,850000,98,healthy,99,healthy,0,12.5,16.8,18.8,200509,0.3,509,509,398,0,0,0
realistic_2pct,threshold_d6_a005,threshold_alpha,6,0.05,0,0,0,dynamic_realistic_100d_2pct_hdd,100,44,1000000,5000,1.0,health_ec,15.0,17,850000,900000,98,healthy,99,healthy,0,12.5,16.8,18.8,200220,0.1,220,220,178,0,0,0
realistic_2pct,threshold_d6_a005,threshold_alpha,6,0.05,0,0,0,dynamic_realistic_100d_2pct_hdd,100,44,1000000,5000,1.0,health_ec,15.0,18,900000,950000,98,healthy,99,healthy,0,12.5,16.8,18.8,200086,0.0,86,86,67,0,0,0
realistic_2pct,threshold_d6_a005,threshold_alpha,6,0.05,0,0,0,dynamic_realistic_100d_2pct_hdd,100,44,1000000,5000,1.0,health_ec,15.0,19,950000,1000000,98,healthy,99,healthy,0,12.5,16.9,18.9,200040,0.0,40,40,33,0,0,0
realistic_2pct,threshold_d8_a005,threshold_alpha,8,0.05,0,0,0,dynamic_realistic_100d_2pct_hdd,100,44,1000000,5000,1.0,health_ec,15.0,0,0,50000,98,healthy,99,healthy,0,12.5,16.8,18.8,200000,0.0,0,0,0,0,0,0
realistic_2pct,threshold_d8_a005,threshold_alpha,8,0.05,0,0,0,dynamic_realistic_100d_2pct_hdd,100,44,1000000,5000,1.0,health_ec,15.0,1,50000,100000,98,healthy,99,healthy,0,12.5,16.8,18.7,200000,0.0,0,0,0,0,0,0
realistic_2pct,threshold_d8_a005,threshold_alpha,8,0.05,0,0,0,dynamic_realistic_100d_2pct_hdd,100,44,1000000,5000,1.0,health_ec,15.0,2,100000,150000,98,healthy,99,healthy,0,12.5,16.8,18.8,200000,0.0,0,0,0,0,0,0
realistic_2pct,threshold_d8_a005,threshold_alpha,8,0.05,0,0,0,dynamic_realistic_100d_2pct_hdd,100,44,1000000,5000,1.0,health_ec,15.0,3,150000,200000,98,mild_slow,99,healthy,1,12.5,17.1,20.3,200551,0.3,551,551,541,2,2,0
realistic_2pct,threshold_d8_a005,threshold_alpha,8,0.05,0,0,0,dynamic_realistic_100d_2pct_hdd,100,44,1000000,5000,1.0,health_ec,15.0,4,200000,250000,98,mild_slow,99,healthy,1,12.5,17.0,19.3,200625,0.3,625,625,613,0,0,0
realistic_2pct,threshold_d8_a005,threshold_alpha,8,0.05,0,0,0,dynamic_realistic_100d_2pct_hdd,100,44,1000000,5000,1.0,health_ec,15.0,5,250000,300000,98,mild_slow,99,healthy,1,12.5,16.9,19.3,200695,0.3,695,695,681,0,0,0
realistic_2pct,threshold_d8_a005,threshold_alpha,8,0.05,0,0,0,dynamic_realistic_100d_2pct_hdd,100,44,1000000,5000,1.0,health_ec,15.0,6,300000,350000,98,severe_slow,99,healthy,1,12.5,16.9,19.1,200923,0.5,923,923,919,0,0,0
realistic_2pct,threshold_d8_a005,threshold_alpha,8,0.05,0,0,0,dynamic_realistic_100d_2pct_hdd,100,44,1000000,5000,1.0,health_ec,15.0,7,350000,400000,98,severe_slow,99,healthy,1,12.5,16.9,19.0,200893,0.4,893,893,890,1,1,0
realistic_2pct,threshold_d8_a005,threshold_alpha,8,0.05,0,0,0,dynamic_realistic_100d_2pct_hdd,100,44,1000000,5000,1.0,health_ec,15.0,8,400000,450000,98,severe_slow,99,healthy,1,12.5,16.8,18.8,200870,0.4,870,870,867,0,0,0
realistic_2pct,threshold_d8_a005,threshold_alpha,8,0.05,0,0,0,dynamic_realistic_100d_2pct_hdd,100,44,1000000,5000,1.0,health_ec,15.0,9,450000,500000,98,recovery,99,mild_slow,1,12.5,16.9,19.0,201099,0.5,1099,1099,1076,2,2,0
realistic_2pct,threshold_d8_a005,threshold_alpha,8,0.05,0,0,0,dynamic_realistic_100d_2pct_hdd,100,44,1000000,5000,1.0,health_ec,15.0,10,500000,550000,98,recovery,99,mild_slow,1,12.5,16.9,19.1,201057,0.5,1057,1057,1046,0,0,0
realistic_2pct,threshold_d8_a005,threshold_alpha,8,0.05,0,0,0,dynamic_realistic_100d_2pct_hdd,100,44,1000000,5000,1.0,health_ec,15.0,11,550000,600000,98,healthy,99,severe_slow,1,12.5,16.8,18.8,201065,0.5,1065,1065,1063,0,0,0
realistic_2pct,threshold_d8_a005,threshold_alpha,8,0.05,0,0,0,dynamic_realistic_100d_2pct_hdd,100,44,1000000,5000,1.0,health_ec,15.0,12,600000,650000,98,healthy,99,severe_slow,1,12.5,16.8,18.8,201010,0.5,1010,1010,1010,1,1,0
realistic_2pct,threshold_d8_a005,threshold_alpha,8,0.05,0,0,0,dynamic_realistic_100d_2pct_hdd,100,44,1000000,5000,1.0,health_ec,15.0,13,650000,700000,98,healthy,99,severe_slow,1,12.5,16.8,18.8,200952,0.5,952,952,949,0,0,0
realistic_2pct,threshold_d8_a005,threshold_alpha,8,0.05,0,0,0,dynamic_realistic_100d_2pct_hdd,100,44,1000000,5000,1.0,health_ec,15.0,14,700000,750000,98,mild_slow,99,recovery,1,12.5,16.9,19.1,200934,0.5,934,934,920,0,0,0
realistic_2pct,threshold_d8_a005,threshold_alpha,8,0.05,0,0,0,dynamic_realistic_100d_2pct_hdd,100,44,1000000,5000,1.0,health_ec,15.0,15,750000,800000,98,recovery,99,recovery,0,12.5,16.8,18.8,200842,0.4,842,842,795,0,0,0
realistic_2pct,threshold_d8_a005,threshold_alpha,8,0.05,0,0,0,dynamic_realistic_100d_2pct_hdd,100,44,1000000,5000,1.0,health_ec,15.0,16,800000,850000,98,healthy,99,healthy,0,12.5,16.8,18.8,200536,0.3,536,536,419,0,0,0
realistic_2pct,threshold_d8_a005,threshold_alpha,8,0.05,0,0,0,dynamic_realistic_100d_2pct_hdd,100,44,1000000,5000,1.0,health_ec,15.0,17,850000,900000,98,healthy,99,healthy,0,12.5,16.8,18.8,200220,0.1,220,220,178,0,0,0
realistic_2pct,threshold_d8_a005,threshold_alpha,8,0.05,0,0,0,dynamic_realistic_100d_2pct_hdd,100,44,1000000,5000,1.0,health_ec,15.0,18,900000,950000,98,healthy,99,healthy,0,12.5,16.8,18.8,200087,0.0,87,87,68,0,0,0
realistic_2pct,threshold_d8_a005,threshold_alpha,8,0.05,0,0,0,dynamic_realistic_100d_2pct_hdd,100,44,1000000,5000,1.0,health_ec,15.0,19,950000,1000000,98,healthy,99,healthy,0,12.5,16.9,18.9,200038,0.0,38,38,32,0,0,0
realistic_2pct,threshold_d2_a010,threshold_alpha,2,0.1,0,0,0,dynamic_realistic_100d_2pct_hdd,100,44,1000000,5000,1.0,health_ec,15.0,0,0,50000,98,healthy,99,healthy,0,12.5,16.8,18.8,200000,0.0,0,0,0,0,0,0
realistic_2pct,threshold_d2_a010,threshold_alpha,2,0.1,0,0,0,dynamic_realistic_100d_2pct_hdd,100,44,1000000,5000,1.0,health_ec,15.0,1,50000,100000,98,healthy,99,healthy,0,12.5,16.8,18.7,200000,0.0,0,0,0,0,0,0
realistic_2pct,threshold_d2_a010,threshold_alpha,2,0.1,0,0,0,dynamic_realistic_100d_2pct_hdd,100,44,1000000,5000,1.0,health_ec,15.0,2,100000,150000,98,healthy,99,healthy,0,12.5,16.8,18.8,200000,0.0,0,0,0,0,0,0
realistic_2pct,threshold_d2_a010,threshold_alpha,2,0.1,0,0,0,dynamic_realistic_100d_2pct_hdd,100,44,1000000,5000,1.0,health_ec,15.0,3,150000,200000,98,mild_slow,99,healthy,1,12.5,17.1,20.3,200377,0.2,377,377,370,5,5,0
realistic_2pct,threshold_d2_a010,threshold_alpha,2,0.1,0,0,0,dynamic_realistic_100d_2pct_hdd,100,44,1000000,5000,1.0,health_ec,15.0,4,200000,250000,98,mild_slow,99,healthy,1,12.5,17.0,19.3,200394,0.2,394,394,390,2,2,0
realistic_2pct,threshold_d2_a010,threshold_alpha,2,0.1,0,0,0,dynamic_realistic_100d_2pct_hdd,100,44,1000000,5000,1.0,health_ec,15.0,5,250000,300000,98,mild_slow,99,healthy,1,12.5,16.9,19.3,200404,0.2,404,404,394,1,1,0
realistic_2pct,threshold_d2_a010,threshold_alpha,2,0.1,0,0,0,dynamic_realistic_100d_2pct_hdd,100,44,1000000,5000,1.0,health_ec,15.0,6,300000,350000,98,severe_slow,99,healthy,1,12.5,16.9,19.1,200588,0.3,588,588,582,2,1,0
realistic_2pct,threshold_d2_a010,threshold_alpha,2,0.1,0,0,0,dynamic_realistic_100d_2pct_hdd,100,44,1000000,5000,1.0,health_ec,15.0,7,350000,400000,98,severe_slow,99,healthy,1,12.5,16.9,19.0,200610,0.3,610,610,607,1,1,0
realistic_2pct,threshold_d2_a010,threshold_alpha,2,0.1,0,0,0,dynamic_realistic_100d_2pct_hdd,100,44,1000000,5000,1.0,health_ec,15.0,8,400000,450000,98,severe_slow,99,healthy,1,12.5,16.8,18.8,200600,0.3,600,600,598,0,0,0
realistic_2pct,threshold_d2_a010,threshold_alpha,2,0.1,0,0,0,dynamic_realistic_100d_2pct_hdd,100,44,1000000,5000,1.0,health_ec,15.0,9,450000,500000,98,recovery,99,mild_slow,1,12.5,16.9,19.2,200744,0.4,744,744,724,6,6,0
realistic_2pct,threshold_d2_a010,threshold_alpha,2,0.1,0,0,0,dynamic_realistic_100d_2pct_hdd,100,44,1000000,5000,1.0,health_ec,15.0,10,500000,550000,98,recovery,99,mild_slow,1,12.5,16.9,19.0,200743,0.4,743,743,737,2,2,0
realistic_2pct,threshold_d2_a010,threshold_alpha,2,0.1,0,0,0,dynamic_realistic_100d_2pct_hdd,100,44,1000000,5000,1.0,health_ec,15.0,11,550000,600000,98,healthy,99,severe_slow,1,12.5,16.8,18.8,200743,0.4,743,743,739,2,2,0
realistic_2pct,threshold_d2_a010,threshold_alpha,2,0.1,0,0,0,dynamic_realistic_100d_2pct_hdd,100,44,1000000,5000,1.0,health_ec,15.0,12,600000,650000,98,healthy,99,severe_slow,1,12.5,16.8,18.8,200712,0.4,712,712,712,0,0,0
realistic_2pct,threshold_d2_a010,threshold_alpha,2,0.1,0,0,0,dynamic_realistic_100d_2pct_hdd,100,44,1000000,5000,1.0,health_ec,15.0,13,650000,700000,98,healthy,99,severe_slow,1,12.5,16.8,18.8,200640,0.3,640,640,638,1,1,0
realistic_2pct,threshold_d2_a010,threshold_alpha,2,0.1,0,0,0,dynamic_realistic_100d_2pct_hdd,100,44,1000000,5000,1.0,health_ec,15.0,14,700000,750000,98,mild_slow,99,recovery,1,12.5,16.9,19.0,200627,0.3,627,627,614,0,0,0
realistic_2pct,threshold_d2_a010,threshold_alpha,2,0.1,0,0,0,dynamic_realistic_100d_2pct_hdd,100,44,1000000,5000,1.0,health_ec,15.0,15,750000,800000,98,recovery,99,recovery,0,12.5,16.8,18.8,200600,0.3,600,600,564,0,0,0
realistic_2pct,threshold_d2_a010,threshold_alpha,2,0.1,0,0,0,dynamic_realistic_100d_2pct_hdd,100,44,1000000,5000,1.0,health_ec,15.0,16,800000,850000,98,healthy,99,healthy,0,12.5,16.8,18.8,200477,0.2,477,477,374,0,0,0
realistic_2pct,threshold_d2_a010,threshold_alpha,2,0.1,0,0,0,dynamic_realistic_100d_2pct_hdd,100,44,1000000,5000,1.0,health_ec,15.0,17,850000,900000,98,healthy,99,healthy,0,12.5,16.8,18.8,200223,0.1,223,223,180,0,0,0
realistic_2pct,threshold_d2_a010,threshold_alpha,2,0.1,0,0,0,dynamic_realistic_100d_2pct_hdd,100,44,1000000,5000,1.0,health_ec,15.0,18,900000,950000,98,healthy,99,healthy,0,12.5,16.8,18.8,200086,0.0,86,86,67,0,0,0
realistic_2pct,threshold_d2_a010,threshold_alpha,2,0.1,0,0,0,dynamic_realistic_100d_2pct_hdd,100,44,1000000,5000,1.0,health_ec,15.0,19,950000,1000000,98,healthy,99,healthy,0,12.5,16.8,18.9,200040,0.0,40,40,33,0,0,0
realistic_2pct,threshold_d4_a010,threshold_alpha,4,0.1,0,0,0,dynamic_realistic_100d_2pct_hdd,100,44,1000000,5000,1.0,health_ec,15.0,0,0,50000,98,healthy,99,healthy,0,12.5,16.8,18.8,200000,0.0,0,0,0,0,0,0
realistic_2pct,threshold_d4_a010,threshold_alpha,4,0.1,0,0,0,dynamic_realistic_100d_2pct_hdd,100,44,1000000,5000,1.0,health_ec,15.0,1,50000,100000,98,healthy,99,healthy,0,12.5,16.8,18.7,200000,0.0,0,0,0,0,0,0
realistic_2pct,threshold_d4_a010,threshold_alpha,4,0.1,0,0,0,dynamic_realistic_100d_2pct_hdd,100,44,1000000,5000,1.0,health_ec,15.0,2,100000,150000,98,healthy,99,healthy,0,12.5,16.8,18.8,200000,0.0,0,0,0,0,0,0
realistic_2pct,threshold_d4_a010,threshold_alpha,4,0.1,0,0,0,dynamic_realistic_100d_2pct_hdd,100,44,1000000,5000,1.0,health_ec,15.0,3,150000,200000,98,mild_slow,99,healthy,1,12.5,17.1,20.3,200448,0.2,448,448,440,4,4,0
realistic_2pct,threshold_d4_a010,threshold_alpha,4,0.1,0,0,0,dynamic_realistic_100d_2pct_hdd,100,44,1000000,5000,1.0,health_ec,15.0,4,200000,250000,98,mild_slow,99,healthy,1,12.5,17.0,19.3,200464,0.2,464,464,457,0,0,0
realistic_2pct,threshold_d4_a010,threshold_alpha,4,0.1,0,0,0,dynamic_realistic_100d_2pct_hdd,100,44,1000000,5000,1.0,health_ec,15.0,5,250000,300000,98,mild_slow,99,healthy,1,12.5,16.9,19.3,200554,0.3,554,554,543,0,0,0
realistic_2pct,threshold_d4_a010,threshold_alpha,4,0.1,0,0,0,dynamic_realistic_100d_2pct_hdd,100,44,1000000,5000,1.0,health_ec,15.0,6,300000,350000,98,severe_slow,99,healthy,1,12.5,16.9,19.1,200735,0.4,735,735,731,1,1,0
realistic_2pct,threshold_d4_a010,threshold_alpha,4,0.1,0,0,0,dynamic_realistic_100d_2pct_hdd,100,44,1000000,5000,1.0,health_ec,15.0,7,350000,400000,98,severe_slow,99,healthy,1,12.5,16.9,19.0,200756,0.4,756,756,753,1,1,0
realistic_2pct,threshold_d4_a010,threshold_alpha,4,0.1,0,0,0,dynamic_realistic_100d_2pct_hdd,100,44,1000000,5000,1.0,health_ec,15.0,8,400000,450000,98,severe_slow,99,healthy,1,12.5,16.8,18.8,200725,0.4,725,725,723,0,0,0
realistic_2pct,threshold_d4_a010,threshold_alpha,4,0.1,0,0,0,dynamic_realistic_100d_2pct_hdd,100,44,1000000,5000,1.0,health_ec,15.0,9,450000,500000,98,recovery,99,mild_slow,1,12.5,16.9,19.1,200827,0.4,827,827,809,4,4,0
realistic_2pct,threshold_d4_a010,threshold_alpha,4,0.1,0,0,0,dynamic_realistic_100d_2pct_hdd,100,44,1000000,5000,1.0,health_ec,15.0,10,500000,550000,98,recovery,99,mild_slow,1,12.5,16.9,19.0,200890,0.4,890,890,881,0,0,0
realistic_2pct,threshold_d4_a010,threshold_alpha,4,0.1,0,0,0,dynamic_realistic_100d_2pct_hdd,100,44,1000000,5000,1.0,health_ec,15.0,11,550000,600000,98,healthy,99,severe_slow,1,12.5,16.8,18.9,200885,0.4,885,885,882,2,2,0
realistic_2pct,threshold_d4_a010,threshold_alpha,4,0.1,0,0,0,dynamic_realistic_100d_2pct_hdd,100,44,1000000,5000,1.0,health_ec,15.0,12,600000,650000,98,healthy,99,severe_slow,1,12.5,16.8,18.8,200811,0.4,811,811,811,0,0,0
realistic_2pct,threshold_d4_a010,threshold_alpha,4,0.1,0,0,0,dynamic_realistic_100d_2pct_hdd,100,44,1000000,5000,1.0,health_ec,15.0,13,650000,700000,98,healthy,99,severe_slow,1,12.5,16.8,18.8,200779,0.4,779,779,776,0,0,0
realistic_2pct,threshold_d4_a010,threshold_alpha,4,0.1,0,0,0,dynamic_realistic_100d_2pct_hdd,100,44,1000000,5000,1.0,health_ec,15.0,14,700000,750000,98,mild_slow,99,recovery,1,12.5,16.9,19.1,200784,0.4,784,784,770,0,0,0
realistic_2pct,threshold_d4_a010,threshold_alpha,4,0.1,0,0,0,dynamic_realistic_100d_2pct_hdd,100,44,1000000,5000,1.0,health_ec,15.0,15,750000,800000,98,recovery,99,recovery,0,12.5,16.8,18.8,200699,0.3,699,699,658,0,0,0
realistic_2pct,threshold_d4_a010,threshold_alpha,4,0.1,0,0,0,dynamic_realistic_100d_2pct_hdd,100,44,1000000,5000,1.0,health_ec,15.0,16,800000,850000,98,healthy,99,healthy,0,12.5,16.8,18.8,200502,0.3,502,502,394,0,0,0
realistic_2pct,threshold_d4_a010,threshold_alpha,4,0.1,0,0,0,dynamic_realistic_100d_2pct_hdd,100,44,1000000,5000,1.0,health_ec,15.0,17,850000,900000,98,healthy,99,healthy,0,12.5,16.8,18.8,200220,0.1,220,220,178,0,0,0
realistic_2pct,threshold_d4_a010,threshold_alpha,4,0.1,0,0,0,dynamic_realistic_100d_2pct_hdd,100,44,1000000,5000,1.0,health_ec,15.0,18,900000,950000,98,healthy,99,healthy,0,12.5,16.8,18.8,200086,0.0,86,86,67,0,0,0
realistic_2pct,threshold_d4_a010,threshold_alpha,4,0.1,0,0,0,dynamic_realistic_100d_2pct_hdd,100,44,1000000,5000,1.0,health_ec,15.0,19,950000,1000000,98,healthy,99,healthy,0,12.5,16.9,18.9,200040,0.0,40,40,33,0,0,0
realistic_2pct,threshold_d6_a010,threshold_alpha,6,0.1,0,0,0,dynamic_realistic_100d_2pct_hdd,100,44,1000000,5000,1.0,health_ec,15.0,0,0,50000,98,healthy,99,healthy,0,12.5,16.8,18.8,200000,0.0,0,0,0,0,0,0
realistic_2pct,threshold_d6_a010,threshold_alpha,6,0.1,0,0,0,dynamic_realistic_100d_2pct_hdd,100,44,1000000,5000,1.0,health_ec,15.0,1,50000,100000,98,healthy,99,healthy,0,12.5,16.8,18.7,200000,0.0,0,0,0,0,0,0
realistic_2pct,threshold_d6_a010,threshold_alpha,6,0.1,0,0,0,dynamic_realistic_100d_2pct_hdd,100,44,1000000,5000,1.0,health_ec,15.0,2,100000,150000,98,healthy,99,healthy,0,12.5,16.8,18.8,200000,0.0,0,0,0,0,0,0
realistic_2pct,threshold_d6_a010,threshold_alpha,6,0.1,0,0,0,dynamic_realistic_100d_2pct_hdd,100,44,1000000,5000,1.0,health_ec,15.0,3,150000,200000,98,mild_slow,99,healthy,1,12.5,17.1,20.3,200523,0.3,523,523,515,2,2,0
realistic_2pct,threshold_d6_a010,threshold_alpha,6,0.1,0,0,0,dynamic_realistic_100d_2pct_hdd,100,44,1000000,5000,1.0,health_ec,15.0,4,200000,250000,98,mild_slow,99,healthy,1,12.5,17.0,19.3,200584,0.3,584,584,572,1,1,0
realistic_2pct,threshold_d6_a010,threshold_alpha,6,0.1,0,0,0,dynamic_realistic_100d_2pct_hdd,100,44,1000000,5000,1.0,health_ec,15.0,5,250000,300000,98,mild_slow,99,healthy,1,12.5,16.9,19.3,200627,0.3,627,627,615,0,0,0
realistic_2pct,threshold_d6_a010,threshold_alpha,6,0.1,0,0,0,dynamic_realistic_100d_2pct_hdd,100,44,1000000,5000,1.0,health_ec,15.0,6,300000,350000,98,severe_slow,99,healthy,1,12.5,16.9,19.1,200789,0.4,789,789,785,1,1,0
realistic_2pct,threshold_d6_a010,threshold_alpha,6,0.1,0,0,0,dynamic_realistic_100d_2pct_hdd,100,44,1000000,5000,1.0,health_ec,15.0,7,350000,400000,98,severe_slow,99,healthy,1,12.5,16.9,19.0,200817,0.4,817,817,814,0,0,0
realistic_2pct,threshold_d6_a010,threshold_alpha,6,0.1,0,0,0,dynamic_realistic_100d_2pct_hdd,100,44,1000000,5000,1.0,health_ec,15.0,8,400000,450000,98,severe_slow,99,healthy,1,12.5,16.8,18.8,200813,0.4,813,813,810,0,0,0
realistic_2pct,threshold_d6_a010,threshold_alpha,6,0.1,0,0,0,dynamic_realistic_100d_2pct_hdd,100,44,1000000,5000,1.0,health_ec,15.0,9,450000,500000,98,recovery,99,mild_slow,1,12.5,16.9,19.1,200989,0.5,989,989,969,2,2,0
realistic_2pct,threshold_d6_a010,threshold_alpha,6,0.1,0,0,0,dynamic_realistic_100d_2pct_hdd,100,44,1000000,5000,1.0,health_ec,15.0,10,500000,550000,98,recovery,99,mild_slow,1,12.5,16.9,19.1,201057,0.5,1057,1057,1046,0,0,0
realistic_2pct,threshold_d6_a010,threshold_alpha,6,0.1,0,0,0,dynamic_realistic_100d_2pct_hdd,100,44,1000000,5000,1.0,health_ec,15.0,11,550000,600000,98,healthy,99,severe_slow,1,12.5,16.8,18.8,200957,0.5,957,957,954,2,2,0
realistic_2pct,threshold_d6_a010,threshold_alpha,6,0.1,0,0,0,dynamic_realistic_100d_2pct_hdd,100,44,1000000,5000,1.0,health_ec,15.0,12,600000,650000,98,healthy,99,severe_slow,1,12.5,16.8,18.8,200906,0.5,906,906,906,0,0,0
realistic_2pct,threshold_d6_a010,threshold_alpha,6,0.1,0,0,0,dynamic_realistic_100d_2pct_hdd,100,44,1000000,5000,1.0,health_ec,15.0,13,650000,700000,98,healthy,99,severe_slow,1,12.5,16.8,18.8,200873,0.4,873,873,870,0,0,0
realistic_2pct,threshold_d6_a010,threshold_alpha,6,0.1,0,0,0,dynamic_realistic_100d_2pct_hdd,100,44,1000000,5000,1.0,health_ec,15.0,14,700000,750000,98,mild_slow,99,recovery,1,12.5,16.9,19.1,200870,0.4,870,870,856,0,0,0
realistic_2pct,threshold_d6_a010,threshold_alpha,6,0.1,0,0,0,dynamic_realistic_100d_2pct_hdd,100,44,1000000,5000,1.0,health_ec,15.0,15,750000,800000,98,recovery,99,recovery,0,12.5,16.8,18.8,200781,0.4,781,781,736,0,0,0
realistic_2pct,threshold_d6_a010,threshold_alpha,6,0.1,0,0,0,dynamic_realistic_100d_2pct_hdd,100,44,1000000,5000,1.0,health_ec,15.0,16,800000,850000,98,healthy,99,healthy,0,12.5,16.8,18.8,200509,0.3,509,509,398,0,0,0
realistic_2pct,threshold_d6_a010,threshold_alpha,6,0.1,0,0,0,dynamic_realistic_100d_2pct_hdd,100,44,1000000,5000,1.0,health_ec,15.0,17,850000,900000,98,healthy,99,healthy,0,12.5,16.8,18.8,200220,0.1,220,220,178,0,0,0
realistic_2pct,threshold_d6_a010,threshold_alpha,6,0.1,0,0,0,dynamic_realistic_100d_2pct_hdd,100,44,1000000,5000,1.0,health_ec,15.0,18,900000,950000,98,healthy,99,healthy,0,12.5,16.8,18.8,200086,0.0,86,86,67,0,0,0
realistic_2pct,threshold_d6_a010,threshold_alpha,6,0.1,0,0,0,dynamic_realistic_100d_2pct_hdd,100,44,1000000,5000,1.0,health_ec,15.0,19,950000,1000000,98,healthy,99,healthy,0,12.5,16.9,18.9,200040,0.0,40,40,33,0,0,0
realistic_2pct,threshold_d8_a010,threshold_alpha,8,0.1,0,0,0,dynamic_realistic_100d_2pct_hdd,100,44,1000000,5000,1.0,health_ec,15.0,0,0,50000,98,healthy,99,healthy,0,12.5,16.8,18.8,200000,0.0,0,0,0,0,0,0
realistic_2pct,threshold_d8_a010,threshold_alpha,8,0.1,0,0,0,dynamic_realistic_100d_2pct_hdd,100,44,1000000,5000,1.0,health_ec,15.0,1,50000,100000,98,healthy,99,healthy,0,12.5,16.8,18.7,200000,0.0,0,0,0,0,0,0
realistic_2pct,threshold_d8_a010,threshold_alpha,8,0.1,0,0,0,dynamic_realistic_100d_2pct_hdd,100,44,1000000,5000,1.0,health_ec,15.0,2,100000,150000,98,healthy,99,healthy,0,12.5,16.8,18.8,200000,0.0,0,0,0,0,0,0
realistic_2pct,threshold_d8_a010,threshold_alpha,8,0.1,0,0,0,dynamic_realistic_100d_2pct_hdd,100,44,1000000,5000,1.0,health_ec,15.0,3,150000,200000,98,mild_slow,99,healthy,1,12.5,17.1,20.3,200525,0.3,525,525,517,2,2,0
realistic_2pct,threshold_d8_a010,threshold_alpha,8,0.1,0,0,0,dynamic_realistic_100d_2pct_hdd,100,44,1000000,5000,1.0,health_ec,15.0,4,200000,250000,98,mild_slow,99,healthy,1,12.5,17.0,19.3,200625,0.3,625,625,613,0,0,0
realistic_2pct,threshold_d8_a010,threshold_alpha,8,0.1,0,0,0,dynamic_realistic_100d_2pct_hdd,100,44,1000000,5000,1.0,health_ec,15.0,5,250000,300000,98,mild_slow,99,healthy,1,12.5,16.9,19.3,200695,0.3,695,695,681,0,0,0
realistic_2pct,threshold_d8_a010,threshold_alpha,8,0.1,0,0,0,dynamic_realistic_100d_2pct_hdd,100,44,1000000,5000,1.0,health_ec,15.0,6,300000,350000,98,severe_slow,99,healthy,1,12.5,16.9,19.1,200871,0.4,871,871,867,1,1,0
realistic_2pct,threshold_d8_a010,threshold_alpha,8,0.1,0,0,0,dynamic_realistic_100d_2pct_hdd,100,44,1000000,5000,1.0,health_ec,15.0,7,350000,400000,98,severe_slow,99,healthy,1,12.5,16.9,19.0,200881,0.4,881,881,878,0,0,0
realistic_2pct,threshold_d8_a010,threshold_alpha,8,0.1,0,0,0,dynamic_realistic_100d_2pct_hdd,100,44,1000000,5000,1.0,health_ec,15.0,8,400000,450000,98,severe_slow,99,healthy,1,12.5,16.8,18.8,200870,0.4,870,870,867,0,0,0
realistic_2pct,threshold_d8_a010,threshold_alpha,8,0.1,0,0,0,dynamic_realistic_100d_2pct_hdd,100,44,1000000,5000,1.0,health_ec,15.0,9,450000,500000,98,recovery,99,mild_slow,1,12.5,16.9,19.0,201013,0.5,1013,1013,993,2,2,0
realistic_2pct,threshold_d8_a010,threshold_alpha,8,0.1,0,0,0,dynamic_realistic_100d_2pct_hdd,100,44,1000000,5000,1.0,health_ec,15.0,10,500000,550000,98,recovery,99,mild_slow,1,12.5,16.9,19.1,201057,0.5,1057,1057,1046,0,0,0
realistic_2pct,threshold_d8_a010,threshold_alpha,8,0.1,0,0,0,dynamic_realistic_100d_2pct_hdd,100,44,1000000,5000,1.0,health_ec,15.0,11,550000,600000,98,healthy,99,severe_slow,1,12.5,16.8,18.8,201065,0.5,1065,1065,1063,0,0,0
realistic_2pct,threshold_d8_a010,threshold_alpha,8,0.1,0,0,0,dynamic_realistic_100d_2pct_hdd,100,44,1000000,5000,1.0,health_ec,15.0,12,600000,650000,98,healthy,99,severe_slow,1,12.5,16.8,18.8,200991,0.5,991,991,991,1,1,0
realistic_2pct,threshold_d8_a010,threshold_alpha,8,0.1,0,0,0,dynamic_realistic_100d_2pct_hdd,100,44,1000000,5000,1.0,health_ec,15.0,13,650000,700000,98,healthy,99,severe_slow,1,12.5,16.8,18.8,200952,0.5,952,952,949,0,0,0
realistic_2pct,threshold_d8_a010,threshold_alpha,8,0.1,0,0,0,dynamic_realistic_100d_2pct_hdd,100,44,1000000,5000,1.0,health_ec,15.0,14,700000,750000,98,mild_slow,99,recovery,1,12.5,16.9,19.1,200934,0.5,934,934,920,0,0,0
realistic_2pct,threshold_d8_a010,threshold_alpha,8,0.1,0,0,0,dynamic_realistic_100d_2pct_hdd,100,44,1000000,5000,1.0,health_ec,15.0,15,750000,800000,98,recovery,99,recovery,0,12.5,16.8,18.8,200842,0.4,842,842,795,0,0,0
realistic_2pct,threshold_d8_a010,threshold_alpha,8,0.1,0,0,0,dynamic_realistic_100d_2pct_hdd,100,44,1000000,5000,1.0,health_ec,15.0,16,800000,850000,98,healthy,99,healthy,0,12.5,16.8,18.8,200536,0.3,536,536,419,0,0,0
realistic_2pct,threshold_d8_a010,threshold_alpha,8,0.1,0,0,0,dynamic_realistic_100d_2pct_hdd,100,44,1000000,5000,1.0,health_ec,15.0,17,850000,900000,98,healthy,99,healthy,0,12.5,16.8,18.8,200220,0.1,220,220,178,0,0,0
realistic_2pct,threshold_d8_a010,threshold_alpha,8,0.1,0,0,0,dynamic_realistic_100d_2pct_hdd,100,44,1000000,5000,1.0,health_ec,15.0,18,900000,950000,98,healthy,99,healthy,0,12.5,16.8,18.8,200087,0.0,87,87,68,0,0,0
realistic_2pct,threshold_d8_a010,threshold_alpha,8,0.1,0,0,0,dynamic_realistic_100d_2pct_hdd,100,44,1000000,5000,1.0,health_ec,15.0,19,950000,1000000,98,healthy,99,healthy,0,12.5,16.9,18.9,200038,0.0,38,38,32,0,0,0
realistic_2pct,evidence_w2_d4,window_evidence,4,0.1,2,0,0,dynamic_realistic_100d_2pct_hdd,100,44,1000000,5000,1.0,health_ec,15.0,0,0,50000,98,healthy,99,healthy,0,12.5,16.8,18.8,200000,0.0,0,0,0,0,0,0
realistic_2pct,evidence_w2_d4,window_evidence,4,0.1,2,0,0,dynamic_realistic_100d_2pct_hdd,100,44,1000000,5000,1.0,health_ec,15.0,1,50000,100000,98,healthy,99,healthy,0,12.5,16.8,18.7,200000,0.0,0,0,0,0,0,0
realistic_2pct,evidence_w2_d4,window_evidence,4,0.1,2,0,0,dynamic_realistic_100d_2pct_hdd,100,44,1000000,5000,1.0,health_ec,15.0,2,100000,150000,98,healthy,99,healthy,0,12.5,16.8,18.8,200000,0.0,0,0,0,0,0,0
realistic_2pct,evidence_w2_d4,window_evidence,4,0.1,2,0,0,dynamic_realistic_100d_2pct_hdd,100,44,1000000,5000,1.0,health_ec,15.0,3,150000,200000,98,mild_slow,99,healthy,1,12.5,17.1,20.3,201000,0.5,1000,1000,972,0,0,0
realistic_2pct,evidence_w2_d4,window_evidence,4,0.1,2,0,0,dynamic_realistic_100d_2pct_hdd,100,44,1000000,5000,1.0,health_ec,15.0,4,200000,250000,98,mild_slow,99,healthy,1,12.5,17.0,19.3,200498,0.2,498,498,487,4,4,0
realistic_2pct,evidence_w2_d4,window_evidence,4,0.1,2,0,0,dynamic_realistic_100d_2pct_hdd,100,44,1000000,5000,1.0,health_ec,15.0,5,250000,300000,98,mild_slow,99,healthy,1,12.5,16.9,19.3,200554,0.3,554,554,543,0,0,0
realistic_2pct,evidence_w2_d4,window_evidence,4,0.1,2,0,0,dynamic_realistic_100d_2pct_hdd,100,44,1000000,5000,1.0,health_ec,15.0,6,300000,350000,98,severe_slow,99,healthy,1,12.5,16.9,19.1,200735,0.4,735,735,731,1,1,0
realistic_2pct,evidence_w2_d4,window_evidence,4,0.1,2,0,0,dynamic_realistic_100d_2pct_hdd,100,44,1000000,5000,1.0,health_ec,15.0,7,350000,400000,98,severe_slow,99,healthy,1,12.5,16.9,19.0,200756,0.4,756,756,753,1,1,0
realistic_2pct,evidence_w2_d4,window_evidence,4,0.1,2,0,0,dynamic_realistic_100d_2pct_hdd,100,44,1000000,5000,1.0,health_ec,15.0,8,400000,450000,98,severe_slow,99,healthy,1,12.5,16.8,18.8,200725,0.4,725,725,723,0,0,0
realistic_2pct,evidence_w2_d4,window_evidence,4,0.1,2,0,0,dynamic_realistic_100d_2pct_hdd,100,44,1000000,5000,1.0,health_ec,15.0,9,450000,500000,98,recovery,99,mild_slow,1,12.5,16.9,19.1,201383,0.7,1383,1383,1350,0,0,0
realistic_2pct,evidence_w2_d4,window_evidence,4,0.1,2,0,0,dynamic_realistic_100d_2pct_hdd,100,44,1000000,5000,1.0,health_ec,15.0,10,500000,550000,98,recovery,99,mild_slow,1,12.5,16.9,19.0,200913,0.5,913,913,902,4,4,0
realistic_2pct,evidence_w2_d4,window_evidence,4,0.1,2,0,0,dynamic_realistic_100d_2pct_hdd,100,44,1000000,5000,1.0,health_ec,15.0,11,550000,600000,98,healthy,99,severe_slow,1,12.5,16.8,18.9,200885,0.4,885,885,882,2,2,0
realistic_2pct,evidence_w2_d4,window_evidence,4,0.1,2,0,0,dynamic_realistic_100d_2pct_hdd,100,44,1000000,5000,1.0,health_ec,15.0,12,600000,650000,98,healthy,99,severe_slow,1,12.5,16.8,18.8,200811,0.4,811,811,811,0,0,0
realistic_2pct,evidence_w2_d4,window_evidence,4,0.1,2,0,0,dynamic_realistic_100d_2pct_hdd,100,44,1000000,5000,1.0,health_ec,15.0,13,650000,700000,98,healthy,99,severe_slow,1,12.5,16.8,18.8,200779,0.4,779,779,776,0,0,0
realistic_2pct,evidence_w2_d4,window_evidence,4,0.1,2,0,0,dynamic_realistic_100d_2pct_hdd,100,44,1000000,5000,1.0,health_ec,15.0,14,700000,750000,98,mild_slow,99,recovery,1,12.5,16.9,19.1,200784,0.4,784,784,770,0,0,0
realistic_2pct,evidence_w2_d4,window_evidence,4,0.1,2,0,0,dynamic_realistic_100d_2pct_hdd,100,44,1000000,5000,1.0,health_ec,15.0,15,750000,800000,98,recovery,99,recovery,0,12.5,16.8,18.8,200699,0.3,699,699,658,0,0,0
realistic_2pct,evidence_w2_d4,window_evidence,4,0.1,2,0,0,dynamic_realistic_100d_2pct_hdd,100,44,1000000,5000,1.0,health_ec,15.0,16,800000,850000,98,healthy,99,healthy,0,12.5,16.8,18.8,200502,0.3,502,502,394,0,0,0
realistic_2pct,evidence_w2_d4,window_evidence,4,0.1,2,0,0,dynamic_realistic_100d_2pct_hdd,100,44,1000000,5000,1.0,health_ec,15.0,17,850000,900000,98,healthy,99,healthy,0,12.5,16.8,18.8,200220,0.1,220,220,178,0,0,0
realistic_2pct,evidence_w2_d4,window_evidence,4,0.1,2,0,0,dynamic_realistic_100d_2pct_hdd,100,44,1000000,5000,1.0,health_ec,15.0,18,900000,950000,98,healthy,99,healthy,0,12.5,16.8,18.8,200086,0.0,86,86,67,0,0,0
realistic_2pct,evidence_w2_d4,window_evidence,4,0.1,2,0,0,dynamic_realistic_100d_2pct_hdd,100,44,1000000,5000,1.0,health_ec,15.0,19,950000,1000000,98,healthy,99,healthy,0,12.5,16.9,18.9,200041,0.0,41,41,34,0,0,0
realistic_2pct,evidence_w2_d6,window_evidence,6,0.1,2,0,0,dynamic_realistic_100d_2pct_hdd,100,44,1000000,5000,1.0,health_ec,15.0,0,0,50000,98,healthy,99,healthy,0,12.5,16.8,18.8,200000,0.0,0,0,0,0,0,0
realistic_2pct,evidence_w2_d6,window_evidence,6,0.1,2,0,0,dynamic_realistic_100d_2pct_hdd,100,44,1000000,5000,1.0,health_ec,15.0,1,50000,100000,98,healthy,99,healthy,0,12.5,16.8,18.7,200000,0.0,0,0,0,0,0,0
realistic_2pct,evidence_w2_d6,window_evidence,6,0.1,2,0,0,dynamic_realistic_100d_2pct_hdd,100,44,1000000,5000,1.0,health_ec,15.0,2,100000,150000,98,healthy,99,healthy,0,12.5,16.8,18.8,200000,0.0,0,0,0,0,0,0
realistic_2pct,evidence_w2_d6,window_evidence,6,0.1,2,0,0,dynamic_realistic_100d_2pct_hdd,100,44,1000000,5000,1.0,health_ec,15.0,3,150000,200000,98,mild_slow,99,healthy,1,12.5,17.1,20.3,201000,0.5,1000,1000,972,0,0,0
realistic_2pct,evidence_w2_d6,window_evidence,6,0.1,2,0,0,dynamic_realistic_100d_2pct_hdd,100,44,1000000,5000,1.0,health_ec,15.0,4,200000,250000,98,mild_slow,99,healthy,1,12.5,17.0,19.3,200598,0.3,598,598,583,3,3,0
realistic_2pct,evidence_w2_d6,window_evidence,6,0.1,2,0,0,dynamic_realistic_100d_2pct_hdd,100,44,1000000,5000,1.0,health_ec,15.0,5,250000,300000,98,mild_slow,99,healthy,1,12.5,16.9,19.3,200627,0.3,627,627,615,0,0,0
realistic_2pct,evidence_w2_d6,window_evidence,6,0.1,2,0,0,dynamic_realistic_100d_2pct_hdd,100,44,1000000,5000,1.0,health_ec,15.0,6,300000,350000,98,severe_slow,99,healthy,1,12.5,16.9,19.1,200789,0.4,789,789,785,1,1,0
realistic_2pct,evidence_w2_d6,window_evidence,6,0.1,2,0,0,dynamic_realistic_100d_2pct_hdd,100,44,1000000,5000,1.0,health_ec,15.0,7,350000,400000,98,severe_slow,99,healthy,1,12.5,16.9,19.0,200817,0.4,817,817,814,0,0,0
realistic_2pct,evidence_w2_d6,window_evidence,6,0.1,2,0,0,dynamic_realistic_100d_2pct_hdd,100,44,1000000,5000,1.0,health_ec,15.0,8,400000,450000,98,severe_slow,99,healthy,1,12.5,16.8,18.8,200813,0.4,813,813,810,0,0,0
realistic_2pct,evidence_w2_d6,window_evidence,6,0.1,2,0,0,dynamic_realistic_100d_2pct_hdd,100,44,1000000,5000,1.0,health_ec,15.0,9,450000,500000,98,recovery,99,mild_slow,1,12.5,16.9,19.0,201434,0.7,1434,1434,1402,0,0,0
realistic_2pct,evidence_w2_d6,window_evidence,6,0.1,2,0,0,dynamic_realistic_100d_2pct_hdd,100,44,1000000,5000,1.0,health_ec,15.0,10,500000,550000,98,recovery,99,mild_slow,1,12.5,16.9,19.1,201063,0.5,1063,1063,1052,2,2,0
realistic_2pct,evidence_w2_d6,window_evidence,6,0.1,2,0,0,dynamic_realistic_100d_2pct_hdd,100,44,1000000,5000,1.0,health_ec,15.0,11,550000,600000,98,healthy,99,severe_slow,1,12.5,16.8,18.8,200957,0.5,957,957,954,2,2,0
realistic_2pct,evidence_w2_d6,window_evidence,6,0.1,2,0,0,dynamic_realistic_100d_2pct_hdd,100,44,1000000,5000,1.0,health_ec,15.0,12,600000,650000,98,healthy,99,severe_slow,1,12.5,16.8,18.8,200906,0.5,906,906,906,0,0,0
realistic_2pct,evidence_w2_d6,window_evidence,6,0.1,2,0,0,dynamic_realistic_100d_2pct_hdd,100,44,1000000,5000,1.0,health_ec,15.0,13,650000,700000,98,healthy,99,severe_slow,1,12.5,16.8,18.8,200873,0.4,873,873,870,0,0,0
realistic_2pct,evidence_w2_d6,window_evidence,6,0.1,2,0,0,dynamic_realistic_100d_2pct_hdd,100,44,1000000,5000,1.0,health_ec,15.0,14,700000,750000,98,mild_slow,99,recovery,1,12.5,16.9,19.1,200870,0.4,870,870,856,0,0,0
realistic_2pct,evidence_w2_d6,window_evidence,6,0.1,2,0,0,dynamic_realistic_100d_2pct_hdd,100,44,1000000,5000,1.0,health_ec,15.0,15,750000,800000,98,recovery,99,recovery,0,12.5,16.8,18.8,200781,0.4,781,781,736,0,0,0
realistic_2pct,evidence_w2_d6,window_evidence,6,0.1,2,0,0,dynamic_realistic_100d_2pct_hdd,100,44,1000000,5000,1.0,health_ec,15.0,16,800000,850000,98,healthy,99,healthy,0,12.5,16.8,18.8,200509,0.3,509,509,398,0,0,0
realistic_2pct,evidence_w2_d6,window_evidence,6,0.1,2,0,0,dynamic_realistic_100d_2pct_hdd,100,44,1000000,5000,1.0,health_ec,15.0,17,850000,900000,98,healthy,99,healthy,0,12.5,16.8,18.8,200220,0.1,220,220,178,0,0,0
realistic_2pct,evidence_w2_d6,window_evidence,6,0.1,2,0,0,dynamic_realistic_100d_2pct_hdd,100,44,1000000,5000,1.0,health_ec,15.0,18,900000,950000,98,healthy,99,healthy,0,12.5,16.8,18.8,200086,0.0,86,86,67,0,0,0
realistic_2pct,evidence_w2_d6,window_evidence,6,0.1,2,0,0,dynamic_realistic_100d_2pct_hdd,100,44,1000000,5000,1.0,health_ec,15.0,19,950000,1000000,98,healthy,99,healthy,0,12.5,16.9,18.9,200041,0.0,41,41,34,0,0,0
realistic_2pct,evidence_w3_d4,window_evidence,4,0.1,3,0,0,dynamic_realistic_100d_2pct_hdd,100,44,1000000,5000,1.0,health_ec,15.0,0,0,50000,98,healthy,99,healthy,0,12.5,16.8,18.8,200000,0.0,0,0,0,0,0,0
realistic_2pct,evidence_w3_d4,window_evidence,4,0.1,3,0,0,dynamic_realistic_100d_2pct_hdd,100,44,1000000,5000,1.0,health_ec,15.0,1,50000,100000,98,healthy,99,healthy,0,12.5,16.8,18.7,200000,0.0,0,0,0,0,0,0
realistic_2pct,evidence_w3_d4,window_evidence,4,0.1,3,0,0,dynamic_realistic_100d_2pct_hdd,100,44,1000000,5000,1.0,health_ec,15.0,2,100000,150000,98,healthy,99,healthy,0,12.5,16.8,18.8,200000,0.0,0,0,0,0,0,0
realistic_2pct,evidence_w3_d4,window_evidence,4,0.1,3,0,0,dynamic_realistic_100d_2pct_hdd,100,44,1000000,5000,1.0,health_ec,15.0,3,150000,200000,98,mild_slow,99,healthy,1,12.5,17.1,20.3,201000,0.5,1000,1000,972,0,0,0
realistic_2pct,evidence_w3_d4,window_evidence,4,0.1,3,0,0,dynamic_realistic_100d_2pct_hdd,100,44,1000000,5000,1.0,health_ec,15.0,4,200000,250000,98,mild_slow,99,healthy,1,12.5,17.0,19.3,201157,0.6,1157,1157,1130,0,0,0
realistic_2pct,evidence_w3_d4,window_evidence,4,0.1,3,0,0,dynamic_realistic_100d_2pct_hdd,100,44,1000000,5000,1.0,health_ec,15.0,5,250000,300000,98,mild_slow,99,healthy,1,12.5,16.9,19.3,200604,0.3,604,604,593,4,4,0
realistic_2pct,evidence_w3_d4,window_evidence,4,0.1,3,0,0,dynamic_realistic_100d_2pct_hdd,100,44,1000000,5000,1.0,health_ec,15.0,6,300000,350000,98,severe_slow,99,healthy,1,12.5,16.9,19.1,200735,0.4,735,735,731,1,1,0
realistic_2pct,evidence_w3_d4,window_evidence,4,0.1,3,0,0,dynamic_realistic_100d_2pct_hdd,100,44,1000000,5000,1.0,health_ec,15.0,7,350000,400000,98,severe_slow,99,healthy,1,12.5,16.9,19.0,200756,0.4,756,756,753,1,1,0
realistic_2pct,evidence_w3_d4,window_evidence,4,0.1,3,0,0,dynamic_realistic_100d_2pct_hdd,100,44,1000000,5000,1.0,health_ec,15.0,8,400000,450000,98,severe_slow,99,healthy,1,12.5,16.8,18.8,200725,0.4,725,725,723,0,0,0
realistic_2pct,evidence_w3_d4,window_evidence,4,0.1,3,0,0,dynamic_realistic_100d_2pct_hdd,100,44,1000000,5000,1.0,health_ec,15.0,9,450000,500000,98,recovery,99,mild_slow,1,12.5,16.9,19.1,201382,0.7,1382,1382,1347,0,0,0
realistic_2pct,evidence_w3_d4,window_evidence,4,0.1,3,0,0,dynamic_realistic_100d_2pct_hdd,100,44,1000000,5000,1.0,health_ec,15.0,10,500000,550000,98,recovery,99,mild_slow,1,12.5,16.9,19.0,201543,0.8,1543,1543,1521,0,0,0
realistic_2pct,evidence_w3_d4,window_evidence,4,0.1,3,0,0,dynamic_realistic_100d_2pct_hdd,100,44,1000000,5000,1.0,health_ec,15.0,11,550000,600000,98,healthy,99,severe_slow,1,12.5,16.8,18.9,200892,0.4,892,892,889,6,2,0
realistic_2pct,evidence_w3_d4,window_evidence,4,0.1,3,0,0,dynamic_realistic_100d_2pct_hdd,100,44,1000000,5000,1.0,health_ec,15.0,12,600000,650000,98,healthy,99,severe_slow,1,12.5,16.8,18.8,200811,0.4,811,811,811,0,0,0
realistic_2pct,evidence_w3_d4,window_evidence,4,0.1,3,0,0,dynamic_realistic_100d_2pct_hdd,100,44,1000000,5000,1.0,health_ec,15.0,13,650000,700000,98,healthy,99,severe_slow,1,12.5,16.8,18.8,200779,0.4,779,779,776,0,0,0
realistic_2pct,evidence_w3_d4,window_evidence,4,0.1,3,0,0,dynamic_realistic_100d_2pct_hdd,100,44,1000000,5000,1.0,health_ec,15.0,14,700000,750000,98,mild_slow,99,recovery,1,12.5,16.9,19.0,200784,0.4,784,784,770,0,0,0
realistic_2pct,evidence_w3_d4,window_evidence,4,0.1,3,0,0,dynamic_realistic_100d_2pct_hdd,100,44,1000000,5000,1.0,health_ec,15.0,15,750000,800000,98,recovery,99,recovery,0,12.5,16.8,18.8,200699,0.3,699,699,658,0,0,0
realistic_2pct,evidence_w3_d4,window_evidence,4,0.1,3,0,0,dynamic_realistic_100d_2pct_hdd,100,44,1000000,5000,1.0,health_ec,15.0,16,800000,850000,98,healthy,99,healthy,0,12.5,16.8,18.8,200502,0.3,502,502,394,0,0,0
realistic_2pct,evidence_w3_d4,window_evidence,4,0.1,3,0,0,dynamic_realistic_100d_2pct_hdd,100,44,1000000,5000,1.0,health_ec,15.0,17,850000,900000,98,healthy,99,healthy,0,12.5,16.8,18.8,200220,0.1,220,220,178,0,0,0
realistic_2pct,evidence_w3_d4,window_evidence,4,0.1,3,0,0,dynamic_realistic_100d_2pct_hdd,100,44,1000000,5000,1.0,health_ec,15.0,18,900000,950000,98,healthy,99,healthy,0,12.5,16.8,18.8,200086,0.0,86,86,67,0,0,0
realistic_2pct,evidence_w3_d4,window_evidence,4,0.1,3,0,0,dynamic_realistic_100d_2pct_hdd,100,44,1000000,5000,1.0,health_ec,15.0,19,950000,1000000,98,healthy,99,healthy,0,12.5,16.9,18.9,200041,0.0,41,41,34,0,0,0
realistic_2pct,evidence_w3_d6,window_evidence,6,0.1,3,0,0,dynamic_realistic_100d_2pct_hdd,100,44,1000000,5000,1.0,health_ec,15.0,0,0,50000,98,healthy,99,healthy,0,12.5,16.8,18.8,200000,0.0,0,0,0,0,0,0
realistic_2pct,evidence_w3_d6,window_evidence,6,0.1,3,0,0,dynamic_realistic_100d_2pct_hdd,100,44,1000000,5000,1.0,health_ec,15.0,1,50000,100000,98,healthy,99,healthy,0,12.5,16.8,18.7,200000,0.0,0,0,0,0,0,0
realistic_2pct,evidence_w3_d6,window_evidence,6,0.1,3,0,0,dynamic_realistic_100d_2pct_hdd,100,44,1000000,5000,1.0,health_ec,15.0,2,100000,150000,98,healthy,99,healthy,0,12.5,16.8,18.8,200000,0.0,0,0,0,0,0,0
realistic_2pct,evidence_w3_d6,window_evidence,6,0.1,3,0,0,dynamic_realistic_100d_2pct_hdd,100,44,1000000,5000,1.0,health_ec,15.0,3,150000,200000,98,mild_slow,99,healthy,1,12.5,17.1,20.3,201000,0.5,1000,1000,972,0,0,0
realistic_2pct,evidence_w3_d6,window_evidence,6,0.1,3,0,0,dynamic_realistic_100d_2pct_hdd,100,44,1000000,5000,1.0,health_ec,15.0,4,200000,250000,98,mild_slow,99,healthy,1,12.5,17.0,19.3,201157,0.6,1157,1157,1130,0,0,0
realistic_2pct,evidence_w3_d6,window_evidence,6,0.1,3,0,0,dynamic_realistic_100d_2pct_hdd,100,44,1000000,5000,1.0,health_ec,15.0,5,250000,300000,98,mild_slow,99,healthy,1,12.5,16.9,19.3,200687,0.3,687,687,674,3,3,0
realistic_2pct,evidence_w3_d6,window_evidence,6,0.1,3,0,0,dynamic_realistic_100d_2pct_hdd,100,44,1000000,5000,1.0,health_ec,15.0,6,300000,350000,98,severe_slow,99,healthy,1,12.5,16.9,19.1,200789,0.4,789,789,785,1,1,0
realistic_2pct,evidence_w3_d6,window_evidence,6,0.1,3,0,0,dynamic_realistic_100d_2pct_hdd,100,44,1000000,5000,1.0,health_ec,15.0,7,350000,400000,98,severe_slow,99,healthy,1,12.5,16.9,19.0,200817,0.4,817,817,814,0,0,0
realistic_2pct,evidence_w3_d6,window_evidence,6,0.1,3,0,0,dynamic_realistic_100d_2pct_hdd,100,44,1000000,5000,1.0,health_ec,15.0,8,400000,450000,98,severe_slow,99,healthy,1,12.5,16.8,18.8,200813,0.4,813,813,810,0,0,0
realistic_2pct,evidence_w3_d6,window_evidence,6,0.1,3,0,0,dynamic_realistic_100d_2pct_hdd,100,44,1000000,5000,1.0,health_ec,15.0,9,450000,500000,98,recovery,99,mild_slow,1,12.5,16.9,19.1,201433,0.7,1433,1433,1399,0,0,0
realistic_2pct,evidence_w3_d6,window_evidence,6,0.1,3,0,0,dynamic_realistic_100d_2pct_hdd,100,44,1000000,5000,1.0,health_ec,15.0,10,500000,550000,98,recovery,99,mild_slow,1,12.5,16.9,19.1,201543,0.8,1543,1543,1521,0,0,0
realistic_2pct,evidence_w3_d6,window_evidence,6,0.1,3,0,0,dynamic_realistic_100d_2pct_hdd,100,44,1000000,5000,1.0,health_ec,15.0,11,550000,600000,98,healthy,99,severe_slow,1,12.5,16.8,18.9,200960,0.5,960,960,957,4,2,0
realistic_2pct,evidence_w3_d6,window_evidence,6,0.1,3,0,0,dynamic_realistic_100d_2pct_hdd,100,44,1000000,5000,1.0,health_ec,15.0,12,600000,650000,98,healthy,99,severe_slow,1,12.5,16.8,18.8,200906,0.5,906,906,906,0,0,0
realistic_2pct,evidence_w3_d6,window_evidence,6,0.1,3,0,0,dynamic_realistic_100d_2pct_hdd,100,44,1000000,5000,1.0,health_ec,15.0,13,650000,700000,98,healthy,99,severe_slow,1,12.5,16.8,18.8,200873,0.4,873,873,870,0,0,0
realistic_2pct,evidence_w3_d6,window_evidence,6,0.1,3,0,0,dynamic_realistic_100d_2pct_hdd,100,44,1000000,5000,1.0,health_ec,15.0,14,700000,750000,98,mild_slow,99,recovery,1,12.5,16.9,19.1,200870,0.4,870,870,856,0,0,0
realistic_2pct,evidence_w3_d6,window_evidence,6,0.1,3,0,0,dynamic_realistic_100d_2pct_hdd,100,44,1000000,5000,1.0,health_ec,15.0,15,750000,800000,98,recovery,99,recovery,0,12.5,16.8,18.8,200781,0.4,781,781,736,0,0,0
realistic_2pct,evidence_w3_d6,window_evidence,6,0.1,3,0,0,dynamic_realistic_100d_2pct_hdd,100,44,1000000,5000,1.0,health_ec,15.0,16,800000,850000,98,healthy,99,healthy,0,12.5,16.8,18.8,200509,0.3,509,509,398,0,0,0
realistic_2pct,evidence_w3_d6,window_evidence,6,0.1,3,0,0,dynamic_realistic_100d_2pct_hdd,100,44,1000000,5000,1.0,health_ec,15.0,17,850000,900000,98,healthy,99,healthy,0,12.5,16.8,18.8,200220,0.1,220,220,178,0,0,0
realistic_2pct,evidence_w3_d6,window_evidence,6,0.1,3,0,0,dynamic_realistic_100d_2pct_hdd,100,44,1000000,5000,1.0,health_ec,15.0,18,900000,950000,98,healthy,99,healthy,0,12.5,16.8,18.8,200086,0.0,86,86,67,0,0,0
realistic_2pct,evidence_w3_d6,window_evidence,6,0.1,3,0,0,dynamic_realistic_100d_2pct_hdd,100,44,1000000,5000,1.0,health_ec,15.0,19,950000,1000000,98,healthy,99,healthy,0,12.5,16.9,18.9,200041,0.0,41,41,34,0,0,0
realistic_2pct,topk_k2_d4,topk_budgeted,4,0.1,0,2,0,dynamic_realistic_100d_2pct_hdd,100,44,1000000,5000,1.0,health_ec,15.0,0,0,50000,98,healthy,99,healthy,0,12.5,16.8,18.8,200000,0.0,0,0,0,0,0,0
realistic_2pct,topk_k2_d4,topk_budgeted,4,0.1,0,2,0,dynamic_realistic_100d_2pct_hdd,100,44,1000000,5000,1.0,health_ec,15.0,1,50000,100000,98,healthy,99,healthy,0,12.5,16.8,18.7,200000,0.0,0,0,0,0,0,0
realistic_2pct,topk_k2_d4,topk_budgeted,4,0.1,0,2,0,dynamic_realistic_100d_2pct_hdd,100,44,1000000,5000,1.0,health_ec,15.0,2,100000,150000,98,healthy,99,healthy,0,12.5,16.8,18.8,200000,0.0,0,0,0,0,0,0
realistic_2pct,topk_k2_d4,topk_budgeted,4,0.1,0,2,0,dynamic_realistic_100d_2pct_hdd,100,44,1000000,5000,1.0,health_ec,15.0,3,150000,200000,98,mild_slow,99,healthy,1,12.5,17.1,20.3,201000,0.5,1000,1000,972,0,0,0
realistic_2pct,topk_k2_d4,topk_budgeted,4,0.1,0,2,0,dynamic_realistic_100d_2pct_hdd,100,44,1000000,5000,1.0,health_ec,15.0,4,200000,250000,98,mild_slow,99,healthy,1,12.5,17.0,19.3,200638,0.3,638,638,622,2,2,0
realistic_2pct,topk_k2_d4,topk_budgeted,4,0.1,0,2,0,dynamic_realistic_100d_2pct_hdd,100,44,1000000,5000,1.0,health_ec,15.0,5,250000,300000,98,mild_slow,99,healthy,1,12.5,16.9,19.3,200554,0.3,554,554,543,2,2,0
realistic_2pct,topk_k2_d4,topk_budgeted,4,0.1,0,2,0,dynamic_realistic_100d_2pct_hdd,100,44,1000000,5000,1.0,health_ec,15.0,6,300000,350000,98,severe_slow,99,healthy,1,12.5,16.9,19.1,200768,0.4,768,768,764,0,0,0
realistic_2pct,topk_k2_d4,topk_budgeted,4,0.1,0,2,0,dynamic_realistic_100d_2pct_hdd,100,44,1000000,5000,1.0,health_ec,15.0,7,350000,400000,98,severe_slow,99,healthy,1,12.5,16.9,19.0,200770,0.4,770,770,767,1,1,0
realistic_2pct,topk_k2_d4,topk_budgeted,4,0.1,0,2,0,dynamic_realistic_100d_2pct_hdd,100,44,1000000,5000,1.0,health_ec,15.0,8,400000,450000,98,severe_slow,99,healthy,1,12.5,16.8,18.8,200725,0.4,725,725,723,1,1,0
realistic_2pct,topk_k2_d4,topk_budgeted,4,0.1,0,2,0,dynamic_realistic_100d_2pct_hdd,100,44,1000000,5000,1.0,health_ec,15.0,9,450000,500000,98,recovery,99,mild_slow,1,12.5,16.9,19.1,201393,0.7,1393,1393,1359,0,0,0
realistic_2pct,topk_k2_d4,topk_budgeted,4,0.1,0,2,0,dynamic_realistic_100d_2pct_hdd,100,44,1000000,5000,1.0,health_ec,15.0,10,500000,550000,98,recovery,99,mild_slow,1,12.5,16.9,19.0,201057,0.5,1057,1057,1046,2,2,0
realistic_2pct,topk_k2_d4,topk_budgeted,4,0.1,0,2,0,dynamic_realistic_100d_2pct_hdd,100,44,1000000,5000,1.0,health_ec,15.0,11,550000,600000,98,healthy,99,severe_slow,1,12.5,16.8,18.9,200924,0.5,924,924,921,2,0,0
realistic_2pct,topk_k2_d4,topk_budgeted,4,0.1,0,2,0,dynamic_realistic_100d_2pct_hdd,100,44,1000000,5000,1.0,health_ec,15.0,12,600000,650000,98,healthy,99,severe_slow,1,12.5,16.8,18.8,200811,0.4,811,811,811,2,2,0
realistic_2pct,topk_k2_d4,topk_budgeted,4,0.1,0,2,0,dynamic_realistic_100d_2pct_hdd,100,44,1000000,5000,1.0,health_ec,15.0,13,650000,700000,98,healthy,99,severe_slow,1,12.5,16.8,18.8,200779,0.4,779,779,776,0,0,0
realistic_2pct,topk_k2_d4,topk_budgeted,4,0.1,0,2,0,dynamic_realistic_100d_2pct_hdd,100,44,1000000,5000,1.0,health_ec,15.0,14,700000,750000,98,mild_slow,99,recovery,1,12.5,16.9,19.0,200784,0.4,784,784,770,0,0,0
realistic_2pct,topk_k2_d4,topk_budgeted,4,0.1,0,2,0,dynamic_realistic_100d_2pct_hdd,100,44,1000000,5000,1.0,health_ec,15.0,15,750000,800000,98,recovery,99,recovery,0,12.5,16.8,18.8,200699,0.3,699,699,657,0,0,0
realistic_2pct,topk_k2_d4,topk_budgeted,4,0.1,0,2,0,dynamic_realistic_100d_2pct_hdd,100,44,1000000,5000,1.0,health_ec,15.0,16,800000,850000,98,healthy,99,healthy,0,12.5,16.8,18.8,200502,0.3,502,502,394,0,0,0
realistic_2pct,topk_k2_d4,topk_budgeted,4,0.1,0,2,0,dynamic_realistic_100d_2pct_hdd,100,44,1000000,5000,1.0,health_ec,15.0,17,850000,900000,98,healthy,99,healthy,0,12.5,16.8,18.8,200220,0.1,220,220,178,0,0,0
realistic_2pct,topk_k2_d4,topk_budgeted,4,0.1,0,2,0,dynamic_realistic_100d_2pct_hdd,100,44,1000000,5000,1.0,health_ec,15.0,18,900000,950000,98,healthy,99,healthy,0,12.5,16.8,18.8,200086,0.0,86,86,67,0,0,0
realistic_2pct,topk_k2_d4,topk_budgeted,4,0.1,0,2,0,dynamic_realistic_100d_2pct_hdd,100,44,1000000,5000,1.0,health_ec,15.0,19,950000,1000000,98,healthy,99,healthy,0,12.5,16.9,18.9,200041,0.0,41,41,34,0,0,0
realistic_2pct,topk_k2_d6,topk_budgeted,6,0.1,0,2,0,dynamic_realistic_100d_2pct_hdd,100,44,1000000,5000,1.0,health_ec,15.0,0,0,50000,98,healthy,99,healthy,0,12.5,16.8,18.8,200000,0.0,0,0,0,0,0,0
realistic_2pct,topk_k2_d6,topk_budgeted,6,0.1,0,2,0,dynamic_realistic_100d_2pct_hdd,100,44,1000000,5000,1.0,health_ec,15.0,1,50000,100000,98,healthy,99,healthy,0,12.5,16.8,18.7,200000,0.0,0,0,0,0,0,0
realistic_2pct,topk_k2_d6,topk_budgeted,6,0.1,0,2,0,dynamic_realistic_100d_2pct_hdd,100,44,1000000,5000,1.0,health_ec,15.0,2,100000,150000,98,healthy,99,healthy,0,12.5,16.8,18.8,200000,0.0,0,0,0,0,0,0
realistic_2pct,topk_k2_d6,topk_budgeted,6,0.1,0,2,0,dynamic_realistic_100d_2pct_hdd,100,44,1000000,5000,1.0,health_ec,15.0,3,150000,200000,98,mild_slow,99,healthy,1,12.5,17.1,20.3,201000,0.5,1000,1000,972,0,0,0
realistic_2pct,topk_k2_d6,topk_budgeted,6,0.1,0,2,0,dynamic_realistic_100d_2pct_hdd,100,44,1000000,5000,1.0,health_ec,15.0,4,200000,250000,98,mild_slow,99,healthy,1,12.5,17.0,19.3,200638,0.3,638,638,622,2,2,0
realistic_2pct,topk_k2_d6,topk_budgeted,6,0.1,0,2,0,dynamic_realistic_100d_2pct_hdd,100,44,1000000,5000,1.0,health_ec,15.0,5,250000,300000,98,mild_slow,99,healthy,1,12.5,16.9,19.3,200627,0.3,627,627,615,1,1,0
realistic_2pct,topk_k2_d6,topk_budgeted,6,0.1,0,2,0,dynamic_realistic_100d_2pct_hdd,100,44,1000000,5000,1.0,health_ec,15.0,6,300000,350000,98,severe_slow,99,healthy,1,12.5,16.9,19.1,200836,0.4,836,836,832,0,0,0
realistic_2pct,topk_k2_d6,topk_budgeted,6,0.1,0,2,0,dynamic_realistic_100d_2pct_hdd,100,44,1000000,5000,1.0,health_ec,15.0,7,350000,400000,98,severe_slow,99,healthy,1,12.5,16.9,19.0,200817,0.4,817,817,814,1,1,0
realistic_2pct,topk_k2_d6,topk_budgeted,6,0.1,0,2,0,dynamic_realistic_100d_2pct_hdd,100,44,1000000,5000,1.0,health_ec,15.0,8,400000,450000,98,severe_slow,99,healthy,1,12.5,16.8,18.8,200813,0.4,813,813,810,0,0,0
realistic_2pct,topk_k2_d6,topk_budgeted,6,0.1,0,2,0,dynamic_realistic_100d_2pct_hdd,100,44,1000000,5000,1.0,health_ec,15.0,9,450000,500000,98,recovery,99,mild_slow,1,12.5,16.9,19.0,201434,0.7,1434,1434,1401,0,0,0
realistic_2pct,topk_k2_d6,topk_budgeted,6,0.1,0,2,0,dynamic_realistic_100d_2pct_hdd,100,44,1000000,5000,1.0,health_ec,15.0,10,500000,550000,98,recovery,99,mild_slow,1,12.5,16.9,19.1,201057,0.5,1057,1057,1046,2,2,0
realistic_2pct,topk_k2_d6,topk_budgeted,6,0.1,0,2,0,dynamic_realistic_100d_2pct_hdd,100,44,1000000,5000,1.0,health_ec,15.0,11,550000,600000,98,healthy,99,severe_slow,1,12.5,16.8,18.9,201065,0.5,1065,1065,1063,0,0,0
realistic_2pct,topk_k2_d6,topk_budgeted,6,0.1,0,2,0,dynamic_realistic_100d_2pct_hdd,100,44,1000000,5000,1.0,health_ec,15.0,12,600000,650000,98,healthy,99,severe_slow,1,12.5,16.8,18.8,200906,0.5,906,906,906,2,2,0
realistic_2pct,topk_k2_d6,topk_budgeted,6,0.1,0,2,0,dynamic_realistic_100d_2pct_hdd,100,44,1000000,5000,1.0,health_ec,15.0,13,650000,700000,98,healthy,99,severe_slow,1,12.5,16.8,18.8,200873,0.4,873,873,870,0,0,0
realistic_2pct,topk_k2_d6,topk_budgeted,6,0.1,0,2,0,dynamic_realistic_100d_2pct_hdd,100,44,1000000,5000,1.0,health_ec,15.0,14,700000,750000,98,mild_slow,99,recovery,1,12.5,16.9,19.1,200870,0.4,870,870,856,0,0,0
realistic_2pct,topk_k2_d6,topk_budgeted,6,0.1,0,2,0,dynamic_realistic_100d_2pct_hdd,100,44,1000000,5000,1.0,health_ec,15.0,15,750000,800000,98,recovery,99,recovery,0,12.5,16.8,18.8,200781,0.4,781,781,736,0,0,0
realistic_2pct,topk_k2_d6,topk_budgeted,6,0.1,0,2,0,dynamic_realistic_100d_2pct_hdd,100,44,1000000,5000,1.0,health_ec,15.0,16,800000,850000,98,healthy,99,healthy,0,12.5,16.8,18.8,200509,0.3,509,509,398,0,0,0
realistic_2pct,topk_k2_d6,topk_budgeted,6,0.1,0,2,0,dynamic_realistic_100d_2pct_hdd,100,44,1000000,5000,1.0,health_ec,15.0,17,850000,900000,98,healthy,99,healthy,0,12.5,16.8,18.8,200220,0.1,220,220,178,0,0,0
realistic_2pct,topk_k2_d6,topk_budgeted,6,0.1,0,2,0,dynamic_realistic_100d_2pct_hdd,100,44,1000000,5000,1.0,health_ec,15.0,18,900000,950000,98,healthy,99,healthy,0,12.5,16.8,18.8,200086,0.0,86,86,67,0,0,0
realistic_2pct,topk_k2_d6,topk_budgeted,6,0.1,0,2,0,dynamic_realistic_100d_2pct_hdd,100,44,1000000,5000,1.0,health_ec,15.0,19,950000,1000000,98,healthy,99,healthy,0,12.5,16.9,18.9,200041,0.0,41,41,34,0,0,0
realistic_2pct,topk_k4_d4,topk_budgeted,4,0.1,0,4,0,dynamic_realistic_100d_2pct_hdd,100,44,1000000,5000,1.0,health_ec,15.0,0,0,50000,98,healthy,99,healthy,0,12.5,16.8,18.8,200000,0.0,0,0,0,0,0,0
realistic_2pct,topk_k4_d4,topk_budgeted,4,0.1,0,4,0,dynamic_realistic_100d_2pct_hdd,100,44,1000000,5000,1.0,health_ec,15.0,1,50000,100000,98,healthy,99,healthy,0,12.5,16.8,18.7,200000,0.0,0,0,0,0,0,0
realistic_2pct,topk_k4_d4,topk_budgeted,4,0.1,0,4,0,dynamic_realistic_100d_2pct_hdd,100,44,1000000,5000,1.0,health_ec,15.0,2,100000,150000,98,healthy,99,healthy,0,12.5,16.8,18.8,200000,0.0,0,0,0,0,0,0
realistic_2pct,topk_k4_d4,topk_budgeted,4,0.1,0,4,0,dynamic_realistic_100d_2pct_hdd,100,44,1000000,5000,1.0,health_ec,15.0,3,150000,200000,98,mild_slow,99,healthy,1,12.5,17.1,20.3,201000,0.5,1000,1000,972,0,0,0
realistic_2pct,topk_k4_d4,topk_budgeted,4,0.1,0,4,0,dynamic_realistic_100d_2pct_hdd,100,44,1000000,5000,1.0,health_ec,15.0,4,200000,250000,98,mild_slow,99,healthy,1,12.5,17.0,19.3,200477,0.2,477,477,466,4,4,0
realistic_2pct,topk_k4_d4,topk_budgeted,4,0.1,0,4,0,dynamic_realistic_100d_2pct_hdd,100,44,1000000,5000,1.0,health_ec,15.0,5,250000,300000,98,mild_slow,99,healthy,1,12.5,16.9,19.3,200554,0.3,554,554,543,0,0,0
realistic_2pct,topk_k4_d4,topk_budgeted,4,0.1,0,4,0,dynamic_realistic_100d_2pct_hdd,100,44,1000000,5000,1.0,health_ec,15.0,6,300000,350000,98,severe_slow,99,healthy,1,12.5,16.9,19.1,200768,0.4,768,768,764,0,0,0
realistic_2pct,topk_k4_d4,topk_budgeted,4,0.1,0,4,0,dynamic_realistic_100d_2pct_hdd,100,44,1000000,5000,1.0,health_ec,15.0,7,350000,400000,98,severe_slow,99,healthy,1,12.5,16.9,19.0,200770,0.4,770,770,767,1,1,0
realistic_2pct,topk_k4_d4,topk_budgeted,4,0.1,0,4,0,dynamic_realistic_100d_2pct_hdd,100,44,1000000,5000,1.0,health_ec,15.0,8,400000,450000,98,severe_slow,99,healthy,1,12.5,16.8,18.8,200725,0.4,725,725,723,1,1,0
realistic_2pct,topk_k4_d4,topk_budgeted,4,0.1,0,4,0,dynamic_realistic_100d_2pct_hdd,100,44,1000000,5000,1.0,health_ec,15.0,9,450000,500000,98,recovery,99,mild_slow,1,12.5,16.9,19.1,201393,0.7,1393,1393,1359,0,0,0
realistic_2pct,topk_k4_d4,topk_budgeted,4,0.1,0,4,0,dynamic_realistic_100d_2pct_hdd,100,44,1000000,5000,1.0,health_ec,15.0,10,500000,550000,98,recovery,99,mild_slow,1,12.5,16.9,19.0,200919,0.5,919,919,901,4,4,0
realistic_2pct,topk_k4_d4,topk_budgeted,4,0.1,0,4,0,dynamic_realistic_100d_2pct_hdd,100,44,1000000,5000,1.0,health_ec,15.0,11,550000,600000,98,healthy,99,severe_slow,1,12.5,16.8,18.8,200924,0.5,924,924,921,0,0,0
realistic_2pct,topk_k4_d4,topk_budgeted,4,0.1,0,4,0,dynamic_realistic_100d_2pct_hdd,100,44,1000000,5000,1.0,health_ec,15.0,12,600000,650000,98,healthy,99,severe_slow,1,12.5,16.8,18.8,200811,0.4,811,811,811,2,2,0
realistic_2pct,topk_k4_d4,topk_budgeted,4,0.1,0,4,0,dynamic_realistic_100d_2pct_hdd,100,44,1000000,5000,1.0,health_ec,15.0,13,650000,700000,98,healthy,99,severe_slow,1,12.5,16.8,18.8,200779,0.4,779,779,776,0,0,0
realistic_2pct,topk_k4_d4,topk_budgeted,4,0.1,0,4,0,dynamic_realistic_100d_2pct_hdd,100,44,1000000,5000,1.0,health_ec,15.0,14,700000,750000,98,mild_slow,99,recovery,1,12.5,16.9,19.0,200784,0.4,784,784,770,0,0,0
realistic_2pct,topk_k4_d4,topk_budgeted,4,0.1,0,4,0,dynamic_realistic_100d_2pct_hdd,100,44,1000000,5000,1.0,health_ec,15.0,15,750000,800000,98,recovery,99,recovery,0,12.5,16.8,18.8,200699,0.3,699,699,658,0,0,0
realistic_2pct,topk_k4_d4,topk_budgeted,4,0.1,0,4,0,dynamic_realistic_100d_2pct_hdd,100,44,1000000,5000,1.0,health_ec,15.0,16,800000,850000,98,healthy,99,healthy,0,12.5,16.8,18.8,200502,0.3,502,502,394,0,0,0
realistic_2pct,topk_k4_d4,topk_budgeted,4,0.1,0,4,0,dynamic_realistic_100d_2pct_hdd,100,44,1000000,5000,1.0,health_ec,15.0,17,850000,900000,98,healthy,99,healthy,0,12.5,16.8,18.8,200220,0.1,220,220,178,0,0,0
realistic_2pct,topk_k4_d4,topk_budgeted,4,0.1,0,4,0,dynamic_realistic_100d_2pct_hdd,100,44,1000000,5000,1.0,health_ec,15.0,18,900000,950000,98,healthy,99,healthy,0,12.5,16.8,18.8,200086,0.0,86,86,67,0,0,0
realistic_2pct,topk_k4_d4,topk_budgeted,4,0.1,0,4,0,dynamic_realistic_100d_2pct_hdd,100,44,1000000,5000,1.0,health_ec,15.0,19,950000,1000000,98,healthy,99,healthy,0,12.5,16.9,18.9,200041,0.0,41,41,34,0,0,0
realistic_2pct,topk_k4_d6,topk_budgeted,6,0.1,0,4,0,dynamic_realistic_100d_2pct_hdd,100,44,1000000,5000,1.0,health_ec,15.0,0,0,50000,98,healthy,99,healthy,0,12.5,16.8,18.8,200000,0.0,0,0,0,0,0,0
realistic_2pct,topk_k4_d6,topk_budgeted,6,0.1,0,4,0,dynamic_realistic_100d_2pct_hdd,100,44,1000000,5000,1.0,health_ec,15.0,1,50000,100000,98,healthy,99,healthy,0,12.5,16.8,18.7,200000,0.0,0,0,0,0,0,0
realistic_2pct,topk_k4_d6,topk_budgeted,6,0.1,0,4,0,dynamic_realistic_100d_2pct_hdd,100,44,1000000,5000,1.0,health_ec,15.0,2,100000,150000,98,healthy,99,healthy,0,12.5,16.8,18.8,200000,0.0,0,0,0,0,0,0
realistic_2pct,topk_k4_d6,topk_budgeted,6,0.1,0,4,0,dynamic_realistic_100d_2pct_hdd,100,44,1000000,5000,1.0,health_ec,15.0,3,150000,200000,98,mild_slow,99,healthy,1,12.5,17.1,20.3,201000,0.5,1000,1000,972,0,0,0
realistic_2pct,topk_k4_d6,topk_budgeted,6,0.1,0,4,0,dynamic_realistic_100d_2pct_hdd,100,44,1000000,5000,1.0,health_ec,15.0,4,200000,250000,98,mild_slow,99,healthy,1,12.5,17.0,19.3,200638,0.3,638,638,622,2,2,0
realistic_2pct,topk_k4_d6,topk_budgeted,6,0.1,0,4,0,dynamic_realistic_100d_2pct_hdd,100,44,1000000,5000,1.0,health_ec,15.0,5,250000,300000,98,mild_slow,99,healthy,1,12.5,16.9,19.3,200627,0.3,627,627,615,1,1,0
realistic_2pct,topk_k4_d6,topk_budgeted,6,0.1,0,4,0,dynamic_realistic_100d_2pct_hdd,100,44,1000000,5000,1.0,health_ec,15.0,6,300000,350000,98,severe_slow,99,healthy,1,12.5,16.9,19.1,200836,0.4,836,836,832,0,0,0
realistic_2pct,topk_k4_d6,topk_budgeted,6,0.1,0,4,0,dynamic_realistic_100d_2pct_hdd,100,44,1000000,5000,1.0,health_ec,15.0,7,350000,400000,98,severe_slow,99,healthy,1,12.5,16.9,19.0,200817,0.4,817,817,814,1,1,0
realistic_2pct,topk_k4_d6,topk_budgeted,6,0.1,0,4,0,dynamic_realistic_100d_2pct_hdd,100,44,1000000,5000,1.0,health_ec,15.0,8,400000,450000,98,severe_slow,99,healthy,1,12.5,16.8,18.8,200813,0.4,813,813,810,0,0,0
realistic_2pct,topk_k4_d6,topk_budgeted,6,0.1,0,4,0,dynamic_realistic_100d_2pct_hdd,100,44,1000000,5000,1.0,health_ec,15.0,9,450000,500000,98,recovery,99,mild_slow,1,12.5,16.9,19.0,201434,0.7,1434,1434,1401,0,0,0
realistic_2pct,topk_k4_d6,topk_budgeted,6,0.1,0,4,0,dynamic_realistic_100d_2pct_hdd,100,44,1000000,5000,1.0,health_ec,15.0,10,500000,550000,98,recovery,99,mild_slow,1,12.5,16.9,19.1,201057,0.5,1057,1057,1046,2,2,0
realistic_2pct,topk_k4_d6,topk_budgeted,6,0.1,0,4,0,dynamic_realistic_100d_2pct_hdd,100,44,1000000,5000,1.0,health_ec,15.0,11,550000,600000,98,healthy,99,severe_slow,1,12.5,16.8,18.9,201065,0.5,1065,1065,1063,0,0,0
realistic_2pct,topk_k4_d6,topk_budgeted,6,0.1,0,4,0,dynamic_realistic_100d_2pct_hdd,100,44,1000000,5000,1.0,health_ec,15.0,12,600000,650000,98,healthy,99,severe_slow,1,12.5,16.8,18.8,200906,0.5,906,906,906,2,2,0
realistic_2pct,topk_k4_d6,topk_budgeted,6,0.1,0,4,0,dynamic_realistic_100d_2pct_hdd,100,44,1000000,5000,1.0,health_ec,15.0,13,650000,700000,98,healthy,99,severe_slow,1,12.5,16.8,18.8,200873,0.4,873,873,870,0,0,0
realistic_2pct,topk_k4_d6,topk_budgeted,6,0.1,0,4,0,dynamic_realistic_100d_2pct_hdd,100,44,1000000,5000,1.0,health_ec,15.0,14,700000,750000,98,mild_slow,99,recovery,1,12.5,16.9,19.1,200870,0.4,870,870,856,0,0,0
realistic_2pct,topk_k4_d6,topk_budgeted,6,0.1,0,4,0,dynamic_realistic_100d_2pct_hdd,100,44,1000000,5000,1.0,health_ec,15.0,15,750000,800000,98,recovery,99,recovery,0,12.5,16.8,18.8,200781,0.4,781,781,736,0,0,0
realistic_2pct,topk_k4_d6,topk_budgeted,6,0.1,0,4,0,dynamic_realistic_100d_2pct_hdd,100,44,1000000,5000,1.0,health_ec,15.0,16,800000,850000,98,healthy,99,healthy,0,12.5,16.8,18.8,200509,0.3,509,509,398,0,0,0
realistic_2pct,topk_k4_d6,topk_budgeted,6,0.1,0,4,0,dynamic_realistic_100d_2pct_hdd,100,44,1000000,5000,1.0,health_ec,15.0,17,850000,900000,98,healthy,99,healthy,0,12.5,16.8,18.8,200220,0.1,220,220,178,0,0,0
realistic_2pct,topk_k4_d6,topk_budgeted,6,0.1,0,4,0,dynamic_realistic_100d_2pct_hdd,100,44,1000000,5000,1.0,health_ec,15.0,18,900000,950000,98,healthy,99,healthy,0,12.5,16.8,18.8,200086,0.0,86,86,67,0,0,0
realistic_2pct,topk_k4_d6,topk_budgeted,6,0.1,0,4,0,dynamic_realistic_100d_2pct_hdd,100,44,1000000,5000,1.0,health_ec,15.0,19,950000,1000000,98,healthy,99,healthy,0,12.5,16.9,18.9,200041,0.0,41,41,34,0,0,0
realistic_2pct,hybrid_w2_k2_d4_c1,hybrid,4,0.1,2,2,1,dynamic_realistic_100d_2pct_hdd,100,44,1000000,5000,1.0,health_ec,15.0,0,0,50000,98,healthy,99,healthy,0,12.5,16.8,18.8,200000,0.0,0,0,0,0,0,0
realistic_2pct,hybrid_w2_k2_d4_c1,hybrid,4,0.1,2,2,1,dynamic_realistic_100d_2pct_hdd,100,44,1000000,5000,1.0,health_ec,15.0,1,50000,100000,98,healthy,99,healthy,0,12.5,16.8,18.7,200000,0.0,0,0,0,0,0,0
realistic_2pct,hybrid_w2_k2_d4_c1,hybrid,4,0.1,2,2,1,dynamic_realistic_100d_2pct_hdd,100,44,1000000,5000,1.0,health_ec,15.0,2,100000,150000,98,healthy,99,healthy,0,12.5,16.8,18.8,200000,0.0,0,0,0,0,0,0
realistic_2pct,hybrid_w2_k2_d4_c1,hybrid,4,0.1,2,2,1,dynamic_realistic_100d_2pct_hdd,100,44,1000000,5000,1.0,health_ec,15.0,3,150000,200000,98,mild_slow,99,healthy,1,12.5,17.1,20.3,201000,0.5,1000,1000,972,0,0,0
realistic_2pct,hybrid_w2_k2_d4_c1,hybrid,4,0.1,2,2,1,dynamic_realistic_100d_2pct_hdd,100,44,1000000,5000,1.0,health_ec,15.0,4,200000,250000,98,mild_slow,99,healthy,1,12.5,17.0,19.3,201157,0.6,1157,1157,1130,0,0,0
realistic_2pct,hybrid_w2_k2_d4_c1,hybrid,4,0.1,2,2,1,dynamic_realistic_100d_2pct_hdd,100,44,1000000,5000,1.0,health_ec,15.0,5,250000,300000,98,mild_slow,99,healthy,1,12.5,16.9,19.3,200720,0.4,720,720,706,2,2,0
realistic_2pct,hybrid_w2_k2_d4_c1,hybrid,4,0.1,2,2,1,dynamic_realistic_100d_2pct_hdd,100,44,1000000,5000,1.0,health_ec,15.0,6,300000,350000,98,severe_slow,99,healthy,1,12.5,16.9,19.1,200768,0.4,768,768,764,2,0,0
realistic_2pct,hybrid_w2_k2_d4_c1,hybrid,4,0.1,2,2,1,dynamic_realistic_100d_2pct_hdd,100,44,1000000,5000,1.0,health_ec,15.0,7,350000,400000,98,severe_slow,99,healthy,1,12.5,16.9,19.0,200770,0.4,770,770,767,1,1,0
realistic_2pct,hybrid_w2_k2_d4_c1,hybrid,4,0.1,2,2,1,dynamic_realistic_100d_2pct_hdd,100,44,1000000,5000,1.0,health_ec,15.0,8,400000,450000,98,severe_slow,99,healthy,1,12.5,16.8,18.8,200725,0.4,725,725,723,1,1,0
realistic_2pct,hybrid_w2_k2_d4_c1,hybrid,4,0.1,2,2,1,dynamic_realistic_100d_2pct_hdd,100,44,1000000,5000,1.0,health_ec,15.0,9,450000,500000,98,recovery,99,mild_slow,1,12.5,16.9,19.1,201398,0.7,1398,1398,1367,0,0,0
realistic_2pct,hybrid_w2_k2_d4_c1,hybrid,4,0.1,2,2,1,dynamic_realistic_100d_2pct_hdd,100,44,1000000,5000,1.0,health_ec,15.0,10,500000,550000,98,recovery,99,mild_slow,1,12.5,16.9,19.0,201543,0.8,1543,1543,1520,0,0,0
realistic_2pct,hybrid_w2_k2_d4_c1,hybrid,4,0.1,2,2,1,dynamic_realistic_100d_2pct_hdd,100,44,1000000,5000,1.0,health_ec,15.0,11,550000,600000,98,healthy,99,severe_slow,1,12.5,16.8,18.9,201066,0.5,1066,1066,1064,2,0,0
realistic_2pct,hybrid_w2_k2_d4_c1,hybrid,4,0.1,2,2,1,dynamic_realistic_100d_2pct_hdd,100,44,1000000,5000,1.0,health_ec,15.0,12,600000,650000,98,healthy,99,severe_slow,1,12.5,16.8,18.8,200906,0.5,906,906,906,2,2,0
realistic_2pct,hybrid_w2_k2_d4_c1,hybrid,4,0.1,2,2,1,dynamic_realistic_100d_2pct_hdd,100,44,1000000,5000,1.0,health_ec,15.0,13,650000,700000,98,healthy,99,severe_slow,1,12.5,16.8,18.8,200779,0.4,779,779,776,2,2,0
realistic_2pct,hybrid_w2_k2_d4_c1,hybrid,4,0.1,2,2,1,dynamic_realistic_100d_2pct_hdd,100,44,1000000,5000,1.0,health_ec,15.0,14,700000,750000,98,mild_slow,99,recovery,1,12.5,16.9,19.1,200784,0.4,784,784,770,0,0,0
realistic_2pct,hybrid_w2_k2_d4_c1,hybrid,4,0.1,2,2,1,dynamic_realistic_100d_2pct_hdd,100,44,1000000,5000,1.0,health_ec,15.0,15,750000,800000,98,recovery,99,recovery,0,12.5,16.8,18.8,200699,0.3,699,699,658,0,0,0
realistic_2pct,hybrid_w2_k2_d4_c1,hybrid,4,0.1,2,2,1,dynamic_realistic_100d_2pct_hdd,100,44,1000000,5000,1.0,health_ec,15.0,16,800000,850000,98,healthy,99,healthy,0,12.5,16.8,18.8,200498,0.2,498,498,391,0,0,0
realistic_2pct,hybrid_w2_k2_d4_c1,hybrid,4,0.1,2,2,1,dynamic_realistic_100d_2pct_hdd,100,44,1000000,5000,1.0,health_ec,15.0,17,850000,900000,98,healthy,99,healthy,0,12.5,16.8,18.8,200219,0.1,219,219,177,0,0,0
realistic_2pct,hybrid_w2_k2_d4_c1,hybrid,4,0.1,2,2,1,dynamic_realistic_100d_2pct_hdd,100,44,1000000,5000,1.0,health_ec,15.0,18,900000,950000,98,healthy,99,healthy,0,12.5,16.8,18.8,200086,0.0,86,86,67,0,0,0
realistic_2pct,hybrid_w2_k2_d4_c1,hybrid,4,0.1,2,2,1,dynamic_realistic_100d_2pct_hdd,100,44,1000000,5000,1.0,health_ec,15.0,19,950000,1000000,98,healthy,99,healthy,0,12.5,16.9,18.9,200041,0.0,41,41,34,0,0,0
realistic_2pct,hybrid_w2_k4_d4_c1,hybrid,4,0.1,2,4,1,dynamic_realistic_100d_2pct_hdd,100,44,1000000,5000,1.0,health_ec,15.0,0,0,50000,98,healthy,99,healthy,0,12.5,16.8,18.8,200000,0.0,0,0,0,0,0,0
realistic_2pct,hybrid_w2_k4_d4_c1,hybrid,4,0.1,2,4,1,dynamic_realistic_100d_2pct_hdd,100,44,1000000,5000,1.0,health_ec,15.0,1,50000,100000,98,healthy,99,healthy,0,12.5,16.8,18.7,200000,0.0,0,0,0,0,0,0
realistic_2pct,hybrid_w2_k4_d4_c1,hybrid,4,0.1,2,4,1,dynamic_realistic_100d_2pct_hdd,100,44,1000000,5000,1.0,health_ec,15.0,2,100000,150000,98,healthy,99,healthy,0,12.5,16.8,18.8,200000,0.0,0,0,0,0,0,0
realistic_2pct,hybrid_w2_k4_d4_c1,hybrid,4,0.1,2,4,1,dynamic_realistic_100d_2pct_hdd,100,44,1000000,5000,1.0,health_ec,15.0,3,150000,200000,98,mild_slow,99,healthy,1,12.5,17.1,20.3,201000,0.5,1000,1000,972,0,0,0
realistic_2pct,hybrid_w2_k4_d4_c1,hybrid,4,0.1,2,4,1,dynamic_realistic_100d_2pct_hdd,100,44,1000000,5000,1.0,health_ec,15.0,4,200000,250000,98,mild_slow,99,healthy,1,12.5,17.0,19.3,201157,0.6,1157,1157,1130,0,0,0
realistic_2pct,hybrid_w2_k4_d4_c1,hybrid,4,0.1,2,4,1,dynamic_realistic_100d_2pct_hdd,100,44,1000000,5000,1.0,health_ec,15.0,5,250000,300000,98,mild_slow,99,healthy,1,12.5,16.9,19.3,200579,0.3,579,579,568,4,4,0
realistic_2pct,hybrid_w2_k4_d4_c1,hybrid,4,0.1,2,4,1,dynamic_realistic_100d_2pct_hdd,100,44,1000000,5000,1.0,health_ec,15.0,6,300000,350000,98,severe_slow,99,healthy,1,12.5,16.9,19.1,200768,0.4,768,768,764,0,0,0
realistic_2pct,hybrid_w2_k4_d4_c1,hybrid,4,0.1,2,4,1,dynamic_realistic_100d_2pct_hdd,100,44,1000000,5000,1.0,health_ec,15.0,7,350000,400000,98,severe_slow,99,healthy,1,12.5,16.9,19.0,200770,0.4,770,770,767,1,1,0
realistic_2pct,hybrid_w2_k4_d4_c1,hybrid,4,0.1,2,4,1,dynamic_realistic_100d_2pct_hdd,100,44,1000000,5000,1.0,health_ec,15.0,8,400000,450000,98,severe_slow,99,healthy,1,12.5,16.8,18.8,200725,0.4,725,725,723,1,1,0
realistic_2pct,hybrid_w2_k4_d4_c1,hybrid,4,0.1,2,4,1,dynamic_realistic_100d_2pct_hdd,100,44,1000000,5000,1.0,health_ec,15.0,9,450000,500000,98,recovery,99,mild_slow,1,12.5,16.9,19.1,201398,0.7,1398,1398,1366,0,0,0
realistic_2pct,hybrid_w2_k4_d4_c1,hybrid,4,0.1,2,4,1,dynamic_realistic_100d_2pct_hdd,100,44,1000000,5000,1.0,health_ec,15.0,10,500000,550000,98,recovery,99,mild_slow,1,12.5,16.9,19.0,201543,0.8,1543,1543,1520,0,0,0
realistic_2pct,hybrid_w2_k4_d4_c1,hybrid,4,0.1,2,4,1,dynamic_realistic_100d_2pct_hdd,100,44,1000000,5000,1.0,health_ec,15.0,11,550000,600000,98,healthy,99,severe_slow,1,12.5,16.8,18.9,200925,0.5,925,925,922,4,0,0
realistic_2pct,hybrid_w2_k4_d4_c1,hybrid,4,0.1,2,4,1,dynamic_realistic_100d_2pct_hdd,100,44,1000000,5000,1.0,health_ec,15.0,12,600000,650000,98,healthy,99,severe_slow,1,12.5,16.8,18.8,200811,0.4,811,811,811,2,2,0
realistic_2pct,hybrid_w2_k4_d4_c1,hybrid,4,0.1,2,4,1,dynamic_realistic_100d_2pct_hdd,100,44,1000000,5000,1.0,health_ec,15.0,13,650000,700000,98,healthy,99,severe_slow,1,12.5,16.8,18.8,200779,0.4,779,779,776,0,0,0
realistic_2pct,hybrid_w2_k4_d4_c1,hybrid,4,0.1,2,4,1,dynamic_realistic_100d_2pct_hdd,100,44,1000000,5000,1.0,health_ec,15.0,14,700000,750000,98,mild_slow,99,recovery,1,12.5,16.9,19.1,200784,0.4,784,784,770,0,0,0
realistic_2pct,hybrid_w2_k4_d4_c1,hybrid,4,0.1,2,4,1,dynamic_realistic_100d_2pct_hdd,100,44,1000000,5000,1.0,health_ec,15.0,15,750000,800000,98,recovery,99,recovery,0,12.5,16.8,18.8,200699,0.3,699,699,657,0,0,0
realistic_2pct,hybrid_w2_k4_d4_c1,hybrid,4,0.1,2,4,1,dynamic_realistic_100d_2pct_hdd,100,44,1000000,5000,1.0,health_ec,15.0,16,800000,850000,98,healthy,99,healthy,0,12.5,16.8,18.8,200498,0.2,498,498,391,0,0,0
realistic_2pct,hybrid_w2_k4_d4_c1,hybrid,4,0.1,2,4,1,dynamic_realistic_100d_2pct_hdd,100,44,1000000,5000,1.0,health_ec,15.0,17,850000,900000,98,healthy,99,healthy,0,12.5,16.8,18.8,200219,0.1,219,219,177,0,0,0
realistic_2pct,hybrid_w2_k4_d4_c1,hybrid,4,0.1,2,4,1,dynamic_realistic_100d_2pct_hdd,100,44,1000000,5000,1.0,health_ec,15.0,18,900000,950000,98,healthy,99,healthy,0,12.5,16.8,18.8,200086,0.0,86,86,67,0,0,0
realistic_2pct,hybrid_w2_k4_d4_c1,hybrid,4,0.1,2,4,1,dynamic_realistic_100d_2pct_hdd,100,44,1000000,5000,1.0,health_ec,15.0,19,950000,1000000,98,healthy,99,healthy,0,12.5,16.9,18.9,200041,0.0,41,41,34,0,0,0
overlap_4pct,vanilla_ec,baseline,,,,,,dynamic_overlap_100d_4pct_hdd,100,42,1000000,5000,1.0,vanilla_ec,15.0,0,0,50000,96,healthy,99,healthy,0,12.5,16.8,18.8,200000,0.0,0,0,0,0,0,0
overlap_4pct,vanilla_ec,baseline,,,,,,dynamic_overlap_100d_4pct_hdd,100,42,1000000,5000,1.0,vanilla_ec,15.0,1,50000,100000,96,healthy,99,healthy,0,12.5,16.8,18.9,200000,0.0,0,0,0,0,0,0
overlap_4pct,vanilla_ec,baseline,,,,,,dynamic_overlap_100d_4pct_hdd,100,42,1000000,5000,1.0,vanilla_ec,15.0,2,100000,150000,96,healthy,99,healthy,0,12.5,16.8,18.8,200000,0.0,0,0,0,0,0,0
overlap_4pct,vanilla_ec,baseline,,,,,,dynamic_overlap_100d_4pct_hdd,100,42,1000000,5000,1.0,vanilla_ec,15.0,3,150000,200000,96,mild_slow,99,healthy,1,12.6,17.6,27.5,200000,0.0,0,0,0,0,0,0
overlap_4pct,vanilla_ec,baseline,,,,,,dynamic_overlap_100d_4pct_hdd,100,42,1000000,5000,1.0,vanilla_ec,15.0,4,200000,250000,96,mild_slow,99,healthy,1,12.6,17.6,26.9,200000,0.0,0,0,0,0,0,0
overlap_4pct,vanilla_ec,baseline,,,,,,dynamic_overlap_100d_4pct_hdd,100,42,1000000,5000,1.0,vanilla_ec,15.0,5,250000,300000,96,mild_slow,99,healthy,2,12.6,17.8,30.9,200000,0.0,0,0,0,0,0,0
overlap_4pct,vanilla_ec,baseline,,,,,,dynamic_overlap_100d_4pct_hdd,100,42,1000000,5000,1.0,vanilla_ec,15.0,6,300000,350000,96,severe_slow,99,healthy,2,12.6,17.9,63.3,200000,0.0,0,0,0,0,0,0
overlap_4pct,vanilla_ec,baseline,,,,,,dynamic_overlap_100d_4pct_hdd,100,42,1000000,5000,1.0,vanilla_ec,15.0,7,350000,400000,96,severe_slow,99,healthy,2,12.6,17.9,63.5,200000,0.0,0,0,0,0,0,0
overlap_4pct,vanilla_ec,baseline,,,,,,dynamic_overlap_100d_4pct_hdd,100,42,1000000,5000,1.0,vanilla_ec,15.0,8,400000,450000,96,severe_slow,99,healthy,3,12.6,18.7,72.5,200000,0.0,0,0,0,0,0,0
overlap_4pct,vanilla_ec,baseline,,,,,,dynamic_overlap_100d_4pct_hdd,100,42,1000000,5000,1.0,vanilla_ec,15.0,9,450000,500000,96,severe_slow,99,healthy,3,12.6,18.6,72.0,200000,0.0,0,0,0,0,0,0
overlap_4pct,vanilla_ec,baseline,,,,,,dynamic_overlap_100d_4pct_hdd,100,42,1000000,5000,1.0,vanilla_ec,15.0,10,500000,550000,96,recovery,99,healthy,2,12.6,18.4,62.8,200000,0.0,0,0,0,0,0,0
overlap_4pct,vanilla_ec,baseline,,,,,,dynamic_overlap_100d_4pct_hdd,100,42,1000000,5000,1.0,vanilla_ec,15.0,11,550000,600000,96,recovery,99,mild_slow,3,12.6,19.0,74.6,200000,0.0,0,0,0,0,0,0
overlap_4pct,vanilla_ec,baseline,,,,,,dynamic_overlap_100d_4pct_hdd,100,42,1000000,5000,1.0,vanilla_ec,15.0,12,600000,650000,96,healthy,99,mild_slow,2,12.6,18.1,64.7,200000,0.0,0,0,0,0,0,0
overlap_4pct,vanilla_ec,baseline,,,,,,dynamic_overlap_100d_4pct_hdd,100,42,1000000,5000,1.0,vanilla_ec,15.0,13,650000,700000,96,healthy,99,mild_slow,2,12.6,18.1,64.6,200000,0.0,0,0,0,0,0,0
overlap_4pct,vanilla_ec,baseline,,,,,,dynamic_overlap_100d_4pct_hdd,100,42,1000000,5000,1.0,vanilla_ec,15.0,14,700000,750000,96,healthy,99,severe_slow,2,12.6,17.9,72.6,200000,0.0,0,0,0,0,0,0
overlap_4pct,vanilla_ec,baseline,,,,,,dynamic_overlap_100d_4pct_hdd,100,42,1000000,5000,1.0,vanilla_ec,15.0,15,750000,800000,96,healthy,99,severe_slow,1,12.6,18.0,64.5,200000,0.0,0,0,0,0,0,0
overlap_4pct,vanilla_ec,baseline,,,,,,dynamic_overlap_100d_4pct_hdd,100,42,1000000,5000,1.0,vanilla_ec,15.0,16,800000,850000,96,healthy,99,severe_slow,1,12.6,17.9,64.7,200000,0.0,0,0,0,0,0,0
overlap_4pct,vanilla_ec,baseline,,,,,,dynamic_overlap_100d_4pct_hdd,100,42,1000000,5000,1.0,vanilla_ec,15.0,17,850000,900000,96,healthy,99,recovery,0,12.5,17.0,19.3,200000,0.0,0,0,0,0,0,0
overlap_4pct,vanilla_ec,baseline,,,,,,dynamic_overlap_100d_4pct_hdd,100,42,1000000,5000,1.0,vanilla_ec,15.0,18,900000,950000,96,healthy,99,healthy,0,12.5,16.8,18.8,200000,0.0,0,0,0,0,0,0
overlap_4pct,vanilla_ec,baseline,,,,,,dynamic_overlap_100d_4pct_hdd,100,42,1000000,5000,1.0,vanilla_ec,15.0,19,950000,1000000,96,healthy,99,healthy,0,12.5,16.8,18.9,200000,0.0,0,0,0,0,0,0
overlap_4pct,late_binding,baseline,,,,,,dynamic_overlap_100d_4pct_hdd,100,42,1000000,5000,1.0,late_binding,15.0,0,0,50000,96,healthy,99,healthy,0,10.7,14.0,15.4,250000,25.0,50000,50000,39904,0,0,0
overlap_4pct,late_binding,baseline,,,,,,dynamic_overlap_100d_4pct_hdd,100,42,1000000,5000,1.0,late_binding,15.0,1,50000,100000,96,healthy,99,healthy,0,10.7,14.0,15.5,250000,25.0,50000,50000,40119,0,0,0
overlap_4pct,late_binding,baseline,,,,,,dynamic_overlap_100d_4pct_hdd,100,42,1000000,5000,1.0,late_binding,15.0,2,100000,150000,96,healthy,99,healthy,0,10.7,14.0,15.4,250000,25.0,50000,50000,40024,0,0,0
overlap_4pct,late_binding,baseline,,,,,,dynamic_overlap_100d_4pct_hdd,100,42,1000000,5000,1.0,late_binding,15.0,3,150000,200000,96,mild_slow,99,healthy,1,10.8,14.2,15.8,250000,25.0,50000,50000,39663,0,0,0
overlap_4pct,late_binding,baseline,,,,,,dynamic_overlap_100d_4pct_hdd,100,42,1000000,5000,1.0,late_binding,15.0,4,200000,250000,96,mild_slow,99,healthy,1,10.8,14.1,15.8,250000,25.0,50000,50000,39746,0,0,0
overlap_4pct,late_binding,baseline,,,,,,dynamic_overlap_100d_4pct_hdd,100,42,1000000,5000,1.0,late_binding,15.0,5,250000,300000,96,mild_slow,99,healthy,2,10.8,14.6,21.9,250000,25.0,50000,50000,39888,0,0,0
overlap_4pct,late_binding,baseline,,,,,,dynamic_overlap_100d_4pct_hdd,100,42,1000000,5000,1.0,late_binding,15.0,6,300000,350000,96,severe_slow,99,healthy,2,10.8,14.7,27.2,250000,25.0,50000,50000,39718,0,0,0
overlap_4pct,late_binding,baseline,,,,,,dynamic_overlap_100d_4pct_hdd,100,42,1000000,5000,1.0,late_binding,15.0,7,350000,400000,96,severe_slow,99,healthy,2,10.8,14.7,27.3,250000,25.0,50000,50000,39746,0,0,0
overlap_4pct,late_binding,baseline,,,,,,dynamic_overlap_100d_4pct_hdd,100,42,1000000,5000,1.0,late_binding,15.0,8,400000,450000,96,severe_slow,99,healthy,3,10.8,14.9,51.9,250000,25.0,50000,50000,39879,0,0,0
overlap_4pct,late_binding,baseline,,,,,,dynamic_overlap_100d_4pct_hdd,100,42,1000000,5000,1.0,late_binding,15.0,9,450000,500000,96,severe_slow,99,healthy,3,10.8,14.9,51.1,250000,25.0,50000,50000,39871,0,0,0
overlap_4pct,late_binding,baseline,,,,,,dynamic_overlap_100d_4pct_hdd,100,42,1000000,5000,1.0,late_binding,15.0,10,500000,550000,96,recovery,99,healthy,2,10.8,14.7,26.7,250000,25.0,50000,50000,40192,0,0,0
overlap_4pct,late_binding,baseline,,,,,,dynamic_overlap_100d_4pct_hdd,100,42,1000000,5000,1.0,late_binding,15.0,11,550000,600000,96,recovery,99,mild_slow,3,10.8,15.4,51.5,250000,25.0,50000,50000,39815,0,0,0
overlap_4pct,late_binding,baseline,,,,,,dynamic_overlap_100d_4pct_hdd,100,42,1000000,5000,1.0,late_binding,15.0,12,600000,650000,96,healthy,99,mild_slow,2,10.8,15.0,27.4,250000,25.0,50000,50000,40002,0,0,0
overlap_4pct,late_binding,baseline,,,,,,dynamic_overlap_100d_4pct_hdd,100,42,1000000,5000,1.0,late_binding,15.0,13,650000,700000,96,healthy,99,mild_slow,2,10.8,14.9,27.4,250000,25.0,50000,50000,39778,0,0,0
overlap_4pct,late_binding,baseline,,,,,,dynamic_overlap_100d_4pct_hdd,100,42,1000000,5000,1.0,late_binding,15.0,14,700000,750000,96,healthy,99,severe_slow,2,10.8,14.8,52.0,250000,25.0,50000,50000,39833,0,0,0
overlap_4pct,late_binding,baseline,,,,,,dynamic_overlap_100d_4pct_hdd,100,42,1000000,5000,1.0,late_binding,15.0,15,750000,800000,96,healthy,99,severe_slow,1,10.8,14.4,16.8,250000,25.0,50000,50000,40046,0,0,0
overlap_4pct,late_binding,baseline,,,,,,dynamic_overlap_100d_4pct_hdd,100,42,1000000,5000,1.0,late_binding,15.0,16,800000,850000,96,healthy,99,severe_slow,1,10.8,14.3,16.8,250000,25.0,50000,50000,39890,0,0,0
overlap_4pct,late_binding,baseline,,,,,,dynamic_overlap_100d_4pct_hdd,100,42,1000000,5000,1.0,late_binding,15.0,17,850000,900000,96,healthy,99,recovery,0,10.7,14.0,15.5,250000,25.0,50000,50000,40190,0,0,0
overlap_4pct,late_binding,baseline,,,,,,dynamic_overlap_100d_4pct_hdd,100,42,1000000,5000,1.0,late_binding,15.0,18,900000,950000,96,healthy,99,healthy,0,10.7,14.0,15.5,250000,25.0,50000,50000,40025,0,0,0
overlap_4pct,late_binding,baseline,,,,,,dynamic_overlap_100d_4pct_hdd,100,42,1000000,5000,1.0,late_binding,15.0,19,950000,1000000,96,healthy,99,healthy,0,10.7,14.0,15.4,250000,25.0,50000,50000,40010,0,0,0
overlap_4pct,timeout_degraded_read,baseline,,,,,,dynamic_overlap_100d_4pct_hdd,100,42,1000000,5000,1.0,timeout_degraded_read,15.0,0,0,50000,96,healthy,99,healthy,0,12.5,16.8,18.7,208081,4.0,8081,8081,182,0,0,0
overlap_4pct,timeout_degraded_read,baseline,,,,,,dynamic_overlap_100d_4pct_hdd,100,42,1000000,5000,1.0,timeout_degraded_read,15.0,1,50000,100000,96,healthy,99,healthy,0,12.5,16.8,18.8,207998,4.0,7998,7998,191,0,0,0
overlap_4pct,timeout_degraded_read,baseline,,,,,,dynamic_overlap_100d_4pct_hdd,100,42,1000000,5000,1.0,timeout_degraded_read,15.0,2,100000,150000,96,healthy,99,healthy,0,12.5,16.8,18.7,208051,4.0,8051,8051,198,0,0,0
overlap_4pct,timeout_degraded_read,baseline,,,,,,dynamic_overlap_100d_4pct_hdd,100,42,1000000,5000,1.0,timeout_degraded_read,15.0,3,150000,200000,96,mild_slow,99,healthy,1,12.6,17.5,23.2,209199,4.6,9199,9199,932,0,0,0
overlap_4pct,timeout_degraded_read,baseline,,,,,,dynamic_overlap_100d_4pct_hdd,100,42,1000000,5000,1.0,timeout_degraded_read,15.0,4,200000,250000,96,mild_slow,99,healthy,1,12.6,17.5,22.7,209139,4.6,9139,9139,864,0,0,0
overlap_4pct,timeout_degraded_read,baseline,,,,,,dynamic_overlap_100d_4pct_hdd,100,42,1000000,5000,1.0,timeout_degraded_read,15.0,5,250000,300000,96,mild_slow,99,healthy,2,12.6,17.7,25.4,209265,4.6,9265,9265,1193,0,0,0
overlap_4pct,timeout_degraded_read,baseline,,,,,,dynamic_overlap_100d_4pct_hdd,100,42,1000000,5000,1.0,timeout_degraded_read,15.0,6,300000,350000,96,severe_slow,99,healthy,2,12.6,17.8,28.6,209225,4.6,9225,9225,1533,0,0,0
overlap_4pct,timeout_degraded_read,baseline,,,,,,dynamic_overlap_100d_4pct_hdd,100,42,1000000,5000,1.0,timeout_degraded_read,15.0,7,350000,400000,96,severe_slow,99,healthy,2,12.6,17.8,28.6,209269,4.6,9269,9269,1534,0,0,0
overlap_4pct,timeout_degraded_read,baseline,,,,,,dynamic_overlap_100d_4pct_hdd,100,42,1000000,5000,1.0,timeout_degraded_read,15.0,8,400000,450000,96,severe_slow,99,healthy,3,12.6,18.5,52.3,209812,4.9,9812,9812,1903,0,0,0
overlap_4pct,timeout_degraded_read,baseline,,,,,,dynamic_overlap_100d_4pct_hdd,100,42,1000000,5000,1.0,timeout_degraded_read,15.0,9,450000,500000,96,severe_slow,99,healthy,3,12.6,18.5,51.8,209708,4.9,9708,9708,1959,0,0,0
overlap_4pct,timeout_degraded_read,baseline,,,,,,dynamic_overlap_100d_4pct_hdd,100,42,1000000,5000,1.0,timeout_degraded_read,15.0,10,500000,550000,96,recovery,99,healthy,2,12.6,18.3,33.1,209647,4.8,9647,9647,1755,0,0,0
overlap_4pct,timeout_degraded_read,baseline,,,,,,dynamic_overlap_100d_4pct_hdd,100,42,1000000,5000,1.0,timeout_degraded_read,15.0,11,550000,600000,96,recovery,99,mild_slow,3,12.6,18.8,53.8,209756,4.9,9756,9756,1836,0,0,0
overlap_4pct,timeout_degraded_read,baseline,,,,,,dynamic_overlap_100d_4pct_hdd,100,42,1000000,5000,1.0,timeout_degraded_read,15.0,12,600000,650000,96,healthy,99,mild_slow,2,12.6,18.0,28.6,209514,4.8,9514,9514,1661,0,0,0
overlap_4pct,timeout_degraded_read,baseline,,,,,,dynamic_overlap_100d_4pct_hdd,100,42,1000000,5000,1.0,timeout_degraded_read,15.0,13,650000,700000,96,healthy,99,mild_slow,2,12.6,18.1,28.7,209515,4.8,9515,9515,1664,0,0,0
overlap_4pct,timeout_degraded_read,baseline,,,,,,dynamic_overlap_100d_4pct_hdd,100,42,1000000,5000,1.0,timeout_degraded_read,15.0,14,700000,750000,96,healthy,99,severe_slow,2,12.6,17.9,52.0,209323,4.7,9323,9323,1632,0,0,0
overlap_4pct,timeout_degraded_read,baseline,,,,,,dynamic_overlap_100d_4pct_hdd,100,42,1000000,5000,1.0,timeout_degraded_read,15.0,15,750000,800000,96,healthy,99,severe_slow,1,12.6,17.9,25.5,209336,4.7,9336,9336,1609,0,0,0
overlap_4pct,timeout_degraded_read,baseline,,,,,,dynamic_overlap_100d_4pct_hdd,100,42,1000000,5000,1.0,timeout_degraded_read,15.0,16,800000,850000,96,healthy,99,severe_slow,1,12.6,17.8,25.4,209271,4.6,9271,9271,1592,0,0,0
overlap_4pct,timeout_degraded_read,baseline,,,,,,dynamic_overlap_100d_4pct_hdd,100,42,1000000,5000,1.0,timeout_degraded_read,15.0,17,850000,900000,96,healthy,99,recovery,0,12.5,17.0,19.2,208507,4.3,8507,8507,268,0,0,0
overlap_4pct,timeout_degraded_read,baseline,,,,,,dynamic_overlap_100d_4pct_hdd,100,42,1000000,5000,1.0,timeout_degraded_read,15.0,18,900000,950000,96,healthy,99,healthy,0,12.5,16.8,18.8,208085,4.0,8085,8085,211,0,0,0
overlap_4pct,timeout_degraded_read,baseline,,,,,,dynamic_overlap_100d_4pct_hdd,100,42,1000000,5000,1.0,timeout_degraded_read,15.0,19,950000,1000000,96,healthy,99,healthy,0,12.5,16.8,18.8,208170,4.1,8170,8170,193,0,0,0
overlap_4pct,t28_default,default,12,0.05,0,0,0,dynamic_overlap_100d_4pct_hdd,100,42,1000000,5000,1.0,health_ec,15.0,0,0,50000,96,healthy,99,healthy,0,12.5,16.8,18.8,200000,0.0,0,0,0,0,0,0
overlap_4pct,t28_default,default,12,0.05,0,0,0,dynamic_overlap_100d_4pct_hdd,100,42,1000000,5000,1.0,health_ec,15.0,1,50000,100000,96,healthy,99,healthy,0,12.5,16.8,18.9,200000,0.0,0,0,0,0,0,0
overlap_4pct,t28_default,default,12,0.05,0,0,0,dynamic_overlap_100d_4pct_hdd,100,42,1000000,5000,1.0,health_ec,15.0,2,100000,150000,96,healthy,99,healthy,0,12.5,16.8,18.8,200000,0.0,0,0,0,0,0,0
overlap_4pct,t28_default,default,12,0.05,0,0,0,dynamic_overlap_100d_4pct_hdd,100,42,1000000,5000,1.0,health_ec,15.0,3,150000,200000,96,mild_slow,99,healthy,1,12.5,17.1,20.5,200539,0.3,539,539,525,1,1,0
overlap_4pct,t28_default,default,12,0.05,0,0,0,dynamic_overlap_100d_4pct_hdd,100,42,1000000,5000,1.0,health_ec,15.0,4,200000,250000,96,mild_slow,99,healthy,1,12.5,17.0,19.5,200774,0.4,774,774,755,0,0,0
overlap_4pct,t28_default,default,12,0.05,0,0,0,dynamic_overlap_100d_4pct_hdd,100,42,1000000,5000,1.0,health_ec,15.0,5,250000,300000,96,mild_slow,99,healthy,2,12.6,17.3,22.3,200842,0.4,842,842,839,1,1,0
overlap_4pct,t28_default,default,12,0.05,0,0,0,dynamic_overlap_100d_4pct_hdd,100,42,1000000,5000,1.0,health_ec,15.0,6,300000,350000,96,severe_slow,99,healthy,2,12.5,17.4,26.5,200944,0.5,944,944,944,0,0,0
overlap_4pct,t28_default,default,12,0.05,0,0,0,dynamic_overlap_100d_4pct_hdd,100,42,1000000,5000,1.0,health_ec,15.0,7,350000,400000,96,severe_slow,99,healthy,2,12.5,17.4,25.8,201042,0.5,1042,1042,1042,0,0,0
overlap_4pct,t28_default,default,12,0.05,0,0,0,dynamic_overlap_100d_4pct_hdd,100,42,1000000,5000,1.0,health_ec,15.0,8,400000,450000,96,severe_slow,99,healthy,3,12.6,17.8,47.6,201478,0.7,1478,1478,1474,1,1,0
overlap_4pct,t28_default,default,12,0.05,0,0,0,dynamic_overlap_100d_4pct_hdd,100,42,1000000,5000,1.0,health_ec,15.0,9,450000,500000,96,severe_slow,99,healthy,3,12.6,17.7,47.3,201639,0.8,1639,1639,1625,0,0,0
overlap_4pct,t28_default,default,12,0.05,0,0,0,dynamic_overlap_100d_4pct_hdd,100,42,1000000,5000,1.0,health_ec,15.0,10,500000,550000,96,recovery,99,healthy,2,12.6,17.2,21.4,201578,0.8,1578,1578,1562,0,0,0
overlap_4pct,t28_default,default,12,0.05,0,0,0,dynamic_overlap_100d_4pct_hdd,100,42,1000000,5000,1.0,health_ec,15.0,11,550000,600000,96,recovery,99,mild_slow,3,12.6,17.8,36.0,201679,0.8,1679,1679,1638,2,2,0
overlap_4pct,t28_default,default,12,0.05,0,0,0,dynamic_overlap_100d_4pct_hdd,100,42,1000000,5000,1.0,health_ec,15.0,12,600000,650000,96,healthy,99,mild_slow,2,12.6,17.4,23.8,201587,0.8,1587,1587,1207,0,0,0
overlap_4pct,t28_default,default,12,0.05,0,0,0,dynamic_overlap_100d_4pct_hdd,100,42,1000000,5000,1.0,health_ec,15.0,13,650000,700000,96,healthy,99,mild_slow,2,12.6,17.4,24.3,201423,0.7,1423,1423,1209,0,0,0
overlap_4pct,t28_default,default,12,0.05,0,0,0,dynamic_overlap_100d_4pct_hdd,100,42,1000000,5000,1.0,health_ec,15.0,14,700000,750000,96,healthy,99,severe_slow,2,12.5,17.4,45.2,201129,0.6,1129,1129,990,1,1,0
overlap_4pct,t28_default,default,12,0.05,0,0,0,dynamic_overlap_100d_4pct_hdd,100,42,1000000,5000,1.0,health_ec,15.0,15,750000,800000,96,healthy,99,severe_slow,1,12.5,16.9,19.1,201081,0.5,1081,1081,1044,0,0,0
overlap_4pct,t28_default,default,12,0.05,0,0,0,dynamic_overlap_100d_4pct_hdd,100,42,1000000,5000,1.0,health_ec,15.0,16,800000,850000,96,healthy,99,severe_slow,1,12.5,17.0,19.2,201015,0.5,1015,1015,999,0,0,0
overlap_4pct,t28_default,default,12,0.05,0,0,0,dynamic_overlap_100d_4pct_hdd,100,42,1000000,5000,1.0,health_ec,15.0,17,850000,900000,96,healthy,99,recovery,0,12.5,16.8,18.9,200878,0.4,878,878,777,0,0,0
overlap_4pct,t28_default,default,12,0.05,0,0,0,dynamic_overlap_100d_4pct_hdd,100,42,1000000,5000,1.0,health_ec,15.0,18,900000,950000,96,healthy,99,healthy,0,12.5,16.8,18.8,200520,0.3,520,520,431,0,0,0
overlap_4pct,t28_default,default,12,0.05,0,0,0,dynamic_overlap_100d_4pct_hdd,100,42,1000000,5000,1.0,health_ec,15.0,19,950000,1000000,96,healthy,99,healthy,0,12.5,16.8,18.9,200306,0.2,306,306,237,0,0,0
overlap_4pct,migration_disabled,disabled,12,0.05,0,0,0,dynamic_overlap_100d_4pct_hdd,100,42,1000000,5000,1.0,health_ec,15.0,0,0,50000,96,healthy,99,healthy,0,12.5,16.8,18.8,200000,0.0,0,0,0,0,0,0
overlap_4pct,migration_disabled,disabled,12,0.05,0,0,0,dynamic_overlap_100d_4pct_hdd,100,42,1000000,5000,1.0,health_ec,15.0,1,50000,100000,96,healthy,99,healthy,0,12.5,16.8,18.9,200000,0.0,0,0,0,0,0,0
overlap_4pct,migration_disabled,disabled,12,0.05,0,0,0,dynamic_overlap_100d_4pct_hdd,100,42,1000000,5000,1.0,health_ec,15.0,2,100000,150000,96,healthy,99,healthy,0,12.5,16.8,18.8,200000,0.0,0,0,0,0,0,0
overlap_4pct,migration_disabled,disabled,12,0.05,0,0,0,dynamic_overlap_100d_4pct_hdd,100,42,1000000,5000,1.0,health_ec,15.0,3,150000,200000,96,mild_slow,99,healthy,1,12.5,17.1,20.4,200847,0.4,847,847,826,0,0,0
overlap_4pct,migration_disabled,disabled,12,0.05,0,0,0,dynamic_overlap_100d_4pct_hdd,100,42,1000000,5000,1.0,health_ec,15.0,4,200000,250000,96,mild_slow,99,healthy,1,12.5,17.0,19.5,201085,0.5,1085,1085,1062,0,0,0
overlap_4pct,migration_disabled,disabled,12,0.05,0,0,0,dynamic_overlap_100d_4pct_hdd,100,42,1000000,5000,1.0,health_ec,15.0,5,250000,300000,96,mild_slow,99,healthy,2,12.6,17.4,23.5,201130,0.6,1130,1130,1127,0,0,0
overlap_4pct,migration_disabled,disabled,12,0.05,0,0,0,dynamic_overlap_100d_4pct_hdd,100,42,1000000,5000,1.0,health_ec,15.0,6,300000,350000,96,severe_slow,99,healthy,2,12.6,17.6,28.8,201282,0.6,1282,1282,1282,0,0,0
overlap_4pct,migration_disabled,disabled,12,0.05,0,0,0,dynamic_overlap_100d_4pct_hdd,100,42,1000000,5000,1.0,health_ec,15.0,7,350000,400000,96,severe_slow,99,healthy,2,12.6,17.6,27.8,201359,0.7,1359,1359,1359,0,0,0
overlap_4pct,migration_disabled,disabled,12,0.05,0,0,0,dynamic_overlap_100d_4pct_hdd,100,42,1000000,5000,1.0,health_ec,15.0,8,400000,450000,96,severe_slow,99,healthy,3,12.6,18.2,52.1,201783,0.9,1783,1783,1780,0,0,0
overlap_4pct,migration_disabled,disabled,12,0.05,0,0,0,dynamic_overlap_100d_4pct_hdd,100,42,1000000,5000,1.0,health_ec,15.0,9,450000,500000,96,severe_slow,99,healthy,3,12.6,18.0,51.3,201952,1.0,1952,1952,1938,0,0,0
overlap_4pct,migration_disabled,disabled,12,0.05,0,0,0,dynamic_overlap_100d_4pct_hdd,100,42,1000000,5000,1.0,health_ec,15.0,10,500000,550000,96,recovery,99,healthy,2,12.6,17.4,23.5,201876,0.9,1876,1876,1860,0,0,0
overlap_4pct,migration_disabled,disabled,12,0.05,0,0,0,dynamic_overlap_100d_4pct_hdd,100,42,1000000,5000,1.0,health_ec,15.0,11,550000,600000,96,recovery,99,mild_slow,3,12.6,18.4,44.8,201999,1.0,1999,1999,1959,0,0,0
overlap_4pct,migration_disabled,disabled,12,0.05,0,0,0,dynamic_overlap_100d_4pct_hdd,100,42,1000000,5000,1.0,health_ec,15.0,12,600000,650000,96,healthy,99,mild_slow,2,12.6,17.8,27.4,201934,1.0,1934,1934,1556,0,0,0
overlap_4pct,migration_disabled,disabled,12,0.05,0,0,0,dynamic_overlap_100d_4pct_hdd,100,42,1000000,5000,1.0,health_ec,15.0,13,650000,700000,96,healthy,99,mild_slow,2,12.6,17.8,27.6,201753,0.9,1753,1753,1543,0,0,0
overlap_4pct,migration_disabled,disabled,12,0.05,0,0,0,dynamic_overlap_100d_4pct_hdd,100,42,1000000,5000,1.0,health_ec,15.0,14,700000,750000,96,healthy,99,severe_slow,2,12.6,17.8,52.0,201589,0.8,1589,1589,1450,0,0,0
overlap_4pct,migration_disabled,disabled,12,0.05,0,0,0,dynamic_overlap_100d_4pct_hdd,100,42,1000000,5000,1.0,health_ec,15.0,15,750000,800000,96,healthy,99,severe_slow,1,12.6,17.0,19.3,201580,0.8,1580,1580,1542,0,0,0
overlap_4pct,migration_disabled,disabled,12,0.05,0,0,0,dynamic_overlap_100d_4pct_hdd,100,42,1000000,5000,1.0,health_ec,15.0,16,800000,850000,96,healthy,99,severe_slow,1,12.5,17.0,19.3,201512,0.8,1512,1512,1495,0,0,0
overlap_4pct,migration_disabled,disabled,12,0.05,0,0,0,dynamic_overlap_100d_4pct_hdd,100,42,1000000,5000,1.0,health_ec,15.0,17,850000,900000,96,healthy,99,recovery,0,12.5,16.8,18.9,201156,0.6,1156,1156,1037,0,0,0
overlap_4pct,migration_disabled,disabled,12,0.05,0,0,0,dynamic_overlap_100d_4pct_hdd,100,42,1000000,5000,1.0,health_ec,15.0,18,900000,950000,96,healthy,99,healthy,0,12.5,16.8,18.8,200539,0.3,539,539,448,0,0,0
overlap_4pct,migration_disabled,disabled,12,0.05,0,0,0,dynamic_overlap_100d_4pct_hdd,100,42,1000000,5000,1.0,health_ec,15.0,19,950000,1000000,96,healthy,99,healthy,0,12.5,16.8,18.9,200306,0.2,306,306,237,0,0,0
overlap_4pct,threshold_d2_a005,threshold_alpha,2,0.05,0,0,0,dynamic_overlap_100d_4pct_hdd,100,42,1000000,5000,1.0,health_ec,15.0,0,0,50000,96,healthy,99,healthy,0,12.5,16.8,18.8,200000,0.0,0,0,0,0,0,0
overlap_4pct,threshold_d2_a005,threshold_alpha,2,0.05,0,0,0,dynamic_overlap_100d_4pct_hdd,100,42,1000000,5000,1.0,health_ec,15.0,1,50000,100000,96,healthy,99,healthy,0,12.5,16.8,18.9,200000,0.0,0,0,0,0,0,0
overlap_4pct,threshold_d2_a005,threshold_alpha,2,0.05,0,0,0,dynamic_overlap_100d_4pct_hdd,100,42,1000000,5000,1.0,health_ec,15.0,2,100000,150000,96,healthy,99,healthy,0,12.5,16.8,18.8,200000,0.0,0,0,0,0,0,0
overlap_4pct,threshold_d2_a005,threshold_alpha,2,0.05,0,0,0,dynamic_overlap_100d_4pct_hdd,100,42,1000000,5000,1.0,health_ec,15.0,3,150000,200000,96,mild_slow,99,healthy,1,12.5,17.1,20.4,200313,0.2,313,313,304,4,3,0
overlap_4pct,threshold_d2_a005,threshold_alpha,2,0.05,0,0,0,dynamic_overlap_100d_4pct_hdd,100,42,1000000,5000,1.0,health_ec,15.0,4,200000,250000,96,mild_slow,99,healthy,1,12.5,17.0,19.5,200488,0.2,488,488,475,2,2,0
overlap_4pct,threshold_d2_a005,threshold_alpha,2,0.05,0,0,0,dynamic_overlap_100d_4pct_hdd,100,42,1000000,5000,1.0,health_ec,15.0,5,250000,300000,96,mild_slow,99,healthy,2,12.5,17.2,21.3,200575,0.3,575,575,572,4,3,0
overlap_4pct,threshold_d2_a005,threshold_alpha,2,0.05,0,0,0,dynamic_overlap_100d_4pct_hdd,100,42,1000000,5000,1.0,health_ec,15.0,6,300000,350000,96,severe_slow,99,healthy,2,12.5,17.2,22.3,200690,0.3,690,690,689,5,5,0
overlap_4pct,threshold_d2_a005,threshold_alpha,2,0.05,0,0,0,dynamic_overlap_100d_4pct_hdd,100,42,1000000,5000,1.0,health_ec,15.0,7,350000,400000,96,severe_slow,99,healthy,2,12.5,17.1,20.7,200679,0.3,679,679,677,0,0,0
overlap_4pct,threshold_d2_a005,threshold_alpha,2,0.05,0,0,0,dynamic_overlap_100d_4pct_hdd,100,42,1000000,5000,1.0,health_ec,15.0,8,400000,450000,96,severe_slow,99,healthy,3,12.5,17.5,36.1,200910,0.5,910,910,906,7,6,0
overlap_4pct,threshold_d2_a005,threshold_alpha,2,0.05,0,0,0,dynamic_overlap_100d_4pct_hdd,100,42,1000000,5000,1.0,health_ec,15.0,9,450000,500000,96,severe_slow,99,healthy,3,12.5,17.3,37.7,201022,0.5,1022,1022,1011,3,3,0
overlap_4pct,threshold_d2_a005,threshold_alpha,2,0.05,0,0,0,dynamic_overlap_100d_4pct_hdd,100,42,1000000,5000,1.0,health_ec,15.0,10,500000,550000,96,recovery,99,healthy,2,12.5,17.1,20.2,200964,0.5,964,964,950,0,0,0
overlap_4pct,threshold_d2_a005,threshold_alpha,2,0.05,0,0,0,dynamic_overlap_100d_4pct_hdd,100,42,1000000,5000,1.0,health_ec,15.0,11,550000,600000,96,recovery,99,mild_slow,3,12.6,17.5,29.7,201119,0.6,1119,1119,1095,7,6,0
overlap_4pct,threshold_d2_a005,threshold_alpha,2,0.05,0,0,0,dynamic_overlap_100d_4pct_hdd,100,42,1000000,5000,1.0,health_ec,15.0,12,600000,650000,96,healthy,99,mild_slow,2,12.5,17.1,21.1,201109,0.6,1109,1109,836,3,3,0
overlap_4pct,threshold_d2_a005,threshold_alpha,2,0.05,0,0,0,dynamic_overlap_100d_4pct_hdd,100,42,1000000,5000,1.0,health_ec,15.0,13,650000,700000,96,healthy,99,mild_slow,2,12.5,17.2,21.1,201003,0.5,1003,1003,793,1,1,0
overlap_4pct,threshold_d2_a005,threshold_alpha,2,0.05,0,0,0,dynamic_overlap_100d_4pct_hdd,100,42,1000000,5000,1.0,health_ec,15.0,14,700000,750000,96,healthy,99,severe_slow,2,12.5,17.2,34.1,200838,0.4,838,838,698,2,2,0
overlap_4pct,threshold_d2_a005,threshold_alpha,2,0.05,0,0,0,dynamic_overlap_100d_4pct_hdd,100,42,1000000,5000,1.0,health_ec,15.0,15,750000,800000,96,healthy,99,severe_slow,1,12.5,16.9,19.0,200761,0.4,761,761,724,1,1,0
overlap_4pct,threshold_d2_a005,threshold_alpha,2,0.05,0,0,0,dynamic_overlap_100d_4pct_hdd,100,42,1000000,5000,1.0,health_ec,15.0,16,800000,850000,96,healthy,99,severe_slow,1,12.5,16.9,19.1,200656,0.3,656,656,642,0,0,0
overlap_4pct,threshold_d2_a005,threshold_alpha,2,0.05,0,0,0,dynamic_overlap_100d_4pct_hdd,100,42,1000000,5000,1.0,health_ec,15.0,17,850000,900000,96,healthy,99,recovery,0,12.5,16.8,18.8,200656,0.3,656,656,580,0,0,0
overlap_4pct,threshold_d2_a005,threshold_alpha,2,0.05,0,0,0,dynamic_overlap_100d_4pct_hdd,100,42,1000000,5000,1.0,health_ec,15.0,18,900000,950000,96,healthy,99,healthy,0,12.5,16.8,18.8,200471,0.2,471,471,393,0,0,0
overlap_4pct,threshold_d2_a005,threshold_alpha,2,0.05,0,0,0,dynamic_overlap_100d_4pct_hdd,100,42,1000000,5000,1.0,health_ec,15.0,19,950000,1000000,96,healthy,99,healthy,0,12.5,16.8,18.9,200306,0.2,306,306,237,0,0,0
overlap_4pct,threshold_d4_a005,threshold_alpha,4,0.05,0,0,0,dynamic_overlap_100d_4pct_hdd,100,42,1000000,5000,1.0,health_ec,15.0,0,0,50000,96,healthy,99,healthy,0,12.5,16.8,18.8,200000,0.0,0,0,0,0,0,0
overlap_4pct,threshold_d4_a005,threshold_alpha,4,0.05,0,0,0,dynamic_overlap_100d_4pct_hdd,100,42,1000000,5000,1.0,health_ec,15.0,1,50000,100000,96,healthy,99,healthy,0,12.5,16.8,18.9,200000,0.0,0,0,0,0,0,0
overlap_4pct,threshold_d4_a005,threshold_alpha,4,0.05,0,0,0,dynamic_overlap_100d_4pct_hdd,100,42,1000000,5000,1.0,health_ec,15.0,2,100000,150000,96,healthy,99,healthy,0,12.5,16.8,18.8,200000,0.0,0,0,0,0,0,0
overlap_4pct,threshold_d4_a005,threshold_alpha,4,0.05,0,0,0,dynamic_overlap_100d_4pct_hdd,100,42,1000000,5000,1.0,health_ec,15.0,3,150000,200000,96,mild_slow,99,healthy,1,12.5,17.1,20.4,200386,0.2,386,386,375,3,2,0
overlap_4pct,threshold_d4_a005,threshold_alpha,4,0.05,0,0,0,dynamic_overlap_100d_4pct_hdd,100,42,1000000,5000,1.0,health_ec,15.0,4,200000,250000,96,mild_slow,99,healthy,1,12.5,17.0,19.5,200576,0.3,576,576,561,0,0,0
overlap_4pct,threshold_d4_a005,threshold_alpha,4,0.05,0,0,0,dynamic_overlap_100d_4pct_hdd,100,42,1000000,5000,1.0,health_ec,15.0,5,250000,300000,96,mild_slow,99,healthy,2,12.5,17.2,21.5,200680,0.3,680,680,676,3,3,0
overlap_4pct,threshold_d4_a005,threshold_alpha,4,0.05,0,0,0,dynamic_overlap_100d_4pct_hdd,100,42,1000000,5000,1.0,health_ec,15.0,6,300000,350000,96,severe_slow,99,healthy,2,12.5,17.2,24.2,200772,0.4,772,772,770,2,2,0
overlap_4pct,threshold_d4_a005,threshold_alpha,4,0.05,0,0,0,dynamic_overlap_100d_4pct_hdd,100,42,1000000,5000,1.0,health_ec,15.0,7,350000,400000,96,severe_slow,99,healthy,2,12.5,17.2,21.6,200830,0.4,830,830,828,1,1,0
overlap_4pct,threshold_d4_a005,threshold_alpha,4,0.05,0,0,0,dynamic_overlap_100d_4pct_hdd,100,42,1000000,5000,1.0,health_ec,15.0,8,400000,450000,96,severe_slow,99,healthy,3,12.6,17.6,41.2,201078,0.5,1078,1078,1074,4,4,0
overlap_4pct,threshold_d4_a005,threshold_alpha,4,0.05,0,0,0,dynamic_overlap_100d_4pct_hdd,100,42,1000000,5000,1.0,health_ec,15.0,9,450000,500000,96,severe_slow,99,healthy,3,12.5,17.4,42.0,201194,0.6,1194,1194,1184,0,0,0
overlap_4pct,threshold_d4_a005,threshold_alpha,4,0.05,0,0,0,dynamic_overlap_100d_4pct_hdd,100,42,1000000,5000,1.0,health_ec,15.0,10,500000,550000,96,recovery,99,healthy,2,12.6,17.1,20.5,201199,0.6,1199,1199,1188,0,0,0
overlap_4pct,threshold_d4_a005,threshold_alpha,4,0.05,0,0,0,dynamic_overlap_100d_4pct_hdd,100,42,1000000,5000,1.0,health_ec,15.0,11,550000,600000,96,recovery,99,mild_slow,3,12.6,17.6,31.6,201315,0.7,1315,1315,1284,5,5,0
overlap_4pct,threshold_d4_a005,threshold_alpha,4,0.05,0,0,0,dynamic_overlap_100d_4pct_hdd,100,42,1000000,5000,1.0,health_ec,15.0,12,600000,650000,96,healthy,99,mild_slow,2,12.5,17.2,22.2,201222,0.6,1222,1222,895,1,1,0
overlap_4pct,threshold_d4_a005,threshold_alpha,4,0.05,0,0,0,dynamic_overlap_100d_4pct_hdd,100,42,1000000,5000,1.0,health_ec,15.0,13,650000,700000,96,healthy,99,mild_slow,2,12.5,17.3,22.0,201098,0.5,1098,1098,884,1,1,0
overlap_4pct,threshold_d4_a005,threshold_alpha,4,0.05,0,0,0,dynamic_overlap_100d_4pct_hdd,100,42,1000000,5000,1.0,health_ec,15.0,14,700000,750000,96,healthy,99,severe_slow,2,12.5,17.2,39.2,200980,0.5,980,980,840,1,1,0
overlap_4pct,threshold_d4_a005,threshold_alpha,4,0.05,0,0,0,dynamic_overlap_100d_4pct_hdd,100,42,1000000,5000,1.0,health_ec,15.0,15,750000,800000,96,healthy,99,severe_slow,1,12.5,16.9,19.0,200890,0.4,890,890,853,0,0,0
overlap_4pct,threshold_d4_a005,threshold_alpha,4,0.05,0,0,0,dynamic_overlap_100d_4pct_hdd,100,42,1000000,5000,1.0,health_ec,15.0,16,800000,850000,96,healthy,99,severe_slow,1,12.5,16.9,19.1,200808,0.4,808,808,794,0,0,0
overlap_4pct,threshold_d4_a005,threshold_alpha,4,0.05,0,0,0,dynamic_overlap_100d_4pct_hdd,100,42,1000000,5000,1.0,health_ec,15.0,17,850000,900000,96,healthy,99,recovery,0,12.5,16.8,18.8,200805,0.4,805,805,714,0,0,0
overlap_4pct,threshold_d4_a005,threshold_alpha,4,0.05,0,0,0,dynamic_overlap_100d_4pct_hdd,100,42,1000000,5000,1.0,health_ec,15.0,18,900000,950000,96,healthy,99,healthy,0,12.5,16.8,18.8,200503,0.3,503,503,418,0,0,0
overlap_4pct,threshold_d4_a005,threshold_alpha,4,0.05,0,0,0,dynamic_overlap_100d_4pct_hdd,100,42,1000000,5000,1.0,health_ec,15.0,19,950000,1000000,96,healthy,99,healthy,0,12.5,16.8,18.9,200306,0.2,306,306,237,0,0,0
overlap_4pct,threshold_d6_a005,threshold_alpha,6,0.05,0,0,0,dynamic_overlap_100d_4pct_hdd,100,42,1000000,5000,1.0,health_ec,15.0,0,0,50000,96,healthy,99,healthy,0,12.5,16.8,18.8,200000,0.0,0,0,0,0,0,0
overlap_4pct,threshold_d6_a005,threshold_alpha,6,0.05,0,0,0,dynamic_overlap_100d_4pct_hdd,100,42,1000000,5000,1.0,health_ec,15.0,1,50000,100000,96,healthy,99,healthy,0,12.5,16.8,18.9,200000,0.0,0,0,0,0,0,0
overlap_4pct,threshold_d6_a005,threshold_alpha,6,0.05,0,0,0,dynamic_overlap_100d_4pct_hdd,100,42,1000000,5000,1.0,health_ec,15.0,2,100000,150000,96,healthy,99,healthy,0,12.5,16.8,18.8,200000,0.0,0,0,0,0,0,0
overlap_4pct,threshold_d6_a005,threshold_alpha,6,0.05,0,0,0,dynamic_overlap_100d_4pct_hdd,100,42,1000000,5000,1.0,health_ec,15.0,3,150000,200000,96,mild_slow,99,healthy,1,12.5,17.1,20.4,200457,0.2,457,457,446,2,2,0
overlap_4pct,threshold_d6_a005,threshold_alpha,6,0.05,0,0,0,dynamic_overlap_100d_4pct_hdd,100,42,1000000,5000,1.0,health_ec,15.0,4,200000,250000,96,mild_slow,99,healthy,1,12.5,17.0,19.5,200659,0.3,659,659,641,0,0,0
overlap_4pct,threshold_d6_a005,threshold_alpha,6,0.05,0,0,0,dynamic_overlap_100d_4pct_hdd,100,42,1000000,5000,1.0,health_ec,15.0,5,250000,300000,96,mild_slow,99,healthy,2,12.5,17.2,21.7,200739,0.4,739,739,736,2,2,0
overlap_4pct,threshold_d6_a005,threshold_alpha,6,0.05,0,0,0,dynamic_overlap_100d_4pct_hdd,100,42,1000000,5000,1.0,health_ec,15.0,6,300000,350000,96,severe_slow,99,healthy,2,12.5,17.3,24.9,200856,0.4,856,856,854,1,1,0
overlap_4pct,threshold_d6_a005,threshold_alpha,6,0.05,0,0,0,dynamic_overlap_100d_4pct_hdd,100,42,1000000,5000,1.0,health_ec,15.0,7,350000,400000,96,severe_slow,99,healthy,2,12.5,17.3,23.1,200933,0.5,933,933,931,0,0,0
overlap_4pct,threshold_d6_a005,threshold_alpha,6,0.05,0,0,0,dynamic_overlap_100d_4pct_hdd,100,42,1000000,5000,1.0,health_ec,15.0,8,400000,450000,96,severe_slow,99,healthy,3,12.6,17.6,43.7,201175,0.6,1175,1175,1172,3,3,0
overlap_4pct,threshold_d6_a005,threshold_alpha,6,0.05,0,0,0,dynamic_overlap_100d_4pct_hdd,100,42,1000000,5000,1.0,health_ec,15.0,9,450000,500000,96,severe_slow,99,healthy,3,12.6,17.5,44.1,201352,0.7,1352,1352,1340,0,0,0
overlap_4pct,threshold_d6_a005,threshold_alpha,6,0.05,0,0,0,dynamic_overlap_100d_4pct_hdd,100,42,1000000,5000,1.0,health_ec,15.0,10,500000,550000,96,recovery,99,healthy,2,12.6,17.1,20.8,201347,0.7,1347,1347,1335,0,0,0
overlap_4pct,threshold_d6_a005,threshold_alpha,6,0.05,0,0,0,dynamic_overlap_100d_4pct_hdd,100,42,1000000,5000,1.0,health_ec,15.0,11,550000,600000,96,recovery,99,mild_slow,3,12.6,17.7,33.5,201399,0.7,1399,1399,1365,4,4,0
overlap_4pct,threshold_d6_a005,threshold_alpha,6,0.05,0,0,0,dynamic_overlap_100d_4pct_hdd,100,42,1000000,5000,1.0,health_ec,15.0,12,600000,650000,96,healthy,99,mild_slow,2,12.5,17.3,22.5,201390,0.7,1390,1390,1030,0,0,0
overlap_4pct,threshold_d6_a005,threshold_alpha,6,0.05,0,0,0,dynamic_overlap_100d_4pct_hdd,100,42,1000000,5000,1.0,health_ec,15.0,13,650000,700000,96,healthy,99,mild_slow,2,12.6,17.3,22.9,201249,0.6,1249,1249,1039,0,0,0
overlap_4pct,threshold_d6_a005,threshold_alpha,6,0.05,0,0,0,dynamic_overlap_100d_4pct_hdd,100,42,1000000,5000,1.0,health_ec,15.0,14,700000,750000,96,healthy,99,severe_slow,2,12.5,17.3,42.2,201053,0.5,1053,1053,914,2,2,0
overlap_4pct,threshold_d6_a005,threshold_alpha,6,0.05,0,0,0,dynamic_overlap_100d_4pct_hdd,100,42,1000000,5000,1.0,health_ec,15.0,15,750000,800000,96,healthy,99,severe_slow,1,12.5,16.9,19.1,200956,0.5,956,956,918,0,0,0
overlap_4pct,threshold_d6_a005,threshold_alpha,6,0.05,0,0,0,dynamic_overlap_100d_4pct_hdd,100,42,1000000,5000,1.0,health_ec,15.0,16,800000,850000,96,healthy,99,severe_slow,1,12.5,16.9,19.1,200855,0.4,855,855,841,0,0,0
overlap_4pct,threshold_d6_a005,threshold_alpha,6,0.05,0,0,0,dynamic_overlap_100d_4pct_hdd,100,42,1000000,5000,1.0,health_ec,15.0,17,850000,900000,96,healthy,99,recovery,0,12.5,16.8,18.8,200827,0.4,827,827,735,0,0,0
overlap_4pct,threshold_d6_a005,threshold_alpha,6,0.05,0,0,0,dynamic_overlap_100d_4pct_hdd,100,42,1000000,5000,1.0,health_ec,15.0,18,900000,950000,96,healthy,99,healthy,0,12.5,16.8,18.8,200504,0.3,504,504,420,0,0,0
overlap_4pct,threshold_d6_a005,threshold_alpha,6,0.05,0,0,0,dynamic_overlap_100d_4pct_hdd,100,42,1000000,5000,1.0,health_ec,15.0,19,950000,1000000,96,healthy,99,healthy,0,12.5,16.8,18.9,200306,0.2,306,306,238,0,0,0
overlap_4pct,threshold_d8_a005,threshold_alpha,8,0.05,0,0,0,dynamic_overlap_100d_4pct_hdd,100,42,1000000,5000,1.0,health_ec,15.0,0,0,50000,96,healthy,99,healthy,0,12.5,16.8,18.8,200000,0.0,0,0,0,0,0,0
overlap_4pct,threshold_d8_a005,threshold_alpha,8,0.05,0,0,0,dynamic_overlap_100d_4pct_hdd,100,42,1000000,5000,1.0,health_ec,15.0,1,50000,100000,96,healthy,99,healthy,0,12.5,16.8,18.9,200000,0.0,0,0,0,0,0,0
overlap_4pct,threshold_d8_a005,threshold_alpha,8,0.05,0,0,0,dynamic_overlap_100d_4pct_hdd,100,42,1000000,5000,1.0,health_ec,15.0,2,100000,150000,96,healthy,99,healthy,0,12.5,16.8,18.8,200000,0.0,0,0,0,0,0,0
overlap_4pct,threshold_d8_a005,threshold_alpha,8,0.05,0,0,0,dynamic_overlap_100d_4pct_hdd,100,42,1000000,5000,1.0,health_ec,15.0,3,150000,200000,96,mild_slow,99,healthy,1,12.5,17.1,20.4,200531,0.3,531,531,517,1,1,0
overlap_4pct,threshold_d8_a005,threshold_alpha,8,0.05,0,0,0,dynamic_overlap_100d_4pct_hdd,100,42,1000000,5000,1.0,health_ec,15.0,4,200000,250000,96,mild_slow,99,healthy,1,12.5,17.0,19.5,200774,0.4,774,774,755,0,0,0
overlap_4pct,threshold_d8_a005,threshold_alpha,8,0.05,0,0,0,dynamic_overlap_100d_4pct_hdd,100,42,1000000,5000,1.0,health_ec,15.0,5,250000,300000,96,mild_slow,99,healthy,2,12.6,17.3,22.3,200829,0.4,829,829,826,1,1,0
overlap_4pct,threshold_d8_a005,threshold_alpha,8,0.05,0,0,0,dynamic_overlap_100d_4pct_hdd,100,42,1000000,5000,1.0,health_ec,15.0,6,300000,350000,96,severe_slow,99,healthy,2,12.5,17.3,25.4,200944,0.5,944,944,942,2,2,0
overlap_4pct,threshold_d8_a005,threshold_alpha,8,0.05,0,0,0,dynamic_overlap_100d_4pct_hdd,100,42,1000000,5000,1.0,health_ec,15.0,7,350000,400000,96,severe_slow,99,healthy,2,12.5,17.3,23.1,201042,0.5,1042,1042,1038,0,0,0
overlap_4pct,threshold_d8_a005,threshold_alpha,8,0.05,0,0,0,dynamic_overlap_100d_4pct_hdd,100,42,1000000,5000,1.0,health_ec,15.0,8,400000,450000,96,severe_slow,99,healthy,3,12.6,17.7,43.7,201194,0.6,1194,1194,1192,4,4,0
overlap_4pct,threshold_d8_a005,threshold_alpha,8,0.05,0,0,0,dynamic_overlap_100d_4pct_hdd,100,42,1000000,5000,1.0,health_ec,15.0,9,450000,500000,96,severe_slow,99,healthy,3,12.6,17.5,44.1,201352,0.7,1352,1352,1340,0,0,0
overlap_4pct,threshold_d8_a005,threshold_alpha,8,0.05,0,0,0,dynamic_overlap_100d_4pct_hdd,100,42,1000000,5000,1.0,health_ec,15.0,10,500000,550000,96,recovery,99,healthy,2,12.6,17.1,20.8,201347,0.7,1347,1347,1334,0,0,0
overlap_4pct,threshold_d8_a005,threshold_alpha,8,0.05,0,0,0,dynamic_overlap_100d_4pct_hdd,100,42,1000000,5000,1.0,health_ec,15.0,11,550000,600000,96,recovery,99,mild_slow,3,12.6,17.8,33.8,201415,0.7,1415,1415,1382,3,3,0
overlap_4pct,threshold_d8_a005,threshold_alpha,8,0.05,0,0,0,dynamic_overlap_100d_4pct_hdd,100,42,1000000,5000,1.0,health_ec,15.0,12,600000,650000,96,healthy,99,mild_slow,2,12.5,17.3,22.9,201390,0.7,1390,1390,1031,0,0,0
overlap_4pct,threshold_d8_a005,threshold_alpha,8,0.05,0,0,0,dynamic_overlap_100d_4pct_hdd,100,42,1000000,5000,1.0,health_ec,15.0,13,650000,700000,96,healthy,99,mild_slow,2,12.6,17.4,23.5,201249,0.6,1249,1249,1039,0,0,0
overlap_4pct,threshold_d8_a005,threshold_alpha,8,0.05,0,0,0,dynamic_overlap_100d_4pct_hdd,100,42,1000000,5000,1.0,health_ec,15.0,14,700000,750000,96,healthy,99,severe_slow,2,12.5,17.3,43.4,201115,0.6,1115,1115,976,0,0,0
overlap_4pct,threshold_d8_a005,threshold_alpha,8,0.05,0,0,0,dynamic_overlap_100d_4pct_hdd,100,42,1000000,5000,1.0,health_ec,15.0,15,750000,800000,96,healthy,99,severe_slow,1,12.5,16.9,19.1,201063,0.5,1063,1063,1018,1,1,0
overlap_4pct,threshold_d8_a005,threshold_alpha,8,0.05,0,0,0,dynamic_overlap_100d_4pct_hdd,100,42,1000000,5000,1.0,health_ec,15.0,16,800000,850000,96,healthy,99,severe_slow,1,12.5,17.0,19.1,200922,0.5,922,922,906,0,0,0
overlap_4pct,threshold_d8_a005,threshold_alpha,8,0.05,0,0,0,dynamic_overlap_100d_4pct_hdd,100,42,1000000,5000,1.0,health_ec,15.0,17,850000,900000,96,healthy,99,recovery,0,12.5,16.8,18.8,200851,0.4,851,851,756,0,0,0
overlap_4pct,threshold_d8_a005,threshold_alpha,8,0.05,0,0,0,dynamic_overlap_100d_4pct_hdd,100,42,1000000,5000,1.0,health_ec,15.0,18,900000,950000,96,healthy,99,healthy,0,12.5,16.8,18.8,200503,0.3,503,503,418,0,0,0
overlap_4pct,threshold_d8_a005,threshold_alpha,8,0.05,0,0,0,dynamic_overlap_100d_4pct_hdd,100,42,1000000,5000,1.0,health_ec,15.0,19,950000,1000000,96,healthy,99,healthy,0,12.5,16.8,18.8,200306,0.2,306,306,237,0,0,0
overlap_4pct,threshold_d2_a010,threshold_alpha,2,0.1,0,0,0,dynamic_overlap_100d_4pct_hdd,100,42,1000000,5000,1.0,health_ec,15.0,0,0,50000,96,healthy,99,healthy,0,12.5,16.8,18.8,200000,0.0,0,0,0,0,0,0
overlap_4pct,threshold_d2_a010,threshold_alpha,2,0.1,0,0,0,dynamic_overlap_100d_4pct_hdd,100,42,1000000,5000,1.0,health_ec,15.0,1,50000,100000,96,healthy,99,healthy,0,12.5,16.8,18.9,200000,0.0,0,0,0,0,0,0
overlap_4pct,threshold_d2_a010,threshold_alpha,2,0.1,0,0,0,dynamic_overlap_100d_4pct_hdd,100,42,1000000,5000,1.0,health_ec,15.0,2,100000,150000,96,healthy,99,healthy,0,12.5,16.8,18.8,200000,0.0,0,0,0,0,0,0
overlap_4pct,threshold_d2_a010,threshold_alpha,2,0.1,0,0,0,dynamic_overlap_100d_4pct_hdd,100,42,1000000,5000,1.0,health_ec,15.0,3,150000,200000,96,mild_slow,99,healthy,1,12.5,17.1,20.4,200258,0.1,258,258,251,7,6,0
overlap_4pct,threshold_d2_a010,threshold_alpha,2,0.1,0,0,0,dynamic_overlap_100d_4pct_hdd,100,42,1000000,5000,1.0,health_ec,15.0,4,200000,250000,96,mild_slow,99,healthy,1,12.5,17.0,19.5,200421,0.2,421,421,410,0,0,0
overlap_4pct,threshold_d2_a010,threshold_alpha,2,0.1,0,0,0,dynamic_overlap_100d_4pct_hdd,100,42,1000000,5000,1.0,health_ec,15.0,5,250000,300000,96,mild_slow,99,healthy,2,12.5,17.2,21.2,200543,0.3,543,543,541,5,4,0
overlap_4pct,threshold_d2_a010,threshold_alpha,2,0.1,0,0,0,dynamic_overlap_100d_4pct_hdd,100,42,1000000,5000,1.0,health_ec,15.0,6,300000,350000,96,severe_slow,99,healthy,2,12.5,17.2,21.8,200647,0.3,647,647,642,5,5,0
overlap_4pct,threshold_d2_a010,threshold_alpha,2,0.1,0,0,0,dynamic_overlap_100d_4pct_hdd,100,42,1000000,5000,1.0,health_ec,15.0,7,350000,400000,96,severe_slow,99,healthy,2,12.5,17.1,20.6,200641,0.3,641,641,638,1,1,0
overlap_4pct,threshold_d2_a010,threshold_alpha,2,0.1,0,0,0,dynamic_overlap_100d_4pct_hdd,100,42,1000000,5000,1.0,health_ec,15.0,8,400000,450000,96,severe_slow,99,healthy,3,12.5,17.5,34.9,200824,0.4,824,824,822,8,8,0
overlap_4pct,threshold_d2_a010,threshold_alpha,2,0.1,0,0,0,dynamic_overlap_100d_4pct_hdd,100,42,1000000,5000,1.0,health_ec,15.0,9,450000,500000,96,severe_slow,99,healthy,3,12.5,17.3,37.2,200966,0.5,966,966,955,1,1,0
overlap_4pct,threshold_d2_a010,threshold_alpha,2,0.1,0,0,0,dynamic_overlap_100d_4pct_hdd,100,42,1000000,5000,1.0,health_ec,15.0,10,500000,550000,96,recovery,99,healthy,2,12.5,17.1,20.1,200945,0.5,945,945,934,0,0,0
overlap_4pct,threshold_d2_a010,threshold_alpha,2,0.1,0,0,0,dynamic_overlap_100d_4pct_hdd,100,42,1000000,5000,1.0,health_ec,15.0,11,550000,600000,96,recovery,99,mild_slow,3,12.6,17.5,28.8,201036,0.5,1036,1036,1013,11,9,0
overlap_4pct,threshold_d2_a010,threshold_alpha,2,0.1,0,0,0,dynamic_overlap_100d_4pct_hdd,100,42,1000000,5000,1.0,health_ec,15.0,12,600000,650000,96,healthy,99,mild_slow,2,12.5,17.1,21.0,201035,0.5,1035,1035,762,0,0,0
overlap_4pct,threshold_d2_a010,threshold_alpha,2,0.1,0,0,0,dynamic_overlap_100d_4pct_hdd,100,42,1000000,5000,1.0,health_ec,15.0,13,650000,700000,96,healthy,99,mild_slow,2,12.5,17.2,21.1,200977,0.5,977,977,766,0,0,0
overlap_4pct,threshold_d2_a010,threshold_alpha,2,0.1,0,0,0,dynamic_overlap_100d_4pct_hdd,100,42,1000000,5000,1.0,health_ec,15.0,14,700000,750000,96,healthy,99,severe_slow,2,12.5,17.2,33.1,200819,0.4,819,819,679,4,4,0
overlap_4pct,threshold_d2_a010,threshold_alpha,2,0.1,0,0,0,dynamic_overlap_100d_4pct_hdd,100,42,1000000,5000,1.0,health_ec,15.0,15,750000,800000,96,healthy,99,severe_slow,1,12.5,16.9,19.0,200747,0.4,747,747,710,0,0,0
overlap_4pct,threshold_d2_a010,threshold_alpha,2,0.1,0,0,0,dynamic_overlap_100d_4pct_hdd,100,42,1000000,5000,1.0,health_ec,15.0,16,800000,850000,96,healthy,99,severe_slow,1,12.5,16.9,19.1,200656,0.3,656,656,642,0,0,0
overlap_4pct,threshold_d2_a010,threshold_alpha,2,0.1,0,0,0,dynamic_overlap_100d_4pct_hdd,100,42,1000000,5000,1.0,health_ec,15.0,17,850000,900000,96,healthy,99,recovery,0,12.5,16.8,18.8,200656,0.3,656,656,580,0,0,0
overlap_4pct,threshold_d2_a010,threshold_alpha,2,0.1,0,0,0,dynamic_overlap_100d_4pct_hdd,100,42,1000000,5000,1.0,health_ec,15.0,18,900000,950000,96,healthy,99,healthy,0,12.5,16.8,18.8,200459,0.2,459,459,384,0,0,0
overlap_4pct,threshold_d2_a010,threshold_alpha,2,0.1,0,0,0,dynamic_overlap_100d_4pct_hdd,100,42,1000000,5000,1.0,health_ec,15.0,19,950000,1000000,96,healthy,99,healthy,0,12.5,16.8,18.9,200306,0.2,306,306,237,0,0,0
overlap_4pct,threshold_d4_a010,threshold_alpha,4,0.1,0,0,0,dynamic_overlap_100d_4pct_hdd,100,42,1000000,5000,1.0,health_ec,15.0,0,0,50000,96,healthy,99,healthy,0,12.5,16.8,18.8,200000,0.0,0,0,0,0,0,0
overlap_4pct,threshold_d4_a010,threshold_alpha,4,0.1,0,0,0,dynamic_overlap_100d_4pct_hdd,100,42,1000000,5000,1.0,health_ec,15.0,1,50000,100000,96,healthy,99,healthy,0,12.5,16.8,18.9,200000,0.0,0,0,0,0,0,0
overlap_4pct,threshold_d4_a010,threshold_alpha,4,0.1,0,0,0,dynamic_overlap_100d_4pct_hdd,100,42,1000000,5000,1.0,health_ec,15.0,2,100000,150000,96,healthy,99,healthy,0,12.5,16.8,18.8,200000,0.0,0,0,0,0,0,0
overlap_4pct,threshold_d4_a010,threshold_alpha,4,0.1,0,0,0,dynamic_overlap_100d_4pct_hdd,100,42,1000000,5000,1.0,health_ec,15.0,3,150000,200000,96,mild_slow,99,healthy,1,12.5,17.1,20.4,200355,0.2,355,355,344,3,2,0
overlap_4pct,threshold_d4_a010,threshold_alpha,4,0.1,0,0,0,dynamic_overlap_100d_4pct_hdd,100,42,1000000,5000,1.0,health_ec,15.0,4,200000,250000,96,mild_slow,99,healthy,1,12.5,17.0,19.5,200547,0.3,547,547,532,1,1,0
overlap_4pct,threshold_d4_a010,threshold_alpha,4,0.1,0,0,0,dynamic_overlap_100d_4pct_hdd,100,42,1000000,5000,1.0,health_ec,15.0,5,250000,300000,96,mild_slow,99,healthy,2,12.5,17.2,21.4,200623,0.3,623,623,619,3,2,0
overlap_4pct,threshold_d4_a010,threshold_alpha,4,0.1,0,0,0,dynamic_overlap_100d_4pct_hdd,100,42,1000000,5000,1.0,health_ec,15.0,6,300000,350000,96,severe_slow,99,healthy,2,12.5,17.2,23.7,200772,0.4,772,772,771,1,1,0
overlap_4pct,threshold_d4_a010,threshold_alpha,4,0.1,0,0,0,dynamic_overlap_100d_4pct_hdd,100,42,1000000,5000,1.0,health_ec,15.0,7,350000,400000,96,severe_slow,99,healthy,2,12.5,17.2,21.6,200825,0.4,825,825,825,1,1,0
overlap_4pct,threshold_d4_a010,threshold_alpha,4,0.1,0,0,0,dynamic_overlap_100d_4pct_hdd,100,42,1000000,5000,1.0,health_ec,15.0,8,400000,450000,96,severe_slow,99,healthy,3,12.6,17.6,41.2,201016,0.5,1016,1016,1013,5,5,0
overlap_4pct,threshold_d4_a010,threshold_alpha,4,0.1,0,0,0,dynamic_overlap_100d_4pct_hdd,100,42,1000000,5000,1.0,health_ec,15.0,9,450000,500000,96,severe_slow,99,healthy,3,12.5,17.4,42.0,201136,0.6,1136,1136,1126,0,0,0
overlap_4pct,threshold_d4_a010,threshold_alpha,4,0.1,0,0,0,dynamic_overlap_100d_4pct_hdd,100,42,1000000,5000,1.0,health_ec,15.0,10,500000,550000,96,recovery,99,healthy,2,12.6,17.1,20.5,201129,0.6,1129,1129,1120,0,0,0
overlap_4pct,threshold_d4_a010,threshold_alpha,4,0.1,0,0,0,dynamic_overlap_100d_4pct_hdd,100,42,1000000,5000,1.0,health_ec,15.0,11,550000,600000,96,recovery,99,mild_slow,3,12.6,17.6,31.4,201239,0.6,1239,1239,1209,5,5,0
overlap_4pct,threshold_d4_a010,threshold_alpha,4,0.1,0,0,0,dynamic_overlap_100d_4pct_hdd,100,42,1000000,5000,1.0,health_ec,15.0,12,600000,650000,96,healthy,99,mild_slow,2,12.5,17.2,22.0,201211,0.6,1211,1211,882,1,1,0
overlap_4pct,threshold_d4_a010,threshold_alpha,4,0.1,0,0,0,dynamic_overlap_100d_4pct_hdd,100,42,1000000,5000,1.0,health_ec,15.0,13,650000,700000,96,healthy,99,mild_slow,2,12.5,17.3,22.0,201097,0.5,1097,1097,883,0,0,0
overlap_4pct,threshold_d4_a010,threshold_alpha,4,0.1,0,0,0,dynamic_overlap_100d_4pct_hdd,100,42,1000000,5000,1.0,health_ec,15.0,14,700000,750000,96,healthy,99,severe_slow,2,12.5,17.2,39.2,200956,0.5,956,956,815,1,1,0
overlap_4pct,threshold_d4_a010,threshold_alpha,4,0.1,0,0,0,dynamic_overlap_100d_4pct_hdd,100,42,1000000,5000,1.0,health_ec,15.0,15,750000,800000,96,healthy,99,severe_slow,1,12.5,16.9,19.0,200890,0.4,890,890,853,0,0,0
overlap_4pct,threshold_d4_a010,threshold_alpha,4,0.1,0,0,0,dynamic_overlap_100d_4pct_hdd,100,42,1000000,5000,1.0,health_ec,15.0,16,800000,850000,96,healthy,99,severe_slow,1,12.5,16.9,19.1,200808,0.4,808,808,794,0,0,0
overlap_4pct,threshold_d4_a010,threshold_alpha,4,0.1,0,0,0,dynamic_overlap_100d_4pct_hdd,100,42,1000000,5000,1.0,health_ec,15.0,17,850000,900000,96,healthy,99,recovery,0,12.5,16.8,18.8,200805,0.4,805,805,713,0,0,0
overlap_4pct,threshold_d4_a010,threshold_alpha,4,0.1,0,0,0,dynamic_overlap_100d_4pct_hdd,100,42,1000000,5000,1.0,health_ec,15.0,18,900000,950000,96,healthy,99,healthy,0,12.5,16.8,18.8,200503,0.3,503,503,418,0,0,0
overlap_4pct,threshold_d4_a010,threshold_alpha,4,0.1,0,0,0,dynamic_overlap_100d_4pct_hdd,100,42,1000000,5000,1.0,health_ec,15.0,19,950000,1000000,96,healthy,99,healthy,0,12.5,16.8,18.9,200306,0.2,306,306,237,0,0,0
overlap_4pct,threshold_d6_a010,threshold_alpha,6,0.1,0,0,0,dynamic_overlap_100d_4pct_hdd,100,42,1000000,5000,1.0,health_ec,15.0,0,0,50000,96,healthy,99,healthy,0,12.5,16.8,18.8,200000,0.0,0,0,0,0,0,0
overlap_4pct,threshold_d6_a010,threshold_alpha,6,0.1,0,0,0,dynamic_overlap_100d_4pct_hdd,100,42,1000000,5000,1.0,health_ec,15.0,1,50000,100000,96,healthy,99,healthy,0,12.5,16.8,18.9,200000,0.0,0,0,0,0,0,0
overlap_4pct,threshold_d6_a010,threshold_alpha,6,0.1,0,0,0,dynamic_overlap_100d_4pct_hdd,100,42,1000000,5000,1.0,health_ec,15.0,2,100000,150000,96,healthy,99,healthy,0,12.5,16.8,18.8,200000,0.0,0,0,0,0,0,0
overlap_4pct,threshold_d6_a010,threshold_alpha,6,0.1,0,0,0,dynamic_overlap_100d_4pct_hdd,100,42,1000000,5000,1.0,health_ec,15.0,3,150000,200000,96,mild_slow,99,healthy,1,12.5,17.1,20.4,200443,0.2,443,443,432,2,1,0
overlap_4pct,threshold_d6_a010,threshold_alpha,6,0.1,0,0,0,dynamic_overlap_100d_4pct_hdd,100,42,1000000,5000,1.0,health_ec,15.0,4,200000,250000,96,mild_slow,99,healthy,1,12.5,17.0,19.5,200659,0.3,659,659,641,0,0,0
overlap_4pct,threshold_d6_a010,threshold_alpha,6,0.1,0,0,0,dynamic_overlap_100d_4pct_hdd,100,42,1000000,5000,1.0,health_ec,15.0,5,250000,300000,96,mild_slow,99,healthy,2,12.5,17.2,21.7,200713,0.4,713,713,710,2,2,0
overlap_4pct,threshold_d6_a010,threshold_alpha,6,0.1,0,0,0,dynamic_overlap_100d_4pct_hdd,100,42,1000000,5000,1.0,health_ec,15.0,6,300000,350000,96,severe_slow,99,healthy,2,12.5,17.3,24.8,200856,0.4,856,856,854,1,0,0
overlap_4pct,threshold_d6_a010,threshold_alpha,6,0.1,0,0,0,dynamic_overlap_100d_4pct_hdd,100,42,1000000,5000,1.0,health_ec,15.0,7,350000,400000,96,severe_slow,99,healthy,2,12.5,17.3,23.1,200919,0.5,919,919,918,1,1,0
overlap_4pct,threshold_d6_a010,threshold_alpha,6,0.1,0,0,0,dynamic_overlap_100d_4pct_hdd,100,42,1000000,5000,1.0,health_ec,15.0,8,400000,450000,96,severe_slow,99,healthy,3,12.6,17.6,43.7,201135,0.6,1135,1135,1131,2,2,0
overlap_4pct,threshold_d6_a010,threshold_alpha,6,0.1,0,0,0,dynamic_overlap_100d_4pct_hdd,100,42,1000000,5000,1.0,health_ec,15.0,9,450000,500000,96,severe_slow,99,healthy,3,12.6,17.5,44.1,201352,0.7,1352,1352,1340,1,1,0
overlap_4pct,threshold_d6_a010,threshold_alpha,6,0.1,0,0,0,dynamic_overlap_100d_4pct_hdd,100,42,1000000,5000,1.0,health_ec,15.0,10,500000,550000,96,recovery,99,healthy,2,12.6,17.1,20.8,201272,0.6,1272,1272,1260,0,0,0
overlap_4pct,threshold_d6_a010,threshold_alpha,6,0.1,0,0,0,dynamic_overlap_100d_4pct_hdd,100,42,1000000,5000,1.0,health_ec,15.0,11,550000,600000,96,recovery,99,mild_slow,3,12.6,17.7,33.4,201372,0.7,1372,1372,1338,3,3,0
overlap_4pct,threshold_d6_a010,threshold_alpha,6,0.1,0,0,0,dynamic_overlap_100d_4pct_hdd,100,42,1000000,5000,1.0,health_ec,15.0,12,600000,650000,96,healthy,99,mild_slow,2,12.5,17.3,22.5,201376,0.7,1376,1376,1017,1,1,0
overlap_4pct,threshold_d6_a010,threshold_alpha,6,0.1,0,0,0,dynamic_overlap_100d_4pct_hdd,100,42,1000000,5000,1.0,health_ec,15.0,13,650000,700000,96,healthy,99,mild_slow,2,12.6,17.3,22.8,201160,0.6,1160,1160,950,0,0,0
overlap_4pct,threshold_d6_a010,threshold_alpha,6,0.1,0,0,0,dynamic_overlap_100d_4pct_hdd,100,42,1000000,5000,1.0,health_ec,15.0,14,700000,750000,96,healthy,99,severe_slow,2,12.5,17.3,42.2,201003,0.5,1003,1003,864,1,1,0
overlap_4pct,threshold_d6_a010,threshold_alpha,6,0.1,0,0,0,dynamic_overlap_100d_4pct_hdd,100,42,1000000,5000,1.0,health_ec,15.0,15,750000,800000,96,healthy,99,severe_slow,1,12.5,16.9,19.1,200941,0.5,941,941,904,0,0,0
overlap_4pct,threshold_d6_a010,threshold_alpha,6,0.1,0,0,0,dynamic_overlap_100d_4pct_hdd,100,42,1000000,5000,1.0,health_ec,15.0,16,800000,850000,96,healthy,99,severe_slow,1,12.5,16.9,19.1,200855,0.4,855,855,841,0,0,0
overlap_4pct,threshold_d6_a010,threshold_alpha,6,0.1,0,0,0,dynamic_overlap_100d_4pct_hdd,100,42,1000000,5000,1.0,health_ec,15.0,17,850000,900000,96,healthy,99,recovery,0,12.5,16.8,18.8,200827,0.4,827,827,734,0,0,0
overlap_4pct,threshold_d6_a010,threshold_alpha,6,0.1,0,0,0,dynamic_overlap_100d_4pct_hdd,100,42,1000000,5000,1.0,health_ec,15.0,18,900000,950000,96,healthy,99,healthy,0,12.5,16.8,18.8,200503,0.3,503,503,418,0,0,0
overlap_4pct,threshold_d6_a010,threshold_alpha,6,0.1,0,0,0,dynamic_overlap_100d_4pct_hdd,100,42,1000000,5000,1.0,health_ec,15.0,19,950000,1000000,96,healthy,99,healthy,0,12.5,16.8,18.9,200306,0.2,306,306,237,0,0,0
overlap_4pct,threshold_d8_a010,threshold_alpha,8,0.1,0,0,0,dynamic_overlap_100d_4pct_hdd,100,42,1000000,5000,1.0,health_ec,15.0,0,0,50000,96,healthy,99,healthy,0,12.5,16.8,18.8,200000,0.0,0,0,0,0,0,0
overlap_4pct,threshold_d8_a010,threshold_alpha,8,0.1,0,0,0,dynamic_overlap_100d_4pct_hdd,100,42,1000000,5000,1.0,health_ec,15.0,1,50000,100000,96,healthy,99,healthy,0,12.5,16.8,18.9,200000,0.0,0,0,0,0,0,0
overlap_4pct,threshold_d8_a010,threshold_alpha,8,0.1,0,0,0,dynamic_overlap_100d_4pct_hdd,100,42,1000000,5000,1.0,health_ec,15.0,2,100000,150000,96,healthy,99,healthy,0,12.5,16.8,18.8,200000,0.0,0,0,0,0,0,0
overlap_4pct,threshold_d8_a010,threshold_alpha,8,0.1,0,0,0,dynamic_overlap_100d_4pct_hdd,100,42,1000000,5000,1.0,health_ec,15.0,3,150000,200000,96,mild_slow,99,healthy,1,12.5,17.1,20.4,200526,0.3,526,526,512,1,0,0
overlap_4pct,threshold_d8_a010,threshold_alpha,8,0.1,0,0,0,dynamic_overlap_100d_4pct_hdd,100,42,1000000,5000,1.0,health_ec,15.0,4,200000,250000,96,mild_slow,99,healthy,1,12.5,17.0,19.5,200774,0.4,774,774,755,0,0,0
overlap_4pct,threshold_d8_a010,threshold_alpha,8,0.1,0,0,0,dynamic_overlap_100d_4pct_hdd,100,42,1000000,5000,1.0,health_ec,15.0,5,250000,300000,96,mild_slow,99,healthy,2,12.5,17.2,21.7,200824,0.4,824,824,821,2,2,0
overlap_4pct,threshold_d8_a010,threshold_alpha,8,0.1,0,0,0,dynamic_overlap_100d_4pct_hdd,100,42,1000000,5000,1.0,health_ec,15.0,6,300000,350000,96,severe_slow,99,healthy,2,12.5,17.3,25.0,200944,0.5,944,944,940,1,1,0
overlap_4pct,threshold_d8_a010,threshold_alpha,8,0.1,0,0,0,dynamic_overlap_100d_4pct_hdd,100,42,1000000,5000,1.0,health_ec,15.0,7,350000,400000,96,severe_slow,99,healthy,2,12.5,17.3,23.1,200989,0.5,989,989,984,1,1,0
overlap_4pct,threshold_d8_a010,threshold_alpha,8,0.1,0,0,0,dynamic_overlap_100d_4pct_hdd,100,42,1000000,5000,1.0,health_ec,15.0,8,400000,450000,96,severe_slow,99,healthy,3,12.6,17.6,43.7,201176,0.6,1176,1176,1173,3,3,0
overlap_4pct,threshold_d8_a010,threshold_alpha,8,0.1,0,0,0,dynamic_overlap_100d_4pct_hdd,100,42,1000000,5000,1.0,health_ec,15.0,9,450000,500000,96,severe_slow,99,healthy,3,12.6,17.5,44.1,201352,0.7,1352,1352,1340,0,0,0
overlap_4pct,threshold_d8_a010,threshold_alpha,8,0.1,0,0,0,dynamic_overlap_100d_4pct_hdd,100,42,1000000,5000,1.0,health_ec,15.0,10,500000,550000,96,recovery,99,healthy,2,12.6,17.1,20.8,201347,0.7,1347,1347,1334,0,0,0
overlap_4pct,threshold_d8_a010,threshold_alpha,8,0.1,0,0,0,dynamic_overlap_100d_4pct_hdd,100,42,1000000,5000,1.0,health_ec,15.0,11,550000,600000,96,recovery,99,mild_slow,3,12.6,17.7,33.7,201395,0.7,1395,1395,1362,3,3,0
overlap_4pct,threshold_d8_a010,threshold_alpha,8,0.1,0,0,0,dynamic_overlap_100d_4pct_hdd,100,42,1000000,5000,1.0,health_ec,15.0,12,600000,650000,96,healthy,99,mild_slow,2,12.5,17.3,22.9,201390,0.7,1390,1390,1030,0,0,0
overlap_4pct,threshold_d8_a010,threshold_alpha,8,0.1,0,0,0,dynamic_overlap_100d_4pct_hdd,100,42,1000000,5000,1.0,health_ec,15.0,13,650000,700000,96,healthy,99,mild_slow,2,12.6,17.4,23.5,201249,0.6,1249,1249,1037,0,0,0
overlap_4pct,threshold_d8_a010,threshold_alpha,8,0.1,0,0,0,dynamic_overlap_100d_4pct_hdd,100,42,1000000,5000,1.0,health_ec,15.0,14,700000,750000,96,healthy,99,severe_slow,2,12.5,17.3,43.4,201077,0.5,1077,1077,938,1,1,0
overlap_4pct,threshold_d8_a010,threshold_alpha,8,0.1,0,0,0,dynamic_overlap_100d_4pct_hdd,100,42,1000000,5000,1.0,health_ec,15.0,15,750000,800000,96,healthy,99,severe_slow,1,12.5,16.9,19.1,201007,0.5,1007,1007,970,0,0,0
overlap_4pct,threshold_d8_a010,threshold_alpha,8,0.1,0,0,0,dynamic_overlap_100d_4pct_hdd,100,42,1000000,5000,1.0,health_ec,15.0,16,800000,850000,96,healthy,99,severe_slow,1,12.5,17.0,19.1,200922,0.5,922,922,906,0,0,0
overlap_4pct,threshold_d8_a010,threshold_alpha,8,0.1,0,0,0,dynamic_overlap_100d_4pct_hdd,100,42,1000000,5000,1.0,health_ec,15.0,17,850000,900000,96,healthy,99,recovery,0,12.5,16.8,18.8,200851,0.4,851,851,756,0,0,0
overlap_4pct,threshold_d8_a010,threshold_alpha,8,0.1,0,0,0,dynamic_overlap_100d_4pct_hdd,100,42,1000000,5000,1.0,health_ec,15.0,18,900000,950000,96,healthy,99,healthy,0,12.5,16.8,18.8,200503,0.3,503,503,418,0,0,0
overlap_4pct,threshold_d8_a010,threshold_alpha,8,0.1,0,0,0,dynamic_overlap_100d_4pct_hdd,100,42,1000000,5000,1.0,health_ec,15.0,19,950000,1000000,96,healthy,99,healthy,0,12.5,16.8,18.9,200306,0.2,306,306,237,0,0,0
overlap_4pct,evidence_w2_d4,window_evidence,4,0.1,2,0,0,dynamic_overlap_100d_4pct_hdd,100,42,1000000,5000,1.0,health_ec,15.0,0,0,50000,96,healthy,99,healthy,0,12.5,16.8,18.8,200000,0.0,0,0,0,0,0,0
overlap_4pct,evidence_w2_d4,window_evidence,4,0.1,2,0,0,dynamic_overlap_100d_4pct_hdd,100,42,1000000,5000,1.0,health_ec,15.0,1,50000,100000,96,healthy,99,healthy,0,12.5,16.8,18.9,200000,0.0,0,0,0,0,0,0
overlap_4pct,evidence_w2_d4,window_evidence,4,0.1,2,0,0,dynamic_overlap_100d_4pct_hdd,100,42,1000000,5000,1.0,health_ec,15.0,2,100000,150000,96,healthy,99,healthy,0,12.5,16.8,18.8,200000,0.0,0,0,0,0,0,0
overlap_4pct,evidence_w2_d4,window_evidence,4,0.1,2,0,0,dynamic_overlap_100d_4pct_hdd,100,42,1000000,5000,1.0,health_ec,15.0,3,150000,200000,96,mild_slow,99,healthy,1,12.5,17.1,20.4,200847,0.4,847,847,826,0,0,0
overlap_4pct,evidence_w2_d4,window_evidence,4,0.1,2,0,0,dynamic_overlap_100d_4pct_hdd,100,42,1000000,5000,1.0,health_ec,15.0,4,200000,250000,96,mild_slow,99,healthy,1,12.5,17.0,19.5,200550,0.3,550,550,535,4,4,0
overlap_4pct,evidence_w2_d4,window_evidence,4,0.1,2,0,0,dynamic_overlap_100d_4pct_hdd,100,42,1000000,5000,1.0,health_ec,15.0,5,250000,300000,96,mild_slow,99,healthy,2,12.5,17.2,21.4,201089,0.5,1089,1089,1079,0,0,0
overlap_4pct,evidence_w2_d4,window_evidence,4,0.1,2,0,0,dynamic_overlap_100d_4pct_hdd,100,42,1000000,5000,1.0,health_ec,15.0,6,300000,350000,96,severe_slow,99,healthy,2,12.5,17.2,23.7,200782,0.4,782,782,781,4,4,0
overlap_4pct,evidence_w2_d4,window_evidence,4,0.1,2,0,0,dynamic_overlap_100d_4pct_hdd,100,42,1000000,5000,1.0,health_ec,15.0,7,350000,400000,96,severe_slow,99,healthy,2,12.5,17.2,21.6,200825,0.4,825,825,825,1,1,0
overlap_4pct,evidence_w2_d4,window_evidence,4,0.1,2,0,0,dynamic_overlap_100d_4pct_hdd,100,42,1000000,5000,1.0,health_ec,15.0,8,400000,450000,96,severe_slow,99,healthy,3,12.6,17.6,41.2,201592,0.8,1592,1592,1579,1,1,0
overlap_4pct,evidence_w2_d4,window_evidence,4,0.1,2,0,0,dynamic_overlap_100d_4pct_hdd,100,42,1000000,5000,1.0,health_ec,15.0,9,450000,500000,96,severe_slow,99,healthy,3,12.5,17.4,42.0,201157,0.6,1157,1157,1147,4,4,0
overlap_4pct,evidence_w2_d4,window_evidence,4,0.1,2,0,0,dynamic_overlap_100d_4pct_hdd,100,42,1000000,5000,1.0,health_ec,15.0,10,500000,550000,96,recovery,99,healthy,2,12.6,17.1,20.5,201129,0.6,1129,1129,1120,0,0,0
overlap_4pct,evidence_w2_d4,window_evidence,4,0.1,2,0,0,dynamic_overlap_100d_4pct_hdd,100,42,1000000,5000,1.0,health_ec,15.0,11,550000,600000,96,recovery,99,mild_slow,3,12.6,17.6,31.4,201812,0.9,1812,1812,1772,1,1,0
overlap_4pct,evidence_w2_d4,window_evidence,4,0.1,2,0,0,dynamic_overlap_100d_4pct_hdd,100,42,1000000,5000,1.0,health_ec,15.0,12,600000,650000,96,healthy,99,mild_slow,2,12.5,17.2,22.0,201229,0.6,1229,1229,900,5,5,0
overlap_4pct,evidence_w2_d4,window_evidence,4,0.1,2,0,0,dynamic_overlap_100d_4pct_hdd,100,42,1000000,5000,1.0,health_ec,15.0,13,650000,700000,96,healthy,99,mild_slow,2,12.5,17.3,22.0,201097,0.5,1097,1097,882,0,0,0
overlap_4pct,evidence_w2_d4,window_evidence,4,0.1,2,0,0,dynamic_overlap_100d_4pct_hdd,100,42,1000000,5000,1.0,health_ec,15.0,14,700000,750000,96,healthy,99,severe_slow,2,12.5,17.3,39.2,200956,0.5,956,956,815,1,1,0
overlap_4pct,evidence_w2_d4,window_evidence,4,0.1,2,0,0,dynamic_overlap_100d_4pct_hdd,100,42,1000000,5000,1.0,health_ec,15.0,15,750000,800000,96,healthy,99,severe_slow,1,12.5,16.9,19.0,200890,0.4,890,890,853,0,0,0
overlap_4pct,evidence_w2_d4,window_evidence,4,0.1,2,0,0,dynamic_overlap_100d_4pct_hdd,100,42,1000000,5000,1.0,health_ec,15.0,16,800000,850000,96,healthy,99,severe_slow,1,12.5,16.9,19.1,200808,0.4,808,808,794,0,0,0
overlap_4pct,evidence_w2_d4,window_evidence,4,0.1,2,0,0,dynamic_overlap_100d_4pct_hdd,100,42,1000000,5000,1.0,health_ec,15.0,17,850000,900000,96,healthy,99,recovery,0,12.5,16.8,18.8,200805,0.4,805,805,713,0,0,0
overlap_4pct,evidence_w2_d4,window_evidence,4,0.1,2,0,0,dynamic_overlap_100d_4pct_hdd,100,42,1000000,5000,1.0,health_ec,15.0,18,900000,950000,96,healthy,99,healthy,0,12.5,16.8,18.8,200505,0.3,505,505,419,0,0,0
overlap_4pct,evidence_w2_d4,window_evidence,4,0.1,2,0,0,dynamic_overlap_100d_4pct_hdd,100,42,1000000,5000,1.0,health_ec,15.0,19,950000,1000000,96,healthy,99,healthy,0,12.5,16.8,18.9,200306,0.2,306,306,237,0,0,0
overlap_4pct,evidence_w2_d6,window_evidence,6,0.1,2,0,0,dynamic_overlap_100d_4pct_hdd,100,42,1000000,5000,1.0,health_ec,15.0,0,0,50000,96,healthy,99,healthy,0,12.5,16.8,18.8,200000,0.0,0,0,0,0,0,0
overlap_4pct,evidence_w2_d6,window_evidence,6,0.1,2,0,0,dynamic_overlap_100d_4pct_hdd,100,42,1000000,5000,1.0,health_ec,15.0,1,50000,100000,96,healthy,99,healthy,0,12.5,16.8,18.9,200000,0.0,0,0,0,0,0,0
overlap_4pct,evidence_w2_d6,window_evidence,6,0.1,2,0,0,dynamic_overlap_100d_4pct_hdd,100,42,1000000,5000,1.0,health_ec,15.0,2,100000,150000,96,healthy,99,healthy,0,12.5,16.8,18.8,200000,0.0,0,0,0,0,0,0
overlap_4pct,evidence_w2_d6,window_evidence,6,0.1,2,0,0,dynamic_overlap_100d_4pct_hdd,100,42,1000000,5000,1.0,health_ec,15.0,3,150000,200000,96,mild_slow,99,healthy,1,12.5,17.1,20.4,200847,0.4,847,847,826,0,0,0
overlap_4pct,evidence_w2_d6,window_evidence,6,0.1,2,0,0,dynamic_overlap_100d_4pct_hdd,100,42,1000000,5000,1.0,health_ec,15.0,4,200000,250000,96,mild_slow,99,healthy,1,12.5,17.0,19.5,200661,0.3,661,661,643,2,2,0
overlap_4pct,evidence_w2_d6,window_evidence,6,0.1,2,0,0,dynamic_overlap_100d_4pct_hdd,100,42,1000000,5000,1.0,health_ec,15.0,5,250000,300000,96,mild_slow,99,healthy,2,12.5,17.2,21.7,201125,0.6,1125,1125,1117,0,0,0
overlap_4pct,evidence_w2_d6,window_evidence,6,0.1,2,0,0,dynamic_overlap_100d_4pct_hdd,100,42,1000000,5000,1.0,health_ec,15.0,6,300000,350000,96,severe_slow,99,healthy,2,12.5,17.3,24.8,200872,0.4,872,872,870,3,2,0
overlap_4pct,evidence_w2_d6,window_evidence,6,0.1,2,0,0,dynamic_overlap_100d_4pct_hdd,100,42,1000000,5000,1.0,health_ec,15.0,7,350000,400000,96,severe_slow,99,healthy,2,12.5,17.3,23.1,200919,0.5,919,919,918,1,1,0
overlap_4pct,evidence_w2_d6,window_evidence,6,0.1,2,0,0,dynamic_overlap_100d_4pct_hdd,100,42,1000000,5000,1.0,health_ec,15.0,8,400000,450000,96,severe_slow,99,healthy,3,12.6,17.6,43.7,201650,0.8,1650,1650,1636,0,0,0
overlap_4pct,evidence_w2_d6,window_evidence,6,0.1,2,0,0,dynamic_overlap_100d_4pct_hdd,100,42,1000000,5000,1.0,health_ec,15.0,9,450000,500000,96,severe_slow,99,healthy,3,12.5,17.5,44.1,201357,0.7,1357,1357,1345,3,3,0
overlap_4pct,evidence_w2_d6,window_evidence,6,0.1,2,0,0,dynamic_overlap_100d_4pct_hdd,100,42,1000000,5000,1.0,health_ec,15.0,10,500000,550000,96,recovery,99,healthy,2,12.6,17.1,20.8,201272,0.6,1272,1272,1260,0,0,0
overlap_4pct,evidence_w2_d6,window_evidence,6,0.1,2,0,0,dynamic_overlap_100d_4pct_hdd,100,42,1000000,5000,1.0,health_ec,15.0,11,550000,600000,96,recovery,99,mild_slow,3,12.6,17.7,33.4,201859,0.9,1859,1859,1816,1,1,0
overlap_4pct,evidence_w2_d6,window_evidence,6,0.1,2,0,0,dynamic_overlap_100d_4pct_hdd,100,42,1000000,5000,1.0,health_ec,15.0,12,600000,650000,96,healthy,99,mild_slow,2,12.5,17.3,22.5,201381,0.7,1381,1381,1022,3,3,0
overlap_4pct,evidence_w2_d6,window_evidence,6,0.1,2,0,0,dynamic_overlap_100d_4pct_hdd,100,42,1000000,5000,1.0,health_ec,15.0,13,650000,700000,96,healthy,99,mild_slow,2,12.6,17.3,22.8,201160,0.6,1160,1160,950,0,0,0
overlap_4pct,evidence_w2_d6,window_evidence,6,0.1,2,0,0,dynamic_overlap_100d_4pct_hdd,100,42,1000000,5000,1.0,health_ec,15.0,14,700000,750000,96,healthy,99,severe_slow,2,12.5,17.3,42.2,201003,0.5,1003,1003,864,1,1,0
overlap_4pct,evidence_w2_d6,window_evidence,6,0.1,2,0,0,dynamic_overlap_100d_4pct_hdd,100,42,1000000,5000,1.0,health_ec,15.0,15,750000,800000,96,healthy,99,severe_slow,1,12.5,16.9,19.1,200941,0.5,941,941,904,0,0,0
overlap_4pct,evidence_w2_d6,window_evidence,6,0.1,2,0,0,dynamic_overlap_100d_4pct_hdd,100,42,1000000,5000,1.0,health_ec,15.0,16,800000,850000,96,healthy,99,severe_slow,1,12.5,16.9,19.1,200855,0.4,855,855,841,0,0,0
overlap_4pct,evidence_w2_d6,window_evidence,6,0.1,2,0,0,dynamic_overlap_100d_4pct_hdd,100,42,1000000,5000,1.0,health_ec,15.0,17,850000,900000,96,healthy,99,recovery,0,12.5,16.8,18.8,200827,0.4,827,827,734,0,0,0
overlap_4pct,evidence_w2_d6,window_evidence,6,0.1,2,0,0,dynamic_overlap_100d_4pct_hdd,100,42,1000000,5000,1.0,health_ec,15.0,18,900000,950000,96,healthy,99,healthy,0,12.5,16.8,18.8,200503,0.3,503,503,418,0,0,0
overlap_4pct,evidence_w2_d6,window_evidence,6,0.1,2,0,0,dynamic_overlap_100d_4pct_hdd,100,42,1000000,5000,1.0,health_ec,15.0,19,950000,1000000,96,healthy,99,healthy,0,12.5,16.8,18.9,200306,0.2,306,306,237,0,0,0
overlap_4pct,evidence_w3_d4,window_evidence,4,0.1,3,0,0,dynamic_overlap_100d_4pct_hdd,100,42,1000000,5000,1.0,health_ec,15.0,0,0,50000,96,healthy,99,healthy,0,12.5,16.8,18.8,200000,0.0,0,0,0,0,0,0
overlap_4pct,evidence_w3_d4,window_evidence,4,0.1,3,0,0,dynamic_overlap_100d_4pct_hdd,100,42,1000000,5000,1.0,health_ec,15.0,1,50000,100000,96,healthy,99,healthy,0,12.5,16.8,18.9,200000,0.0,0,0,0,0,0,0
overlap_4pct,evidence_w3_d4,window_evidence,4,0.1,3,0,0,dynamic_overlap_100d_4pct_hdd,100,42,1000000,5000,1.0,health_ec,15.0,2,100000,150000,96,healthy,99,healthy,0,12.5,16.8,18.8,200000,0.0,0,0,0,0,0,0
overlap_4pct,evidence_w3_d4,window_evidence,4,0.1,3,0,0,dynamic_overlap_100d_4pct_hdd,100,42,1000000,5000,1.0,health_ec,15.0,3,150000,200000,96,mild_slow,99,healthy,1,12.5,17.1,20.4,200847,0.4,847,847,826,0,0,0
overlap_4pct,evidence_w3_d4,window_evidence,4,0.1,3,0,0,dynamic_overlap_100d_4pct_hdd,100,42,1000000,5000,1.0,health_ec,15.0,4,200000,250000,96,mild_slow,99,healthy,1,12.5,17.0,19.5,201085,0.5,1085,1085,1062,0,0,0
overlap_4pct,evidence_w3_d4,window_evidence,4,0.1,3,0,0,dynamic_overlap_100d_4pct_hdd,100,42,1000000,5000,1.0,health_ec,15.0,5,250000,300000,96,mild_slow,99,healthy,2,12.5,17.2,21.5,201113,0.6,1113,1113,1103,3,3,0
overlap_4pct,evidence_w3_d4,window_evidence,4,0.1,3,0,0,dynamic_overlap_100d_4pct_hdd,100,42,1000000,5000,1.0,health_ec,15.0,6,300000,350000,96,severe_slow,99,healthy,2,12.5,17.2,23.9,201282,0.6,1282,1282,1269,2,2,0
overlap_4pct,evidence_w3_d4,window_evidence,4,0.1,3,0,0,dynamic_overlap_100d_4pct_hdd,100,42,1000000,5000,1.0,health_ec,15.0,7,350000,400000,96,severe_slow,99,healthy,2,12.5,17.2,21.6,200831,0.4,831,831,831,4,4,0
overlap_4pct,evidence_w3_d4,window_evidence,4,0.1,3,0,0,dynamic_overlap_100d_4pct_hdd,100,42,1000000,5000,1.0,health_ec,15.0,8,400000,450000,96,severe_slow,99,healthy,3,12.6,17.6,41.2,201592,0.8,1592,1592,1576,1,1,0
overlap_4pct,evidence_w3_d4,window_evidence,4,0.1,3,0,0,dynamic_overlap_100d_4pct_hdd,100,42,1000000,5000,1.0,health_ec,15.0,9,450000,500000,96,severe_slow,99,healthy,3,12.5,17.4,42.0,201771,0.9,1771,1771,1749,0,0,0
overlap_4pct,evidence_w3_d4,window_evidence,4,0.1,3,0,0,dynamic_overlap_100d_4pct_hdd,100,42,1000000,5000,1.0,health_ec,15.0,10,500000,550000,96,recovery,99,healthy,2,12.6,17.1,20.5,201164,0.6,1164,1164,1153,4,4,0
overlap_4pct,evidence_w3_d4,window_evidence,4,0.1,3,0,0,dynamic_overlap_100d_4pct_hdd,100,42,1000000,5000,1.0,health_ec,15.0,11,550000,600000,96,recovery,99,mild_slow,3,12.6,17.6,31.4,201823,0.9,1823,1823,1784,2,1,1
overlap_4pct,evidence_w3_d4,window_evidence,4,0.1,3,0,0,dynamic_overlap_100d_4pct_hdd,100,42,1000000,5000,1.0,health_ec,15.0,12,600000,650000,96,healthy,99,mild_slow,2,12.5,17.2,22.0,201876,0.9,1876,1876,1533,1,1,0
overlap_4pct,evidence_w3_d4,window_evidence,4,0.1,3,0,0,dynamic_overlap_100d_4pct_hdd,100,42,1000000,5000,1.0,health_ec,15.0,13,650000,700000,96,healthy,99,mild_slow,2,12.5,17.3,22.0,201147,0.6,1147,1147,929,4,4,0
overlap_4pct,evidence_w3_d4,window_evidence,4,0.1,3,0,0,dynamic_overlap_100d_4pct_hdd,100,42,1000000,5000,1.0,health_ec,15.0,14,700000,750000,96,healthy,99,severe_slow,2,12.5,17.2,39.2,200957,0.5,957,957,816,1,1,0
overlap_4pct,evidence_w3_d4,window_evidence,4,0.1,3,0,0,dynamic_overlap_100d_4pct_hdd,100,42,1000000,5000,1.0,health_ec,15.0,15,750000,800000,96,healthy,99,severe_slow,1,12.5,16.9,19.0,200890,0.4,890,890,853,0,0,0
overlap_4pct,evidence_w3_d4,window_evidence,4,0.1,3,0,0,dynamic_overlap_100d_4pct_hdd,100,42,1000000,5000,1.0,health_ec,15.0,16,800000,850000,96,healthy,99,severe_slow,1,12.5,16.9,19.1,200808,0.4,808,808,794,0,0,0
overlap_4pct,evidence_w3_d4,window_evidence,4,0.1,3,0,0,dynamic_overlap_100d_4pct_hdd,100,42,1000000,5000,1.0,health_ec,15.0,17,850000,900000,96,healthy,99,recovery,0,12.5,16.8,18.8,200805,0.4,805,805,713,0,0,0
overlap_4pct,evidence_w3_d4,window_evidence,4,0.1,3,0,0,dynamic_overlap_100d_4pct_hdd,100,42,1000000,5000,1.0,health_ec,15.0,18,900000,950000,96,healthy,99,healthy,0,12.5,16.8,18.8,200505,0.3,505,505,419,0,0,0
overlap_4pct,evidence_w3_d4,window_evidence,4,0.1,3,0,0,dynamic_overlap_100d_4pct_hdd,100,42,1000000,5000,1.0,health_ec,15.0,19,950000,1000000,96,healthy,99,healthy,0,12.5,16.8,18.9,200306,0.2,306,306,237,0,0,0
overlap_4pct,evidence_w3_d6,window_evidence,6,0.1,3,0,0,dynamic_overlap_100d_4pct_hdd,100,42,1000000,5000,1.0,health_ec,15.0,0,0,50000,96,healthy,99,healthy,0,12.5,16.8,18.8,200000,0.0,0,0,0,0,0,0
overlap_4pct,evidence_w3_d6,window_evidence,6,0.1,3,0,0,dynamic_overlap_100d_4pct_hdd,100,42,1000000,5000,1.0,health_ec,15.0,1,50000,100000,96,healthy,99,healthy,0,12.5,16.8,18.9,200000,0.0,0,0,0,0,0,0
overlap_4pct,evidence_w3_d6,window_evidence,6,0.1,3,0,0,dynamic_overlap_100d_4pct_hdd,100,42,1000000,5000,1.0,health_ec,15.0,2,100000,150000,96,healthy,99,healthy,0,12.5,16.8,18.8,200000,0.0,0,0,0,0,0,0
overlap_4pct,evidence_w3_d6,window_evidence,6,0.1,3,0,0,dynamic_overlap_100d_4pct_hdd,100,42,1000000,5000,1.0,health_ec,15.0,3,150000,200000,96,mild_slow,99,healthy,1,12.5,17.1,20.4,200847,0.4,847,847,826,0,0,0
overlap_4pct,evidence_w3_d6,window_evidence,6,0.1,3,0,0,dynamic_overlap_100d_4pct_hdd,100,42,1000000,5000,1.0,health_ec,15.0,4,200000,250000,96,mild_slow,99,healthy,1,12.5,17.0,19.5,201085,0.5,1085,1085,1062,0,0,0
overlap_4pct,evidence_w3_d6,window_evidence,6,0.1,3,0,0,dynamic_overlap_100d_4pct_hdd,100,42,1000000,5000,1.0,health_ec,15.0,5,250000,300000,96,mild_slow,99,healthy,2,12.5,17.2,21.7,201130,0.6,1130,1130,1123,2,2,0
overlap_4pct,evidence_w3_d6,window_evidence,6,0.1,3,0,0,dynamic_overlap_100d_4pct_hdd,100,42,1000000,5000,1.0,health_ec,15.0,6,300000,350000,96,severe_slow,99,healthy,2,12.5,17.3,24.8,201282,0.6,1282,1282,1271,1,0,0
overlap_4pct,evidence_w3_d6,window_evidence,6,0.1,3,0,0,dynamic_overlap_100d_4pct_hdd,100,42,1000000,5000,1.0,health_ec,15.0,7,350000,400000,96,severe_slow,99,healthy,2,12.5,17.3,23.1,200923,0.5,923,923,922,3,3,0
overlap_4pct,evidence_w3_d6,window_evidence,6,0.1,3,0,0,dynamic_overlap_100d_4pct_hdd,100,42,1000000,5000,1.0,health_ec,15.0,8,400000,450000,96,severe_slow,99,healthy,3,12.6,17.6,43.7,201650,0.8,1650,1650,1634,0,0,0
overlap_4pct,evidence_w3_d6,window_evidence,6,0.1,3,0,0,dynamic_overlap_100d_4pct_hdd,100,42,1000000,5000,1.0,health_ec,15.0,9,450000,500000,96,severe_slow,99,healthy,3,12.5,17.5,44.1,201834,0.9,1834,1834,1813,0,0,0
overlap_4pct,evidence_w3_d6,window_evidence,6,0.1,3,0,0,dynamic_overlap_100d_4pct_hdd,100,42,1000000,5000,1.0,health_ec,15.0,10,500000,550000,96,recovery,99,healthy,2,12.6,17.1,20.8,201278,0.6,1278,1278,1266,3,3,0
overlap_4pct,evidence_w3_d6,window_evidence,6,0.1,3,0,0,dynamic_overlap_100d_4pct_hdd,100,42,1000000,5000,1.0,health_ec,15.0,11,550000,600000,96,recovery,99,mild_slow,3,12.6,17.7,33.4,201874,0.9,1874,1874,1832,1,1,0
overlap_4pct,evidence_w3_d6,window_evidence,6,0.1,3,0,0,dynamic_overlap_100d_4pct_hdd,100,42,1000000,5000,1.0,health_ec,15.0,12,600000,650000,96,healthy,99,mild_slow,2,12.5,17.3,22.5,201910,1.0,1910,1910,1541,0,0,0
overlap_4pct,evidence_w3_d6,window_evidence,6,0.1,3,0,0,dynamic_overlap_100d_4pct_hdd,100,42,1000000,5000,1.0,health_ec,15.0,13,650000,700000,96,healthy,99,mild_slow,2,12.6,17.3,22.8,201246,0.6,1246,1246,1030,3,3,0
overlap_4pct,evidence_w3_d6,window_evidence,6,0.1,3,0,0,dynamic_overlap_100d_4pct_hdd,100,42,1000000,5000,1.0,health_ec,15.0,14,700000,750000,96,healthy,99,severe_slow,2,12.5,17.3,42.2,201003,0.5,1003,1003,864,1,1,0
overlap_4pct,evidence_w3_d6,window_evidence,6,0.1,3,0,0,dynamic_overlap_100d_4pct_hdd,100,42,1000000,5000,1.0,health_ec,15.0,15,750000,800000,96,healthy,99,severe_slow,1,12.5,16.9,19.1,200941,0.5,941,941,904,0,0,0
overlap_4pct,evidence_w3_d6,window_evidence,6,0.1,3,0,0,dynamic_overlap_100d_4pct_hdd,100,42,1000000,5000,1.0,health_ec,15.0,16,800000,850000,96,healthy,99,severe_slow,1,12.5,16.9,19.1,200855,0.4,855,855,841,0,0,0
overlap_4pct,evidence_w3_d6,window_evidence,6,0.1,3,0,0,dynamic_overlap_100d_4pct_hdd,100,42,1000000,5000,1.0,health_ec,15.0,17,850000,900000,96,healthy,99,recovery,0,12.5,16.8,18.8,200827,0.4,827,827,734,0,0,0
overlap_4pct,evidence_w3_d6,window_evidence,6,0.1,3,0,0,dynamic_overlap_100d_4pct_hdd,100,42,1000000,5000,1.0,health_ec,15.0,18,900000,950000,96,healthy,99,healthy,0,12.5,16.8,18.8,200503,0.3,503,503,418,0,0,0
overlap_4pct,evidence_w3_d6,window_evidence,6,0.1,3,0,0,dynamic_overlap_100d_4pct_hdd,100,42,1000000,5000,1.0,health_ec,15.0,19,950000,1000000,96,healthy,99,healthy,0,12.5,16.8,18.9,200306,0.2,306,306,237,0,0,0
overlap_4pct,topk_k2_d4,topk_budgeted,4,0.1,0,2,0,dynamic_overlap_100d_4pct_hdd,100,42,1000000,5000,1.0,health_ec,15.0,0,0,50000,96,healthy,99,healthy,0,12.5,16.8,18.8,200000,0.0,0,0,0,0,0,0
overlap_4pct,topk_k2_d4,topk_budgeted,4,0.1,0,2,0,dynamic_overlap_100d_4pct_hdd,100,42,1000000,5000,1.0,health_ec,15.0,1,50000,100000,96,healthy,99,healthy,0,12.5,16.8,18.9,200000,0.0,0,0,0,0,0,0
overlap_4pct,topk_k2_d4,topk_budgeted,4,0.1,0,2,0,dynamic_overlap_100d_4pct_hdd,100,42,1000000,5000,1.0,health_ec,15.0,2,100000,150000,96,healthy,99,healthy,0,12.5,16.8,18.8,200000,0.0,0,0,0,0,0,0
overlap_4pct,topk_k2_d4,topk_budgeted,4,0.1,0,2,0,dynamic_overlap_100d_4pct_hdd,100,42,1000000,5000,1.0,health_ec,15.0,3,150000,200000,96,mild_slow,99,healthy,1,12.5,17.1,20.4,200847,0.4,847,847,826,0,0,0
overlap_4pct,topk_k2_d4,topk_budgeted,4,0.1,0,2,0,dynamic_overlap_100d_4pct_hdd,100,42,1000000,5000,1.0,health_ec,15.0,4,200000,250000,96,mild_slow,99,healthy,1,12.5,17.0,19.5,200659,0.3,659,659,641,2,2,0
overlap_4pct,topk_k2_d4,topk_budgeted,4,0.1,0,2,0,dynamic_overlap_100d_4pct_hdd,100,42,1000000,5000,1.0,health_ec,15.0,5,250000,300000,96,mild_slow,99,healthy,2,12.5,17.2,21.6,201074,0.5,1074,1074,1064,2,2,0
overlap_4pct,topk_k2_d4,topk_budgeted,4,0.1,0,2,0,dynamic_overlap_100d_4pct_hdd,100,42,1000000,5000,1.0,health_ec,15.0,6,300000,350000,96,severe_slow,99,healthy,2,12.5,17.2,24.2,200856,0.4,856,856,854,2,2,0
overlap_4pct,topk_k2_d4,topk_budgeted,4,0.1,0,2,0,dynamic_overlap_100d_4pct_hdd,100,42,1000000,5000,1.0,health_ec,15.0,7,350000,400000,96,severe_slow,99,healthy,2,12.5,17.2,21.6,200835,0.4,835,835,833,2,2,0
overlap_4pct,topk_k2_d4,topk_budgeted,4,0.1,0,2,0,dynamic_overlap_100d_4pct_hdd,100,42,1000000,5000,1.0,health_ec,15.0,8,400000,450000,96,severe_slow,99,healthy,3,12.6,17.6,41.2,201594,0.8,1594,1594,1578,1,0,0
overlap_4pct,topk_k2_d4,topk_budgeted,4,0.1,0,2,0,dynamic_overlap_100d_4pct_hdd,100,42,1000000,5000,1.0,health_ec,15.0,9,450000,500000,96,severe_slow,99,healthy,3,12.5,17.4,42.0,201289,0.6,1289,1289,1278,2,2,0
overlap_4pct,topk_k2_d4,topk_budgeted,4,0.1,0,2,0,dynamic_overlap_100d_4pct_hdd,100,42,1000000,5000,1.0,health_ec,15.0,10,500000,550000,96,recovery,99,healthy,2,12.6,17.1,20.5,201207,0.6,1207,1207,1195,2,2,0
overlap_4pct,topk_k2_d4,topk_budgeted,4,0.1,0,2,0,dynamic_overlap_100d_4pct_hdd,100,42,1000000,5000,1.0,health_ec,15.0,11,550000,600000,96,recovery,99,mild_slow,3,12.6,17.6,31.6,201823,0.9,1823,1823,1785,1,0,0
overlap_4pct,topk_k2_d4,topk_budgeted,4,0.1,0,2,0,dynamic_overlap_100d_4pct_hdd,100,42,1000000,5000,1.0,health_ec,15.0,12,600000,650000,96,healthy,99,mild_slow,2,12.5,17.3,22.5,201357,0.7,1357,1357,1025,2,2,0
overlap_4pct,topk_k2_d4,topk_budgeted,4,0.1,0,2,0,dynamic_overlap_100d_4pct_hdd,100,42,1000000,5000,1.0,health_ec,15.0,13,650000,700000,96,healthy,99,mild_slow,2,12.6,17.3,22.8,201098,0.5,1098,1098,888,2,2,0
overlap_4pct,topk_k2_d4,topk_budgeted,4,0.1,0,2,0,dynamic_overlap_100d_4pct_hdd,100,42,1000000,5000,1.0,health_ec,15.0,14,700000,750000,96,healthy,99,severe_slow,2,12.5,17.3,39.2,200983,0.5,983,983,843,2,2,0
overlap_4pct,topk_k2_d4,topk_budgeted,4,0.1,0,2,0,dynamic_overlap_100d_4pct_hdd,100,42,1000000,5000,1.0,health_ec,15.0,15,750000,800000,96,healthy,99,severe_slow,1,12.5,16.9,19.0,200890,0.4,890,890,853,1,1,0
overlap_4pct,topk_k2_d4,topk_budgeted,4,0.1,0,2,0,dynamic_overlap_100d_4pct_hdd,100,42,1000000,5000,1.0,health_ec,15.0,16,800000,850000,96,healthy,99,severe_slow,1,12.5,16.9,19.1,200808,0.4,808,808,794,0,0,0
overlap_4pct,topk_k2_d4,topk_budgeted,4,0.1,0,2,0,dynamic_overlap_100d_4pct_hdd,100,42,1000000,5000,1.0,health_ec,15.0,17,850000,900000,96,healthy,99,recovery,0,12.5,16.8,18.8,200805,0.4,805,805,713,0,0,0
overlap_4pct,topk_k2_d4,topk_budgeted,4,0.1,0,2,0,dynamic_overlap_100d_4pct_hdd,100,42,1000000,5000,1.0,health_ec,15.0,18,900000,950000,96,healthy,99,healthy,0,12.5,16.8,18.8,200505,0.3,505,505,419,0,0,0
overlap_4pct,topk_k2_d4,topk_budgeted,4,0.1,0,2,0,dynamic_overlap_100d_4pct_hdd,100,42,1000000,5000,1.0,health_ec,15.0,19,950000,1000000,96,healthy,99,healthy,0,12.5,16.8,18.9,200306,0.2,306,306,237,0,0,0
overlap_4pct,topk_k2_d6,topk_budgeted,6,0.1,0,2,0,dynamic_overlap_100d_4pct_hdd,100,42,1000000,5000,1.0,health_ec,15.0,0,0,50000,96,healthy,99,healthy,0,12.5,16.8,18.8,200000,0.0,0,0,0,0,0,0
overlap_4pct,topk_k2_d6,topk_budgeted,6,0.1,0,2,0,dynamic_overlap_100d_4pct_hdd,100,42,1000000,5000,1.0,health_ec,15.0,1,50000,100000,96,healthy,99,healthy,0,12.5,16.8,18.9,200000,0.0,0,0,0,0,0,0
overlap_4pct,topk_k2_d6,topk_budgeted,6,0.1,0,2,0,dynamic_overlap_100d_4pct_hdd,100,42,1000000,5000,1.0,health_ec,15.0,2,100000,150000,96,healthy,99,healthy,0,12.5,16.8,18.8,200000,0.0,0,0,0,0,0,0
overlap_4pct,topk_k2_d6,topk_budgeted,6,0.1,0,2,0,dynamic_overlap_100d_4pct_hdd,100,42,1000000,5000,1.0,health_ec,15.0,3,150000,200000,96,mild_slow,99,healthy,1,12.5,17.1,20.4,200847,0.4,847,847,826,0,0,0
overlap_4pct,topk_k2_d6,topk_budgeted,6,0.1,0,2,0,dynamic_overlap_100d_4pct_hdd,100,42,1000000,5000,1.0,health_ec,15.0,4,200000,250000,96,mild_slow,99,healthy,1,12.5,17.0,19.5,200659,0.3,659,659,641,2,2,0
overlap_4pct,topk_k2_d6,topk_budgeted,6,0.1,0,2,0,dynamic_overlap_100d_4pct_hdd,100,42,1000000,5000,1.0,health_ec,15.0,5,250000,300000,96,mild_slow,99,healthy,2,12.5,17.2,21.7,201110,0.6,1110,1110,1103,0,0,0
overlap_4pct,topk_k2_d6,topk_budgeted,6,0.1,0,2,0,dynamic_overlap_100d_4pct_hdd,100,42,1000000,5000,1.0,health_ec,15.0,6,300000,350000,96,severe_slow,99,healthy,2,12.5,17.3,25.8,200856,0.4,856,856,856,2,2,0
overlap_4pct,topk_k2_d6,topk_budgeted,6,0.1,0,2,0,dynamic_overlap_100d_4pct_hdd,100,42,1000000,5000,1.0,health_ec,15.0,7,350000,400000,96,severe_slow,99,healthy,2,12.5,17.3,23.1,200933,0.5,933,933,932,1,1,0
overlap_4pct,topk_k2_d6,topk_budgeted,6,0.1,0,2,0,dynamic_overlap_100d_4pct_hdd,100,42,1000000,5000,1.0,health_ec,15.0,8,400000,450000,96,severe_slow,99,healthy,3,12.6,17.6,43.7,201650,0.8,1650,1650,1634,1,0,0
overlap_4pct,topk_k2_d6,topk_budgeted,6,0.1,0,2,0,dynamic_overlap_100d_4pct_hdd,100,42,1000000,5000,1.0,health_ec,15.0,9,450000,500000,96,severe_slow,99,healthy,3,12.5,17.5,44.1,201352,0.7,1352,1352,1339,2,2,0
overlap_4pct,topk_k2_d6,topk_budgeted,6,0.1,0,2,0,dynamic_overlap_100d_4pct_hdd,100,42,1000000,5000,1.0,health_ec,15.0,10,500000,550000,96,recovery,99,healthy,2,12.6,17.1,20.8,201264,0.6,1264,1264,1253,1,1,0
overlap_4pct,topk_k2_d6,topk_budgeted,6,0.1,0,2,0,dynamic_overlap_100d_4pct_hdd,100,42,1000000,5000,1.0,health_ec,15.0,11,550000,600000,96,recovery,99,mild_slow,3,12.6,17.7,33.5,201874,0.9,1874,1874,1834,0,0,0
overlap_4pct,topk_k2_d6,topk_budgeted,6,0.1,0,2,0,dynamic_overlap_100d_4pct_hdd,100,42,1000000,5000,1.0,health_ec,15.0,12,600000,650000,96,healthy,99,mild_slow,2,12.6,17.3,22.9,201391,0.7,1391,1391,1031,2,2,0
overlap_4pct,topk_k2_d6,topk_budgeted,6,0.1,0,2,0,dynamic_overlap_100d_4pct_hdd,100,42,1000000,5000,1.0,health_ec,15.0,13,650000,700000,96,healthy,99,mild_slow,2,12.6,17.3,22.8,201160,0.6,1160,1160,950,2,2,0
overlap_4pct,topk_k2_d6,topk_budgeted,6,0.1,0,2,0,dynamic_overlap_100d_4pct_hdd,100,42,1000000,5000,1.0,health_ec,15.0,14,700000,750000,96,healthy,99,severe_slow,2,12.5,17.3,42.2,201043,0.5,1043,1043,904,0,0,0
overlap_4pct,topk_k2_d6,topk_budgeted,6,0.1,0,2,0,dynamic_overlap_100d_4pct_hdd,100,42,1000000,5000,1.0,health_ec,15.0,15,750000,800000,96,healthy,99,severe_slow,1,12.5,16.9,19.1,200956,0.5,956,956,917,1,1,0
overlap_4pct,topk_k2_d6,topk_budgeted,6,0.1,0,2,0,dynamic_overlap_100d_4pct_hdd,100,42,1000000,5000,1.0,health_ec,15.0,16,800000,850000,96,healthy,99,severe_slow,1,12.5,17.0,19.1,200855,0.4,855,855,841,0,0,0
overlap_4pct,topk_k2_d6,topk_budgeted,6,0.1,0,2,0,dynamic_overlap_100d_4pct_hdd,100,42,1000000,5000,1.0,health_ec,15.0,17,850000,900000,96,healthy,99,recovery,0,12.5,16.8,18.8,200827,0.4,827,827,734,0,0,0
overlap_4pct,topk_k2_d6,topk_budgeted,6,0.1,0,2,0,dynamic_overlap_100d_4pct_hdd,100,42,1000000,5000,1.0,health_ec,15.0,18,900000,950000,96,healthy,99,healthy,0,12.5,16.8,18.8,200503,0.3,503,503,418,0,0,0
overlap_4pct,topk_k2_d6,topk_budgeted,6,0.1,0,2,0,dynamic_overlap_100d_4pct_hdd,100,42,1000000,5000,1.0,health_ec,15.0,19,950000,1000000,96,healthy,99,healthy,0,12.5,16.8,18.9,200306,0.2,306,306,237,0,0,0
overlap_4pct,topk_k4_d4,topk_budgeted,4,0.1,0,4,0,dynamic_overlap_100d_4pct_hdd,100,42,1000000,5000,1.0,health_ec,15.0,0,0,50000,96,healthy,99,healthy,0,12.5,16.8,18.8,200000,0.0,0,0,0,0,0,0
overlap_4pct,topk_k4_d4,topk_budgeted,4,0.1,0,4,0,dynamic_overlap_100d_4pct_hdd,100,42,1000000,5000,1.0,health_ec,15.0,1,50000,100000,96,healthy,99,healthy,0,12.5,16.8,18.9,200000,0.0,0,0,0,0,0,0
overlap_4pct,topk_k4_d4,topk_budgeted,4,0.1,0,4,0,dynamic_overlap_100d_4pct_hdd,100,42,1000000,5000,1.0,health_ec,15.0,2,100000,150000,96,healthy,99,healthy,0,12.5,16.8,18.8,200000,0.0,0,0,0,0,0,0
overlap_4pct,topk_k4_d4,topk_budgeted,4,0.1,0,4,0,dynamic_overlap_100d_4pct_hdd,100,42,1000000,5000,1.0,health_ec,15.0,3,150000,200000,96,mild_slow,99,healthy,1,12.5,17.1,20.4,200847,0.4,847,847,826,0,0,0
overlap_4pct,topk_k4_d4,topk_budgeted,4,0.1,0,4,0,dynamic_overlap_100d_4pct_hdd,100,42,1000000,5000,1.0,health_ec,15.0,4,200000,250000,96,mild_slow,99,healthy,1,12.5,17.0,19.5,200576,0.3,576,576,561,4,3,1
overlap_4pct,topk_k4_d4,topk_budgeted,4,0.1,0,4,0,dynamic_overlap_100d_4pct_hdd,100,42,1000000,5000,1.0,health_ec,15.0,5,250000,300000,96,mild_slow,99,healthy,2,12.5,17.2,21.5,200762,0.4,762,762,757,1,1,0
overlap_4pct,topk_k4_d4,topk_budgeted,4,0.1,0,4,0,dynamic_overlap_100d_4pct_hdd,100,42,1000000,5000,1.0,health_ec,15.0,6,300000,350000,96,severe_slow,99,healthy,2,12.5,17.2,24.2,200772,0.4,772,772,770,2,2,0
overlap_4pct,topk_k4_d4,topk_budgeted,4,0.1,0,4,0,dynamic_overlap_100d_4pct_hdd,100,42,1000000,5000,1.0,health_ec,15.0,7,350000,400000,96,severe_slow,99,healthy,2,12.5,17.2,21.6,200835,0.4,835,835,833,1,1,0
overlap_4pct,topk_k4_d4,topk_budgeted,4,0.1,0,4,0,dynamic_overlap_100d_4pct_hdd,100,42,1000000,5000,1.0,health_ec,15.0,8,400000,450000,96,severe_slow,99,healthy,3,12.6,17.6,41.2,201592,0.8,1592,1592,1580,1,0,0
overlap_4pct,topk_k4_d4,topk_budgeted,4,0.1,0,4,0,dynamic_overlap_100d_4pct_hdd,100,42,1000000,5000,1.0,health_ec,15.0,9,450000,500000,96,severe_slow,99,healthy,3,12.5,17.4,42.0,201194,0.6,1194,1194,1184,4,4,0
overlap_4pct,topk_k4_d4,topk_budgeted,4,0.1,0,4,0,dynamic_overlap_100d_4pct_hdd,100,42,1000000,5000,1.0,health_ec,15.0,10,500000,550000,96,recovery,99,healthy,2,12.6,17.1,20.6,201129,0.6,1129,1129,1120,1,1,0
overlap_4pct,topk_k4_d4,topk_budgeted,4,0.1,0,4,0,dynamic_overlap_100d_4pct_hdd,100,42,1000000,5000,1.0,health_ec,15.0,11,550000,600000,96,recovery,99,mild_slow,3,12.6,17.6,31.7,201812,0.9,1812,1812,1774,0,0,0
overlap_4pct,topk_k4_d4,topk_budgeted,4,0.1,0,4,0,dynamic_overlap_100d_4pct_hdd,100,42,1000000,5000,1.0,health_ec,15.0,12,600000,650000,96,healthy,99,mild_slow,2,12.5,17.3,22.5,201212,0.6,1212,1212,885,4,4,0
overlap_4pct,topk_k4_d4,topk_budgeted,4,0.1,0,4,0,dynamic_overlap_100d_4pct_hdd,100,42,1000000,5000,1.0,health_ec,15.0,13,650000,700000,96,healthy,99,mild_slow,2,12.5,17.3,22.0,201097,0.5,1097,1097,882,2,2,0
overlap_4pct,topk_k4_d4,topk_budgeted,4,0.1,0,4,0,dynamic_overlap_100d_4pct_hdd,100,42,1000000,5000,1.0,health_ec,15.0,14,700000,750000,96,healthy,99,severe_slow,2,12.5,17.3,39.2,200982,0.5,982,982,842,0,0,0
overlap_4pct,topk_k4_d4,topk_budgeted,4,0.1,0,4,0,dynamic_overlap_100d_4pct_hdd,100,42,1000000,5000,1.0,health_ec,15.0,15,750000,800000,96,healthy,99,severe_slow,1,12.5,16.9,19.0,200890,0.4,890,890,853,1,1,0
overlap_4pct,topk_k4_d4,topk_budgeted,4,0.1,0,4,0,dynamic_overlap_100d_4pct_hdd,100,42,1000000,5000,1.0,health_ec,15.0,16,800000,850000,96,healthy,99,severe_slow,1,12.5,16.9,19.1,200808,0.4,808,808,794,0,0,0
overlap_4pct,topk_k4_d4,topk_budgeted,4,0.1,0,4,0,dynamic_overlap_100d_4pct_hdd,100,42,1000000,5000,1.0,health_ec,15.0,17,850000,900000,96,healthy,99,recovery,0,12.5,16.8,18.8,200805,0.4,805,805,713,0,0,0
overlap_4pct,topk_k4_d4,topk_budgeted,4,0.1,0,4,0,dynamic_overlap_100d_4pct_hdd,100,42,1000000,5000,1.0,health_ec,15.0,18,900000,950000,96,healthy,99,healthy,0,12.5,16.8,18.8,200503,0.3,503,503,418,0,0,0
overlap_4pct,topk_k4_d4,topk_budgeted,4,0.1,0,4,0,dynamic_overlap_100d_4pct_hdd,100,42,1000000,5000,1.0,health_ec,15.0,19,950000,1000000,96,healthy,99,healthy,0,12.5,16.8,18.9,200306,0.2,306,306,237,0,0,0
overlap_4pct,topk_k4_d6,topk_budgeted,6,0.1,0,4,0,dynamic_overlap_100d_4pct_hdd,100,42,1000000,5000,1.0,health_ec,15.0,0,0,50000,96,healthy,99,healthy,0,12.5,16.8,18.8,200000,0.0,0,0,0,0,0,0
overlap_4pct,topk_k4_d6,topk_budgeted,6,0.1,0,4,0,dynamic_overlap_100d_4pct_hdd,100,42,1000000,5000,1.0,health_ec,15.0,1,50000,100000,96,healthy,99,healthy,0,12.5,16.8,18.9,200000,0.0,0,0,0,0,0,0
overlap_4pct,topk_k4_d6,topk_budgeted,6,0.1,0,4,0,dynamic_overlap_100d_4pct_hdd,100,42,1000000,5000,1.0,health_ec,15.0,2,100000,150000,96,healthy,99,healthy,0,12.5,16.8,18.8,200000,0.0,0,0,0,0,0,0
overlap_4pct,topk_k4_d6,topk_budgeted,6,0.1,0,4,0,dynamic_overlap_100d_4pct_hdd,100,42,1000000,5000,1.0,health_ec,15.0,3,150000,200000,96,mild_slow,99,healthy,1,12.5,17.1,20.4,200847,0.4,847,847,826,0,0,0
overlap_4pct,topk_k4_d6,topk_budgeted,6,0.1,0,4,0,dynamic_overlap_100d_4pct_hdd,100,42,1000000,5000,1.0,health_ec,15.0,4,200000,250000,96,mild_slow,99,healthy,1,12.5,17.0,19.5,200576,0.3,576,576,561,3,3,0
overlap_4pct,topk_k4_d6,topk_budgeted,6,0.1,0,4,0,dynamic_overlap_100d_4pct_hdd,100,42,1000000,5000,1.0,health_ec,15.0,5,250000,300000,96,mild_slow,99,healthy,2,12.5,17.2,21.5,201105,0.6,1105,1105,1096,0,0,0
overlap_4pct,topk_k4_d6,topk_budgeted,6,0.1,0,4,0,dynamic_overlap_100d_4pct_hdd,100,42,1000000,5000,1.0,health_ec,15.0,6,300000,350000,96,severe_slow,99,healthy,2,12.5,17.3,24.8,200856,0.4,856,856,854,2,2,0
overlap_4pct,topk_k4_d6,topk_budgeted,6,0.1,0,4,0,dynamic_overlap_100d_4pct_hdd,100,42,1000000,5000,1.0,health_ec,15.0,7,350000,400000,96,severe_slow,99,healthy,2,12.5,17.3,23.1,200933,0.5,933,933,932,0,0,0
overlap_4pct,topk_k4_d6,topk_budgeted,6,0.1,0,4,0,dynamic_overlap_100d_4pct_hdd,100,42,1000000,5000,1.0,health_ec,15.0,8,400000,450000,96,severe_slow,99,healthy,3,12.6,17.6,43.7,201650,0.8,1650,1650,1635,1,0,0
overlap_4pct,topk_k4_d6,topk_budgeted,6,0.1,0,4,0,dynamic_overlap_100d_4pct_hdd,100,42,1000000,5000,1.0,health_ec,15.0,9,450000,500000,96,severe_slow,99,healthy,3,12.5,17.5,44.1,201352,0.7,1352,1352,1339,2,2,0
overlap_4pct,topk_k4_d6,topk_budgeted,6,0.1,0,4,0,dynamic_overlap_100d_4pct_hdd,100,42,1000000,5000,1.0,health_ec,15.0,10,500000,550000,96,recovery,99,healthy,2,12.6,17.1,20.8,201264,0.6,1264,1264,1253,1,1,0
overlap_4pct,topk_k4_d6,topk_budgeted,6,0.1,0,4,0,dynamic_overlap_100d_4pct_hdd,100,42,1000000,5000,1.0,health_ec,15.0,11,550000,600000,96,recovery,99,mild_slow,3,12.6,17.7,33.6,201863,0.9,1863,1863,1823,0,0,0
overlap_4pct,topk_k4_d6,topk_budgeted,6,0.1,0,4,0,dynamic_overlap_100d_4pct_hdd,100,42,1000000,5000,1.0,health_ec,15.0,12,600000,650000,96,healthy,99,mild_slow,2,12.5,17.3,22.5,201391,0.7,1391,1391,1030,3,3,0
overlap_4pct,topk_k4_d6,topk_budgeted,6,0.1,0,4,0,dynamic_overlap_100d_4pct_hdd,100,42,1000000,5000,1.0,health_ec,15.0,13,650000,700000,96,healthy,99,mild_slow,2,12.6,17.3,22.8,201160,0.6,1160,1160,950,1,1,0
overlap_4pct,topk_k4_d6,topk_budgeted,6,0.1,0,4,0,dynamic_overlap_100d_4pct_hdd,100,42,1000000,5000,1.0,health_ec,15.0,14,700000,750000,96,healthy,99,severe_slow,2,12.5,17.3,42.2,201043,0.5,1043,1043,904,0,0,0
overlap_4pct,topk_k4_d6,topk_budgeted,6,0.1,0,4,0,dynamic_overlap_100d_4pct_hdd,100,42,1000000,5000,1.0,health_ec,15.0,15,750000,800000,96,healthy,99,severe_slow,1,12.5,16.9,19.1,200953,0.5,953,953,915,1,1,0
overlap_4pct,topk_k4_d6,topk_budgeted,6,0.1,0,4,0,dynamic_overlap_100d_4pct_hdd,100,42,1000000,5000,1.0,health_ec,15.0,16,800000,850000,96,healthy,99,severe_slow,1,12.5,17.0,19.1,200855,0.4,855,855,841,0,0,0
overlap_4pct,topk_k4_d6,topk_budgeted,6,0.1,0,4,0,dynamic_overlap_100d_4pct_hdd,100,42,1000000,5000,1.0,health_ec,15.0,17,850000,900000,96,healthy,99,recovery,0,12.5,16.8,18.8,200827,0.4,827,827,734,0,0,0
overlap_4pct,topk_k4_d6,topk_budgeted,6,0.1,0,4,0,dynamic_overlap_100d_4pct_hdd,100,42,1000000,5000,1.0,health_ec,15.0,18,900000,950000,96,healthy,99,healthy,0,12.5,16.8,18.8,200503,0.3,503,503,418,0,0,0
overlap_4pct,topk_k4_d6,topk_budgeted,6,0.1,0,4,0,dynamic_overlap_100d_4pct_hdd,100,42,1000000,5000,1.0,health_ec,15.0,19,950000,1000000,96,healthy,99,healthy,0,12.5,16.8,18.9,200306,0.2,306,306,237,0,0,0
overlap_4pct,hybrid_w2_k2_d4_c1,hybrid,4,0.1,2,2,1,dynamic_overlap_100d_4pct_hdd,100,42,1000000,5000,1.0,health_ec,15.0,0,0,50000,96,healthy,99,healthy,0,12.5,16.8,18.8,200000,0.0,0,0,0,0,0,0
overlap_4pct,hybrid_w2_k2_d4_c1,hybrid,4,0.1,2,2,1,dynamic_overlap_100d_4pct_hdd,100,42,1000000,5000,1.0,health_ec,15.0,1,50000,100000,96,healthy,99,healthy,0,12.5,16.8,18.9,200000,0.0,0,0,0,0,0,0
overlap_4pct,hybrid_w2_k2_d4_c1,hybrid,4,0.1,2,2,1,dynamic_overlap_100d_4pct_hdd,100,42,1000000,5000,1.0,health_ec,15.0,2,100000,150000,96,healthy,99,healthy,0,12.5,16.8,18.8,200000,0.0,0,0,0,0,0,0
overlap_4pct,hybrid_w2_k2_d4_c1,hybrid,4,0.1,2,2,1,dynamic_overlap_100d_4pct_hdd,100,42,1000000,5000,1.0,health_ec,15.0,3,150000,200000,96,mild_slow,99,healthy,1,12.5,17.1,20.4,200847,0.4,847,847,826,0,0,0
overlap_4pct,hybrid_w2_k2_d4_c1,hybrid,4,0.1,2,2,1,dynamic_overlap_100d_4pct_hdd,100,42,1000000,5000,1.0,health_ec,15.0,4,200000,250000,96,mild_slow,99,healthy,1,12.5,17.0,19.5,201085,0.5,1085,1085,1062,0,0,0
overlap_4pct,hybrid_w2_k2_d4_c1,hybrid,4,0.1,2,2,1,dynamic_overlap_100d_4pct_hdd,100,42,1000000,5000,1.0,health_ec,15.0,5,250000,300000,96,mild_slow,99,healthy,2,12.5,17.2,21.7,201125,0.6,1125,1125,1116,2,2,0
overlap_4pct,hybrid_w2_k2_d4_c1,hybrid,4,0.1,2,2,1,dynamic_overlap_100d_4pct_hdd,100,42,1000000,5000,1.0,health_ec,15.0,6,300000,350000,96,severe_slow,99,healthy,2,12.5,17.3,24.8,201282,0.6,1282,1282,1271,1,0,0
overlap_4pct,hybrid_w2_k2_d4_c1,hybrid,4,0.1,2,2,1,dynamic_overlap_100d_4pct_hdd,100,42,1000000,5000,1.0,health_ec,15.0,7,350000,400000,96,severe_slow,99,healthy,2,12.5,17.3,23.1,200933,0.5,933,933,931,2,2,0
overlap_4pct,hybrid_w2_k2_d4_c1,hybrid,4,0.1,2,2,1,dynamic_overlap_100d_4pct_hdd,100,42,1000000,5000,1.0,health_ec,15.0,8,400000,450000,96,severe_slow,99,healthy,3,12.6,17.6,42.3,201650,0.8,1650,1650,1636,2,1,0
overlap_4pct,hybrid_w2_k2_d4_c1,hybrid,4,0.1,2,2,1,dynamic_overlap_100d_4pct_hdd,100,42,1000000,5000,1.0,health_ec,15.0,9,450000,500000,96,severe_slow,99,healthy,3,12.5,17.4,42.0,201771,0.9,1771,1771,1749,2,2,0
overlap_4pct,hybrid_w2_k2_d4_c1,hybrid,4,0.1,2,2,1,dynamic_overlap_100d_4pct_hdd,100,42,1000000,5000,1.0,health_ec,15.0,10,500000,550000,96,recovery,99,healthy,2,12.6,17.1,20.7,201282,0.6,1282,1282,1269,2,2,0
overlap_4pct,hybrid_w2_k2_d4_c1,hybrid,4,0.1,2,2,1,dynamic_overlap_100d_4pct_hdd,100,42,1000000,5000,1.0,health_ec,15.0,11,550000,600000,96,recovery,99,mild_slow,3,12.6,17.7,32.1,201822,0.9,1822,1822,1784,2,1,0
overlap_4pct,hybrid_w2_k2_d4_c1,hybrid,4,0.1,2,2,1,dynamic_overlap_100d_4pct_hdd,100,42,1000000,5000,1.0,health_ec,15.0,12,600000,650000,96,healthy,99,mild_slow,2,12.5,17.2,22.2,201876,0.9,1876,1876,1536,2,2,0
overlap_4pct,hybrid_w2_k2_d4_c1,hybrid,4,0.1,2,2,1,dynamic_overlap_100d_4pct_hdd,100,42,1000000,5000,1.0,health_ec,15.0,13,650000,700000,96,healthy,99,mild_slow,2,12.6,17.3,22.4,201249,0.6,1249,1249,1037,2,2,0
overlap_4pct,hybrid_w2_k2_d4_c1,hybrid,4,0.1,2,2,1,dynamic_overlap_100d_4pct_hdd,100,42,1000000,5000,1.0,health_ec,15.0,14,700000,750000,96,healthy,99,severe_slow,2,12.5,17.3,40.9,200983,0.5,983,983,844,2,0,0
overlap_4pct,hybrid_w2_k2_d4_c1,hybrid,4,0.1,2,2,1,dynamic_overlap_100d_4pct_hdd,100,42,1000000,5000,1.0,health_ec,15.0,15,750000,800000,96,healthy,99,severe_slow,1,12.5,16.9,19.0,200890,0.4,890,890,853,2,1,1
overlap_4pct,hybrid_w2_k2_d4_c1,hybrid,4,0.1,2,2,1,dynamic_overlap_100d_4pct_hdd,100,42,1000000,5000,1.0,health_ec,15.0,16,800000,850000,96,healthy,99,severe_slow,1,12.5,16.9,19.1,200808,0.4,808,808,794,0,0,0
overlap_4pct,hybrid_w2_k2_d4_c1,hybrid,4,0.1,2,2,1,dynamic_overlap_100d_4pct_hdd,100,42,1000000,5000,1.0,health_ec,15.0,17,850000,900000,96,healthy,99,recovery,0,12.5,16.8,18.8,200805,0.4,805,805,713,0,0,0
overlap_4pct,hybrid_w2_k2_d4_c1,hybrid,4,0.1,2,2,1,dynamic_overlap_100d_4pct_hdd,100,42,1000000,5000,1.0,health_ec,15.0,18,900000,950000,96,healthy,99,healthy,0,12.5,16.8,18.8,200503,0.3,503,503,418,0,0,0
overlap_4pct,hybrid_w2_k2_d4_c1,hybrid,4,0.1,2,2,1,dynamic_overlap_100d_4pct_hdd,100,42,1000000,5000,1.0,health_ec,15.0,19,950000,1000000,96,healthy,99,healthy,0,12.5,16.8,18.9,200306,0.2,306,306,237,0,0,0
overlap_4pct,hybrid_w2_k4_d4_c1,hybrid,4,0.1,2,4,1,dynamic_overlap_100d_4pct_hdd,100,42,1000000,5000,1.0,health_ec,15.0,0,0,50000,96,healthy,99,healthy,0,12.5,16.8,18.8,200000,0.0,0,0,0,0,0,0
overlap_4pct,hybrid_w2_k4_d4_c1,hybrid,4,0.1,2,4,1,dynamic_overlap_100d_4pct_hdd,100,42,1000000,5000,1.0,health_ec,15.0,1,50000,100000,96,healthy,99,healthy,0,12.5,16.8,18.9,200000,0.0,0,0,0,0,0,0
overlap_4pct,hybrid_w2_k4_d4_c1,hybrid,4,0.1,2,4,1,dynamic_overlap_100d_4pct_hdd,100,42,1000000,5000,1.0,health_ec,15.0,2,100000,150000,96,healthy,99,healthy,0,12.5,16.8,18.8,200000,0.0,0,0,0,0,0,0
overlap_4pct,hybrid_w2_k4_d4_c1,hybrid,4,0.1,2,4,1,dynamic_overlap_100d_4pct_hdd,100,42,1000000,5000,1.0,health_ec,15.0,3,150000,200000,96,mild_slow,99,healthy,1,12.5,17.1,20.4,200847,0.4,847,847,826,0,0,0
overlap_4pct,hybrid_w2_k4_d4_c1,hybrid,4,0.1,2,4,1,dynamic_overlap_100d_4pct_hdd,100,42,1000000,5000,1.0,health_ec,15.0,4,200000,250000,96,mild_slow,99,healthy,1,12.5,17.0,19.5,201085,0.5,1085,1085,1062,0,0,0
overlap_4pct,hybrid_w2_k4_d4_c1,hybrid,4,0.1,2,4,1,dynamic_overlap_100d_4pct_hdd,100,42,1000000,5000,1.0,health_ec,15.0,5,250000,300000,96,mild_slow,99,healthy,2,12.5,17.2,21.4,201120,0.6,1120,1120,1108,3,3,0
overlap_4pct,hybrid_w2_k4_d4_c1,hybrid,4,0.1,2,4,1,dynamic_overlap_100d_4pct_hdd,100,42,1000000,5000,1.0,health_ec,15.0,6,300000,350000,96,severe_slow,99,healthy,2,12.5,17.3,24.8,201282,0.6,1282,1282,1273,0,0,0
overlap_4pct,hybrid_w2_k4_d4_c1,hybrid,4,0.1,2,4,1,dynamic_overlap_100d_4pct_hdd,100,42,1000000,5000,1.0,health_ec,15.0,7,350000,400000,96,severe_slow,99,healthy,2,12.5,17.2,22.1,200835,0.4,835,835,835,4,4,0
overlap_4pct,hybrid_w2_k4_d4_c1,hybrid,4,0.1,2,4,1,dynamic_overlap_100d_4pct_hdd,100,42,1000000,5000,1.0,health_ec,15.0,8,400000,450000,96,severe_slow,99,healthy,3,12.6,17.6,41.2,201594,0.8,1594,1594,1579,2,1,0
overlap_4pct,hybrid_w2_k4_d4_c1,hybrid,4,0.1,2,4,1,dynamic_overlap_100d_4pct_hdd,100,42,1000000,5000,1.0,health_ec,15.0,9,450000,500000,96,severe_slow,99,healthy,3,12.5,17.4,42.0,201771,0.9,1771,1771,1750,1,1,0
overlap_4pct,hybrid_w2_k4_d4_c1,hybrid,4,0.1,2,4,1,dynamic_overlap_100d_4pct_hdd,100,42,1000000,5000,1.0,health_ec,15.0,10,500000,550000,96,recovery,99,healthy,2,12.6,17.1,20.5,201137,0.6,1137,1137,1127,4,4,0
overlap_4pct,hybrid_w2_k4_d4_c1,hybrid,4,0.1,2,4,1,dynamic_overlap_100d_4pct_hdd,100,42,1000000,5000,1.0,health_ec,15.0,11,550000,600000,96,recovery,99,mild_slow,3,12.6,17.6,31.7,201820,0.9,1820,1820,1781,0,0,0
overlap_4pct,hybrid_w2_k4_d4_c1,hybrid,4,0.1,2,4,1,dynamic_overlap_100d_4pct_hdd,100,42,1000000,5000,1.0,health_ec,15.0,12,600000,650000,96,healthy,99,mild_slow,2,12.5,17.2,22.2,201876,0.9,1876,1876,1535,1,1,0
overlap_4pct,hybrid_w2_k4_d4_c1,hybrid,4,0.1,2,4,1,dynamic_overlap_100d_4pct_hdd,100,42,1000000,5000,1.0,health_ec,15.0,13,650000,700000,96,healthy,99,mild_slow,2,12.6,17.3,22.4,201097,0.5,1097,1097,885,4,4,0
overlap_4pct,hybrid_w2_k4_d4_c1,hybrid,4,0.1,2,4,1,dynamic_overlap_100d_4pct_hdd,100,42,1000000,5000,1.0,health_ec,15.0,14,700000,750000,96,healthy,99,severe_slow,2,12.5,17.2,39.2,200982,0.5,982,982,842,1,1,0
overlap_4pct,hybrid_w2_k4_d4_c1,hybrid,4,0.1,2,4,1,dynamic_overlap_100d_4pct_hdd,100,42,1000000,5000,1.0,health_ec,15.0,15,750000,800000,96,healthy,99,severe_slow,1,12.5,16.9,19.0,200890,0.4,890,890,853,1,1,0
overlap_4pct,hybrid_w2_k4_d4_c1,hybrid,4,0.1,2,4,1,dynamic_overlap_100d_4pct_hdd,100,42,1000000,5000,1.0,health_ec,15.0,16,800000,850000,96,healthy,99,severe_slow,1,12.5,16.9,19.1,200808,0.4,808,808,794,0,0,0
overlap_4pct,hybrid_w2_k4_d4_c1,hybrid,4,0.1,2,4,1,dynamic_overlap_100d_4pct_hdd,100,42,1000000,5000,1.0,health_ec,15.0,17,850000,900000,96,healthy,99,recovery,0,12.5,16.8,18.8,200805,0.4,805,805,713,0,0,0
overlap_4pct,hybrid_w2_k4_d4_c1,hybrid,4,0.1,2,4,1,dynamic_overlap_100d_4pct_hdd,100,42,1000000,5000,1.0,health_ec,15.0,18,900000,950000,96,healthy,99,healthy,0,12.5,16.8,18.8,200505,0.3,505,505,419,0,0,0
overlap_4pct,hybrid_w2_k4_d4_c1,hybrid,4,0.1,2,4,1,dynamic_overlap_100d_4pct_hdd,100,42,1000000,5000,1.0,health_ec,15.0,19,950000,1000000,96,healthy,99,healthy,0,12.5,16.8,18.9,200306,0.2,306,306,237,0,0,0
overlap_4pct,vanilla_ec,baseline,,,,,,dynamic_overlap_100d_4pct_hdd,100,43,1000000,5000,1.0,vanilla_ec,15.0,0,0,50000,96,healthy,99,healthy,0,12.5,16.8,18.8,200000,0.0,0,0,0,0,0,0
overlap_4pct,vanilla_ec,baseline,,,,,,dynamic_overlap_100d_4pct_hdd,100,43,1000000,5000,1.0,vanilla_ec,15.0,1,50000,100000,96,healthy,99,healthy,0,12.5,16.8,18.9,200000,0.0,0,0,0,0,0,0
overlap_4pct,vanilla_ec,baseline,,,,,,dynamic_overlap_100d_4pct_hdd,100,43,1000000,5000,1.0,vanilla_ec,15.0,2,100000,150000,96,healthy,99,healthy,0,12.5,16.8,18.8,200000,0.0,0,0,0,0,0,0
overlap_4pct,vanilla_ec,baseline,,,,,,dynamic_overlap_100d_4pct_hdd,100,43,1000000,5000,1.0,vanilla_ec,15.0,3,150000,200000,96,mild_slow,99,healthy,1,12.6,17.4,26.1,200000,0.0,0,0,0,0,0,0
overlap_4pct,vanilla_ec,baseline,,,,,,dynamic_overlap_100d_4pct_hdd,100,43,1000000,5000,1.0,vanilla_ec,15.0,4,200000,250000,96,mild_slow,99,healthy,1,12.6,17.6,27.7,200000,0.0,0,0,0,0,0,0
overlap_4pct,vanilla_ec,baseline,,,,,,dynamic_overlap_100d_4pct_hdd,100,43,1000000,5000,1.0,vanilla_ec,15.0,5,250000,300000,96,mild_slow,99,healthy,2,12.6,17.8,31.0,200000,0.0,0,0,0,0,0,0
overlap_4pct,vanilla_ec,baseline,,,,,,dynamic_overlap_100d_4pct_hdd,100,43,1000000,5000,1.0,vanilla_ec,15.0,6,300000,350000,96,severe_slow,99,healthy,2,12.6,17.8,63.4,200000,0.0,0,0,0,0,0,0
overlap_4pct,vanilla_ec,baseline,,,,,,dynamic_overlap_100d_4pct_hdd,100,43,1000000,5000,1.0,vanilla_ec,15.0,7,350000,400000,96,severe_slow,99,healthy,2,12.6,17.9,63.5,200000,0.0,0,0,0,0,0,0
overlap_4pct,vanilla_ec,baseline,,,,,,dynamic_overlap_100d_4pct_hdd,100,43,1000000,5000,1.0,vanilla_ec,15.0,8,400000,450000,96,severe_slow,99,healthy,3,12.6,18.5,71.8,200000,0.0,0,0,0,0,0,0
overlap_4pct,vanilla_ec,baseline,,,,,,dynamic_overlap_100d_4pct_hdd,100,43,1000000,5000,1.0,vanilla_ec,15.0,9,450000,500000,96,severe_slow,99,healthy,3,12.6,18.6,72.9,200000,0.0,0,0,0,0,0,0
overlap_4pct,vanilla_ec,baseline,,,,,,dynamic_overlap_100d_4pct_hdd,100,43,1000000,5000,1.0,vanilla_ec,15.0,10,500000,550000,96,recovery,99,healthy,2,12.6,18.5,62.0,200000,0.0,0,0,0,0,0,0
overlap_4pct,vanilla_ec,baseline,,,,,,dynamic_overlap_100d_4pct_hdd,100,43,1000000,5000,1.0,vanilla_ec,15.0,11,550000,600000,96,recovery,99,mild_slow,3,12.7,19.0,73.7,200000,0.0,0,0,0,0,0,0
overlap_4pct,vanilla_ec,baseline,,,,,,dynamic_overlap_100d_4pct_hdd,100,43,1000000,5000,1.0,vanilla_ec,15.0,12,600000,650000,96,healthy,99,mild_slow,2,12.6,18.1,64.5,200000,0.0,0,0,0,0,0,0
overlap_4pct,vanilla_ec,baseline,,,,,,dynamic_overlap_100d_4pct_hdd,100,43,1000000,5000,1.0,vanilla_ec,15.0,13,650000,700000,96,healthy,99,mild_slow,2,12.6,18.0,65.6,200000,0.0,0,0,0,0,0,0
overlap_4pct,vanilla_ec,baseline,,,,,,dynamic_overlap_100d_4pct_hdd,100,43,1000000,5000,1.0,vanilla_ec,15.0,14,700000,750000,96,healthy,99,severe_slow,2,12.6,17.9,73.4,200000,0.0,0,0,0,0,0,0
overlap_4pct,vanilla_ec,baseline,,,,,,dynamic_overlap_100d_4pct_hdd,100,43,1000000,5000,1.0,vanilla_ec,15.0,15,750000,800000,96,healthy,99,severe_slow,1,12.6,18.0,64.1,200000,0.0,0,0,0,0,0,0
overlap_4pct,vanilla_ec,baseline,,,,,,dynamic_overlap_100d_4pct_hdd,100,43,1000000,5000,1.0,vanilla_ec,15.0,16,800000,850000,96,healthy,99,severe_slow,1,12.6,18.0,63.5,200000,0.0,0,0,0,0,0,0
overlap_4pct,vanilla_ec,baseline,,,,,,dynamic_overlap_100d_4pct_hdd,100,43,1000000,5000,1.0,vanilla_ec,15.0,17,850000,900000,96,healthy,99,recovery,0,12.5,17.0,19.2,200000,0.0,0,0,0,0,0,0
overlap_4pct,vanilla_ec,baseline,,,,,,dynamic_overlap_100d_4pct_hdd,100,43,1000000,5000,1.0,vanilla_ec,15.0,18,900000,950000,96,healthy,99,healthy,0,12.5,16.8,18.9,200000,0.0,0,0,0,0,0,0
overlap_4pct,vanilla_ec,baseline,,,,,,dynamic_overlap_100d_4pct_hdd,100,43,1000000,5000,1.0,vanilla_ec,15.0,19,950000,1000000,96,healthy,99,healthy,0,12.5,16.8,18.7,200000,0.0,0,0,0,0,0,0
overlap_4pct,late_binding,baseline,,,,,,dynamic_overlap_100d_4pct_hdd,100,43,1000000,5000,1.0,late_binding,15.0,0,0,50000,96,healthy,99,healthy,0,10.7,14.0,15.4,250000,25.0,50000,50000,39871,0,0,0
overlap_4pct,late_binding,baseline,,,,,,dynamic_overlap_100d_4pct_hdd,100,43,1000000,5000,1.0,late_binding,15.0,1,50000,100000,96,healthy,99,healthy,0,10.7,14.0,15.4,250000,25.0,50000,50000,40011,0,0,0
overlap_4pct,late_binding,baseline,,,,,,dynamic_overlap_100d_4pct_hdd,100,43,1000000,5000,1.0,late_binding,15.0,2,100000,150000,96,healthy,99,healthy,0,10.7,14.0,15.4,250000,25.0,50000,50000,40100,0,0,0
overlap_4pct,late_binding,baseline,,,,,,dynamic_overlap_100d_4pct_hdd,100,43,1000000,5000,1.0,late_binding,15.0,3,150000,200000,96,mild_slow,99,healthy,1,10.7,14.2,15.7,250000,25.0,50000,50000,39656,0,0,0
overlap_4pct,late_binding,baseline,,,,,,dynamic_overlap_100d_4pct_hdd,100,43,1000000,5000,1.0,late_binding,15.0,4,200000,250000,96,mild_slow,99,healthy,1,10.7,14.2,15.8,250000,25.0,50000,50000,39745,0,0,0
overlap_4pct,late_binding,baseline,,,,,,dynamic_overlap_100d_4pct_hdd,100,43,1000000,5000,1.0,late_binding,15.0,5,250000,300000,96,mild_slow,99,healthy,2,10.8,14.6,22.3,250000,25.0,50000,50000,39831,0,0,0
overlap_4pct,late_binding,baseline,,,,,,dynamic_overlap_100d_4pct_hdd,100,43,1000000,5000,1.0,late_binding,15.0,6,300000,350000,96,severe_slow,99,healthy,2,10.8,14.7,26.4,250000,25.0,50000,50000,39772,0,0,0
overlap_4pct,late_binding,baseline,,,,,,dynamic_overlap_100d_4pct_hdd,100,43,1000000,5000,1.0,late_binding,15.0,7,350000,400000,96,severe_slow,99,healthy,2,10.8,14.7,26.9,250000,25.0,50000,50000,39832,0,0,0
overlap_4pct,late_binding,baseline,,,,,,dynamic_overlap_100d_4pct_hdd,100,43,1000000,5000,1.0,late_binding,15.0,8,400000,450000,96,severe_slow,99,healthy,3,10.8,14.9,50.8,250000,25.0,50000,50000,39786,0,0,0
overlap_4pct,late_binding,baseline,,,,,,dynamic_overlap_100d_4pct_hdd,100,43,1000000,5000,1.0,late_binding,15.0,9,450000,500000,96,severe_slow,99,healthy,3,10.8,15.0,51.6,250000,25.0,50000,50000,39972,0,0,0
overlap_4pct,late_binding,baseline,,,,,,dynamic_overlap_100d_4pct_hdd,100,43,1000000,5000,1.0,late_binding,15.0,10,500000,550000,96,recovery,99,healthy,2,10.8,14.8,26.9,250000,25.0,50000,50000,40084,0,0,0
overlap_4pct,late_binding,baseline,,,,,,dynamic_overlap_100d_4pct_hdd,100,43,1000000,5000,1.0,late_binding,15.0,11,550000,600000,96,recovery,99,mild_slow,3,10.8,15.5,52.4,250000,25.0,50000,50000,39976,0,0,0
overlap_4pct,late_binding,baseline,,,,,,dynamic_overlap_100d_4pct_hdd,100,43,1000000,5000,1.0,late_binding,15.0,12,600000,650000,96,healthy,99,mild_slow,2,10.8,15.0,27.0,250000,25.0,50000,50000,39828,0,0,0
overlap_4pct,late_binding,baseline,,,,,,dynamic_overlap_100d_4pct_hdd,100,43,1000000,5000,1.0,late_binding,15.0,13,650000,700000,96,healthy,99,mild_slow,2,10.8,14.9,27.2,250000,25.0,50000,50000,40115,0,0,0
overlap_4pct,late_binding,baseline,,,,,,dynamic_overlap_100d_4pct_hdd,100,43,1000000,5000,1.0,late_binding,15.0,14,700000,750000,96,healthy,99,severe_slow,2,10.8,14.9,52.1,250000,25.0,50000,50000,39810,0,0,0
overlap_4pct,late_binding,baseline,,,,,,dynamic_overlap_100d_4pct_hdd,100,43,1000000,5000,1.0,late_binding,15.0,15,750000,800000,96,healthy,99,severe_slow,1,10.8,14.4,16.8,250000,25.0,50000,50000,40002,0,0,0
overlap_4pct,late_binding,baseline,,,,,,dynamic_overlap_100d_4pct_hdd,100,43,1000000,5000,1.0,late_binding,15.0,16,800000,850000,96,healthy,99,severe_slow,1,10.8,14.4,16.9,250000,25.0,50000,50000,39997,0,0,0
overlap_4pct,late_binding,baseline,,,,,,dynamic_overlap_100d_4pct_hdd,100,43,1000000,5000,1.0,late_binding,15.0,17,850000,900000,96,healthy,99,recovery,0,10.7,14.0,15.5,250000,25.0,50000,50000,40178,0,0,0
overlap_4pct,late_binding,baseline,,,,,,dynamic_overlap_100d_4pct_hdd,100,43,1000000,5000,1.0,late_binding,15.0,18,900000,950000,96,healthy,99,healthy,0,10.7,14.0,15.4,250000,25.0,50000,50000,39985,0,0,0
overlap_4pct,late_binding,baseline,,,,,,dynamic_overlap_100d_4pct_hdd,100,43,1000000,5000,1.0,late_binding,15.0,19,950000,1000000,96,healthy,99,healthy,0,10.7,14.0,15.4,250000,25.0,50000,50000,39872,0,0,0
overlap_4pct,timeout_degraded_read,baseline,,,,,,dynamic_overlap_100d_4pct_hdd,100,43,1000000,5000,1.0,timeout_degraded_read,15.0,0,0,50000,96,healthy,99,healthy,0,12.5,16.8,18.7,208102,4.1,8102,8102,165,0,0,0
overlap_4pct,timeout_degraded_read,baseline,,,,,,dynamic_overlap_100d_4pct_hdd,100,43,1000000,5000,1.0,timeout_degraded_read,15.0,1,50000,100000,96,healthy,99,healthy,0,12.5,16.8,18.8,208123,4.1,8123,8123,169,0,0,0
overlap_4pct,timeout_degraded_read,baseline,,,,,,dynamic_overlap_100d_4pct_hdd,100,43,1000000,5000,1.0,timeout_degraded_read,15.0,2,100000,150000,96,healthy,99,healthy,0,12.5,16.8,18.7,208110,4.1,8110,8110,198,0,0,0
overlap_4pct,timeout_degraded_read,baseline,,,,,,dynamic_overlap_100d_4pct_hdd,100,43,1000000,5000,1.0,timeout_degraded_read,15.0,3,150000,200000,96,mild_slow,99,healthy,1,12.6,17.4,22.4,209098,4.5,9098,9098,797,0,0,0
overlap_4pct,timeout_degraded_read,baseline,,,,,,dynamic_overlap_100d_4pct_hdd,100,43,1000000,5000,1.0,timeout_degraded_read,15.0,4,200000,250000,96,mild_slow,99,healthy,1,12.6,17.6,23.0,209181,4.6,9181,9181,947,0,0,0
overlap_4pct,timeout_degraded_read,baseline,,,,,,dynamic_overlap_100d_4pct_hdd,100,43,1000000,5000,1.0,timeout_degraded_read,15.0,5,250000,300000,96,mild_slow,99,healthy,2,12.6,17.8,25.5,209346,4.7,9346,9346,1202,0,0,0
overlap_4pct,timeout_degraded_read,baseline,,,,,,dynamic_overlap_100d_4pct_hdd,100,43,1000000,5000,1.0,timeout_degraded_read,15.0,6,300000,350000,96,severe_slow,99,healthy,2,12.6,17.7,28.2,209216,4.6,9216,9216,1553,0,0,0
overlap_4pct,timeout_degraded_read,baseline,,,,,,dynamic_overlap_100d_4pct_hdd,100,43,1000000,5000,1.0,timeout_degraded_read,15.0,7,350000,400000,96,severe_slow,99,healthy,2,12.6,17.8,28.6,209308,4.7,9308,9308,1618,0,0,0
overlap_4pct,timeout_degraded_read,baseline,,,,,,dynamic_overlap_100d_4pct_hdd,100,43,1000000,5000,1.0,timeout_degraded_read,15.0,8,400000,450000,96,severe_slow,99,healthy,3,12.6,18.4,51.0,209624,4.8,9624,9624,1892,0,0,0
overlap_4pct,timeout_degraded_read,baseline,,,,,,dynamic_overlap_100d_4pct_hdd,100,43,1000000,5000,1.0,timeout_degraded_read,15.0,9,450000,500000,96,severe_slow,99,healthy,3,12.6,18.5,52.1,209911,5.0,9911,9911,1914,0,0,0
overlap_4pct,timeout_degraded_read,baseline,,,,,,dynamic_overlap_100d_4pct_hdd,100,43,1000000,5000,1.0,timeout_degraded_read,15.0,10,500000,550000,96,recovery,99,healthy,2,12.6,18.4,32.6,209749,4.9,9749,9749,1822,0,0,0
overlap_4pct,timeout_degraded_read,baseline,,,,,,dynamic_overlap_100d_4pct_hdd,100,43,1000000,5000,1.0,timeout_degraded_read,15.0,11,550000,600000,96,recovery,99,mild_slow,3,12.7,18.9,55.4,209870,4.9,9870,9870,1878,0,0,0
overlap_4pct,timeout_degraded_read,baseline,,,,,,dynamic_overlap_100d_4pct_hdd,100,43,1000000,5000,1.0,timeout_degraded_read,15.0,12,600000,650000,96,healthy,99,mild_slow,2,12.6,18.1,28.4,209511,4.8,9511,9511,1648,0,0,0
overlap_4pct,timeout_degraded_read,baseline,,,,,,dynamic_overlap_100d_4pct_hdd,100,43,1000000,5000,1.0,timeout_degraded_read,15.0,13,650000,700000,96,healthy,99,mild_slow,2,12.6,18.0,28.9,209542,4.8,9542,9542,1636,0,0,0
overlap_4pct,timeout_degraded_read,baseline,,,,,,dynamic_overlap_100d_4pct_hdd,100,43,1000000,5000,1.0,timeout_degraded_read,15.0,14,700000,750000,96,healthy,99,severe_slow,2,12.6,17.9,52.1,209437,4.7,9437,9437,1679,0,0,0
overlap_4pct,timeout_degraded_read,baseline,,,,,,dynamic_overlap_100d_4pct_hdd,100,43,1000000,5000,1.0,timeout_degraded_read,15.0,15,750000,800000,96,healthy,99,severe_slow,1,12.6,17.9,25.5,209486,4.7,9486,9486,1591,0,0,0
overlap_4pct,timeout_degraded_read,baseline,,,,,,dynamic_overlap_100d_4pct_hdd,100,43,1000000,5000,1.0,timeout_degraded_read,15.0,16,800000,850000,96,healthy,99,severe_slow,1,12.6,17.8,25.6,209379,4.7,9379,9379,1616,0,0,0
overlap_4pct,timeout_degraded_read,baseline,,,,,,dynamic_overlap_100d_4pct_hdd,100,43,1000000,5000,1.0,timeout_degraded_read,15.0,17,850000,900000,96,healthy,99,recovery,0,12.5,17.0,19.1,208501,4.3,8501,8501,246,0,0,0
overlap_4pct,timeout_degraded_read,baseline,,,,,,dynamic_overlap_100d_4pct_hdd,100,43,1000000,5000,1.0,timeout_degraded_read,15.0,18,900000,950000,96,healthy,99,healthy,0,12.5,16.8,18.8,208094,4.0,8094,8094,194,0,0,0
overlap_4pct,timeout_degraded_read,baseline,,,,,,dynamic_overlap_100d_4pct_hdd,100,43,1000000,5000,1.0,timeout_degraded_read,15.0,19,950000,1000000,96,healthy,99,healthy,0,12.5,16.7,18.7,207918,4.0,7918,7918,220,0,0,0
overlap_4pct,t28_default,default,12,0.05,0,0,0,dynamic_overlap_100d_4pct_hdd,100,43,1000000,5000,1.0,health_ec,15.0,0,0,50000,96,healthy,99,healthy,0,12.5,16.8,18.8,200000,0.0,0,0,0,0,0,0
overlap_4pct,t28_default,default,12,0.05,0,0,0,dynamic_overlap_100d_4pct_hdd,100,43,1000000,5000,1.0,health_ec,15.0,1,50000,100000,96,healthy,99,healthy,0,12.5,16.8,18.9,200000,0.0,0,0,0,0,0,0
overlap_4pct,t28_default,default,12,0.05,0,0,0,dynamic_overlap_100d_4pct_hdd,100,43,1000000,5000,1.0,health_ec,15.0,2,100000,150000,96,healthy,99,healthy,0,12.5,16.8,18.8,200000,0.0,0,0,0,0,0,0
overlap_4pct,t28_default,default,12,0.05,0,0,0,dynamic_overlap_100d_4pct_hdd,100,43,1000000,5000,1.0,health_ec,15.0,3,150000,200000,96,mild_slow,99,healthy,1,12.5,17.0,20.6,200409,0.2,409,409,398,1,1,0
overlap_4pct,t28_default,default,12,0.05,0,0,0,dynamic_overlap_100d_4pct_hdd,100,43,1000000,5000,1.0,health_ec,15.0,4,200000,250000,96,mild_slow,99,healthy,1,12.5,17.0,19.6,200754,0.4,754,754,738,0,0,0
overlap_4pct,t28_default,default,12,0.05,0,0,0,dynamic_overlap_100d_4pct_hdd,100,43,1000000,5000,1.0,health_ec,15.0,5,250000,300000,96,mild_slow,99,healthy,2,12.6,17.4,22.9,200862,0.4,862,862,860,1,1,0
overlap_4pct,t28_default,default,12,0.05,0,0,0,dynamic_overlap_100d_4pct_hdd,100,43,1000000,5000,1.0,health_ec,15.0,6,300000,350000,96,severe_slow,99,healthy,2,12.5,17.3,25.9,200945,0.5,945,945,945,0,0,0
overlap_4pct,t28_default,default,12,0.05,0,0,0,dynamic_overlap_100d_4pct_hdd,100,43,1000000,5000,1.0,health_ec,15.0,7,350000,400000,96,severe_slow,99,healthy,2,12.6,17.3,25.5,201052,0.5,1052,1052,1052,0,0,0
overlap_4pct,t28_default,default,12,0.05,0,0,0,dynamic_overlap_100d_4pct_hdd,100,43,1000000,5000,1.0,health_ec,15.0,8,400000,450000,96,severe_slow,99,healthy,3,12.6,17.7,47.8,201408,0.7,1408,1408,1401,1,1,0
overlap_4pct,t28_default,default,12,0.05,0,0,0,dynamic_overlap_100d_4pct_hdd,100,43,1000000,5000,1.0,health_ec,15.0,9,450000,500000,96,severe_slow,99,healthy,3,12.6,17.7,47.3,201531,0.8,1531,1531,1522,0,0,0
overlap_4pct,t28_default,default,12,0.05,0,0,0,dynamic_overlap_100d_4pct_hdd,100,43,1000000,5000,1.0,health_ec,15.0,10,500000,550000,96,recovery,99,healthy,2,12.6,17.2,21.3,201615,0.8,1615,1615,1606,0,0,0
overlap_4pct,t28_default,default,12,0.05,0,0,0,dynamic_overlap_100d_4pct_hdd,100,43,1000000,5000,1.0,health_ec,15.0,11,550000,600000,96,recovery,99,mild_slow,3,12.6,17.8,36.8,201742,0.9,1742,1742,1699,2,2,0
overlap_4pct,t28_default,default,12,0.05,0,0,0,dynamic_overlap_100d_4pct_hdd,100,43,1000000,5000,1.0,health_ec,15.0,12,600000,650000,96,healthy,99,mild_slow,2,12.5,17.4,24.3,201598,0.8,1598,1598,1251,0,0,0
overlap_4pct,t28_default,default,12,0.05,0,0,0,dynamic_overlap_100d_4pct_hdd,100,43,1000000,5000,1.0,health_ec,15.0,13,650000,700000,96,healthy,99,mild_slow,2,12.6,17.4,24.4,201465,0.7,1465,1465,1206,0,0,0
overlap_4pct,t28_default,default,12,0.05,0,0,0,dynamic_overlap_100d_4pct_hdd,100,43,1000000,5000,1.0,health_ec,15.0,14,700000,750000,96,healthy,99,severe_slow,2,12.6,17.5,46.7,201196,0.6,1196,1196,1034,1,1,0
overlap_4pct,t28_default,default,12,0.05,0,0,0,dynamic_overlap_100d_4pct_hdd,100,43,1000000,5000,1.0,health_ec,15.0,15,750000,800000,96,healthy,99,severe_slow,1,12.5,16.9,19.2,201081,0.5,1081,1081,1025,0,0,0
overlap_4pct,t28_default,default,12,0.05,0,0,0,dynamic_overlap_100d_4pct_hdd,100,43,1000000,5000,1.0,health_ec,15.0,16,800000,850000,96,healthy,99,severe_slow,1,12.5,16.9,19.2,201058,0.5,1058,1058,1040,0,0,0
overlap_4pct,t28_default,default,12,0.05,0,0,0,dynamic_overlap_100d_4pct_hdd,100,43,1000000,5000,1.0,health_ec,15.0,17,850000,900000,96,healthy,99,recovery,0,12.5,16.8,18.9,200877,0.4,877,877,773,0,0,0
overlap_4pct,t28_default,default,12,0.05,0,0,0,dynamic_overlap_100d_4pct_hdd,100,43,1000000,5000,1.0,health_ec,15.0,18,900000,950000,96,healthy,99,healthy,0,12.5,16.8,18.8,200544,0.3,544,544,459,0,0,0
overlap_4pct,t28_default,default,12,0.05,0,0,0,dynamic_overlap_100d_4pct_hdd,100,43,1000000,5000,1.0,health_ec,15.0,19,950000,1000000,96,healthy,99,healthy,0,12.5,16.8,18.7,200307,0.2,307,307,257,0,0,0
overlap_4pct,migration_disabled,disabled,12,0.05,0,0,0,dynamic_overlap_100d_4pct_hdd,100,43,1000000,5000,1.0,health_ec,15.0,0,0,50000,96,healthy,99,healthy,0,12.5,16.8,18.8,200000,0.0,0,0,0,0,0,0
overlap_4pct,migration_disabled,disabled,12,0.05,0,0,0,dynamic_overlap_100d_4pct_hdd,100,43,1000000,5000,1.0,health_ec,15.0,1,50000,100000,96,healthy,99,healthy,0,12.5,16.8,18.9,200000,0.0,0,0,0,0,0,0
overlap_4pct,migration_disabled,disabled,12,0.05,0,0,0,dynamic_overlap_100d_4pct_hdd,100,43,1000000,5000,1.0,health_ec,15.0,2,100000,150000,96,healthy,99,healthy,0,12.5,16.8,18.8,200000,0.0,0,0,0,0,0,0
overlap_4pct,migration_disabled,disabled,12,0.05,0,0,0,dynamic_overlap_100d_4pct_hdd,100,43,1000000,5000,1.0,health_ec,15.0,3,150000,200000,96,mild_slow,99,healthy,1,12.5,17.0,20.6,200682,0.3,682,682,667,0,0,0
overlap_4pct,migration_disabled,disabled,12,0.05,0,0,0,dynamic_overlap_100d_4pct_hdd,100,43,1000000,5000,1.0,health_ec,15.0,4,200000,250000,96,mild_slow,99,healthy,1,12.5,17.0,19.6,201080,0.5,1080,1080,1052,0,0,0
overlap_4pct,migration_disabled,disabled,12,0.05,0,0,0,dynamic_overlap_100d_4pct_hdd,100,43,1000000,5000,1.0,health_ec,15.0,5,250000,300000,96,mild_slow,99,healthy,2,12.6,17.5,24.2,201167,0.6,1167,1167,1164,0,0,0
overlap_4pct,migration_disabled,disabled,12,0.05,0,0,0,dynamic_overlap_100d_4pct_hdd,100,43,1000000,5000,1.0,health_ec,15.0,6,300000,350000,96,severe_slow,99,healthy,2,12.6,17.5,27.5,201261,0.6,1261,1261,1261,0,0,0
overlap_4pct,migration_disabled,disabled,12,0.05,0,0,0,dynamic_overlap_100d_4pct_hdd,100,43,1000000,5000,1.0,health_ec,15.0,7,350000,400000,96,severe_slow,99,healthy,2,12.6,17.6,27.3,201420,0.7,1420,1420,1419,0,0,0
overlap_4pct,migration_disabled,disabled,12,0.05,0,0,0,dynamic_overlap_100d_4pct_hdd,100,43,1000000,5000,1.0,health_ec,15.0,8,400000,450000,96,severe_slow,99,healthy,3,12.6,18.1,51.3,201711,0.9,1711,1711,1705,0,0,0
overlap_4pct,migration_disabled,disabled,12,0.05,0,0,0,dynamic_overlap_100d_4pct_hdd,100,43,1000000,5000,1.0,health_ec,15.0,9,450000,500000,96,severe_slow,99,healthy,3,12.6,18.0,51.7,201874,0.9,1874,1874,1865,0,0,0
overlap_4pct,migration_disabled,disabled,12,0.05,0,0,0,dynamic_overlap_100d_4pct_hdd,100,43,1000000,5000,1.0,health_ec,15.0,10,500000,550000,96,recovery,99,healthy,2,12.6,17.4,24.2,201951,1.0,1951,1951,1942,0,0,0
overlap_4pct,migration_disabled,disabled,12,0.05,0,0,0,dynamic_overlap_100d_4pct_hdd,100,43,1000000,5000,1.0,health_ec,15.0,11,550000,600000,96,recovery,99,mild_slow,3,12.7,18.5,46.1,202058,1.0,2058,2058,2016,0,0,0
overlap_4pct,migration_disabled,disabled,12,0.05,0,0,0,dynamic_overlap_100d_4pct_hdd,100,43,1000000,5000,1.0,health_ec,15.0,12,600000,650000,96,healthy,99,mild_slow,2,12.6,17.7,27.2,201912,1.0,1912,1912,1569,0,0,0
overlap_4pct,migration_disabled,disabled,12,0.05,0,0,0,dynamic_overlap_100d_4pct_hdd,100,43,1000000,5000,1.0,health_ec,15.0,13,650000,700000,96,healthy,99,mild_slow,2,12.6,17.7,27.4,201780,0.9,1780,1780,1527,0,0,0
overlap_4pct,migration_disabled,disabled,12,0.05,0,0,0,dynamic_overlap_100d_4pct_hdd,100,43,1000000,5000,1.0,health_ec,15.0,14,700000,750000,96,healthy,99,severe_slow,2,12.6,17.9,52.3,201660,0.8,1660,1660,1498,0,0,0
overlap_4pct,migration_disabled,disabled,12,0.05,0,0,0,dynamic_overlap_100d_4pct_hdd,100,43,1000000,5000,1.0,health_ec,15.0,15,750000,800000,96,healthy,99,severe_slow,1,12.5,17.0,19.4,201574,0.8,1574,1574,1518,0,0,0
overlap_4pct,migration_disabled,disabled,12,0.05,0,0,0,dynamic_overlap_100d_4pct_hdd,100,43,1000000,5000,1.0,health_ec,15.0,16,800000,850000,96,healthy,99,severe_slow,1,12.5,17.0,19.4,201542,0.8,1542,1542,1522,0,0,0
overlap_4pct,migration_disabled,disabled,12,0.05,0,0,0,dynamic_overlap_100d_4pct_hdd,100,43,1000000,5000,1.0,health_ec,15.0,17,850000,900000,96,healthy,99,recovery,0,12.5,16.9,19.0,201006,0.5,1006,1006,891,0,0,0
overlap_4pct,migration_disabled,disabled,12,0.05,0,0,0,dynamic_overlap_100d_4pct_hdd,100,43,1000000,5000,1.0,health_ec,15.0,18,900000,950000,96,healthy,99,healthy,0,12.5,16.8,18.8,200544,0.3,544,544,459,0,0,0
overlap_4pct,migration_disabled,disabled,12,0.05,0,0,0,dynamic_overlap_100d_4pct_hdd,100,43,1000000,5000,1.0,health_ec,15.0,19,950000,1000000,96,healthy,99,healthy,0,12.5,16.8,18.7,200307,0.2,307,307,257,0,0,0
overlap_4pct,threshold_d2_a005,threshold_alpha,2,0.05,0,0,0,dynamic_overlap_100d_4pct_hdd,100,43,1000000,5000,1.0,health_ec,15.0,0,0,50000,96,healthy,99,healthy,0,12.5,16.8,18.8,200000,0.0,0,0,0,0,0,0
overlap_4pct,threshold_d2_a005,threshold_alpha,2,0.05,0,0,0,dynamic_overlap_100d_4pct_hdd,100,43,1000000,5000,1.0,health_ec,15.0,1,50000,100000,96,healthy,99,healthy,0,12.5,16.8,18.9,200000,0.0,0,0,0,0,0,0
overlap_4pct,threshold_d2_a005,threshold_alpha,2,0.05,0,0,0,dynamic_overlap_100d_4pct_hdd,100,43,1000000,5000,1.0,health_ec,15.0,2,100000,150000,96,healthy,99,healthy,0,12.5,16.8,18.8,200000,0.0,0,0,0,0,0,0
overlap_4pct,threshold_d2_a005,threshold_alpha,2,0.05,0,0,0,dynamic_overlap_100d_4pct_hdd,100,43,1000000,5000,1.0,health_ec,15.0,3,150000,200000,96,mild_slow,99,healthy,1,12.5,17.0,20.6,200257,0.1,257,257,251,4,4,0
overlap_4pct,threshold_d2_a005,threshold_alpha,2,0.05,0,0,0,dynamic_overlap_100d_4pct_hdd,100,43,1000000,5000,1.0,health_ec,15.0,4,200000,250000,96,mild_slow,99,healthy,1,12.5,17.0,19.6,200459,0.2,459,459,450,2,2,0
overlap_4pct,threshold_d2_a005,threshold_alpha,2,0.05,0,0,0,dynamic_overlap_100d_4pct_hdd,100,43,1000000,5000,1.0,health_ec,15.0,5,250000,300000,96,mild_slow,99,healthy,2,12.5,17.2,21.3,200600,0.3,600,600,599,6,6,0
overlap_4pct,threshold_d2_a005,threshold_alpha,2,0.05,0,0,0,dynamic_overlap_100d_4pct_hdd,100,43,1000000,5000,1.0,health_ec,15.0,6,300000,350000,96,severe_slow,99,healthy,2,12.5,17.1,21.8,200663,0.3,663,663,662,1,1,0
overlap_4pct,threshold_d2_a005,threshold_alpha,2,0.05,0,0,0,dynamic_overlap_100d_4pct_hdd,100,43,1000000,5000,1.0,health_ec,15.0,7,350000,400000,96,severe_slow,99,healthy,2,12.5,17.1,21.5,200752,0.4,752,752,749,1,1,0
overlap_4pct,threshold_d2_a005,threshold_alpha,2,0.05,0,0,0,dynamic_overlap_100d_4pct_hdd,100,43,1000000,5000,1.0,health_ec,15.0,8,400000,450000,96,severe_slow,99,healthy,3,12.5,17.4,38.2,200909,0.5,909,909,905,9,9,0
overlap_4pct,threshold_d2_a005,threshold_alpha,2,0.05,0,0,0,dynamic_overlap_100d_4pct_hdd,100,43,1000000,5000,1.0,health_ec,15.0,9,450000,500000,96,severe_slow,99,healthy,3,12.6,17.4,38.2,200945,0.5,945,945,939,2,2,0
overlap_4pct,threshold_d2_a005,threshold_alpha,2,0.05,0,0,0,dynamic_overlap_100d_4pct_hdd,100,43,1000000,5000,1.0,health_ec,15.0,10,500000,550000,96,recovery,99,healthy,2,12.5,17.0,20.3,200957,0.5,957,957,951,1,1,0
overlap_4pct,threshold_d2_a005,threshold_alpha,2,0.05,0,0,0,dynamic_overlap_100d_4pct_hdd,100,43,1000000,5000,1.0,health_ec,15.0,11,550000,600000,96,recovery,99,mild_slow,3,12.6,17.5,30.5,201149,0.6,1149,1149,1125,9,9,0
overlap_4pct,threshold_d2_a005,threshold_alpha,2,0.05,0,0,0,dynamic_overlap_100d_4pct_hdd,100,43,1000000,5000,1.0,health_ec,15.0,12,600000,650000,96,healthy,99,mild_slow,2,12.5,17.1,21.0,201105,0.6,1105,1105,849,1,1,0
overlap_4pct,threshold_d2_a005,threshold_alpha,2,0.05,0,0,0,dynamic_overlap_100d_4pct_hdd,100,43,1000000,5000,1.0,health_ec,15.0,13,650000,700000,96,healthy,99,mild_slow,2,12.6,17.2,21.4,201015,0.5,1015,1015,812,1,1,0
overlap_4pct,threshold_d2_a005,threshold_alpha,2,0.05,0,0,0,dynamic_overlap_100d_4pct_hdd,100,43,1000000,5000,1.0,health_ec,15.0,14,700000,750000,96,healthy,99,severe_slow,2,12.6,17.2,36.1,200867,0.4,867,867,729,5,5,0
overlap_4pct,threshold_d2_a005,threshold_alpha,2,0.05,0,0,0,dynamic_overlap_100d_4pct_hdd,100,43,1000000,5000,1.0,health_ec,15.0,15,750000,800000,96,healthy,99,severe_slow,1,12.5,16.9,19.0,200750,0.4,750,750,694,0,0,0
overlap_4pct,threshold_d2_a005,threshold_alpha,2,0.05,0,0,0,dynamic_overlap_100d_4pct_hdd,100,43,1000000,5000,1.0,health_ec,15.0,16,800000,850000,96,healthy,99,severe_slow,1,12.5,16.9,19.1,200691,0.3,691,691,673,0,0,0
overlap_4pct,threshold_d2_a005,threshold_alpha,2,0.05,0,0,0,dynamic_overlap_100d_4pct_hdd,100,43,1000000,5000,1.0,health_ec,15.0,17,850000,900000,96,healthy,99,recovery,0,12.5,16.8,18.8,200674,0.3,674,674,596,0,0,0
overlap_4pct,threshold_d2_a005,threshold_alpha,2,0.05,0,0,0,dynamic_overlap_100d_4pct_hdd,100,43,1000000,5000,1.0,health_ec,15.0,18,900000,950000,96,healthy,99,healthy,0,12.5,16.8,18.8,200534,0.3,534,534,450,0,0,0
overlap_4pct,threshold_d2_a005,threshold_alpha,2,0.05,0,0,0,dynamic_overlap_100d_4pct_hdd,100,43,1000000,5000,1.0,health_ec,15.0,19,950000,1000000,96,healthy,99,healthy,0,12.5,16.8,18.7,200307,0.2,307,307,257,0,0,0
overlap_4pct,threshold_d4_a005,threshold_alpha,4,0.05,0,0,0,dynamic_overlap_100d_4pct_hdd,100,43,1000000,5000,1.0,health_ec,15.0,0,0,50000,96,healthy,99,healthy,0,12.5,16.8,18.8,200000,0.0,0,0,0,0,0,0
overlap_4pct,threshold_d4_a005,threshold_alpha,4,0.05,0,0,0,dynamic_overlap_100d_4pct_hdd,100,43,1000000,5000,1.0,health_ec,15.0,1,50000,100000,96,healthy,99,healthy,0,12.5,16.8,18.9,200000,0.0,0,0,0,0,0,0
overlap_4pct,threshold_d4_a005,threshold_alpha,4,0.05,0,0,0,dynamic_overlap_100d_4pct_hdd,100,43,1000000,5000,1.0,health_ec,15.0,2,100000,150000,96,healthy,99,healthy,0,12.5,16.8,18.8,200000,0.0,0,0,0,0,0,0
overlap_4pct,threshold_d4_a005,threshold_alpha,4,0.05,0,0,0,dynamic_overlap_100d_4pct_hdd,100,43,1000000,5000,1.0,health_ec,15.0,3,150000,200000,96,mild_slow,99,healthy,1,12.5,17.0,20.6,200302,0.2,302,302,296,3,3,0
overlap_4pct,threshold_d4_a005,threshold_alpha,4,0.05,0,0,0,dynamic_overlap_100d_4pct_hdd,100,43,1000000,5000,1.0,health_ec,15.0,4,200000,250000,96,mild_slow,99,healthy,1,12.5,17.0,19.7,200567,0.3,567,567,555,0,0,0
overlap_4pct,threshold_d4_a005,threshold_alpha,4,0.05,0,0,0,dynamic_overlap_100d_4pct_hdd,100,43,1000000,5000,1.0,health_ec,15.0,5,250000,300000,96,mild_slow,99,healthy,2,12.5,17.3,22.0,200708,0.4,708,708,705,3,3,0
overlap_4pct,threshold_d4_a005,threshold_alpha,4,0.05,0,0,0,dynamic_overlap_100d_4pct_hdd,100,43,1000000,5000,1.0,health_ec,15.0,6,300000,350000,96,severe_slow,99,healthy,2,12.5,17.2,23.2,200752,0.4,752,752,752,2,2,0
overlap_4pct,threshold_d4_a005,threshold_alpha,4,0.05,0,0,0,dynamic_overlap_100d_4pct_hdd,100,43,1000000,5000,1.0,health_ec,15.0,7,350000,400000,96,severe_slow,99,healthy,2,12.5,17.2,22.4,200845,0.4,845,845,845,0,0,0
overlap_4pct,threshold_d4_a005,threshold_alpha,4,0.05,0,0,0,dynamic_overlap_100d_4pct_hdd,100,43,1000000,5000,1.0,health_ec,15.0,8,400000,450000,96,severe_slow,99,healthy,3,12.5,17.5,42.1,201076,0.5,1076,1076,1070,5,5,0
overlap_4pct,threshold_d4_a005,threshold_alpha,4,0.05,0,0,0,dynamic_overlap_100d_4pct_hdd,100,43,1000000,5000,1.0,health_ec,15.0,9,450000,500000,96,severe_slow,99,healthy,3,12.6,17.5,41.8,201149,0.6,1149,1149,1143,0,0,0
overlap_4pct,threshold_d4_a005,threshold_alpha,4,0.05,0,0,0,dynamic_overlap_100d_4pct_hdd,100,43,1000000,5000,1.0,health_ec,15.0,10,500000,550000,96,recovery,99,healthy,2,12.5,17.1,20.6,201175,0.6,1175,1175,1166,0,0,0
overlap_4pct,threshold_d4_a005,threshold_alpha,4,0.05,0,0,0,dynamic_overlap_100d_4pct_hdd,100,43,1000000,5000,1.0,health_ec,15.0,11,550000,600000,96,recovery,99,mild_slow,3,12.6,17.6,33.3,201367,0.7,1367,1367,1333,5,5,0
overlap_4pct,threshold_d4_a005,threshold_alpha,4,0.05,0,0,0,dynamic_overlap_100d_4pct_hdd,100,43,1000000,5000,1.0,health_ec,15.0,12,600000,650000,96,healthy,99,mild_slow,2,12.5,17.2,22.4,201235,0.6,1235,1235,928,1,1,0
overlap_4pct,threshold_d4_a005,threshold_alpha,4,0.05,0,0,0,dynamic_overlap_100d_4pct_hdd,100,43,1000000,5000,1.0,health_ec,15.0,13,650000,700000,96,healthy,99,mild_slow,2,12.6,17.3,22.4,201123,0.6,1123,1123,906,1,1,0
overlap_4pct,threshold_d4_a005,threshold_alpha,4,0.05,0,0,0,dynamic_overlap_100d_4pct_hdd,100,43,1000000,5000,1.0,health_ec,15.0,14,700000,750000,96,healthy,99,severe_slow,2,12.6,17.3,40.9,200990,0.5,990,990,839,1,1,0
overlap_4pct,threshold_d4_a005,threshold_alpha,4,0.05,0,0,0,dynamic_overlap_100d_4pct_hdd,100,43,1000000,5000,1.0,health_ec,15.0,15,750000,800000,96,healthy,99,severe_slow,1,12.5,16.9,19.1,200881,0.4,881,881,825,0,0,0
overlap_4pct,threshold_d4_a005,threshold_alpha,4,0.05,0,0,0,dynamic_overlap_100d_4pct_hdd,100,43,1000000,5000,1.0,health_ec,15.0,16,800000,850000,96,healthy,99,severe_slow,1,12.5,16.9,19.1,200851,0.4,851,851,833,0,0,0
overlap_4pct,threshold_d4_a005,threshold_alpha,4,0.05,0,0,0,dynamic_overlap_100d_4pct_hdd,100,43,1000000,5000,1.0,health_ec,15.0,17,850000,900000,96,healthy,99,recovery,0,12.5,16.8,18.8,200787,0.4,787,787,693,0,0,0
overlap_4pct,threshold_d4_a005,threshold_alpha,4,0.05,0,0,0,dynamic_overlap_100d_4pct_hdd,100,43,1000000,5000,1.0,health_ec,15.0,18,900000,950000,96,healthy,99,healthy,0,12.5,16.8,18.9,200544,0.3,544,544,459,0,0,0
overlap_4pct,threshold_d4_a005,threshold_alpha,4,0.05,0,0,0,dynamic_overlap_100d_4pct_hdd,100,43,1000000,5000,1.0,health_ec,15.0,19,950000,1000000,96,healthy,99,healthy,0,12.5,16.8,18.7,200307,0.2,307,307,257,0,0,0
overlap_4pct,threshold_d6_a005,threshold_alpha,6,0.05,0,0,0,dynamic_overlap_100d_4pct_hdd,100,43,1000000,5000,1.0,health_ec,15.0,0,0,50000,96,healthy,99,healthy,0,12.5,16.8,18.8,200000,0.0,0,0,0,0,0,0
overlap_4pct,threshold_d6_a005,threshold_alpha,6,0.05,0,0,0,dynamic_overlap_100d_4pct_hdd,100,43,1000000,5000,1.0,health_ec,15.0,1,50000,100000,96,healthy,99,healthy,0,12.5,16.8,18.9,200000,0.0,0,0,0,0,0,0
overlap_4pct,threshold_d6_a005,threshold_alpha,6,0.05,0,0,0,dynamic_overlap_100d_4pct_hdd,100,43,1000000,5000,1.0,health_ec,15.0,2,100000,150000,96,healthy,99,healthy,0,12.5,16.8,18.8,200000,0.0,0,0,0,0,0,0
overlap_4pct,threshold_d6_a005,threshold_alpha,6,0.05,0,0,0,dynamic_overlap_100d_4pct_hdd,100,43,1000000,5000,1.0,health_ec,15.0,3,150000,200000,96,mild_slow,99,healthy,1,12.5,17.0,20.6,200380,0.2,380,380,371,2,2,0
overlap_4pct,threshold_d6_a005,threshold_alpha,6,0.05,0,0,0,dynamic_overlap_100d_4pct_hdd,100,43,1000000,5000,1.0,health_ec,15.0,4,200000,250000,96,mild_slow,99,healthy,1,12.5,17.0,19.6,200656,0.3,656,656,641,0,0,0
overlap_4pct,threshold_d6_a005,threshold_alpha,6,0.05,0,0,0,dynamic_overlap_100d_4pct_hdd,100,43,1000000,5000,1.0,health_ec,15.0,5,250000,300000,96,mild_slow,99,healthy,2,12.5,17.3,22.4,200817,0.4,817,817,813,2,2,0
overlap_4pct,threshold_d6_a005,threshold_alpha,6,0.05,0,0,0,dynamic_overlap_100d_4pct_hdd,100,43,1000000,5000,1.0,health_ec,15.0,6,300000,350000,96,severe_slow,99,healthy,2,12.5,17.2,23.7,200836,0.4,836,836,834,1,1,0
overlap_4pct,threshold_d6_a005,threshold_alpha,6,0.05,0,0,0,dynamic_overlap_100d_4pct_hdd,100,43,1000000,5000,1.0,health_ec,15.0,7,350000,400000,96,severe_slow,99,healthy,2,12.6,17.2,23.3,200940,0.5,940,940,939,0,0,0
overlap_4pct,threshold_d6_a005,threshold_alpha,6,0.05,0,0,0,dynamic_overlap_100d_4pct_hdd,100,43,1000000,5000,1.0,health_ec,15.0,8,400000,450000,96,severe_slow,99,healthy,3,12.5,17.6,44.3,201150,0.6,1150,1150,1145,3,3,0
overlap_4pct,threshold_d6_a005,threshold_alpha,6,0.05,0,0,0,dynamic_overlap_100d_4pct_hdd,100,43,1000000,5000,1.0,health_ec,15.0,9,450000,500000,96,severe_slow,99,healthy,3,12.6,17.6,44.7,201289,0.6,1289,1289,1283,0,0,0
overlap_4pct,threshold_d6_a005,threshold_alpha,6,0.05,0,0,0,dynamic_overlap_100d_4pct_hdd,100,43,1000000,5000,1.0,health_ec,15.0,10,500000,550000,96,recovery,99,healthy,2,12.6,17.1,20.8,201318,0.7,1318,1318,1307,0,0,0
overlap_4pct,threshold_d6_a005,threshold_alpha,6,0.05,0,0,0,dynamic_overlap_100d_4pct_hdd,100,43,1000000,5000,1.0,health_ec,15.0,11,550000,600000,96,recovery,99,mild_slow,3,12.6,17.7,34.9,201476,0.7,1476,1476,1442,4,4,0
overlap_4pct,threshold_d6_a005,threshold_alpha,6,0.05,0,0,0,dynamic_overlap_100d_4pct_hdd,100,43,1000000,5000,1.0,health_ec,15.0,12,600000,650000,96,healthy,99,mild_slow,2,12.5,17.3,22.7,201397,0.7,1397,1397,1072,0,0,0
overlap_4pct,threshold_d6_a005,threshold_alpha,6,0.05,0,0,0,dynamic_overlap_100d_4pct_hdd,100,43,1000000,5000,1.0,health_ec,15.0,13,650000,700000,96,healthy,99,mild_slow,2,12.6,17.3,23.2,201269,0.6,1269,1269,1044,0,0,0
overlap_4pct,threshold_d6_a005,threshold_alpha,6,0.05,0,0,0,dynamic_overlap_100d_4pct_hdd,100,43,1000000,5000,1.0,health_ec,15.0,14,700000,750000,96,healthy,99,severe_slow,2,12.6,17.3,43.2,201085,0.5,1085,1085,924,2,2,0
overlap_4pct,threshold_d6_a005,threshold_alpha,6,0.05,0,0,0,dynamic_overlap_100d_4pct_hdd,100,43,1000000,5000,1.0,health_ec,15.0,15,750000,800000,96,healthy,99,severe_slow,1,12.5,16.9,19.2,200935,0.5,935,935,879,0,0,0
overlap_4pct,threshold_d6_a005,threshold_alpha,6,0.05,0,0,0,dynamic_overlap_100d_4pct_hdd,100,43,1000000,5000,1.0,health_ec,15.0,16,800000,850000,96,healthy,99,severe_slow,1,12.5,16.9,19.2,200906,0.5,906,906,888,0,0,0
overlap_4pct,threshold_d6_a005,threshold_alpha,6,0.05,0,0,0,dynamic_overlap_100d_4pct_hdd,100,43,1000000,5000,1.0,health_ec,15.0,17,850000,900000,96,healthy,99,recovery,0,12.5,16.8,18.8,200816,0.4,816,816,719,0,0,0
overlap_4pct,threshold_d6_a005,threshold_alpha,6,0.05,0,0,0,dynamic_overlap_100d_4pct_hdd,100,43,1000000,5000,1.0,health_ec,15.0,18,900000,950000,96,healthy,99,healthy,0,12.5,16.8,18.8,200544,0.3,544,544,459,0,0,0
overlap_4pct,threshold_d6_a005,threshold_alpha,6,0.05,0,0,0,dynamic_overlap_100d_4pct_hdd,100,43,1000000,5000,1.0,health_ec,15.0,19,950000,1000000,96,healthy,99,healthy,0,12.5,16.8,18.7,200307,0.2,307,307,257,0,0,0
overlap_4pct,threshold_d8_a005,threshold_alpha,8,0.05,0,0,0,dynamic_overlap_100d_4pct_hdd,100,43,1000000,5000,1.0,health_ec,15.0,0,0,50000,96,healthy,99,healthy,0,12.5,16.8,18.8,200000,0.0,0,0,0,0,0,0
overlap_4pct,threshold_d8_a005,threshold_alpha,8,0.05,0,0,0,dynamic_overlap_100d_4pct_hdd,100,43,1000000,5000,1.0,health_ec,15.0,1,50000,100000,96,healthy,99,healthy,0,12.5,16.8,18.9,200000,0.0,0,0,0,0,0,0
overlap_4pct,threshold_d8_a005,threshold_alpha,8,0.05,0,0,0,dynamic_overlap_100d_4pct_hdd,100,43,1000000,5000,1.0,health_ec,15.0,2,100000,150000,96,healthy,99,healthy,0,12.5,16.8,18.8,200000,0.0,0,0,0,0,0,0
overlap_4pct,threshold_d8_a005,threshold_alpha,8,0.05,0,0,0,dynamic_overlap_100d_4pct_hdd,100,43,1000000,5000,1.0,health_ec,15.0,3,150000,200000,96,mild_slow,99,healthy,1,12.5,17.0,20.6,200409,0.2,409,409,394,1,1,0
overlap_4pct,threshold_d8_a005,threshold_alpha,8,0.05,0,0,0,dynamic_overlap_100d_4pct_hdd,100,43,1000000,5000,1.0,health_ec,15.0,4,200000,250000,96,mild_slow,99,healthy,1,12.5,17.0,19.6,200754,0.4,754,754,738,0,0,0
overlap_4pct,threshold_d8_a005,threshold_alpha,8,0.05,0,0,0,dynamic_overlap_100d_4pct_hdd,100,43,1000000,5000,1.0,health_ec,15.0,5,250000,300000,96,mild_slow,99,healthy,2,12.6,17.4,22.9,200854,0.4,854,854,852,1,1,0
overlap_4pct,threshold_d8_a005,threshold_alpha,8,0.05,0,0,0,dynamic_overlap_100d_4pct_hdd,100,43,1000000,5000,1.0,health_ec,15.0,6,300000,350000,96,severe_slow,99,healthy,2,12.5,17.3,24.3,200945,0.5,945,945,943,2,2,0
overlap_4pct,threshold_d8_a005,threshold_alpha,8,0.05,0,0,0,dynamic_overlap_100d_4pct_hdd,100,43,1000000,5000,1.0,health_ec,15.0,7,350000,400000,96,severe_slow,99,healthy,2,12.6,17.2,23.3,201030,0.5,1030,1030,1026,1,1,0
overlap_4pct,threshold_d8_a005,threshold_alpha,8,0.05,0,0,0,dynamic_overlap_100d_4pct_hdd,100,43,1000000,5000,1.0,health_ec,15.0,8,400000,450000,96,severe_slow,99,healthy,3,12.6,17.6,44.3,201217,0.6,1217,1217,1212,2,2,0
overlap_4pct,threshold_d8_a005,threshold_alpha,8,0.05,0,0,0,dynamic_overlap_100d_4pct_hdd,100,43,1000000,5000,1.0,health_ec,15.0,9,450000,500000,96,severe_slow,99,healthy,3,12.6,17.6,44.7,201289,0.6,1289,1289,1283,1,1,0
overlap_4pct,threshold_d8_a005,threshold_alpha,8,0.05,0,0,0,dynamic_overlap_100d_4pct_hdd,100,43,1000000,5000,1.0,health_ec,15.0,10,500000,550000,96,recovery,99,healthy,2,12.6,17.1,20.8,201318,0.7,1318,1318,1307,0,0,0
overlap_4pct,threshold_d8_a005,threshold_alpha,8,0.05,0,0,0,dynamic_overlap_100d_4pct_hdd,100,43,1000000,5000,1.0,health_ec,15.0,11,550000,600000,96,recovery,99,mild_slow,3,12.6,17.7,35.2,201489,0.7,1489,1489,1456,2,2,0
overlap_4pct,threshold_d8_a005,threshold_alpha,8,0.05,0,0,0,dynamic_overlap_100d_4pct_hdd,100,43,1000000,5000,1.0,health_ec,15.0,12,600000,650000,96,healthy,99,mild_slow,2,12.5,17.4,23.6,201397,0.7,1397,1397,1074,1,1,0
overlap_4pct,threshold_d8_a005,threshold_alpha,8,0.05,0,0,0,dynamic_overlap_100d_4pct_hdd,100,43,1000000,5000,1.0,health_ec,15.0,13,650000,700000,96,healthy,99,mild_slow,2,12.6,17.3,23.8,201269,0.6,1269,1269,1048,0,0,0
overlap_4pct,threshold_d8_a005,threshold_alpha,8,0.05,0,0,0,dynamic_overlap_100d_4pct_hdd,100,43,1000000,5000,1.0,health_ec,15.0,14,700000,750000,96,healthy,99,severe_slow,2,12.6,17.4,45.1,201183,0.6,1183,1183,1021,1,1,0
overlap_4pct,threshold_d8_a005,threshold_alpha,8,0.05,0,0,0,dynamic_overlap_100d_4pct_hdd,100,43,1000000,5000,1.0,health_ec,15.0,15,750000,800000,96,healthy,99,severe_slow,1,12.5,16.9,19.2,200995,0.5,995,995,939,0,0,0
overlap_4pct,threshold_d8_a005,threshold_alpha,8,0.05,0,0,0,dynamic_overlap_100d_4pct_hdd,100,43,1000000,5000,1.0,health_ec,15.0,16,800000,850000,96,healthy,99,severe_slow,1,12.5,16.9,19.2,200967,0.5,967,967,949,0,0,0
overlap_4pct,threshold_d8_a005,threshold_alpha,8,0.05,0,0,0,dynamic_overlap_100d_4pct_hdd,100,43,1000000,5000,1.0,health_ec,15.0,17,850000,900000,96,healthy,99,recovery,0,12.5,16.8,18.8,200849,0.4,849,849,750,0,0,0
overlap_4pct,threshold_d8_a005,threshold_alpha,8,0.05,0,0,0,dynamic_overlap_100d_4pct_hdd,100,43,1000000,5000,1.0,health_ec,15.0,18,900000,950000,96,healthy,99,healthy,0,12.5,16.8,18.8,200544,0.3,544,544,459,0,0,0
overlap_4pct,threshold_d8_a005,threshold_alpha,8,0.05,0,0,0,dynamic_overlap_100d_4pct_hdd,100,43,1000000,5000,1.0,health_ec,15.0,19,950000,1000000,96,healthy,99,healthy,0,12.5,16.8,18.7,200307,0.2,307,307,258,0,0,0
overlap_4pct,threshold_d2_a010,threshold_alpha,2,0.1,0,0,0,dynamic_overlap_100d_4pct_hdd,100,43,1000000,5000,1.0,health_ec,15.0,0,0,50000,96,healthy,99,healthy,0,12.5,16.8,18.8,200000,0.0,0,0,0,0,0,0
overlap_4pct,threshold_d2_a010,threshold_alpha,2,0.1,0,0,0,dynamic_overlap_100d_4pct_hdd,100,43,1000000,5000,1.0,health_ec,15.0,1,50000,100000,96,healthy,99,healthy,0,12.5,16.8,18.9,200000,0.0,0,0,0,0,0,0
overlap_4pct,threshold_d2_a010,threshold_alpha,2,0.1,0,0,0,dynamic_overlap_100d_4pct_hdd,100,43,1000000,5000,1.0,health_ec,15.0,2,100000,150000,96,healthy,99,healthy,0,12.5,16.8,18.8,200000,0.0,0,0,0,0,0,0
overlap_4pct,threshold_d2_a010,threshold_alpha,2,0.1,0,0,0,dynamic_overlap_100d_4pct_hdd,100,43,1000000,5000,1.0,health_ec,15.0,3,150000,200000,96,mild_slow,99,healthy,1,12.5,17.0,20.6,200216,0.1,216,216,210,4,4,0
overlap_4pct,threshold_d2_a010,threshold_alpha,2,0.1,0,0,0,dynamic_overlap_100d_4pct_hdd,100,43,1000000,5000,1.0,health_ec,15.0,4,200000,250000,96,mild_slow,99,healthy,1,12.5,17.0,19.6,200422,0.2,422,422,413,3,3,0
overlap_4pct,threshold_d2_a010,threshold_alpha,2,0.1,0,0,0,dynamic_overlap_100d_4pct_hdd,100,43,1000000,5000,1.0,health_ec,15.0,5,250000,300000,96,mild_slow,99,healthy,2,12.5,17.2,21.3,200562,0.3,562,562,560,6,6,0
overlap_4pct,threshold_d2_a010,threshold_alpha,2,0.1,0,0,0,dynamic_overlap_100d_4pct_hdd,100,43,1000000,5000,1.0,health_ec,15.0,6,300000,350000,96,severe_slow,99,healthy,2,12.5,17.2,21.8,200599,0.3,599,599,597,3,2,0
overlap_4pct,threshold_d2_a010,threshold_alpha,2,0.1,0,0,0,dynamic_overlap_100d_4pct_hdd,100,43,1000000,5000,1.0,health_ec,15.0,7,350000,400000,96,severe_slow,99,healthy,2,12.5,17.1,21.3,200677,0.3,677,677,677,2,2,0
overlap_4pct,threshold_d2_a010,threshold_alpha,2,0.1,0,0,0,dynamic_overlap_100d_4pct_hdd,100,43,1000000,5000,1.0,health_ec,15.0,8,400000,450000,96,severe_slow,99,healthy,3,12.5,17.4,36.9,200866,0.4,866,866,861,9,9,0
overlap_4pct,threshold_d2_a010,threshold_alpha,2,0.1,0,0,0,dynamic_overlap_100d_4pct_hdd,100,43,1000000,5000,1.0,health_ec,15.0,9,450000,500000,96,severe_slow,99,healthy,3,12.6,17.4,37.0,200905,0.5,905,905,899,2,2,0
overlap_4pct,threshold_d2_a010,threshold_alpha,2,0.1,0,0,0,dynamic_overlap_100d_4pct_hdd,100,43,1000000,5000,1.0,health_ec,15.0,10,500000,550000,96,recovery,99,healthy,2,12.5,17.0,20.2,200912,0.5,912,912,907,1,1,0
overlap_4pct,threshold_d2_a010,threshold_alpha,2,0.1,0,0,0,dynamic_overlap_100d_4pct_hdd,100,43,1000000,5000,1.0,health_ec,15.0,11,550000,600000,96,recovery,99,mild_slow,3,12.6,17.4,30.3,201100,0.5,1100,1100,1075,8,8,0
overlap_4pct,threshold_d2_a010,threshold_alpha,2,0.1,0,0,0,dynamic_overlap_100d_4pct_hdd,100,43,1000000,5000,1.0,health_ec,15.0,12,600000,650000,96,healthy,99,mild_slow,2,12.5,17.1,21.0,201032,0.5,1032,1032,778,3,3,0
overlap_4pct,threshold_d2_a010,threshold_alpha,2,0.1,0,0,0,dynamic_overlap_100d_4pct_hdd,100,43,1000000,5000,1.0,health_ec,15.0,13,650000,700000,96,healthy,99,mild_slow,2,12.6,17.2,21.4,200915,0.5,915,915,715,0,0,0
overlap_4pct,threshold_d2_a010,threshold_alpha,2,0.1,0,0,0,dynamic_overlap_100d_4pct_hdd,100,43,1000000,5000,1.0,health_ec,15.0,14,700000,750000,96,healthy,99,severe_slow,2,12.6,17.2,35.5,200811,0.4,811,811,673,2,2,0
overlap_4pct,threshold_d2_a010,threshold_alpha,2,0.1,0,0,0,dynamic_overlap_100d_4pct_hdd,100,43,1000000,5000,1.0,health_ec,15.0,15,750000,800000,96,healthy,99,severe_slow,1,12.5,16.9,19.0,200729,0.4,729,729,673,1,1,0
overlap_4pct,threshold_d2_a010,threshold_alpha,2,0.1,0,0,0,dynamic_overlap_100d_4pct_hdd,100,43,1000000,5000,1.0,health_ec,15.0,16,800000,850000,96,healthy,99,severe_slow,1,12.5,16.9,19.1,200670,0.3,670,670,652,0,0,0
overlap_4pct,threshold_d2_a010,threshold_alpha,2,0.1,0,0,0,dynamic_overlap_100d_4pct_hdd,100,43,1000000,5000,1.0,health_ec,15.0,17,850000,900000,96,healthy,99,recovery,0,12.5,16.8,18.8,200656,0.3,656,656,580,0,0,0
overlap_4pct,threshold_d2_a010,threshold_alpha,2,0.1,0,0,0,dynamic_overlap_100d_4pct_hdd,100,43,1000000,5000,1.0,health_ec,15.0,18,900000,950000,96,healthy,99,healthy,0,12.5,16.8,18.8,200534,0.3,534,534,450,0,0,0
overlap_4pct,threshold_d2_a010,threshold_alpha,2,0.1,0,0,0,dynamic_overlap_100d_4pct_hdd,100,43,1000000,5000,1.0,health_ec,15.0,19,950000,1000000,96,healthy,99,healthy,0,12.5,16.8,18.7,200307,0.2,307,307,256,0,0,0
overlap_4pct,threshold_d4_a010,threshold_alpha,4,0.1,0,0,0,dynamic_overlap_100d_4pct_hdd,100,43,1000000,5000,1.0,health_ec,15.0,0,0,50000,96,healthy,99,healthy,0,12.5,16.8,18.8,200000,0.0,0,0,0,0,0,0
overlap_4pct,threshold_d4_a010,threshold_alpha,4,0.1,0,0,0,dynamic_overlap_100d_4pct_hdd,100,43,1000000,5000,1.0,health_ec,15.0,1,50000,100000,96,healthy,99,healthy,0,12.5,16.8,18.9,200000,0.0,0,0,0,0,0,0
overlap_4pct,threshold_d4_a010,threshold_alpha,4,0.1,0,0,0,dynamic_overlap_100d_4pct_hdd,100,43,1000000,5000,1.0,health_ec,15.0,2,100000,150000,96,healthy,99,healthy,0,12.5,16.8,18.8,200000,0.0,0,0,0,0,0,0
overlap_4pct,threshold_d4_a010,threshold_alpha,4,0.1,0,0,0,dynamic_overlap_100d_4pct_hdd,100,43,1000000,5000,1.0,health_ec,15.0,3,150000,200000,96,mild_slow,99,healthy,1,12.5,17.0,20.6,200269,0.1,269,269,263,3,3,0
overlap_4pct,threshold_d4_a010,threshold_alpha,4,0.1,0,0,0,dynamic_overlap_100d_4pct_hdd,100,43,1000000,5000,1.0,health_ec,15.0,4,200000,250000,96,mild_slow,99,healthy,1,12.5,17.0,19.6,200567,0.3,567,567,555,0,0,0
overlap_4pct,threshold_d4_a010,threshold_alpha,4,0.1,0,0,0,dynamic_overlap_100d_4pct_hdd,100,43,1000000,5000,1.0,health_ec,15.0,5,250000,300000,96,mild_slow,99,healthy,2,12.5,17.3,22.1,200687,0.3,687,687,685,3,3,0
overlap_4pct,threshold_d4_a010,threshold_alpha,4,0.1,0,0,0,dynamic_overlap_100d_4pct_hdd,100,43,1000000,5000,1.0,health_ec,15.0,6,300000,350000,96,severe_slow,99,healthy,2,12.5,17.2,22.8,200742,0.4,742,742,741,3,3,0
overlap_4pct,threshold_d4_a010,threshold_alpha,4,0.1,0,0,0,dynamic_overlap_100d_4pct_hdd,100,43,1000000,5000,1.0,health_ec,15.0,7,350000,400000,96,severe_slow,99,healthy,2,12.5,17.2,22.4,200800,0.4,800,800,800,0,0,0
overlap_4pct,threshold_d4_a010,threshold_alpha,4,0.1,0,0,0,dynamic_overlap_100d_4pct_hdd,100,43,1000000,5000,1.0,health_ec,15.0,8,400000,450000,96,severe_slow,99,healthy,3,12.5,17.5,42.1,200983,0.5,983,983,979,5,5,0
overlap_4pct,threshold_d4_a010,threshold_alpha,4,0.1,0,0,0,dynamic_overlap_100d_4pct_hdd,100,43,1000000,5000,1.0,health_ec,15.0,9,450000,500000,96,severe_slow,99,healthy,3,12.6,17.5,41.8,201071,0.5,1071,1071,1067,0,0,0
overlap_4pct,threshold_d4_a010,threshold_alpha,4,0.1,0,0,0,dynamic_overlap_100d_4pct_hdd,100,43,1000000,5000,1.0,health_ec,15.0,10,500000,550000,96,recovery,99,healthy,2,12.5,17.1,20.6,201118,0.6,1118,1118,1110,0,0,0
overlap_4pct,threshold_d4_a010,threshold_alpha,4,0.1,0,0,0,dynamic_overlap_100d_4pct_hdd,100,43,1000000,5000,1.0,health_ec,15.0,11,550000,600000,96,recovery,99,mild_slow,3,12.6,17.6,33.2,201334,0.7,1334,1334,1300,5,5,0
overlap_4pct,threshold_d4_a010,threshold_alpha,4,0.1,0,0,0,dynamic_overlap_100d_4pct_hdd,100,43,1000000,5000,1.0,health_ec,15.0,12,600000,650000,96,healthy,99,mild_slow,2,12.5,17.2,22.2,201214,0.6,1214,1214,903,1,1,0
overlap_4pct,threshold_d4_a010,threshold_alpha,4,0.1,0,0,0,dynamic_overlap_100d_4pct_hdd,100,43,1000000,5000,1.0,health_ec,15.0,13,650000,700000,96,healthy,99,mild_slow,2,12.6,17.3,22.3,201123,0.6,1123,1123,905,0,0,0
overlap_4pct,threshold_d4_a010,threshold_alpha,4,0.1,0,0,0,dynamic_overlap_100d_4pct_hdd,100,43,1000000,5000,1.0,health_ec,15.0,14,700000,750000,96,healthy,99,severe_slow,2,12.6,17.3,40.9,200971,0.5,971,971,820,2,2,0
overlap_4pct,threshold_d4_a010,threshold_alpha,4,0.1,0,0,0,dynamic_overlap_100d_4pct_hdd,100,43,1000000,5000,1.0,health_ec,15.0,15,750000,800000,96,healthy,99,severe_slow,1,12.5,16.9,19.1,200840,0.4,840,840,784,0,0,0
overlap_4pct,threshold_d4_a010,threshold_alpha,4,0.1,0,0,0,dynamic_overlap_100d_4pct_hdd,100,43,1000000,5000,1.0,health_ec,15.0,16,800000,850000,96,healthy,99,severe_slow,1,12.5,16.9,19.2,200818,0.4,818,818,800,0,0,0
overlap_4pct,threshold_d4_a010,threshold_alpha,4,0.1,0,0,0,dynamic_overlap_100d_4pct_hdd,100,43,1000000,5000,1.0,health_ec,15.0,17,850000,900000,96,healthy,99,recovery,0,12.5,16.8,18.8,200765,0.4,765,765,673,0,0,0
overlap_4pct,threshold_d4_a010,threshold_alpha,4,0.1,0,0,0,dynamic_overlap_100d_4pct_hdd,100,43,1000000,5000,1.0,health_ec,15.0,18,900000,950000,96,healthy,99,healthy,0,12.5,16.8,18.8,200544,0.3,544,544,459,0,0,0
overlap_4pct,threshold_d4_a010,threshold_alpha,4,0.1,0,0,0,dynamic_overlap_100d_4pct_hdd,100,43,1000000,5000,1.0,health_ec,15.0,19,950000,1000000,96,healthy,99,healthy,0,12.5,16.8,18.7,200307,0.2,307,307,257,0,0,0
overlap_4pct,threshold_d6_a010,threshold_alpha,6,0.1,0,0,0,dynamic_overlap_100d_4pct_hdd,100,43,1000000,5000,1.0,health_ec,15.0,0,0,50000,96,healthy,99,healthy,0,12.5,16.8,18.8,200000,0.0,0,0,0,0,0,0
overlap_4pct,threshold_d6_a010,threshold_alpha,6,0.1,0,0,0,dynamic_overlap_100d_4pct_hdd,100,43,1000000,5000,1.0,health_ec,15.0,1,50000,100000,96,healthy,99,healthy,0,12.5,16.8,18.9,200000,0.0,0,0,0,0,0,0
overlap_4pct,threshold_d6_a010,threshold_alpha,6,0.1,0,0,0,dynamic_overlap_100d_4pct_hdd,100,43,1000000,5000,1.0,health_ec,15.0,2,100000,150000,96,healthy,99,healthy,0,12.5,16.8,18.8,200000,0.0,0,0,0,0,0,0
overlap_4pct,threshold_d6_a010,threshold_alpha,6,0.1,0,0,0,dynamic_overlap_100d_4pct_hdd,100,43,1000000,5000,1.0,health_ec,15.0,3,150000,200000,96,mild_slow,99,healthy,1,12.5,17.0,20.6,200334,0.2,334,334,324,3,3,0
overlap_4pct,threshold_d6_a010,threshold_alpha,6,0.1,0,0,0,dynamic_overlap_100d_4pct_hdd,100,43,1000000,5000,1.0,health_ec,15.0,4,200000,250000,96,mild_slow,99,healthy,1,12.5,17.0,19.7,200567,0.3,567,567,555,0,0,0
overlap_4pct,threshold_d6_a010,threshold_alpha,6,0.1,0,0,0,dynamic_overlap_100d_4pct_hdd,100,43,1000000,5000,1.0,health_ec,15.0,5,250000,300000,96,mild_slow,99,healthy,2,12.5,17.3,22.1,200765,0.4,765,765,762,2,2,0
overlap_4pct,threshold_d6_a010,threshold_alpha,6,0.1,0,0,0,dynamic_overlap_100d_4pct_hdd,100,43,1000000,5000,1.0,health_ec,15.0,6,300000,350000,96,severe_slow,99,healthy,2,12.5,17.2,23.6,200760,0.4,760,760,760,1,1,0
overlap_4pct,threshold_d6_a010,threshold_alpha,6,0.1,0,0,0,dynamic_overlap_100d_4pct_hdd,100,43,1000000,5000,1.0,health_ec,15.0,7,350000,400000,96,severe_slow,99,healthy,2,12.6,17.2,23.3,200845,0.4,845,845,845,0,0,0
overlap_4pct,threshold_d6_a010,threshold_alpha,6,0.1,0,0,0,dynamic_overlap_100d_4pct_hdd,100,43,1000000,5000,1.0,health_ec,15.0,8,400000,450000,96,severe_slow,99,healthy,3,12.5,17.6,44.3,201135,0.6,1135,1135,1130,2,2,0
overlap_4pct,threshold_d6_a010,threshold_alpha,6,0.1,0,0,0,dynamic_overlap_100d_4pct_hdd,100,43,1000000,5000,1.0,health_ec,15.0,9,450000,500000,96,severe_slow,99,healthy,3,12.6,17.6,44.7,201289,0.6,1289,1289,1283,0,0,0
overlap_4pct,threshold_d6_a010,threshold_alpha,6,0.1,0,0,0,dynamic_overlap_100d_4pct_hdd,100,43,1000000,5000,1.0,health_ec,15.0,10,500000,550000,96,recovery,99,healthy,2,12.6,17.1,20.8,201278,0.6,1278,1278,1270,1,1,0
overlap_4pct,threshold_d6_a010,threshold_alpha,6,0.1,0,0,0,dynamic_overlap_100d_4pct_hdd,100,43,1000000,5000,1.0,health_ec,15.0,11,550000,600000,96,recovery,99,mild_slow,3,12.6,17.7,34.9,201440,0.7,1440,1440,1406,4,4,0
overlap_4pct,threshold_d6_a010,threshold_alpha,6,0.1,0,0,0,dynamic_overlap_100d_4pct_hdd,100,43,1000000,5000,1.0,health_ec,15.0,12,600000,650000,96,healthy,99,mild_slow,2,12.5,17.3,22.7,201320,0.7,1320,1320,996,0,0,0
overlap_4pct,threshold_d6_a010,threshold_alpha,6,0.1,0,0,0,dynamic_overlap_100d_4pct_hdd,100,43,1000000,5000,1.0,health_ec,15.0,13,650000,700000,96,healthy,99,mild_slow,2,12.6,17.3,23.2,201192,0.6,1192,1192,968,0,0,0
overlap_4pct,threshold_d6_a010,threshold_alpha,6,0.1,0,0,0,dynamic_overlap_100d_4pct_hdd,100,43,1000000,5000,1.0,health_ec,15.0,14,700000,750000,96,healthy,99,severe_slow,2,12.6,17.3,43.2,201048,0.5,1048,1048,887,1,1,0
overlap_4pct,threshold_d6_a010,threshold_alpha,6,0.1,0,0,0,dynamic_overlap_100d_4pct_hdd,100,43,1000000,5000,1.0,health_ec,15.0,15,750000,800000,96,healthy,99,severe_slow,1,12.5,16.9,19.1,200935,0.5,935,935,879,0,0,0
overlap_4pct,threshold_d6_a010,threshold_alpha,6,0.1,0,0,0,dynamic_overlap_100d_4pct_hdd,100,43,1000000,5000,1.0,health_ec,15.0,16,800000,850000,96,healthy,99,severe_slow,1,12.5,16.9,19.2,200906,0.5,906,906,888,0,0,0
overlap_4pct,threshold_d6_a010,threshold_alpha,6,0.1,0,0,0,dynamic_overlap_100d_4pct_hdd,100,43,1000000,5000,1.0,health_ec,15.0,17,850000,900000,96,healthy,99,recovery,0,12.5,16.8,18.8,200816,0.4,816,816,719,0,0,0
overlap_4pct,threshold_d6_a010,threshold_alpha,6,0.1,0,0,0,dynamic_overlap_100d_4pct_hdd,100,43,1000000,5000,1.0,health_ec,15.0,18,900000,950000,96,healthy,99,healthy,0,12.5,16.8,18.9,200544,0.3,544,544,460,0,0,0
overlap_4pct,threshold_d6_a010,threshold_alpha,6,0.1,0,0,0,dynamic_overlap_100d_4pct_hdd,100,43,1000000,5000,1.0,health_ec,15.0,19,950000,1000000,96,healthy,99,healthy,0,12.5,16.8,18.7,200307,0.2,307,307,258,0,0,0
overlap_4pct,threshold_d8_a010,threshold_alpha,8,0.1,0,0,0,dynamic_overlap_100d_4pct_hdd,100,43,1000000,5000,1.0,health_ec,15.0,0,0,50000,96,healthy,99,healthy,0,12.5,16.8,18.8,200000,0.0,0,0,0,0,0,0
overlap_4pct,threshold_d8_a010,threshold_alpha,8,0.1,0,0,0,dynamic_overlap_100d_4pct_hdd,100,43,1000000,5000,1.0,health_ec,15.0,1,50000,100000,96,healthy,99,healthy,0,12.5,16.8,18.9,200000,0.0,0,0,0,0,0,0
overlap_4pct,threshold_d8_a010,threshold_alpha,8,0.1,0,0,0,dynamic_overlap_100d_4pct_hdd,100,43,1000000,5000,1.0,health_ec,15.0,2,100000,150000,96,healthy,99,healthy,0,12.5,16.8,18.8,200000,0.0,0,0,0,0,0,0
overlap_4pct,threshold_d8_a010,threshold_alpha,8,0.1,0,0,0,dynamic_overlap_100d_4pct_hdd,100,43,1000000,5000,1.0,health_ec,15.0,3,150000,200000,96,mild_slow,99,healthy,1,12.5,17.0,20.6,200379,0.2,379,379,370,1,1,0
overlap_4pct,threshold_d8_a010,threshold_alpha,8,0.1,0,0,0,dynamic_overlap_100d_4pct_hdd,100,43,1000000,5000,1.0,health_ec,15.0,4,200000,250000,96,mild_slow,99,healthy,1,12.5,17.0,19.7,200668,0.3,668,668,653,1,1,0
overlap_4pct,threshold_d8_a010,threshold_alpha,8,0.1,0,0,0,dynamic_overlap_100d_4pct_hdd,100,43,1000000,5000,1.0,health_ec,15.0,5,250000,300000,96,mild_slow,99,healthy,2,12.5,17.3,22.4,200844,0.4,844,844,841,1,1,0
overlap_4pct,threshold_d8_a010,threshold_alpha,8,0.1,0,0,0,dynamic_overlap_100d_4pct_hdd,100,43,1000000,5000,1.0,health_ec,15.0,6,300000,350000,96,severe_slow,99,healthy,2,12.5,17.3,24.1,200883,0.4,883,883,882,2,2,0
overlap_4pct,threshold_d8_a010,threshold_alpha,8,0.1,0,0,0,dynamic_overlap_100d_4pct_hdd,100,43,1000000,5000,1.0,health_ec,15.0,7,350000,400000,96,severe_slow,99,healthy,2,12.6,17.2,23.3,200940,0.5,940,940,939,0,0,0
overlap_4pct,threshold_d8_a010,threshold_alpha,8,0.1,0,0,0,dynamic_overlap_100d_4pct_hdd,100,43,1000000,5000,1.0,health_ec,15.0,8,400000,450000,96,severe_slow,99,healthy,3,12.5,17.6,44.3,201143,0.6,1143,1143,1138,3,3,0
overlap_4pct,threshold_d8_a010,threshold_alpha,8,0.1,0,0,0,dynamic_overlap_100d_4pct_hdd,100,43,1000000,5000,1.0,health_ec,15.0,9,450000,500000,96,severe_slow,99,healthy,3,12.6,17.6,44.7,201289,0.6,1289,1289,1283,0,0,0
overlap_4pct,threshold_d8_a010,threshold_alpha,8,0.1,0,0,0,dynamic_overlap_100d_4pct_hdd,100,43,1000000,5000,1.0,health_ec,15.0,10,500000,550000,96,recovery,99,healthy,2,12.6,17.1,20.8,201318,0.7,1318,1318,1308,0,0,0
overlap_4pct,threshold_d8_a010,threshold_alpha,8,0.1,0,0,0,dynamic_overlap_100d_4pct_hdd,100,43,1000000,5000,1.0,health_ec,15.0,11,550000,600000,96,recovery,99,mild_slow,3,12.6,17.7,35.1,201472,0.7,1472,1472,1439,3,3,0
overlap_4pct,threshold_d8_a010,threshold_alpha,8,0.1,0,0,0,dynamic_overlap_100d_4pct_hdd,100,43,1000000,5000,1.0,health_ec,15.0,12,600000,650000,96,healthy,99,mild_slow,2,12.5,17.4,23.5,201397,0.7,1397,1397,1075,0,0,0
overlap_4pct,threshold_d8_a010,threshold_alpha,8,0.1,0,0,0,dynamic_overlap_100d_4pct_hdd,100,43,1000000,5000,1.0,health_ec,15.0,13,650000,700000,96,healthy,99,mild_slow,2,12.6,17.3,23.8,201269,0.6,1269,1269,1048,0,0,0
overlap_4pct,threshold_d8_a010,threshold_alpha,8,0.1,0,0,0,dynamic_overlap_100d_4pct_hdd,100,43,1000000,5000,1.0,health_ec,15.0,14,700000,750000,96,healthy,99,severe_slow,2,12.6,17.4,45.1,201132,0.6,1132,1132,970,1,1,0
overlap_4pct,threshold_d8_a010,threshold_alpha,8,0.1,0,0,0,dynamic_overlap_100d_4pct_hdd,100,43,1000000,5000,1.0,health_ec,15.0,15,750000,800000,96,healthy,99,severe_slow,1,12.5,16.9,19.2,200995,0.5,995,995,939,0,0,0
overlap_4pct,threshold_d8_a010,threshold_alpha,8,0.1,0,0,0,dynamic_overlap_100d_4pct_hdd,100,43,1000000,5000,1.0,health_ec,15.0,16,800000,850000,96,healthy,99,severe_slow,1,12.5,16.9,19.2,200967,0.5,967,967,949,0,0,0
overlap_4pct,threshold_d8_a010,threshold_alpha,8,0.1,0,0,0,dynamic_overlap_100d_4pct_hdd,100,43,1000000,5000,1.0,health_ec,15.0,17,850000,900000,96,healthy,99,recovery,0,12.5,16.8,18.8,200850,0.4,850,850,750,0,0,0
overlap_4pct,threshold_d8_a010,threshold_alpha,8,0.1,0,0,0,dynamic_overlap_100d_4pct_hdd,100,43,1000000,5000,1.0,health_ec,15.0,18,900000,950000,96,healthy,99,healthy,0,12.5,16.8,18.9,200542,0.3,542,542,454,0,0,0
overlap_4pct,threshold_d8_a010,threshold_alpha,8,0.1,0,0,0,dynamic_overlap_100d_4pct_hdd,100,43,1000000,5000,1.0,health_ec,15.0,19,950000,1000000,96,healthy,99,healthy,0,12.5,16.8,18.7,200307,0.2,307,307,257,0,0,0
overlap_4pct,evidence_w2_d4,window_evidence,4,0.1,2,0,0,dynamic_overlap_100d_4pct_hdd,100,43,1000000,5000,1.0,health_ec,15.0,0,0,50000,96,healthy,99,healthy,0,12.5,16.8,18.8,200000,0.0,0,0,0,0,0,0
overlap_4pct,evidence_w2_d4,window_evidence,4,0.1,2,0,0,dynamic_overlap_100d_4pct_hdd,100,43,1000000,5000,1.0,health_ec,15.0,1,50000,100000,96,healthy,99,healthy,0,12.5,16.8,18.9,200000,0.0,0,0,0,0,0,0
overlap_4pct,evidence_w2_d4,window_evidence,4,0.1,2,0,0,dynamic_overlap_100d_4pct_hdd,100,43,1000000,5000,1.0,health_ec,15.0,2,100000,150000,96,healthy,99,healthy,0,12.5,16.8,18.8,200000,0.0,0,0,0,0,0,0
overlap_4pct,evidence_w2_d4,window_evidence,4,0.1,2,0,0,dynamic_overlap_100d_4pct_hdd,100,43,1000000,5000,1.0,health_ec,15.0,3,150000,200000,96,mild_slow,99,healthy,1,12.5,17.0,20.6,200682,0.3,682,682,667,0,0,0
overlap_4pct,evidence_w2_d4,window_evidence,4,0.1,2,0,0,dynamic_overlap_100d_4pct_hdd,100,43,1000000,5000,1.0,health_ec,15.0,4,200000,250000,96,mild_slow,99,healthy,1,12.5,17.0,19.7,200580,0.3,580,580,563,3,3,0
overlap_4pct,evidence_w2_d4,window_evidence,4,0.1,2,0,0,dynamic_overlap_100d_4pct_hdd,100,43,1000000,5000,1.0,health_ec,15.0,5,250000,300000,96,mild_slow,99,healthy,2,12.5,17.3,22.0,201137,0.6,1137,1137,1125,0,0,0
overlap_4pct,evidence_w2_d4,window_evidence,4,0.1,2,0,0,dynamic_overlap_100d_4pct_hdd,100,43,1000000,5000,1.0,health_ec,15.0,6,300000,350000,96,severe_slow,99,healthy,2,12.5,17.2,22.8,200746,0.4,746,746,745,6,6,0
overlap_4pct,evidence_w2_d4,window_evidence,4,0.1,2,0,0,dynamic_overlap_100d_4pct_hdd,100,43,1000000,5000,1.0,health_ec,15.0,7,350000,400000,96,severe_slow,99,healthy,2,12.5,17.2,22.4,200800,0.4,800,800,800,0,0,0
overlap_4pct,evidence_w2_d4,window_evidence,4,0.1,2,0,0,dynamic_overlap_100d_4pct_hdd,100,43,1000000,5000,1.0,health_ec,15.0,8,400000,450000,96,severe_slow,99,healthy,3,12.5,17.5,42.1,201539,0.8,1539,1539,1524,1,1,0
overlap_4pct,evidence_w2_d4,window_evidence,4,0.1,2,0,0,dynamic_overlap_100d_4pct_hdd,100,43,1000000,5000,1.0,health_ec,15.0,9,450000,500000,96,severe_slow,99,healthy,3,12.6,17.5,41.8,201160,0.6,1160,1160,1154,3,3,0
overlap_4pct,evidence_w2_d4,window_evidence,4,0.1,2,0,0,dynamic_overlap_100d_4pct_hdd,100,43,1000000,5000,1.0,health_ec,15.0,10,500000,550000,96,recovery,99,healthy,2,12.5,17.1,20.6,201175,0.6,1175,1175,1167,0,0,0
overlap_4pct,evidence_w2_d4,window_evidence,4,0.1,2,0,0,dynamic_overlap_100d_4pct_hdd,100,43,1000000,5000,1.0,health_ec,15.0,11,550000,600000,96,recovery,99,mild_slow,3,12.6,17.6,33.3,201801,0.9,1801,1801,1762,2,1,0
overlap_4pct,evidence_w2_d4,window_evidence,4,0.1,2,0,0,dynamic_overlap_100d_4pct_hdd,100,43,1000000,5000,1.0,health_ec,15.0,12,600000,650000,96,healthy,99,mild_slow,2,12.5,17.2,22.2,201255,0.6,1255,1255,943,5,5,0
overlap_4pct,evidence_w2_d4,window_evidence,4,0.1,2,0,0,dynamic_overlap_100d_4pct_hdd,100,43,1000000,5000,1.0,health_ec,15.0,13,650000,700000,96,healthy,99,mild_slow,2,12.6,17.3,22.3,201123,0.6,1123,1123,905,0,0,0
overlap_4pct,evidence_w2_d4,window_evidence,4,0.1,2,0,0,dynamic_overlap_100d_4pct_hdd,100,43,1000000,5000,1.0,health_ec,15.0,14,700000,750000,96,healthy,99,severe_slow,2,12.6,17.3,40.9,200971,0.5,971,971,820,2,2,0
overlap_4pct,evidence_w2_d4,window_evidence,4,0.1,2,0,0,dynamic_overlap_100d_4pct_hdd,100,43,1000000,5000,1.0,health_ec,15.0,15,750000,800000,96,healthy,99,severe_slow,1,12.5,16.9,19.1,200840,0.4,840,840,784,0,0,0
overlap_4pct,evidence_w2_d4,window_evidence,4,0.1,2,0,0,dynamic_overlap_100d_4pct_hdd,100,43,1000000,5000,1.0,health_ec,15.0,16,800000,850000,96,healthy,99,severe_slow,1,12.5,16.9,19.2,200818,0.4,818,818,800,0,0,0
overlap_4pct,evidence_w2_d4,window_evidence,4,0.1,2,0,0,dynamic_overlap_100d_4pct_hdd,100,43,1000000,5000,1.0,health_ec,15.0,17,850000,900000,96,healthy,99,recovery,0,12.5,16.8,18.8,200765,0.4,765,765,673,0,0,0
overlap_4pct,evidence_w2_d4,window_evidence,4,0.1,2,0,0,dynamic_overlap_100d_4pct_hdd,100,43,1000000,5000,1.0,health_ec,15.0,18,900000,950000,96,healthy,99,healthy,0,12.5,16.8,18.8,200544,0.3,544,544,459,0,0,0
overlap_4pct,evidence_w2_d4,window_evidence,4,0.1,2,0,0,dynamic_overlap_100d_4pct_hdd,100,43,1000000,5000,1.0,health_ec,15.0,19,950000,1000000,96,healthy,99,healthy,0,12.5,16.8,18.7,200307,0.2,307,307,257,0,0,0
overlap_4pct,evidence_w2_d6,window_evidence,6,0.1,2,0,0,dynamic_overlap_100d_4pct_hdd,100,43,1000000,5000,1.0,health_ec,15.0,0,0,50000,96,healthy,99,healthy,0,12.5,16.8,18.8,200000,0.0,0,0,0,0,0,0
overlap_4pct,evidence_w2_d6,window_evidence,6,0.1,2,0,0,dynamic_overlap_100d_4pct_hdd,100,43,1000000,5000,1.0,health_ec,15.0,1,50000,100000,96,healthy,99,healthy,0,12.5,16.8,18.9,200000,0.0,0,0,0,0,0,0
overlap_4pct,evidence_w2_d6,window_evidence,6,0.1,2,0,0,dynamic_overlap_100d_4pct_hdd,100,43,1000000,5000,1.0,health_ec,15.0,2,100000,150000,96,healthy,99,healthy,0,12.5,16.8,18.8,200000,0.0,0,0,0,0,0,0
overlap_4pct,evidence_w2_d6,window_evidence,6,0.1,2,0,0,dynamic_overlap_100d_4pct_hdd,100,43,1000000,5000,1.0,health_ec,15.0,3,150000,200000,96,mild_slow,99,healthy,1,12.5,17.0,20.6,200682,0.3,682,682,667,0,0,0
overlap_4pct,evidence_w2_d6,window_evidence,6,0.1,2,0,0,dynamic_overlap_100d_4pct_hdd,100,43,1000000,5000,1.0,health_ec,15.0,4,200000,250000,96,mild_slow,99,healthy,1,12.5,17.0,19.7,200659,0.3,659,659,643,2,2,0
overlap_4pct,evidence_w2_d6,window_evidence,6,0.1,2,0,0,dynamic_overlap_100d_4pct_hdd,100,43,1000000,5000,1.0,health_ec,15.0,5,250000,300000,96,mild_slow,99,healthy,2,12.5,17.3,22.4,201138,0.6,1138,1138,1127,0,0,0
overlap_4pct,evidence_w2_d6,window_evidence,6,0.1,2,0,0,dynamic_overlap_100d_4pct_hdd,100,43,1000000,5000,1.0,health_ec,15.0,6,300000,350000,96,severe_slow,99,healthy,2,12.5,17.2,23.6,200768,0.4,768,768,767,4,3,0
overlap_4pct,evidence_w2_d6,window_evidence,6,0.1,2,0,0,dynamic_overlap_100d_4pct_hdd,100,43,1000000,5000,1.0,health_ec,15.0,7,350000,400000,96,severe_slow,99,healthy,2,12.6,17.2,23.3,200845,0.4,845,845,845,0,0,0
overlap_4pct,evidence_w2_d6,window_evidence,6,0.1,2,0,0,dynamic_overlap_100d_4pct_hdd,100,43,1000000,5000,1.0,health_ec,15.0,8,400000,450000,96,severe_slow,99,healthy,3,12.5,17.6,44.3,201589,0.8,1589,1589,1575,0,0,0
overlap_4pct,evidence_w2_d6,window_evidence,6,0.1,2,0,0,dynamic_overlap_100d_4pct_hdd,100,43,1000000,5000,1.0,health_ec,15.0,9,450000,500000,96,severe_slow,99,healthy,3,12.6,17.6,44.7,201292,0.6,1292,1292,1286,2,2,0
overlap_4pct,evidence_w2_d6,window_evidence,6,0.1,2,0,0,dynamic_overlap_100d_4pct_hdd,100,43,1000000,5000,1.0,health_ec,15.0,10,500000,550000,96,recovery,99,healthy,2,12.6,17.1,20.8,201278,0.6,1278,1278,1270,1,1,0
overlap_4pct,evidence_w2_d6,window_evidence,6,0.1,2,0,0,dynamic_overlap_100d_4pct_hdd,100,43,1000000,5000,1.0,health_ec,15.0,11,550000,600000,96,recovery,99,mild_slow,3,12.6,17.7,34.9,201909,1.0,1909,1909,1869,1,1,0
overlap_4pct,evidence_w2_d6,window_evidence,6,0.1,2,0,0,dynamic_overlap_100d_4pct_hdd,100,43,1000000,5000,1.0,health_ec,15.0,12,600000,650000,96,healthy,99,mild_slow,2,12.5,17.3,22.7,201402,0.7,1402,1402,1076,2,2,0
overlap_4pct,evidence_w2_d6,window_evidence,6,0.1,2,0,0,dynamic_overlap_100d_4pct_hdd,100,43,1000000,5000,1.0,health_ec,15.0,13,650000,700000,96,healthy,99,mild_slow,2,12.6,17.3,23.2,201269,0.6,1269,1269,1044,0,0,0
overlap_4pct,evidence_w2_d6,window_evidence,6,0.1,2,0,0,dynamic_overlap_100d_4pct_hdd,100,43,1000000,5000,1.0,health_ec,15.0,14,700000,750000,96,healthy,99,severe_slow,2,12.6,17.3,43.2,201053,0.5,1053,1053,892,2,2,0
overlap_4pct,evidence_w2_d6,window_evidence,6,0.1,2,0,0,dynamic_overlap_100d_4pct_hdd,100,43,1000000,5000,1.0,health_ec,15.0,15,750000,800000,96,healthy,99,severe_slow,1,12.5,16.9,19.1,200935,0.5,935,935,879,0,0,0
overlap_4pct,evidence_w2_d6,window_evidence,6,0.1,2,0,0,dynamic_overlap_100d_4pct_hdd,100,43,1000000,5000,1.0,health_ec,15.0,16,800000,850000,96,healthy,99,severe_slow,1,12.5,16.9,19.2,200906,0.5,906,906,888,0,0,0
overlap_4pct,evidence_w2_d6,window_evidence,6,0.1,2,0,0,dynamic_overlap_100d_4pct_hdd,100,43,1000000,5000,1.0,health_ec,15.0,17,850000,900000,96,healthy,99,recovery,0,12.5,16.8,18.8,200816,0.4,816,816,719,0,0,0
overlap_4pct,evidence_w2_d6,window_evidence,6,0.1,2,0,0,dynamic_overlap_100d_4pct_hdd,100,43,1000000,5000,1.0,health_ec,15.0,18,900000,950000,96,healthy,99,healthy,0,12.5,16.8,18.8,200544,0.3,544,544,459,0,0,0
overlap_4pct,evidence_w2_d6,window_evidence,6,0.1,2,0,0,dynamic_overlap_100d_4pct_hdd,100,43,1000000,5000,1.0,health_ec,15.0,19,950000,1000000,96,healthy,99,healthy,0,12.5,16.8,18.7,200307,0.2,307,307,257,0,0,0
overlap_4pct,evidence_w3_d4,window_evidence,4,0.1,3,0,0,dynamic_overlap_100d_4pct_hdd,100,43,1000000,5000,1.0,health_ec,15.0,0,0,50000,96,healthy,99,healthy,0,12.5,16.8,18.8,200000,0.0,0,0,0,0,0,0
overlap_4pct,evidence_w3_d4,window_evidence,4,0.1,3,0,0,dynamic_overlap_100d_4pct_hdd,100,43,1000000,5000,1.0,health_ec,15.0,1,50000,100000,96,healthy,99,healthy,0,12.5,16.8,18.9,200000,0.0,0,0,0,0,0,0
overlap_4pct,evidence_w3_d4,window_evidence,4,0.1,3,0,0,dynamic_overlap_100d_4pct_hdd,100,43,1000000,5000,1.0,health_ec,15.0,2,100000,150000,96,healthy,99,healthy,0,12.5,16.8,18.8,200000,0.0,0,0,0,0,0,0
overlap_4pct,evidence_w3_d4,window_evidence,4,0.1,3,0,0,dynamic_overlap_100d_4pct_hdd,100,43,1000000,5000,1.0,health_ec,15.0,3,150000,200000,96,mild_slow,99,healthy,1,12.5,17.0,20.6,200682,0.3,682,682,667,0,0,0
overlap_4pct,evidence_w3_d4,window_evidence,4,0.1,3,0,0,dynamic_overlap_100d_4pct_hdd,100,43,1000000,5000,1.0,health_ec,15.0,4,200000,250000,96,mild_slow,99,healthy,1,12.5,17.0,19.6,201080,0.5,1080,1080,1052,0,0,0
overlap_4pct,evidence_w3_d4,window_evidence,4,0.1,3,0,0,dynamic_overlap_100d_4pct_hdd,100,43,1000000,5000,1.0,health_ec,15.0,5,250000,300000,96,mild_slow,99,healthy,2,12.5,17.3,22.0,201139,0.6,1139,1139,1126,3,3,0
overlap_4pct,evidence_w3_d4,window_evidence,4,0.1,3,0,0,dynamic_overlap_100d_4pct_hdd,100,43,1000000,5000,1.0,health_ec,15.0,6,300000,350000,96,severe_slow,99,healthy,2,12.5,17.2,22.8,201261,0.6,1261,1261,1246,2,2,0
overlap_4pct,evidence_w3_d4,window_evidence,4,0.1,3,0,0,dynamic_overlap_100d_4pct_hdd,100,43,1000000,5000,1.0,health_ec,15.0,7,350000,400000,96,severe_slow,99,healthy,2,12.5,17.2,22.4,200850,0.4,850,850,850,3,3,0
overlap_4pct,evidence_w3_d4,window_evidence,4,0.1,3,0,0,dynamic_overlap_100d_4pct_hdd,100,43,1000000,5000,1.0,health_ec,15.0,8,400000,450000,96,severe_slow,99,healthy,3,12.5,17.5,42.1,201554,0.8,1554,1554,1538,2,2,0
overlap_4pct,evidence_w3_d4,window_evidence,4,0.1,3,0,0,dynamic_overlap_100d_4pct_hdd,100,43,1000000,5000,1.0,health_ec,15.0,9,450000,500000,96,severe_slow,99,healthy,3,12.6,17.5,41.8,201721,0.9,1721,1721,1699,0,0,0
overlap_4pct,evidence_w3_d4,window_evidence,4,0.1,3,0,0,dynamic_overlap_100d_4pct_hdd,100,43,1000000,5000,1.0,health_ec,15.0,10,500000,550000,96,recovery,99,healthy,2,12.5,17.1,20.6,201181,0.6,1181,1181,1173,3,3,0
overlap_4pct,evidence_w3_d4,window_evidence,4,0.1,3,0,0,dynamic_overlap_100d_4pct_hdd,100,43,1000000,5000,1.0,health_ec,15.0,11,550000,600000,96,recovery,99,mild_slow,3,12.6,17.6,33.1,201868,0.9,1868,1868,1831,2,1,0
overlap_4pct,evidence_w3_d4,window_evidence,4,0.1,3,0,0,dynamic_overlap_100d_4pct_hdd,100,43,1000000,5000,1.0,health_ec,15.0,12,600000,650000,96,healthy,99,mild_slow,2,12.5,17.2,22.2,201862,0.9,1862,1862,1531,1,1,0
overlap_4pct,evidence_w3_d4,window_evidence,4,0.1,3,0,0,dynamic_overlap_100d_4pct_hdd,100,43,1000000,5000,1.0,health_ec,15.0,13,650000,700000,96,healthy,99,mild_slow,2,12.6,17.3,22.3,201141,0.6,1141,1141,923,4,4,0
overlap_4pct,evidence_w3_d4,window_evidence,4,0.1,3,0,0,dynamic_overlap_100d_4pct_hdd,100,43,1000000,5000,1.0,health_ec,15.0,14,700000,750000,96,healthy,99,severe_slow,2,12.6,17.3,40.9,200971,0.5,971,971,820,2,2,0
overlap_4pct,evidence_w3_d4,window_evidence,4,0.1,3,0,0,dynamic_overlap_100d_4pct_hdd,100,43,1000000,5000,1.0,health_ec,15.0,15,750000,800000,96,healthy,99,severe_slow,1,12.5,16.9,19.1,200840,0.4,840,840,784,0,0,0
overlap_4pct,evidence_w3_d4,window_evidence,4,0.1,3,0,0,dynamic_overlap_100d_4pct_hdd,100,43,1000000,5000,1.0,health_ec,15.0,16,800000,850000,96,healthy,99,severe_slow,1,12.5,16.9,19.1,200818,0.4,818,818,800,0,0,0
overlap_4pct,evidence_w3_d4,window_evidence,4,0.1,3,0,0,dynamic_overlap_100d_4pct_hdd,100,43,1000000,5000,1.0,health_ec,15.0,17,850000,900000,96,healthy,99,recovery,0,12.5,16.8,18.8,200765,0.4,765,765,673,0,0,0
overlap_4pct,evidence_w3_d4,window_evidence,4,0.1,3,0,0,dynamic_overlap_100d_4pct_hdd,100,43,1000000,5000,1.0,health_ec,15.0,18,900000,950000,96,healthy,99,healthy,0,12.5,16.8,18.8,200544,0.3,544,544,459,0,0,0
overlap_4pct,evidence_w3_d4,window_evidence,4,0.1,3,0,0,dynamic_overlap_100d_4pct_hdd,100,43,1000000,5000,1.0,health_ec,15.0,19,950000,1000000,96,healthy,99,healthy,0,12.5,16.8,18.7,200307,0.2,307,307,257,0,0,0
overlap_4pct,evidence_w3_d6,window_evidence,6,0.1,3,0,0,dynamic_overlap_100d_4pct_hdd,100,43,1000000,5000,1.0,health_ec,15.0,0,0,50000,96,healthy,99,healthy,0,12.5,16.8,18.8,200000,0.0,0,0,0,0,0,0
overlap_4pct,evidence_w3_d6,window_evidence,6,0.1,3,0,0,dynamic_overlap_100d_4pct_hdd,100,43,1000000,5000,1.0,health_ec,15.0,1,50000,100000,96,healthy,99,healthy,0,12.5,16.8,18.9,200000,0.0,0,0,0,0,0,0
overlap_4pct,evidence_w3_d6,window_evidence,6,0.1,3,0,0,dynamic_overlap_100d_4pct_hdd,100,43,1000000,5000,1.0,health_ec,15.0,2,100000,150000,96,healthy,99,healthy,0,12.5,16.8,18.8,200000,0.0,0,0,0,0,0,0
overlap_4pct,evidence_w3_d6,window_evidence,6,0.1,3,0,0,dynamic_overlap_100d_4pct_hdd,100,43,1000000,5000,1.0,health_ec,15.0,3,150000,200000,96,mild_slow,99,healthy,1,12.5,17.0,20.6,200682,0.3,682,682,667,0,0,0
overlap_4pct,evidence_w3_d6,window_evidence,6,0.1,3,0,0,dynamic_overlap_100d_4pct_hdd,100,43,1000000,5000,1.0,health_ec,15.0,4,200000,250000,96,mild_slow,99,healthy,1,12.5,17.0,19.6,201080,0.5,1080,1080,1052,0,0,0
overlap_4pct,evidence_w3_d6,window_evidence,6,0.1,3,0,0,dynamic_overlap_100d_4pct_hdd,100,43,1000000,5000,1.0,health_ec,15.0,5,250000,300000,96,mild_slow,99,healthy,2,12.5,17.3,22.4,201139,0.6,1139,1139,1127,2,2,0
overlap_4pct,evidence_w3_d6,window_evidence,6,0.1,3,0,0,dynamic_overlap_100d_4pct_hdd,100,43,1000000,5000,1.0,health_ec,15.0,6,300000,350000,96,severe_slow,99,healthy,2,12.5,17.2,23.6,201261,0.6,1261,1261,1247,1,0,0
overlap_4pct,evidence_w3_d6,window_evidence,6,0.1,3,0,0,dynamic_overlap_100d_4pct_hdd,100,43,1000000,5000,1.0,health_ec,15.0,7,350000,400000,96,severe_slow,99,healthy,2,12.6,17.2,23.3,200919,0.5,919,919,915,3,3,0
overlap_4pct,evidence_w3_d6,window_evidence,6,0.1,3,0,0,dynamic_overlap_100d_4pct_hdd,100,43,1000000,5000,1.0,health_ec,15.0,8,400000,450000,96,severe_slow,99,healthy,3,12.5,17.6,44.3,201594,0.8,1594,1594,1580,0,0,0
overlap_4pct,evidence_w3_d6,window_evidence,6,0.1,3,0,0,dynamic_overlap_100d_4pct_hdd,100,43,1000000,5000,1.0,health_ec,15.0,9,450000,500000,96,severe_slow,99,healthy,3,12.6,17.6,44.7,201784,0.9,1784,1784,1763,0,0,0
overlap_4pct,evidence_w3_d6,window_evidence,6,0.1,3,0,0,dynamic_overlap_100d_4pct_hdd,100,43,1000000,5000,1.0,health_ec,15.0,10,500000,550000,96,recovery,99,healthy,2,12.6,17.1,20.8,201281,0.6,1281,1281,1272,3,3,0
overlap_4pct,evidence_w3_d6,window_evidence,6,0.1,3,0,0,dynamic_overlap_100d_4pct_hdd,100,43,1000000,5000,1.0,health_ec,15.0,11,550000,600000,96,recovery,99,mild_slow,3,12.6,17.7,34.8,201932,1.0,1932,1932,1894,1,1,0
overlap_4pct,evidence_w3_d6,window_evidence,6,0.1,3,0,0,dynamic_overlap_100d_4pct_hdd,100,43,1000000,5000,1.0,health_ec,15.0,12,600000,650000,96,healthy,99,mild_slow,2,12.5,17.3,22.7,201886,0.9,1886,1886,1543,0,0,0
overlap_4pct,evidence_w3_d6,window_evidence,6,0.1,3,0,0,dynamic_overlap_100d_4pct_hdd,100,43,1000000,5000,1.0,health_ec,15.0,13,650000,700000,96,healthy,99,mild_slow,2,12.6,17.3,23.2,201271,0.6,1271,1271,1046,2,2,0
overlap_4pct,evidence_w3_d6,window_evidence,6,0.1,3,0,0,dynamic_overlap_100d_4pct_hdd,100,43,1000000,5000,1.0,health_ec,15.0,14,700000,750000,96,healthy,99,severe_slow,2,12.6,17.3,43.2,201053,0.5,1053,1053,892,2,2,0
overlap_4pct,evidence_w3_d6,window_evidence,6,0.1,3,0,0,dynamic_overlap_100d_4pct_hdd,100,43,1000000,5000,1.0,health_ec,15.0,15,750000,800000,96,healthy,99,severe_slow,1,12.5,16.9,19.1,200935,0.5,935,935,879,0,0,0
overlap_4pct,evidence_w3_d6,window_evidence,6,0.1,3,0,0,dynamic_overlap_100d_4pct_hdd,100,43,1000000,5000,1.0,health_ec,15.0,16,800000,850000,96,healthy,99,severe_slow,1,12.5,16.9,19.2,200906,0.5,906,906,888,0,0,0
overlap_4pct,evidence_w3_d6,window_evidence,6,0.1,3,0,0,dynamic_overlap_100d_4pct_hdd,100,43,1000000,5000,1.0,health_ec,15.0,17,850000,900000,96,healthy,99,recovery,0,12.5,16.8,18.8,200815,0.4,815,815,719,0,0,0
overlap_4pct,evidence_w3_d6,window_evidence,6,0.1,3,0,0,dynamic_overlap_100d_4pct_hdd,100,43,1000000,5000,1.0,health_ec,15.0,18,900000,950000,96,healthy,99,healthy,0,12.5,16.8,18.8,200544,0.3,544,544,459,0,0,0
overlap_4pct,evidence_w3_d6,window_evidence,6,0.1,3,0,0,dynamic_overlap_100d_4pct_hdd,100,43,1000000,5000,1.0,health_ec,15.0,19,950000,1000000,96,healthy,99,healthy,0,12.5,16.8,18.7,200307,0.2,307,307,257,0,0,0
overlap_4pct,topk_k2_d4,topk_budgeted,4,0.1,0,2,0,dynamic_overlap_100d_4pct_hdd,100,43,1000000,5000,1.0,health_ec,15.0,0,0,50000,96,healthy,99,healthy,0,12.5,16.8,18.8,200000,0.0,0,0,0,0,0,0
overlap_4pct,topk_k2_d4,topk_budgeted,4,0.1,0,2,0,dynamic_overlap_100d_4pct_hdd,100,43,1000000,5000,1.0,health_ec,15.0,1,50000,100000,96,healthy,99,healthy,0,12.5,16.8,18.9,200000,0.0,0,0,0,0,0,0
overlap_4pct,topk_k2_d4,topk_budgeted,4,0.1,0,2,0,dynamic_overlap_100d_4pct_hdd,100,43,1000000,5000,1.0,health_ec,15.0,2,100000,150000,96,healthy,99,healthy,0,12.5,16.8,18.8,200000,0.0,0,0,0,0,0,0
overlap_4pct,topk_k2_d4,topk_budgeted,4,0.1,0,2,0,dynamic_overlap_100d_4pct_hdd,100,43,1000000,5000,1.0,health_ec,15.0,3,150000,200000,96,mild_slow,99,healthy,1,12.5,17.0,20.6,200682,0.3,682,682,667,0,0,0
overlap_4pct,topk_k2_d4,topk_budgeted,4,0.1,0,2,0,dynamic_overlap_100d_4pct_hdd,100,43,1000000,5000,1.0,health_ec,15.0,4,200000,250000,96,mild_slow,99,healthy,1,12.5,17.0,19.6,200656,0.3,656,656,641,2,2,0
overlap_4pct,topk_k2_d4,topk_budgeted,4,0.1,0,2,0,dynamic_overlap_100d_4pct_hdd,100,43,1000000,5000,1.0,health_ec,15.0,5,250000,300000,96,mild_slow,99,healthy,2,12.5,17.3,22.0,201132,0.6,1132,1132,1120,1,1,0
overlap_4pct,topk_k2_d4,topk_budgeted,4,0.1,0,2,0,dynamic_overlap_100d_4pct_hdd,100,43,1000000,5000,1.0,health_ec,15.0,6,300000,350000,96,severe_slow,99,healthy,2,12.5,17.2,23.6,200836,0.4,836,836,834,2,2,0
overlap_4pct,topk_k2_d4,topk_budgeted,4,0.1,0,2,0,dynamic_overlap_100d_4pct_hdd,100,43,1000000,5000,1.0,health_ec,15.0,7,350000,400000,96,severe_slow,99,healthy,2,12.6,17.2,22.9,200845,0.4,845,845,845,2,2,0
overlap_4pct,topk_k2_d4,topk_budgeted,4,0.1,0,2,0,dynamic_overlap_100d_4pct_hdd,100,43,1000000,5000,1.0,health_ec,15.0,8,400000,450000,96,severe_slow,99,healthy,3,12.5,17.5,42.1,201604,0.8,1604,1604,1590,1,1,0
overlap_4pct,topk_k2_d4,topk_budgeted,4,0.1,0,2,0,dynamic_overlap_100d_4pct_hdd,100,43,1000000,5000,1.0,health_ec,15.0,9,450000,500000,96,severe_slow,99,healthy,3,12.6,17.5,42.1,201289,0.6,1289,1289,1283,2,2,0
overlap_4pct,topk_k2_d4,topk_budgeted,4,0.1,0,2,0,dynamic_overlap_100d_4pct_hdd,100,43,1000000,5000,1.0,health_ec,15.0,10,500000,550000,96,recovery,99,healthy,2,12.6,17.1,20.8,201175,0.6,1175,1175,1168,2,2,0
overlap_4pct,topk_k2_d4,topk_budgeted,4,0.1,0,2,0,dynamic_overlap_100d_4pct_hdd,100,43,1000000,5000,1.0,health_ec,15.0,11,550000,600000,96,recovery,99,mild_slow,3,12.6,17.6,33.9,201872,0.9,1872,1872,1836,1,1,0
overlap_4pct,topk_k2_d4,topk_budgeted,4,0.1,0,2,0,dynamic_overlap_100d_4pct_hdd,100,43,1000000,5000,1.0,health_ec,15.0,12,600000,650000,96,healthy,99,mild_slow,2,12.5,17.3,23.5,201373,0.7,1373,1373,1066,2,2,0
overlap_4pct,topk_k2_d4,topk_budgeted,4,0.1,0,2,0,dynamic_overlap_100d_4pct_hdd,100,43,1000000,5000,1.0,health_ec,15.0,13,650000,700000,96,healthy,99,mild_slow,2,12.6,17.3,23.2,201186,0.6,1186,1186,968,2,2,0
overlap_4pct,topk_k2_d4,topk_budgeted,4,0.1,0,2,0,dynamic_overlap_100d_4pct_hdd,100,43,1000000,5000,1.0,health_ec,15.0,14,700000,750000,96,healthy,99,severe_slow,2,12.6,17.3,42.0,201012,0.5,1012,1012,861,2,1,0
overlap_4pct,topk_k2_d4,topk_budgeted,4,0.1,0,2,0,dynamic_overlap_100d_4pct_hdd,100,43,1000000,5000,1.0,health_ec,15.0,15,750000,800000,96,healthy,99,severe_slow,1,12.5,16.9,19.1,200881,0.4,881,881,825,2,1,1
overlap_4pct,topk_k2_d4,topk_budgeted,4,0.1,0,2,0,dynamic_overlap_100d_4pct_hdd,100,43,1000000,5000,1.0,health_ec,15.0,16,800000,850000,96,healthy,99,severe_slow,1,12.5,16.9,19.2,200818,0.4,818,818,800,1,1,0
overlap_4pct,topk_k2_d4,topk_budgeted,4,0.1,0,2,0,dynamic_overlap_100d_4pct_hdd,100,43,1000000,5000,1.0,health_ec,15.0,17,850000,900000,96,healthy,99,recovery,0,12.5,16.8,18.8,200765,0.4,765,765,673,0,0,0
overlap_4pct,topk_k2_d4,topk_budgeted,4,0.1,0,2,0,dynamic_overlap_100d_4pct_hdd,100,43,1000000,5000,1.0,health_ec,15.0,18,900000,950000,96,healthy,99,healthy,0,12.5,16.8,18.8,200544,0.3,544,544,459,0,0,0
overlap_4pct,topk_k2_d4,topk_budgeted,4,0.1,0,2,0,dynamic_overlap_100d_4pct_hdd,100,43,1000000,5000,1.0,health_ec,15.0,19,950000,1000000,96,healthy,99,healthy,0,12.5,16.8,18.7,200307,0.2,307,307,257,0,0,0
overlap_4pct,topk_k2_d6,topk_budgeted,6,0.1,0,2,0,dynamic_overlap_100d_4pct_hdd,100,43,1000000,5000,1.0,health_ec,15.0,0,0,50000,96,healthy,99,healthy,0,12.5,16.8,18.8,200000,0.0,0,0,0,0,0,0
overlap_4pct,topk_k2_d6,topk_budgeted,6,0.1,0,2,0,dynamic_overlap_100d_4pct_hdd,100,43,1000000,5000,1.0,health_ec,15.0,1,50000,100000,96,healthy,99,healthy,0,12.5,16.8,18.9,200000,0.0,0,0,0,0,0,0
overlap_4pct,topk_k2_d6,topk_budgeted,6,0.1,0,2,0,dynamic_overlap_100d_4pct_hdd,100,43,1000000,5000,1.0,health_ec,15.0,2,100000,150000,96,healthy,99,healthy,0,12.5,16.8,18.8,200000,0.0,0,0,0,0,0,0
overlap_4pct,topk_k2_d6,topk_budgeted,6,0.1,0,2,0,dynamic_overlap_100d_4pct_hdd,100,43,1000000,5000,1.0,health_ec,15.0,3,150000,200000,96,mild_slow,99,healthy,1,12.5,17.0,20.6,200682,0.3,682,682,667,0,0,0
overlap_4pct,topk_k2_d6,topk_budgeted,6,0.1,0,2,0,dynamic_overlap_100d_4pct_hdd,100,43,1000000,5000,1.0,health_ec,15.0,4,200000,250000,96,mild_slow,99,healthy,1,12.5,17.0,19.6,200656,0.3,656,656,641,2,2,0
overlap_4pct,topk_k2_d6,topk_budgeted,6,0.1,0,2,0,dynamic_overlap_100d_4pct_hdd,100,43,1000000,5000,1.0,health_ec,15.0,5,250000,300000,96,mild_slow,99,healthy,2,12.5,17.3,22.4,201133,0.6,1133,1133,1122,0,0,0
overlap_4pct,topk_k2_d6,topk_budgeted,6,0.1,0,2,0,dynamic_overlap_100d_4pct_hdd,100,43,1000000,5000,1.0,health_ec,15.0,6,300000,350000,96,severe_slow,99,healthy,2,12.5,17.3,24.3,200836,0.4,836,836,836,2,2,0
overlap_4pct,topk_k2_d6,topk_budgeted,6,0.1,0,2,0,dynamic_overlap_100d_4pct_hdd,100,43,1000000,5000,1.0,health_ec,15.0,7,350000,400000,96,severe_slow,99,healthy,2,12.6,17.2,23.3,200845,0.4,845,845,845,2,2,0
overlap_4pct,topk_k2_d6,topk_budgeted,6,0.1,0,2,0,dynamic_overlap_100d_4pct_hdd,100,43,1000000,5000,1.0,health_ec,15.0,8,400000,450000,96,severe_slow,99,healthy,3,12.5,17.6,44.3,201604,0.8,1604,1604,1591,0,0,0
overlap_4pct,topk_k2_d6,topk_budgeted,6,0.1,0,2,0,dynamic_overlap_100d_4pct_hdd,100,43,1000000,5000,1.0,health_ec,15.0,9,450000,500000,96,severe_slow,99,healthy,3,12.6,17.6,44.7,201289,0.6,1289,1289,1283,2,2,0
overlap_4pct,topk_k2_d6,topk_budgeted,6,0.1,0,2,0,dynamic_overlap_100d_4pct_hdd,100,43,1000000,5000,1.0,health_ec,15.0,10,500000,550000,96,recovery,99,healthy,2,12.6,17.1,20.8,201318,0.7,1318,1318,1308,0,0,0
overlap_4pct,topk_k2_d6,topk_budgeted,6,0.1,0,2,0,dynamic_overlap_100d_4pct_hdd,100,43,1000000,5000,1.0,health_ec,15.0,11,550000,600000,96,recovery,99,mild_slow,3,12.6,17.7,35.1,201913,1.0,1913,1913,1874,1,0,0
overlap_4pct,topk_k2_d6,topk_budgeted,6,0.1,0,2,0,dynamic_overlap_100d_4pct_hdd,100,43,1000000,5000,1.0,health_ec,15.0,12,600000,650000,96,healthy,99,mild_slow,2,12.5,17.3,23.5,201397,0.7,1397,1397,1074,2,2,0
overlap_4pct,topk_k2_d6,topk_budgeted,6,0.1,0,2,0,dynamic_overlap_100d_4pct_hdd,100,43,1000000,5000,1.0,health_ec,15.0,13,650000,700000,96,healthy,99,mild_slow,2,12.6,17.3,23.2,201269,0.6,1269,1269,1044,1,1,0
overlap_4pct,topk_k2_d6,topk_budgeted,6,0.1,0,2,0,dynamic_overlap_100d_4pct_hdd,100,43,1000000,5000,1.0,health_ec,15.0,14,700000,750000,96,healthy,99,severe_slow,2,12.6,17.3,43.2,201183,0.6,1183,1183,1021,0,0,0
overlap_4pct,topk_k2_d6,topk_budgeted,6,0.1,0,2,0,dynamic_overlap_100d_4pct_hdd,100,43,1000000,5000,1.0,health_ec,15.0,15,750000,800000,96,healthy,99,severe_slow,1,12.5,16.9,19.1,200935,0.5,935,935,879,2,2,0
overlap_4pct,topk_k2_d6,topk_budgeted,6,0.1,0,2,0,dynamic_overlap_100d_4pct_hdd,100,43,1000000,5000,1.0,health_ec,15.0,16,800000,850000,96,healthy,99,severe_slow,1,12.5,16.9,19.2,200906,0.5,906,906,888,0,0,0
overlap_4pct,topk_k2_d6,topk_budgeted,6,0.1,0,2,0,dynamic_overlap_100d_4pct_hdd,100,43,1000000,5000,1.0,health_ec,15.0,17,850000,900000,96,healthy,99,recovery,0,12.5,16.8,18.8,200816,0.4,816,816,719,0,0,0
overlap_4pct,topk_k2_d6,topk_budgeted,6,0.1,0,2,0,dynamic_overlap_100d_4pct_hdd,100,43,1000000,5000,1.0,health_ec,15.0,18,900000,950000,96,healthy,99,healthy,0,12.5,16.8,18.8,200544,0.3,544,544,459,0,0,0
overlap_4pct,topk_k2_d6,topk_budgeted,6,0.1,0,2,0,dynamic_overlap_100d_4pct_hdd,100,43,1000000,5000,1.0,health_ec,15.0,19,950000,1000000,96,healthy,99,healthy,0,12.5,16.8,18.7,200307,0.2,307,307,257,0,0,0
overlap_4pct,topk_k4_d4,topk_budgeted,4,0.1,0,4,0,dynamic_overlap_100d_4pct_hdd,100,43,1000000,5000,1.0,health_ec,15.0,0,0,50000,96,healthy,99,healthy,0,12.5,16.8,18.8,200000,0.0,0,0,0,0,0,0
overlap_4pct,topk_k4_d4,topk_budgeted,4,0.1,0,4,0,dynamic_overlap_100d_4pct_hdd,100,43,1000000,5000,1.0,health_ec,15.0,1,50000,100000,96,healthy,99,healthy,0,12.5,16.8,18.9,200000,0.0,0,0,0,0,0,0
overlap_4pct,topk_k4_d4,topk_budgeted,4,0.1,0,4,0,dynamic_overlap_100d_4pct_hdd,100,43,1000000,5000,1.0,health_ec,15.0,2,100000,150000,96,healthy,99,healthy,0,12.5,16.8,18.8,200000,0.0,0,0,0,0,0,0
overlap_4pct,topk_k4_d4,topk_budgeted,4,0.1,0,4,0,dynamic_overlap_100d_4pct_hdd,100,43,1000000,5000,1.0,health_ec,15.0,3,150000,200000,96,mild_slow,99,healthy,1,12.5,17.0,20.6,200682,0.3,682,682,667,0,0,0
overlap_4pct,topk_k4_d4,topk_budgeted,4,0.1,0,4,0,dynamic_overlap_100d_4pct_hdd,100,43,1000000,5000,1.0,health_ec,15.0,4,200000,250000,96,mild_slow,99,healthy,1,12.5,17.0,19.6,200577,0.3,577,577,562,3,3,0
overlap_4pct,topk_k4_d4,topk_budgeted,4,0.1,0,4,0,dynamic_overlap_100d_4pct_hdd,100,43,1000000,5000,1.0,health_ec,15.0,5,250000,300000,96,mild_slow,99,healthy,2,12.5,17.3,22.0,201132,0.6,1132,1132,1120,0,0,0
overlap_4pct,topk_k4_d4,topk_budgeted,4,0.1,0,4,0,dynamic_overlap_100d_4pct_hdd,100,43,1000000,5000,1.0,health_ec,15.0,6,300000,350000,96,severe_slow,99,healthy,2,12.5,17.2,23.6,200752,0.4,752,752,752,3,3,0
overlap_4pct,topk_k4_d4,topk_budgeted,4,0.1,0,4,0,dynamic_overlap_100d_4pct_hdd,100,43,1000000,5000,1.0,health_ec,15.0,7,350000,400000,96,severe_slow,99,healthy,2,12.6,17.2,22.4,200800,0.4,800,800,800,3,3,0
overlap_4pct,topk_k4_d4,topk_budgeted,4,0.1,0,4,0,dynamic_overlap_100d_4pct_hdd,100,43,1000000,5000,1.0,health_ec,15.0,8,400000,450000,96,severe_slow,99,healthy,3,12.5,17.5,42.1,201556,0.8,1556,1556,1543,0,0,0
overlap_4pct,topk_k4_d4,topk_budgeted,4,0.1,0,4,0,dynamic_overlap_100d_4pct_hdd,100,43,1000000,5000,1.0,health_ec,15.0,9,450000,500000,96,severe_slow,99,healthy,3,12.6,17.5,41.8,201149,0.6,1149,1149,1143,4,4,0
overlap_4pct,topk_k4_d4,topk_budgeted,4,0.1,0,4,0,dynamic_overlap_100d_4pct_hdd,100,43,1000000,5000,1.0,health_ec,15.0,10,500000,550000,96,recovery,99,healthy,2,12.5,17.1,20.6,201175,0.6,1175,1175,1166,0,0,0
overlap_4pct,topk_k4_d4,topk_budgeted,4,0.1,0,4,0,dynamic_overlap_100d_4pct_hdd,100,43,1000000,5000,1.0,health_ec,15.0,11,550000,600000,96,recovery,99,mild_slow,3,12.6,17.7,33.9,201828,0.9,1828,1828,1792,0,0,0
overlap_4pct,topk_k4_d4,topk_budgeted,4,0.1,0,4,0,dynamic_overlap_100d_4pct_hdd,100,43,1000000,5000,1.0,health_ec,15.0,12,600000,650000,96,healthy,99,mild_slow,2,12.5,17.2,22.4,201373,0.7,1373,1373,1062,4,4,0
overlap_4pct,topk_k4_d4,topk_budgeted,4,0.1,0,4,0,dynamic_overlap_100d_4pct_hdd,100,43,1000000,5000,1.0,health_ec,15.0,13,650000,700000,96,healthy,99,mild_slow,2,12.6,17.3,22.3,201123,0.6,1123,1123,905,3,3,0
overlap_4pct,topk_k4_d4,topk_budgeted,4,0.1,0,4,0,dynamic_overlap_100d_4pct_hdd,100,43,1000000,5000,1.0,health_ec,15.0,14,700000,750000,96,healthy,99,severe_slow,2,12.6,17.3,40.9,201012,0.5,1012,1012,861,0,0,0
overlap_4pct,topk_k4_d4,topk_budgeted,4,0.1,0,4,0,dynamic_overlap_100d_4pct_hdd,100,43,1000000,5000,1.0,health_ec,15.0,15,750000,800000,96,healthy,99,severe_slow,1,12.5,16.9,19.1,200840,0.4,840,840,784,2,2,0
overlap_4pct,topk_k4_d4,topk_budgeted,4,0.1,0,4,0,dynamic_overlap_100d_4pct_hdd,100,43,1000000,5000,1.0,health_ec,15.0,16,800000,850000,96,healthy,99,severe_slow,1,12.5,16.9,19.2,200818,0.4,818,818,800,0,0,0
overlap_4pct,topk_k4_d4,topk_budgeted,4,0.1,0,4,0,dynamic_overlap_100d_4pct_hdd,100,43,1000000,5000,1.0,health_ec,15.0,17,850000,900000,96,healthy,99,recovery,0,12.5,16.8,18.8,200765,0.4,765,765,673,0,0,0
overlap_4pct,topk_k4_d4,topk_budgeted,4,0.1,0,4,0,dynamic_overlap_100d_4pct_hdd,100,43,1000000,5000,1.0,health_ec,15.0,18,900000,950000,96,healthy,99,healthy,0,12.5,16.8,18.8,200544,0.3,544,544,459,0,0,0
overlap_4pct,topk_k4_d4,topk_budgeted,4,0.1,0,4,0,dynamic_overlap_100d_4pct_hdd,100,43,1000000,5000,1.0,health_ec,15.0,19,950000,1000000,96,healthy,99,healthy,0,12.5,16.8,18.7,200307,0.2,307,307,257,0,0,0
overlap_4pct,topk_k4_d6,topk_budgeted,6,0.1,0,4,0,dynamic_overlap_100d_4pct_hdd,100,43,1000000,5000,1.0,health_ec,15.0,0,0,50000,96,healthy,99,healthy,0,12.5,16.8,18.8,200000,0.0,0,0,0,0,0,0
overlap_4pct,topk_k4_d6,topk_budgeted,6,0.1,0,4,0,dynamic_overlap_100d_4pct_hdd,100,43,1000000,5000,1.0,health_ec,15.0,1,50000,100000,96,healthy,99,healthy,0,12.5,16.8,18.9,200000,0.0,0,0,0,0,0,0
overlap_4pct,topk_k4_d6,topk_budgeted,6,0.1,0,4,0,dynamic_overlap_100d_4pct_hdd,100,43,1000000,5000,1.0,health_ec,15.0,2,100000,150000,96,healthy,99,healthy,0,12.5,16.8,18.8,200000,0.0,0,0,0,0,0,0
overlap_4pct,topk_k4_d6,topk_budgeted,6,0.1,0,4,0,dynamic_overlap_100d_4pct_hdd,100,43,1000000,5000,1.0,health_ec,15.0,3,150000,200000,96,mild_slow,99,healthy,1,12.5,17.0,20.6,200682,0.3,682,682,667,0,0,0
overlap_4pct,topk_k4_d6,topk_budgeted,6,0.1,0,4,0,dynamic_overlap_100d_4pct_hdd,100,43,1000000,5000,1.0,health_ec,15.0,4,200000,250000,96,mild_slow,99,healthy,1,12.5,17.0,19.6,200577,0.3,577,577,562,3,3,0
overlap_4pct,topk_k4_d6,topk_budgeted,6,0.1,0,4,0,dynamic_overlap_100d_4pct_hdd,100,43,1000000,5000,1.0,health_ec,15.0,5,250000,300000,96,mild_slow,99,healthy,2,12.5,17.3,22.0,201132,0.6,1132,1132,1120,0,0,0
overlap_4pct,topk_k4_d6,topk_budgeted,6,0.1,0,4,0,dynamic_overlap_100d_4pct_hdd,100,43,1000000,5000,1.0,health_ec,15.0,6,300000,350000,96,severe_slow,99,healthy,2,12.5,17.2,23.6,200836,0.4,836,836,834,2,2,0
overlap_4pct,topk_k4_d6,topk_budgeted,6,0.1,0,4,0,dynamic_overlap_100d_4pct_hdd,100,43,1000000,5000,1.0,health_ec,15.0,7,350000,400000,96,severe_slow,99,healthy,2,12.6,17.2,23.3,200845,0.4,845,845,845,1,1,0
overlap_4pct,topk_k4_d6,topk_budgeted,6,0.1,0,4,0,dynamic_overlap_100d_4pct_hdd,100,43,1000000,5000,1.0,health_ec,15.0,8,400000,450000,96,severe_slow,99,healthy,3,12.5,17.6,44.3,201604,0.8,1604,1604,1591,0,0,0
overlap_4pct,topk_k4_d6,topk_budgeted,6,0.1,0,4,0,dynamic_overlap_100d_4pct_hdd,100,43,1000000,5000,1.0,health_ec,15.0,9,450000,500000,96,severe_slow,99,healthy,3,12.6,17.6,44.7,201289,0.6,1289,1289,1283,2,2,0
overlap_4pct,topk_k4_d6,topk_budgeted,6,0.1,0,4,0,dynamic_overlap_100d_4pct_hdd,100,43,1000000,5000,1.0,health_ec,15.0,10,500000,550000,96,recovery,99,healthy,2,12.6,17.1,20.8,201318,0.7,1318,1318,1308,0,0,0
overlap_4pct,topk_k4_d6,topk_budgeted,6,0.1,0,4,0,dynamic_overlap_100d_4pct_hdd,100,43,1000000,5000,1.0,health_ec,15.0,11,550000,600000,96,recovery,99,mild_slow,3,12.6,17.7,35.1,201907,1.0,1907,1907,1869,1,0,0
overlap_4pct,topk_k4_d6,topk_budgeted,6,0.1,0,4,0,dynamic_overlap_100d_4pct_hdd,100,43,1000000,5000,1.0,health_ec,15.0,12,600000,650000,96,healthy,99,mild_slow,2,12.5,17.3,22.7,201397,0.7,1397,1397,1073,3,3,0
overlap_4pct,topk_k4_d6,topk_budgeted,6,0.1,0,4,0,dynamic_overlap_100d_4pct_hdd,100,43,1000000,5000,1.0,health_ec,15.0,13,650000,700000,96,healthy,99,mild_slow,2,12.6,17.3,23.2,201269,0.6,1269,1269,1043,0,0,0
overlap_4pct,topk_k4_d6,topk_budgeted,6,0.1,0,4,0,dynamic_overlap_100d_4pct_hdd,100,43,1000000,5000,1.0,health_ec,15.0,14,700000,750000,96,healthy,99,severe_slow,2,12.6,17.3,43.2,201183,0.6,1183,1183,1021,0,0,0
overlap_4pct,topk_k4_d6,topk_budgeted,6,0.1,0,4,0,dynamic_overlap_100d_4pct_hdd,100,43,1000000,5000,1.0,health_ec,15.0,15,750000,800000,96,healthy,99,severe_slow,1,12.5,16.9,19.1,200952,0.5,952,952,892,2,2,0
overlap_4pct,topk_k4_d6,topk_budgeted,6,0.1,0,4,0,dynamic_overlap_100d_4pct_hdd,100,43,1000000,5000,1.0,health_ec,15.0,16,800000,850000,96,healthy,99,severe_slow,1,12.5,16.9,19.2,200906,0.5,906,906,888,0,0,0
overlap_4pct,topk_k4_d6,topk_budgeted,6,0.1,0,4,0,dynamic_overlap_100d_4pct_hdd,100,43,1000000,5000,1.0,health_ec,15.0,17,850000,900000,96,healthy,99,recovery,0,12.5,16.8,18.8,200816,0.4,816,816,719,0,0,0
overlap_4pct,topk_k4_d6,topk_budgeted,6,0.1,0,4,0,dynamic_overlap_100d_4pct_hdd,100,43,1000000,5000,1.0,health_ec,15.0,18,900000,950000,96,healthy,99,healthy,0,12.5,16.8,18.8,200544,0.3,544,544,459,0,0,0
overlap_4pct,topk_k4_d6,topk_budgeted,6,0.1,0,4,0,dynamic_overlap_100d_4pct_hdd,100,43,1000000,5000,1.0,health_ec,15.0,19,950000,1000000,96,healthy,99,healthy,0,12.5,16.8,18.7,200307,0.2,307,307,257,0,0,0
overlap_4pct,hybrid_w2_k2_d4_c1,hybrid,4,0.1,2,2,1,dynamic_overlap_100d_4pct_hdd,100,43,1000000,5000,1.0,health_ec,15.0,0,0,50000,96,healthy,99,healthy,0,12.5,16.8,18.8,200000,0.0,0,0,0,0,0,0
overlap_4pct,hybrid_w2_k2_d4_c1,hybrid,4,0.1,2,2,1,dynamic_overlap_100d_4pct_hdd,100,43,1000000,5000,1.0,health_ec,15.0,1,50000,100000,96,healthy,99,healthy,0,12.5,16.8,18.9,200000,0.0,0,0,0,0,0,0
overlap_4pct,hybrid_w2_k2_d4_c1,hybrid,4,0.1,2,2,1,dynamic_overlap_100d_4pct_hdd,100,43,1000000,5000,1.0,health_ec,15.0,2,100000,150000,96,healthy,99,healthy,0,12.5,16.8,18.8,200000,0.0,0,0,0,0,0,0
overlap_4pct,hybrid_w2_k2_d4_c1,hybrid,4,0.1,2,2,1,dynamic_overlap_100d_4pct_hdd,100,43,1000000,5000,1.0,health_ec,15.0,3,150000,200000,96,mild_slow,99,healthy,1,12.5,17.0,20.6,200682,0.3,682,682,667,0,0,0
overlap_4pct,hybrid_w2_k2_d4_c1,hybrid,4,0.1,2,2,1,dynamic_overlap_100d_4pct_hdd,100,43,1000000,5000,1.0,health_ec,15.0,4,200000,250000,96,mild_slow,99,healthy,1,12.5,17.0,19.6,201080,0.5,1080,1080,1052,0,0,0
overlap_4pct,hybrid_w2_k2_d4_c1,hybrid,4,0.1,2,2,1,dynamic_overlap_100d_4pct_hdd,100,43,1000000,5000,1.0,health_ec,15.0,5,250000,300000,96,mild_slow,99,healthy,2,12.5,17.3,22.4,201132,0.6,1132,1132,1120,2,2,0
overlap_4pct,hybrid_w2_k2_d4_c1,hybrid,4,0.1,2,2,1,dynamic_overlap_100d_4pct_hdd,100,43,1000000,5000,1.0,health_ec,15.0,6,300000,350000,96,severe_slow,99,healthy,2,12.5,17.2,23.6,201261,0.6,1261,1261,1246,1,0,0
overlap_4pct,hybrid_w2_k2_d4_c1,hybrid,4,0.1,2,2,1,dynamic_overlap_100d_4pct_hdd,100,43,1000000,5000,1.0,health_ec,15.0,7,350000,400000,96,severe_slow,99,healthy,2,12.6,17.2,23.3,200940,0.5,940,940,939,2,2,0
overlap_4pct,hybrid_w2_k2_d4_c1,hybrid,4,0.1,2,2,1,dynamic_overlap_100d_4pct_hdd,100,43,1000000,5000,1.0,health_ec,15.0,8,400000,450000,96,severe_slow,99,healthy,3,12.5,17.5,43.0,201604,0.8,1604,1604,1591,2,1,0
overlap_4pct,hybrid_w2_k2_d4_c1,hybrid,4,0.1,2,2,1,dynamic_overlap_100d_4pct_hdd,100,43,1000000,5000,1.0,health_ec,15.0,9,450000,500000,96,severe_slow,99,healthy,3,12.6,17.5,42.1,201721,0.9,1721,1721,1704,2,2,0
overlap_4pct,hybrid_w2_k2_d4_c1,hybrid,4,0.1,2,2,1,dynamic_overlap_100d_4pct_hdd,100,43,1000000,5000,1.0,health_ec,15.0,10,500000,550000,96,recovery,99,healthy,2,12.6,17.1,20.8,201282,0.6,1282,1282,1268,2,2,0
overlap_4pct,hybrid_w2_k2_d4_c1,hybrid,4,0.1,2,2,1,dynamic_overlap_100d_4pct_hdd,100,43,1000000,5000,1.0,health_ec,15.0,11,550000,600000,96,recovery,99,mild_slow,3,12.6,17.7,33.9,201828,0.9,1828,1828,1792,2,1,0
overlap_4pct,hybrid_w2_k2_d4_c1,hybrid,4,0.1,2,2,1,dynamic_overlap_100d_4pct_hdd,100,43,1000000,5000,1.0,health_ec,15.0,12,600000,650000,96,healthy,99,mild_slow,2,12.5,17.2,22.4,201862,0.9,1862,1862,1537,2,2,0
overlap_4pct,hybrid_w2_k2_d4_c1,hybrid,4,0.1,2,2,1,dynamic_overlap_100d_4pct_hdd,100,43,1000000,5000,1.0,health_ec,15.0,13,650000,700000,96,healthy,99,mild_slow,2,12.6,17.3,22.8,201263,0.6,1263,1263,1042,2,2,0
overlap_4pct,hybrid_w2_k2_d4_c1,hybrid,4,0.1,2,2,1,dynamic_overlap_100d_4pct_hdd,100,43,1000000,5000,1.0,health_ec,15.0,14,700000,750000,96,healthy,99,severe_slow,2,12.6,17.3,42.0,201012,0.5,1012,1012,861,2,0,0
overlap_4pct,hybrid_w2_k2_d4_c1,hybrid,4,0.1,2,2,1,dynamic_overlap_100d_4pct_hdd,100,43,1000000,5000,1.0,health_ec,15.0,15,750000,800000,96,healthy,99,severe_slow,1,12.5,16.9,19.1,200881,0.4,881,881,825,2,1,1
overlap_4pct,hybrid_w2_k2_d4_c1,hybrid,4,0.1,2,2,1,dynamic_overlap_100d_4pct_hdd,100,43,1000000,5000,1.0,health_ec,15.0,16,800000,850000,96,healthy,99,severe_slow,1,12.5,16.9,19.1,200818,0.4,818,818,800,1,1,0
overlap_4pct,hybrid_w2_k2_d4_c1,hybrid,4,0.1,2,2,1,dynamic_overlap_100d_4pct_hdd,100,43,1000000,5000,1.0,health_ec,15.0,17,850000,900000,96,healthy,99,recovery,0,12.5,16.8,18.8,200765,0.4,765,765,673,0,0,0
overlap_4pct,hybrid_w2_k2_d4_c1,hybrid,4,0.1,2,2,1,dynamic_overlap_100d_4pct_hdd,100,43,1000000,5000,1.0,health_ec,15.0,18,900000,950000,96,healthy,99,healthy,0,12.5,16.8,18.8,200544,0.3,544,544,459,0,0,0
overlap_4pct,hybrid_w2_k2_d4_c1,hybrid,4,0.1,2,2,1,dynamic_overlap_100d_4pct_hdd,100,43,1000000,5000,1.0,health_ec,15.0,19,950000,1000000,96,healthy,99,healthy,0,12.5,16.8,18.7,200307,0.2,307,307,257,0,0,0
overlap_4pct,hybrid_w2_k4_d4_c1,hybrid,4,0.1,2,4,1,dynamic_overlap_100d_4pct_hdd,100,43,1000000,5000,1.0,health_ec,15.0,0,0,50000,96,healthy,99,healthy,0,12.5,16.8,18.8,200000,0.0,0,0,0,0,0,0
overlap_4pct,hybrid_w2_k4_d4_c1,hybrid,4,0.1,2,4,1,dynamic_overlap_100d_4pct_hdd,100,43,1000000,5000,1.0,health_ec,15.0,1,50000,100000,96,healthy,99,healthy,0,12.5,16.8,18.9,200000,0.0,0,0,0,0,0,0
overlap_4pct,hybrid_w2_k4_d4_c1,hybrid,4,0.1,2,4,1,dynamic_overlap_100d_4pct_hdd,100,43,1000000,5000,1.0,health_ec,15.0,2,100000,150000,96,healthy,99,healthy,0,12.5,16.8,18.8,200000,0.0,0,0,0,0,0,0
overlap_4pct,hybrid_w2_k4_d4_c1,hybrid,4,0.1,2,4,1,dynamic_overlap_100d_4pct_hdd,100,43,1000000,5000,1.0,health_ec,15.0,3,150000,200000,96,mild_slow,99,healthy,1,12.5,17.0,20.6,200682,0.3,682,682,667,0,0,0
overlap_4pct,hybrid_w2_k4_d4_c1,hybrid,4,0.1,2,4,1,dynamic_overlap_100d_4pct_hdd,100,43,1000000,5000,1.0,health_ec,15.0,4,200000,250000,96,mild_slow,99,healthy,1,12.5,17.0,19.6,201080,0.5,1080,1080,1052,0,0,0
overlap_4pct,hybrid_w2_k4_d4_c1,hybrid,4,0.1,2,4,1,dynamic_overlap_100d_4pct_hdd,100,43,1000000,5000,1.0,health_ec,15.0,5,250000,300000,96,mild_slow,99,healthy,2,12.5,17.3,22.1,201131,0.6,1131,1131,1118,3,3,0
overlap_4pct,hybrid_w2_k4_d4_c1,hybrid,4,0.1,2,4,1,dynamic_overlap_100d_4pct_hdd,100,43,1000000,5000,1.0,health_ec,15.0,6,300000,350000,96,severe_slow,99,healthy,2,12.5,17.2,23.6,201261,0.6,1261,1261,1246,0,0,0
overlap_4pct,hybrid_w2_k4_d4_c1,hybrid,4,0.1,2,4,1,dynamic_overlap_100d_4pct_hdd,100,43,1000000,5000,1.0,health_ec,15.0,7,350000,400000,96,severe_slow,99,healthy,2,12.6,17.2,22.9,200845,0.4,845,845,845,4,4,0
overlap_4pct,hybrid_w2_k4_d4_c1,hybrid,4,0.1,2,4,1,dynamic_overlap_100d_4pct_hdd,100,43,1000000,5000,1.0,health_ec,15.0,8,400000,450000,96,severe_slow,99,healthy,3,12.5,17.5,42.1,201604,0.8,1604,1604,1590,1,1,0
overlap_4pct,hybrid_w2_k4_d4_c1,hybrid,4,0.1,2,4,1,dynamic_overlap_100d_4pct_hdd,100,43,1000000,5000,1.0,health_ec,15.0,9,450000,500000,96,severe_slow,99,healthy,3,12.6,17.5,41.8,201721,0.9,1721,1721,1702,2,2,0
overlap_4pct,hybrid_w2_k4_d4_c1,hybrid,4,0.1,2,4,1,dynamic_overlap_100d_4pct_hdd,100,43,1000000,5000,1.0,health_ec,15.0,10,500000,550000,96,recovery,99,healthy,2,12.6,17.1,20.6,201198,0.6,1198,1198,1186,3,3,0
overlap_4pct,hybrid_w2_k4_d4_c1,hybrid,4,0.1,2,4,1,dynamic_overlap_100d_4pct_hdd,100,43,1000000,5000,1.0,health_ec,15.0,11,550000,600000,96,recovery,99,mild_slow,3,12.6,17.6,33.9,201872,0.9,1872,1872,1836,0,0,0
overlap_4pct,hybrid_w2_k4_d4_c1,hybrid,4,0.1,2,4,1,dynamic_overlap_100d_4pct_hdd,100,43,1000000,5000,1.0,health_ec,15.0,12,600000,650000,96,healthy,99,mild_slow,2,12.5,17.2,22.4,201862,0.9,1862,1862,1536,2,2,0
overlap_4pct,hybrid_w2_k4_d4_c1,hybrid,4,0.1,2,4,1,dynamic_overlap_100d_4pct_hdd,100,43,1000000,5000,1.0,health_ec,15.0,13,650000,700000,96,healthy,99,mild_slow,2,12.6,17.3,22.8,201123,0.6,1123,1123,907,4,4,0
overlap_4pct,hybrid_w2_k4_d4_c1,hybrid,4,0.1,2,4,1,dynamic_overlap_100d_4pct_hdd,100,43,1000000,5000,1.0,health_ec,15.0,14,700000,750000,96,healthy,99,severe_slow,2,12.6,17.3,40.9,201012,0.5,1012,1012,861,1,1,0
overlap_4pct,hybrid_w2_k4_d4_c1,hybrid,4,0.1,2,4,1,dynamic_overlap_100d_4pct_hdd,100,43,1000000,5000,1.0,health_ec,15.0,15,750000,800000,96,healthy,99,severe_slow,1,12.5,16.9,19.1,200840,0.4,840,840,784,2,2,0
overlap_4pct,hybrid_w2_k4_d4_c1,hybrid,4,0.1,2,4,1,dynamic_overlap_100d_4pct_hdd,100,43,1000000,5000,1.0,health_ec,15.0,16,800000,850000,96,healthy,99,severe_slow,1,12.5,16.9,19.1,200818,0.4,818,818,800,0,0,0
overlap_4pct,hybrid_w2_k4_d4_c1,hybrid,4,0.1,2,4,1,dynamic_overlap_100d_4pct_hdd,100,43,1000000,5000,1.0,health_ec,15.0,17,850000,900000,96,healthy,99,recovery,0,12.5,16.8,18.8,200765,0.4,765,765,673,0,0,0
overlap_4pct,hybrid_w2_k4_d4_c1,hybrid,4,0.1,2,4,1,dynamic_overlap_100d_4pct_hdd,100,43,1000000,5000,1.0,health_ec,15.0,18,900000,950000,96,healthy,99,healthy,0,12.5,16.8,18.8,200544,0.3,544,544,459,0,0,0
overlap_4pct,hybrid_w2_k4_d4_c1,hybrid,4,0.1,2,4,1,dynamic_overlap_100d_4pct_hdd,100,43,1000000,5000,1.0,health_ec,15.0,19,950000,1000000,96,healthy,99,healthy,0,12.5,16.8,18.7,200307,0.2,307,307,257,0,0,0
overlap_4pct,vanilla_ec,baseline,,,,,,dynamic_overlap_100d_4pct_hdd,100,44,1000000,5000,1.0,vanilla_ec,15.0,0,0,50000,96,healthy,99,healthy,0,12.5,16.8,18.8,200000,0.0,0,0,0,0,0,0
overlap_4pct,vanilla_ec,baseline,,,,,,dynamic_overlap_100d_4pct_hdd,100,44,1000000,5000,1.0,vanilla_ec,15.0,1,50000,100000,96,healthy,99,healthy,0,12.5,16.8,18.7,200000,0.0,0,0,0,0,0,0
overlap_4pct,vanilla_ec,baseline,,,,,,dynamic_overlap_100d_4pct_hdd,100,44,1000000,5000,1.0,vanilla_ec,15.0,2,100000,150000,96,healthy,99,healthy,0,12.5,16.8,18.8,200000,0.0,0,0,0,0,0,0
overlap_4pct,vanilla_ec,baseline,,,,,,dynamic_overlap_100d_4pct_hdd,100,44,1000000,5000,1.0,vanilla_ec,15.0,3,150000,200000,96,mild_slow,99,healthy,1,12.6,17.7,27.0,200000,0.0,0,0,0,0,0,0
overlap_4pct,vanilla_ec,baseline,,,,,,dynamic_overlap_100d_4pct_hdd,100,44,1000000,5000,1.0,vanilla_ec,15.0,4,200000,250000,96,mild_slow,99,healthy,1,12.6,17.6,27.3,200000,0.0,0,0,0,0,0,0
overlap_4pct,vanilla_ec,baseline,,,,,,dynamic_overlap_100d_4pct_hdd,100,44,1000000,5000,1.0,vanilla_ec,15.0,5,250000,300000,96,mild_slow,99,healthy,2,12.6,17.8,31.2,200000,0.0,0,0,0,0,0,0
overlap_4pct,vanilla_ec,baseline,,,,,,dynamic_overlap_100d_4pct_hdd,100,44,1000000,5000,1.0,vanilla_ec,15.0,6,300000,350000,96,severe_slow,99,healthy,2,12.6,17.9,63.4,200000,0.0,0,0,0,0,0,0
overlap_4pct,vanilla_ec,baseline,,,,,,dynamic_overlap_100d_4pct_hdd,100,44,1000000,5000,1.0,vanilla_ec,15.0,7,350000,400000,96,severe_slow,99,healthy,2,12.6,17.9,63.0,200000,0.0,0,0,0,0,0,0
overlap_4pct,vanilla_ec,baseline,,,,,,dynamic_overlap_100d_4pct_hdd,100,44,1000000,5000,1.0,vanilla_ec,15.0,8,400000,450000,96,severe_slow,99,healthy,3,12.6,18.5,72.4,200000,0.0,0,0,0,0,0,0
overlap_4pct,vanilla_ec,baseline,,,,,,dynamic_overlap_100d_4pct_hdd,100,44,1000000,5000,1.0,vanilla_ec,15.0,9,450000,500000,96,severe_slow,99,healthy,3,12.6,18.5,72.3,200000,0.0,0,0,0,0,0,0
overlap_4pct,vanilla_ec,baseline,,,,,,dynamic_overlap_100d_4pct_hdd,100,44,1000000,5000,1.0,vanilla_ec,15.0,10,500000,550000,96,recovery,99,healthy,2,12.6,18.7,63.0,200000,0.0,0,0,0,0,0,0
overlap_4pct,vanilla_ec,baseline,,,,,,dynamic_overlap_100d_4pct_hdd,100,44,1000000,5000,1.0,vanilla_ec,15.0,11,550000,600000,96,recovery,99,mild_slow,3,12.6,19.0,73.2,200000,0.0,0,0,0,0,0,0
overlap_4pct,vanilla_ec,baseline,,,,,,dynamic_overlap_100d_4pct_hdd,100,44,1000000,5000,1.0,vanilla_ec,15.0,12,600000,650000,96,healthy,99,mild_slow,2,12.6,18.1,65.2,200000,0.0,0,0,0,0,0,0
overlap_4pct,vanilla_ec,baseline,,,,,,dynamic_overlap_100d_4pct_hdd,100,44,1000000,5000,1.0,vanilla_ec,15.0,13,650000,700000,96,healthy,99,mild_slow,2,12.6,18.1,65.2,200000,0.0,0,0,0,0,0,0
overlap_4pct,vanilla_ec,baseline,,,,,,dynamic_overlap_100d_4pct_hdd,100,44,1000000,5000,1.0,vanilla_ec,15.0,14,700000,750000,96,healthy,99,severe_slow,2,12.6,17.9,72.4,200000,0.0,0,0,0,0,0,0
overlap_4pct,vanilla_ec,baseline,,,,,,dynamic_overlap_100d_4pct_hdd,100,44,1000000,5000,1.0,vanilla_ec,15.0,15,750000,800000,96,healthy,99,severe_slow,1,12.6,17.9,63.4,200000,0.0,0,0,0,0,0,0
overlap_4pct,vanilla_ec,baseline,,,,,,dynamic_overlap_100d_4pct_hdd,100,44,1000000,5000,1.0,vanilla_ec,15.0,16,800000,850000,96,healthy,99,severe_slow,1,12.6,18.0,63.2,200000,0.0,0,0,0,0,0,0
overlap_4pct,vanilla_ec,baseline,,,,,,dynamic_overlap_100d_4pct_hdd,100,44,1000000,5000,1.0,vanilla_ec,15.0,17,850000,900000,96,healthy,99,recovery,0,12.5,17.0,19.3,200000,0.0,0,0,0,0,0,0
overlap_4pct,vanilla_ec,baseline,,,,,,dynamic_overlap_100d_4pct_hdd,100,44,1000000,5000,1.0,vanilla_ec,15.0,18,900000,950000,96,healthy,99,healthy,0,12.5,16.9,18.8,200000,0.0,0,0,0,0,0,0
overlap_4pct,vanilla_ec,baseline,,,,,,dynamic_overlap_100d_4pct_hdd,100,44,1000000,5000,1.0,vanilla_ec,15.0,19,950000,1000000,96,healthy,99,healthy,0,12.5,16.9,18.9,200000,0.0,0,0,0,0,0,0
overlap_4pct,late_binding,baseline,,,,,,dynamic_overlap_100d_4pct_hdd,100,44,1000000,5000,1.0,late_binding,15.0,0,0,50000,96,healthy,99,healthy,0,10.7,14.0,15.4,250000,25.0,50000,50000,39978,0,0,0
overlap_4pct,late_binding,baseline,,,,,,dynamic_overlap_100d_4pct_hdd,100,44,1000000,5000,1.0,late_binding,15.0,1,50000,100000,96,healthy,99,healthy,0,10.7,14.0,15.4,250000,25.0,50000,50000,40008,0,0,0
overlap_4pct,late_binding,baseline,,,,,,dynamic_overlap_100d_4pct_hdd,100,44,1000000,5000,1.0,late_binding,15.0,2,100000,150000,96,healthy,99,healthy,0,10.7,14.0,15.5,250000,25.0,50000,50000,39927,0,0,0
overlap_4pct,late_binding,baseline,,,,,,dynamic_overlap_100d_4pct_hdd,100,44,1000000,5000,1.0,late_binding,15.0,3,150000,200000,96,mild_slow,99,healthy,1,10.8,14.2,15.8,250000,25.0,50000,50000,39912,0,0,0
overlap_4pct,late_binding,baseline,,,,,,dynamic_overlap_100d_4pct_hdd,100,44,1000000,5000,1.0,late_binding,15.0,4,200000,250000,96,mild_slow,99,healthy,1,10.8,14.2,15.8,250000,25.0,50000,50000,39909,0,0,0
overlap_4pct,late_binding,baseline,,,,,,dynamic_overlap_100d_4pct_hdd,100,44,1000000,5000,1.0,late_binding,15.0,5,250000,300000,96,mild_slow,99,healthy,2,10.8,14.6,22.7,250000,25.0,50000,50000,39804,0,0,0
overlap_4pct,late_binding,baseline,,,,,,dynamic_overlap_100d_4pct_hdd,100,44,1000000,5000,1.0,late_binding,15.0,6,300000,350000,96,severe_slow,99,healthy,2,10.8,14.8,26.7,250000,25.0,50000,50000,39718,0,0,0
overlap_4pct,late_binding,baseline,,,,,,dynamic_overlap_100d_4pct_hdd,100,44,1000000,5000,1.0,late_binding,15.0,7,350000,400000,96,severe_slow,99,healthy,2,10.8,14.7,26.6,250000,25.0,50000,50000,39657,0,0,0
overlap_4pct,late_binding,baseline,,,,,,dynamic_overlap_100d_4pct_hdd,100,44,1000000,5000,1.0,late_binding,15.0,8,400000,450000,96,severe_slow,99,healthy,3,10.8,15.0,51.2,250000,25.0,50000,50000,39857,0,0,0
overlap_4pct,late_binding,baseline,,,,,,dynamic_overlap_100d_4pct_hdd,100,44,1000000,5000,1.0,late_binding,15.0,9,450000,500000,96,severe_slow,99,healthy,3,10.8,14.9,50.7,250000,25.0,50000,50000,40003,0,0,0
overlap_4pct,late_binding,baseline,,,,,,dynamic_overlap_100d_4pct_hdd,100,44,1000000,5000,1.0,late_binding,15.0,10,500000,550000,96,recovery,99,healthy,2,10.8,14.8,27.1,250000,25.0,50000,50000,40135,0,0,0
overlap_4pct,late_binding,baseline,,,,,,dynamic_overlap_100d_4pct_hdd,100,44,1000000,5000,1.0,late_binding,15.0,11,550000,600000,96,recovery,99,mild_slow,3,10.8,15.4,51.8,250000,25.0,50000,50000,39932,0,0,0
overlap_4pct,late_binding,baseline,,,,,,dynamic_overlap_100d_4pct_hdd,100,44,1000000,5000,1.0,late_binding,15.0,12,600000,650000,96,healthy,99,mild_slow,2,10.8,15.0,27.6,250000,25.0,50000,50000,39862,0,0,0
overlap_4pct,late_binding,baseline,,,,,,dynamic_overlap_100d_4pct_hdd,100,44,1000000,5000,1.0,late_binding,15.0,13,650000,700000,96,healthy,99,mild_slow,2,10.8,15.0,27.6,250000,25.0,50000,50000,39737,0,0,0
overlap_4pct,late_binding,baseline,,,,,,dynamic_overlap_100d_4pct_hdd,100,44,1000000,5000,1.0,late_binding,15.0,14,700000,750000,96,healthy,99,severe_slow,2,10.8,14.9,51.7,250000,25.0,50000,50000,39944,0,0,0
overlap_4pct,late_binding,baseline,,,,,,dynamic_overlap_100d_4pct_hdd,100,44,1000000,5000,1.0,late_binding,15.0,15,750000,800000,96,healthy,99,severe_slow,1,10.8,14.4,16.7,250000,25.0,50000,50000,40032,0,0,0
overlap_4pct,late_binding,baseline,,,,,,dynamic_overlap_100d_4pct_hdd,100,44,1000000,5000,1.0,late_binding,15.0,16,800000,850000,96,healthy,99,severe_slow,1,10.7,14.4,16.7,250000,25.0,50000,50000,40125,0,0,0
overlap_4pct,late_binding,baseline,,,,,,dynamic_overlap_100d_4pct_hdd,100,44,1000000,5000,1.0,late_binding,15.0,17,850000,900000,96,healthy,99,recovery,0,10.7,14.0,15.5,250000,25.0,50000,50000,40047,0,0,0
overlap_4pct,late_binding,baseline,,,,,,dynamic_overlap_100d_4pct_hdd,100,44,1000000,5000,1.0,late_binding,15.0,18,900000,950000,96,healthy,99,healthy,0,10.7,14.0,15.5,250000,25.0,50000,50000,39817,0,0,0
overlap_4pct,late_binding,baseline,,,,,,dynamic_overlap_100d_4pct_hdd,100,44,1000000,5000,1.0,late_binding,15.0,19,950000,1000000,96,healthy,99,healthy,0,10.7,14.0,15.5,250000,25.0,50000,50000,40068,0,0,0
overlap_4pct,timeout_degraded_read,baseline,,,,,,dynamic_overlap_100d_4pct_hdd,100,44,1000000,5000,1.0,timeout_degraded_read,15.0,0,0,50000,96,healthy,99,healthy,0,12.5,16.8,18.8,208033,4.0,8033,8033,184,0,0,0
overlap_4pct,timeout_degraded_read,baseline,,,,,,dynamic_overlap_100d_4pct_hdd,100,44,1000000,5000,1.0,timeout_degraded_read,15.0,1,50000,100000,96,healthy,99,healthy,0,12.5,16.8,18.7,208137,4.1,8137,8137,165,0,0,0
overlap_4pct,timeout_degraded_read,baseline,,,,,,dynamic_overlap_100d_4pct_hdd,100,44,1000000,5000,1.0,timeout_degraded_read,15.0,2,100000,150000,96,healthy,99,healthy,0,12.5,16.8,18.7,208104,4.1,8104,8104,193,0,0,0
overlap_4pct,timeout_degraded_read,baseline,,,,,,dynamic_overlap_100d_4pct_hdd,100,44,1000000,5000,1.0,timeout_degraded_read,15.0,3,150000,200000,96,mild_slow,99,healthy,1,12.6,17.6,22.8,209052,4.5,9052,9052,894,0,0,0
overlap_4pct,timeout_degraded_read,baseline,,,,,,dynamic_overlap_100d_4pct_hdd,100,44,1000000,5000,1.0,timeout_degraded_read,15.0,4,200000,250000,96,mild_slow,99,healthy,1,12.6,17.5,22.9,209207,4.6,9207,9207,887,0,0,0
overlap_4pct,timeout_degraded_read,baseline,,,,,,dynamic_overlap_100d_4pct_hdd,100,44,1000000,5000,1.0,timeout_degraded_read,15.0,5,250000,300000,96,mild_slow,99,healthy,2,12.6,17.7,25.6,209151,4.6,9151,9151,1211,0,0,0
overlap_4pct,timeout_degraded_read,baseline,,,,,,dynamic_overlap_100d_4pct_hdd,100,44,1000000,5000,1.0,timeout_degraded_read,15.0,6,300000,350000,96,severe_slow,99,healthy,2,12.6,17.9,28.5,209357,4.7,9357,9357,1593,0,0,0
overlap_4pct,timeout_degraded_read,baseline,,,,,,dynamic_overlap_100d_4pct_hdd,100,44,1000000,5000,1.0,timeout_degraded_read,15.0,7,350000,400000,96,severe_slow,99,healthy,2,12.6,17.8,28.3,209355,4.7,9355,9355,1505,0,0,0
overlap_4pct,timeout_degraded_read,baseline,,,,,,dynamic_overlap_100d_4pct_hdd,100,44,1000000,5000,1.0,timeout_degraded_read,15.0,8,400000,450000,96,severe_slow,99,healthy,3,12.6,18.4,51.4,209814,4.9,9814,9814,1839,0,0,0
overlap_4pct,timeout_degraded_read,baseline,,,,,,dynamic_overlap_100d_4pct_hdd,100,44,1000000,5000,1.0,timeout_degraded_read,15.0,9,450000,500000,96,severe_slow,99,healthy,3,12.6,18.4,51.2,209729,4.9,9729,9729,1858,0,0,0
overlap_4pct,timeout_degraded_read,baseline,,,,,,dynamic_overlap_100d_4pct_hdd,100,44,1000000,5000,1.0,timeout_degraded_read,15.0,10,500000,550000,96,recovery,99,healthy,2,12.6,18.5,33.4,209898,4.9,9898,9898,1847,0,0,0
overlap_4pct,timeout_degraded_read,baseline,,,,,,dynamic_overlap_100d_4pct_hdd,100,44,1000000,5000,1.0,timeout_degraded_read,15.0,11,550000,600000,96,recovery,99,mild_slow,3,12.6,19.0,54.6,209880,4.9,9880,9880,1880,0,0,0
overlap_4pct,timeout_degraded_read,baseline,,,,,,dynamic_overlap_100d_4pct_hdd,100,44,1000000,5000,1.0,timeout_degraded_read,15.0,12,600000,650000,96,healthy,99,mild_slow,2,12.6,18.0,29.1,209664,4.8,9664,9664,1720,0,0,0
overlap_4pct,timeout_degraded_read,baseline,,,,,,dynamic_overlap_100d_4pct_hdd,100,44,1000000,5000,1.0,timeout_degraded_read,15.0,13,650000,700000,96,healthy,99,mild_slow,2,12.6,18.0,28.8,209349,4.7,9349,9349,1671,0,0,0
overlap_4pct,timeout_degraded_read,baseline,,,,,,dynamic_overlap_100d_4pct_hdd,100,44,1000000,5000,1.0,timeout_degraded_read,15.0,14,700000,750000,96,healthy,99,severe_slow,2,12.6,17.9,51.7,209237,4.6,9237,9237,1660,0,0,0
overlap_4pct,timeout_degraded_read,baseline,,,,,,dynamic_overlap_100d_4pct_hdd,100,44,1000000,5000,1.0,timeout_degraded_read,15.0,15,750000,800000,96,healthy,99,severe_slow,1,12.6,17.8,25.1,209309,4.7,9309,9309,1573,0,0,0
overlap_4pct,timeout_degraded_read,baseline,,,,,,dynamic_overlap_100d_4pct_hdd,100,44,1000000,5000,1.0,timeout_degraded_read,15.0,16,800000,850000,96,healthy,99,severe_slow,1,12.6,17.9,25.5,209283,4.6,9283,9283,1626,0,0,0
overlap_4pct,timeout_degraded_read,baseline,,,,,,dynamic_overlap_100d_4pct_hdd,100,44,1000000,5000,1.0,timeout_degraded_read,15.0,17,850000,900000,96,healthy,99,recovery,0,12.5,17.0,19.2,208470,4.2,8470,8470,232,0,0,0
overlap_4pct,timeout_degraded_read,baseline,,,,,,dynamic_overlap_100d_4pct_hdd,100,44,1000000,5000,1.0,timeout_degraded_read,15.0,18,900000,950000,96,healthy,99,healthy,0,12.5,16.8,18.8,208090,4.0,8090,8090,175,0,0,0
overlap_4pct,timeout_degraded_read,baseline,,,,,,dynamic_overlap_100d_4pct_hdd,100,44,1000000,5000,1.0,timeout_degraded_read,15.0,19,950000,1000000,96,healthy,99,healthy,0,12.5,16.8,18.8,208183,4.1,8183,8183,197,0,0,0
overlap_4pct,t28_default,default,12,0.05,0,0,0,dynamic_overlap_100d_4pct_hdd,100,44,1000000,5000,1.0,health_ec,15.0,0,0,50000,96,healthy,99,healthy,0,12.5,16.8,18.8,200000,0.0,0,0,0,0,0,0
overlap_4pct,t28_default,default,12,0.05,0,0,0,dynamic_overlap_100d_4pct_hdd,100,44,1000000,5000,1.0,health_ec,15.0,1,50000,100000,96,healthy,99,healthy,0,12.5,16.8,18.7,200000,0.0,0,0,0,0,0,0
overlap_4pct,t28_default,default,12,0.05,0,0,0,dynamic_overlap_100d_4pct_hdd,100,44,1000000,5000,1.0,health_ec,15.0,2,100000,150000,96,healthy,99,healthy,0,12.5,16.8,18.8,200000,0.0,0,0,0,0,0,0
overlap_4pct,t28_default,default,12,0.05,0,0,0,dynamic_overlap_100d_4pct_hdd,100,44,1000000,5000,1.0,health_ec,15.0,3,150000,200000,96,mild_slow,99,healthy,1,12.5,17.2,20.5,200533,0.3,533,533,523,1,1,0
overlap_4pct,t28_default,default,12,0.05,0,0,0,dynamic_overlap_100d_4pct_hdd,100,44,1000000,5000,1.0,health_ec,15.0,4,200000,250000,96,mild_slow,99,healthy,1,12.5,17.0,19.4,200755,0.4,755,755,737,0,0,0
overlap_4pct,t28_default,default,12,0.05,0,0,0,dynamic_overlap_100d_4pct_hdd,100,44,1000000,5000,1.0,health_ec,15.0,5,250000,300000,96,mild_slow,99,healthy,2,12.5,17.3,23.0,200829,0.4,829,829,826,1,1,0
overlap_4pct,t28_default,default,12,0.05,0,0,0,dynamic_overlap_100d_4pct_hdd,100,44,1000000,5000,1.0,health_ec,15.0,6,300000,350000,96,severe_slow,99,healthy,2,12.6,17.4,26.2,200972,0.5,972,972,972,0,0,0
overlap_4pct,t28_default,default,12,0.05,0,0,0,dynamic_overlap_100d_4pct_hdd,100,44,1000000,5000,1.0,health_ec,15.0,7,350000,400000,96,severe_slow,99,healthy,2,12.6,17.4,24.8,200979,0.5,979,979,978,0,0,0
overlap_4pct,t28_default,default,12,0.05,0,0,0,dynamic_overlap_100d_4pct_hdd,100,44,1000000,5000,1.0,health_ec,15.0,8,400000,450000,96,severe_slow,99,healthy,3,12.6,17.8,47.3,201414,0.7,1414,1414,1407,1,1,0
overlap_4pct,t28_default,default,12,0.05,0,0,0,dynamic_overlap_100d_4pct_hdd,100,44,1000000,5000,1.0,health_ec,15.0,9,450000,500000,96,severe_slow,99,healthy,3,12.6,17.5,46.5,201536,0.8,1536,1536,1524,0,0,0
overlap_4pct,t28_default,default,12,0.05,0,0,0,dynamic_overlap_100d_4pct_hdd,100,44,1000000,5000,1.0,health_ec,15.0,10,500000,550000,96,recovery,99,healthy,2,12.6,17.2,21.8,201645,0.8,1645,1645,1632,0,0,0
overlap_4pct,t28_default,default,12,0.05,0,0,0,dynamic_overlap_100d_4pct_hdd,100,44,1000000,5000,1.0,health_ec,15.0,11,550000,600000,96,recovery,99,mild_slow,3,12.6,17.9,38.1,201770,0.9,1770,1770,1715,2,1,0
overlap_4pct,t28_default,default,12,0.05,0,0,0,dynamic_overlap_100d_4pct_hdd,100,44,1000000,5000,1.0,health_ec,15.0,12,600000,650000,96,healthy,99,mild_slow,2,12.6,17.4,24.8,201637,0.8,1637,1637,1279,0,0,0
overlap_4pct,t28_default,default,12,0.05,0,0,0,dynamic_overlap_100d_4pct_hdd,100,44,1000000,5000,1.0,health_ec,15.0,13,650000,700000,96,healthy,99,mild_slow,2,12.6,17.4,24.4,201449,0.7,1449,1449,1220,0,0,0
overlap_4pct,t28_default,default,12,0.05,0,0,0,dynamic_overlap_100d_4pct_hdd,100,44,1000000,5000,1.0,health_ec,15.0,14,700000,750000,96,healthy,99,severe_slow,2,12.6,17.4,46.2,201174,0.6,1174,1174,1023,1,1,0
overlap_4pct,t28_default,default,12,0.05,0,0,0,dynamic_overlap_100d_4pct_hdd,100,44,1000000,5000,1.0,health_ec,15.0,15,750000,800000,96,healthy,99,severe_slow,1,12.5,16.9,19.0,201038,0.5,1038,1038,1003,0,0,0
overlap_4pct,t28_default,default,12,0.05,0,0,0,dynamic_overlap_100d_4pct_hdd,100,44,1000000,5000,1.0,health_ec,15.0,16,800000,850000,96,healthy,99,severe_slow,1,12.5,17.0,19.2,201048,0.5,1048,1048,1026,0,0,0
overlap_4pct,t28_default,default,12,0.05,0,0,0,dynamic_overlap_100d_4pct_hdd,100,44,1000000,5000,1.0,health_ec,15.0,17,850000,900000,96,healthy,99,recovery,0,12.5,16.8,18.8,200930,0.5,930,930,827,0,0,0
overlap_4pct,t28_default,default,12,0.05,0,0,0,dynamic_overlap_100d_4pct_hdd,100,44,1000000,5000,1.0,health_ec,15.0,18,900000,950000,96,healthy,99,healthy,0,12.4,16.8,18.8,200530,0.3,530,530,436,0,0,0
overlap_4pct,t28_default,default,12,0.05,0,0,0,dynamic_overlap_100d_4pct_hdd,100,44,1000000,5000,1.0,health_ec,15.0,19,950000,1000000,96,healthy,99,healthy,0,12.5,16.8,18.9,200301,0.2,301,301,241,0,0,0
overlap_4pct,migration_disabled,disabled,12,0.05,0,0,0,dynamic_overlap_100d_4pct_hdd,100,44,1000000,5000,1.0,health_ec,15.0,0,0,50000,96,healthy,99,healthy,0,12.5,16.8,18.8,200000,0.0,0,0,0,0,0,0
overlap_4pct,migration_disabled,disabled,12,0.05,0,0,0,dynamic_overlap_100d_4pct_hdd,100,44,1000000,5000,1.0,health_ec,15.0,1,50000,100000,96,healthy,99,healthy,0,12.5,16.8,18.7,200000,0.0,0,0,0,0,0,0
overlap_4pct,migration_disabled,disabled,12,0.05,0,0,0,dynamic_overlap_100d_4pct_hdd,100,44,1000000,5000,1.0,health_ec,15.0,2,100000,150000,96,healthy,99,healthy,0,12.5,16.8,18.8,200000,0.0,0,0,0,0,0,0
overlap_4pct,migration_disabled,disabled,12,0.05,0,0,0,dynamic_overlap_100d_4pct_hdd,100,44,1000000,5000,1.0,health_ec,15.0,3,150000,200000,96,mild_slow,99,healthy,1,12.5,17.1,20.5,200863,0.4,863,863,844,0,0,0
overlap_4pct,migration_disabled,disabled,12,0.05,0,0,0,dynamic_overlap_100d_4pct_hdd,100,44,1000000,5000,1.0,health_ec,15.0,4,200000,250000,96,mild_slow,99,healthy,1,12.5,17.0,19.4,201110,0.6,1110,1110,1089,0,0,0
overlap_4pct,migration_disabled,disabled,12,0.05,0,0,0,dynamic_overlap_100d_4pct_hdd,100,44,1000000,5000,1.0,health_ec,15.0,5,250000,300000,96,mild_slow,99,healthy,2,12.6,17.5,24.3,201146,0.6,1146,1146,1142,0,0,0
overlap_4pct,migration_disabled,disabled,12,0.05,0,0,0,dynamic_overlap_100d_4pct_hdd,100,44,1000000,5000,1.0,health_ec,15.0,6,300000,350000,96,severe_slow,99,healthy,2,12.6,17.7,28.3,201306,0.7,1306,1306,1306,0,0,0
overlap_4pct,migration_disabled,disabled,12,0.05,0,0,0,dynamic_overlap_100d_4pct_hdd,100,44,1000000,5000,1.0,health_ec,15.0,7,350000,400000,96,severe_slow,99,healthy,2,12.6,17.6,27.3,201302,0.7,1302,1302,1301,0,0,0
overlap_4pct,migration_disabled,disabled,12,0.05,0,0,0,dynamic_overlap_100d_4pct_hdd,100,44,1000000,5000,1.0,health_ec,15.0,8,400000,450000,96,severe_slow,99,healthy,3,12.6,18.1,51.4,201700,0.9,1700,1700,1695,0,0,0
overlap_4pct,migration_disabled,disabled,12,0.05,0,0,0,dynamic_overlap_100d_4pct_hdd,100,44,1000000,5000,1.0,health_ec,15.0,9,450000,500000,96,severe_slow,99,healthy,3,12.6,17.9,51.0,201862,0.9,1862,1862,1850,0,0,0
overlap_4pct,migration_disabled,disabled,12,0.05,0,0,0,dynamic_overlap_100d_4pct_hdd,100,44,1000000,5000,1.0,health_ec,15.0,10,500000,550000,96,recovery,99,healthy,2,12.6,17.4,24.6,201971,1.0,1971,1971,1958,0,0,0
overlap_4pct,migration_disabled,disabled,12,0.05,0,0,0,dynamic_overlap_100d_4pct_hdd,100,44,1000000,5000,1.0,health_ec,15.0,11,550000,600000,96,recovery,99,mild_slow,3,12.6,18.5,46.2,202058,1.0,2058,2058,2008,0,0,0
overlap_4pct,migration_disabled,disabled,12,0.05,0,0,0,dynamic_overlap_100d_4pct_hdd,100,44,1000000,5000,1.0,health_ec,15.0,12,600000,650000,96,healthy,99,mild_slow,2,12.6,17.7,27.8,201962,1.0,1962,1962,1610,0,0,0
overlap_4pct,migration_disabled,disabled,12,0.05,0,0,0,dynamic_overlap_100d_4pct_hdd,100,44,1000000,5000,1.0,health_ec,15.0,13,650000,700000,96,healthy,99,mild_slow,2,12.6,17.8,27.6,201760,0.9,1760,1760,1534,0,0,0
overlap_4pct,migration_disabled,disabled,12,0.05,0,0,0,dynamic_overlap_100d_4pct_hdd,100,44,1000000,5000,1.0,health_ec,15.0,14,700000,750000,96,healthy,99,severe_slow,2,12.6,17.9,51.8,201603,0.8,1603,1603,1452,0,0,0
overlap_4pct,migration_disabled,disabled,12,0.05,0,0,0,dynamic_overlap_100d_4pct_hdd,100,44,1000000,5000,1.0,health_ec,15.0,15,750000,800000,96,healthy,99,severe_slow,1,12.5,17.0,19.2,201528,0.8,1528,1528,1491,0,0,0
overlap_4pct,migration_disabled,disabled,12,0.05,0,0,0,dynamic_overlap_100d_4pct_hdd,100,44,1000000,5000,1.0,health_ec,15.0,16,800000,850000,96,healthy,99,severe_slow,1,12.5,17.0,19.3,201541,0.8,1541,1541,1518,0,0,0
overlap_4pct,migration_disabled,disabled,12,0.05,0,0,0,dynamic_overlap_100d_4pct_hdd,100,44,1000000,5000,1.0,health_ec,15.0,17,850000,900000,96,healthy,99,recovery,0,12.5,16.8,18.9,201157,0.6,1157,1157,1013,0,0,0
overlap_4pct,migration_disabled,disabled,12,0.05,0,0,0,dynamic_overlap_100d_4pct_hdd,100,44,1000000,5000,1.0,health_ec,15.0,18,900000,950000,96,healthy,99,healthy,0,12.4,16.8,18.8,200530,0.3,530,530,437,0,0,0
overlap_4pct,migration_disabled,disabled,12,0.05,0,0,0,dynamic_overlap_100d_4pct_hdd,100,44,1000000,5000,1.0,health_ec,15.0,19,950000,1000000,96,healthy,99,healthy,0,12.5,16.8,18.8,200301,0.2,301,301,241,0,0,0
overlap_4pct,threshold_d2_a005,threshold_alpha,2,0.05,0,0,0,dynamic_overlap_100d_4pct_hdd,100,44,1000000,5000,1.0,health_ec,15.0,0,0,50000,96,healthy,99,healthy,0,12.5,16.8,18.8,200000,0.0,0,0,0,0,0,0
overlap_4pct,threshold_d2_a005,threshold_alpha,2,0.05,0,0,0,dynamic_overlap_100d_4pct_hdd,100,44,1000000,5000,1.0,health_ec,15.0,1,50000,100000,96,healthy,99,healthy,0,12.5,16.8,18.7,200000,0.0,0,0,0,0,0,0
overlap_4pct,threshold_d2_a005,threshold_alpha,2,0.05,0,0,0,dynamic_overlap_100d_4pct_hdd,100,44,1000000,5000,1.0,health_ec,15.0,2,100000,150000,96,healthy,99,healthy,0,12.5,16.8,18.8,200000,0.0,0,0,0,0,0,0
overlap_4pct,threshold_d2_a005,threshold_alpha,2,0.05,0,0,0,dynamic_overlap_100d_4pct_hdd,100,44,1000000,5000,1.0,health_ec,15.0,3,150000,200000,96,mild_slow,99,healthy,1,12.5,17.2,20.5,200335,0.2,335,335,331,4,4,0
overlap_4pct,threshold_d2_a005,threshold_alpha,2,0.05,0,0,0,dynamic_overlap_100d_4pct_hdd,100,44,1000000,5000,1.0,health_ec,15.0,4,200000,250000,96,mild_slow,99,healthy,1,12.5,17.0,19.4,200491,0.2,491,491,479,1,1,0
overlap_4pct,threshold_d2_a005,threshold_alpha,2,0.05,0,0,0,dynamic_overlap_100d_4pct_hdd,100,44,1000000,5000,1.0,health_ec,15.0,5,250000,300000,96,mild_slow,99,healthy,2,12.5,17.2,21.4,200583,0.3,583,583,580,6,6,0
overlap_4pct,threshold_d2_a005,threshold_alpha,2,0.05,0,0,0,dynamic_overlap_100d_4pct_hdd,100,44,1000000,5000,1.0,health_ec,15.0,6,300000,350000,96,severe_slow,99,healthy,2,12.5,17.2,21.7,200616,0.3,616,616,615,5,5,0
overlap_4pct,threshold_d2_a005,threshold_alpha,2,0.05,0,0,0,dynamic_overlap_100d_4pct_hdd,100,44,1000000,5000,1.0,health_ec,15.0,7,350000,400000,96,severe_slow,99,healthy,2,12.5,17.1,20.8,200636,0.3,636,636,633,1,1,0
overlap_4pct,threshold_d2_a005,threshold_alpha,2,0.05,0,0,0,dynamic_overlap_100d_4pct_hdd,100,44,1000000,5000,1.0,health_ec,15.0,8,400000,450000,96,severe_slow,99,healthy,3,12.5,17.4,36.7,200883,0.4,883,883,877,7,7,0
overlap_4pct,threshold_d2_a005,threshold_alpha,2,0.05,0,0,0,dynamic_overlap_100d_4pct_hdd,100,44,1000000,5000,1.0,health_ec,15.0,9,450000,500000,96,severe_slow,99,healthy,3,12.5,17.2,34.5,200910,0.5,910,910,903,3,3,0
overlap_4pct,threshold_d2_a005,threshold_alpha,2,0.05,0,0,0,dynamic_overlap_100d_4pct_hdd,100,44,1000000,5000,1.0,health_ec,15.0,10,500000,550000,96,recovery,99,healthy,2,12.5,17.1,20.2,200996,0.5,996,996,989,1,1,0
overlap_4pct,threshold_d2_a005,threshold_alpha,2,0.05,0,0,0,dynamic_overlap_100d_4pct_hdd,100,44,1000000,5000,1.0,health_ec,15.0,11,550000,600000,96,recovery,99,mild_slow,3,12.6,17.5,31.3,201199,0.6,1199,1199,1167,9,9,0
overlap_4pct,threshold_d2_a005,threshold_alpha,2,0.05,0,0,0,dynamic_overlap_100d_4pct_hdd,100,44,1000000,5000,1.0,health_ec,15.0,12,600000,650000,96,healthy,99,mild_slow,2,12.6,17.2,21.6,201091,0.5,1091,1091,839,1,1,0
overlap_4pct,threshold_d2_a005,threshold_alpha,2,0.05,0,0,0,dynamic_overlap_100d_4pct_hdd,100,44,1000000,5000,1.0,health_ec,15.0,13,650000,700000,96,healthy,99,mild_slow,2,12.5,17.1,21.0,201020,0.5,1020,1020,799,1,1,0
overlap_4pct,threshold_d2_a005,threshold_alpha,2,0.05,0,0,0,dynamic_overlap_100d_4pct_hdd,100,44,1000000,5000,1.0,health_ec,15.0,14,700000,750000,96,healthy,99,severe_slow,2,12.5,17.2,32.5,200858,0.4,858,858,716,4,4,0
overlap_4pct,threshold_d2_a005,threshold_alpha,2,0.05,0,0,0,dynamic_overlap_100d_4pct_hdd,100,44,1000000,5000,1.0,health_ec,15.0,15,750000,800000,96,healthy,99,severe_slow,1,12.5,16.9,18.9,200687,0.3,687,687,651,0,0,0
overlap_4pct,threshold_d2_a005,threshold_alpha,2,0.05,0,0,0,dynamic_overlap_100d_4pct_hdd,100,44,1000000,5000,1.0,health_ec,15.0,16,800000,850000,96,healthy,99,severe_slow,1,12.5,16.9,19.0,200707,0.4,707,707,685,0,0,0
overlap_4pct,threshold_d2_a005,threshold_alpha,2,0.05,0,0,0,dynamic_overlap_100d_4pct_hdd,100,44,1000000,5000,1.0,health_ec,15.0,17,850000,900000,96,healthy,99,recovery,0,12.5,16.8,18.8,200689,0.3,689,689,613,0,0,0
overlap_4pct,threshold_d2_a005,threshold_alpha,2,0.05,0,0,0,dynamic_overlap_100d_4pct_hdd,100,44,1000000,5000,1.0,health_ec,15.0,18,900000,950000,96,healthy,99,healthy,0,12.5,16.8,18.8,200518,0.3,518,518,426,0,0,0
overlap_4pct,threshold_d2_a005,threshold_alpha,2,0.05,0,0,0,dynamic_overlap_100d_4pct_hdd,100,44,1000000,5000,1.0,health_ec,15.0,19,950000,1000000,96,healthy,99,healthy,0,12.5,16.8,18.9,200301,0.2,301,301,241,0,0,0
overlap_4pct,threshold_d4_a005,threshold_alpha,4,0.05,0,0,0,dynamic_overlap_100d_4pct_hdd,100,44,1000000,5000,1.0,health_ec,15.0,0,0,50000,96,healthy,99,healthy,0,12.5,16.8,18.8,200000,0.0,0,0,0,0,0,0
overlap_4pct,threshold_d4_a005,threshold_alpha,4,0.05,0,0,0,dynamic_overlap_100d_4pct_hdd,100,44,1000000,5000,1.0,health_ec,15.0,1,50000,100000,96,healthy,99,healthy,0,12.5,16.8,18.7,200000,0.0,0,0,0,0,0,0
overlap_4pct,threshold_d4_a005,threshold_alpha,4,0.05,0,0,0,dynamic_overlap_100d_4pct_hdd,100,44,1000000,5000,1.0,health_ec,15.0,2,100000,150000,96,healthy,99,healthy,0,12.5,16.8,18.8,200000,0.0,0,0,0,0,0,0
overlap_4pct,threshold_d4_a005,threshold_alpha,4,0.05,0,0,0,dynamic_overlap_100d_4pct_hdd,100,44,1000000,5000,1.0,health_ec,15.0,3,150000,200000,96,mild_slow,99,healthy,1,12.5,17.2,20.5,200415,0.2,415,415,409,3,3,0
overlap_4pct,threshold_d4_a005,threshold_alpha,4,0.05,0,0,0,dynamic_overlap_100d_4pct_hdd,100,44,1000000,5000,1.0,health_ec,15.0,4,200000,250000,96,mild_slow,99,healthy,1,12.5,17.0,19.4,200565,0.3,565,565,550,0,0,0
overlap_4pct,threshold_d4_a005,threshold_alpha,4,0.05,0,0,0,dynamic_overlap_100d_4pct_hdd,100,44,1000000,5000,1.0,health_ec,15.0,5,250000,300000,96,mild_slow,99,healthy,2,12.5,17.2,22.0,200704,0.4,704,704,700,3,3,0
overlap_4pct,threshold_d4_a005,threshold_alpha,4,0.05,0,0,0,dynamic_overlap_100d_4pct_hdd,100,44,1000000,5000,1.0,health_ec,15.0,6,300000,350000,96,severe_slow,99,healthy,2,12.5,17.2,23.6,200767,0.4,767,767,766,2,2,0
overlap_4pct,threshold_d4_a005,threshold_alpha,4,0.05,0,0,0,dynamic_overlap_100d_4pct_hdd,100,44,1000000,5000,1.0,health_ec,15.0,7,350000,400000,96,severe_slow,99,healthy,2,12.5,17.2,21.7,200783,0.4,783,783,781,0,0,0
overlap_4pct,threshold_d4_a005,threshold_alpha,4,0.05,0,0,0,dynamic_overlap_100d_4pct_hdd,100,44,1000000,5000,1.0,health_ec,15.0,8,400000,450000,96,severe_slow,99,healthy,3,12.5,17.6,40.6,201084,0.5,1084,1084,1079,4,4,0
overlap_4pct,threshold_d4_a005,threshold_alpha,4,0.05,0,0,0,dynamic_overlap_100d_4pct_hdd,100,44,1000000,5000,1.0,health_ec,15.0,9,450000,500000,96,severe_slow,99,healthy,3,12.6,17.3,38.7,201074,0.5,1074,1074,1067,2,2,0
overlap_4pct,threshold_d4_a005,threshold_alpha,4,0.05,0,0,0,dynamic_overlap_100d_4pct_hdd,100,44,1000000,5000,1.0,health_ec,15.0,10,500000,550000,96,recovery,99,healthy,2,12.6,17.1,20.7,201166,0.6,1166,1166,1158,0,0,0
overlap_4pct,threshold_d4_a005,threshold_alpha,4,0.05,0,0,0,dynamic_overlap_100d_4pct_hdd,100,44,1000000,5000,1.0,health_ec,15.0,11,550000,600000,96,recovery,99,mild_slow,3,12.6,17.7,33.7,201389,0.7,1389,1389,1347,5,5,0
overlap_4pct,threshold_d4_a005,threshold_alpha,4,0.05,0,0,0,dynamic_overlap_100d_4pct_hdd,100,44,1000000,5000,1.0,health_ec,15.0,12,600000,650000,96,healthy,99,mild_slow,2,12.6,17.3,22.7,201242,0.6,1242,1242,948,0,0,0
overlap_4pct,threshold_d4_a005,threshold_alpha,4,0.05,0,0,0,dynamic_overlap_100d_4pct_hdd,100,44,1000000,5000,1.0,health_ec,15.0,13,650000,700000,96,healthy,99,mild_slow,2,12.5,17.2,22.5,201114,0.6,1114,1114,893,1,1,0
overlap_4pct,threshold_d4_a005,threshold_alpha,4,0.05,0,0,0,dynamic_overlap_100d_4pct_hdd,100,44,1000000,5000,1.0,health_ec,15.0,14,700000,750000,96,healthy,99,severe_slow,2,12.5,17.3,40.2,200990,0.5,990,990,849,1,1,0
overlap_4pct,threshold_d4_a005,threshold_alpha,4,0.05,0,0,0,dynamic_overlap_100d_4pct_hdd,100,44,1000000,5000,1.0,health_ec,15.0,15,750000,800000,96,healthy,99,severe_slow,1,12.5,16.9,19.0,200831,0.4,831,831,795,0,0,0
overlap_4pct,threshold_d4_a005,threshold_alpha,4,0.05,0,0,0,dynamic_overlap_100d_4pct_hdd,100,44,1000000,5000,1.0,health_ec,15.0,16,800000,850000,96,healthy,99,severe_slow,1,12.5,16.9,19.1,200844,0.4,844,844,822,1,1,0
overlap_4pct,threshold_d4_a005,threshold_alpha,4,0.05,0,0,0,dynamic_overlap_100d_4pct_hdd,100,44,1000000,5000,1.0,health_ec,15.0,17,850000,900000,96,healthy,99,recovery,0,12.5,16.8,18.8,200802,0.4,802,802,709,0,0,0
overlap_4pct,threshold_d4_a005,threshold_alpha,4,0.05,0,0,0,dynamic_overlap_100d_4pct_hdd,100,44,1000000,5000,1.0,health_ec,15.0,18,900000,950000,96,healthy,99,healthy,0,12.5,16.8,18.8,200530,0.3,530,530,437,0,0,0
overlap_4pct,threshold_d4_a005,threshold_alpha,4,0.05,0,0,0,dynamic_overlap_100d_4pct_hdd,100,44,1000000,5000,1.0,health_ec,15.0,19,950000,1000000,96,healthy,99,healthy,0,12.5,16.8,18.9,200301,0.2,301,301,241,0,0,0
overlap_4pct,threshold_d6_a005,threshold_alpha,6,0.05,0,0,0,dynamic_overlap_100d_4pct_hdd,100,44,1000000,5000,1.0,health_ec,15.0,0,0,50000,96,healthy,99,healthy,0,12.5,16.8,18.8,200000,0.0,0,0,0,0,0,0
overlap_4pct,threshold_d6_a005,threshold_alpha,6,0.05,0,0,0,dynamic_overlap_100d_4pct_hdd,100,44,1000000,5000,1.0,health_ec,15.0,1,50000,100000,96,healthy,99,healthy,0,12.5,16.8,18.7,200000,0.0,0,0,0,0,0,0
overlap_4pct,threshold_d6_a005,threshold_alpha,6,0.05,0,0,0,dynamic_overlap_100d_4pct_hdd,100,44,1000000,5000,1.0,health_ec,15.0,2,100000,150000,96,healthy,99,healthy,0,12.5,16.8,18.8,200000,0.0,0,0,0,0,0,0
overlap_4pct,threshold_d6_a005,threshold_alpha,6,0.05,0,0,0,dynamic_overlap_100d_4pct_hdd,100,44,1000000,5000,1.0,health_ec,15.0,3,150000,200000,96,mild_slow,99,healthy,1,12.5,17.1,20.5,200455,0.2,455,455,448,2,2,0
overlap_4pct,threshold_d6_a005,threshold_alpha,6,0.05,0,0,0,dynamic_overlap_100d_4pct_hdd,100,44,1000000,5000,1.0,health_ec,15.0,4,200000,250000,96,mild_slow,99,healthy,1,12.5,17.0,19.4,200653,0.3,653,653,635,0,0,0
overlap_4pct,threshold_d6_a005,threshold_alpha,6,0.05,0,0,0,dynamic_overlap_100d_4pct_hdd,100,44,1000000,5000,1.0,health_ec,15.0,5,250000,300000,96,mild_slow,99,healthy,2,12.5,17.3,22.4,200741,0.4,741,741,737,2,2,0
overlap_4pct,threshold_d6_a005,threshold_alpha,6,0.05,0,0,0,dynamic_overlap_100d_4pct_hdd,100,44,1000000,5000,1.0,health_ec,15.0,6,300000,350000,96,severe_slow,99,healthy,2,12.6,17.3,24.6,200854,0.4,854,854,851,1,1,0
overlap_4pct,threshold_d6_a005,threshold_alpha,6,0.05,0,0,0,dynamic_overlap_100d_4pct_hdd,100,44,1000000,5000,1.0,health_ec,15.0,7,350000,400000,96,severe_slow,99,healthy,2,12.5,17.2,22.6,200869,0.4,869,869,864,0,0,0
overlap_4pct,threshold_d6_a005,threshold_alpha,6,0.05,0,0,0,dynamic_overlap_100d_4pct_hdd,100,44,1000000,5000,1.0,health_ec,15.0,8,400000,450000,96,severe_slow,99,healthy,3,12.6,17.6,43.6,201136,0.6,1136,1136,1131,3,3,0
overlap_4pct,threshold_d6_a005,threshold_alpha,6,0.05,0,0,0,dynamic_overlap_100d_4pct_hdd,100,44,1000000,5000,1.0,health_ec,15.0,9,450000,500000,96,severe_slow,99,healthy,3,12.6,17.4,43.0,201249,0.6,1249,1249,1239,0,0,0
overlap_4pct,threshold_d6_a005,threshold_alpha,6,0.05,0,0,0,dynamic_overlap_100d_4pct_hdd,100,44,1000000,5000,1.0,health_ec,15.0,10,500000,550000,96,recovery,99,healthy,2,12.6,17.2,21.0,201383,0.7,1383,1383,1368,0,0,0
overlap_4pct,threshold_d6_a005,threshold_alpha,6,0.05,0,0,0,dynamic_overlap_100d_4pct_hdd,100,44,1000000,5000,1.0,health_ec,15.0,11,550000,600000,96,recovery,99,mild_slow,3,12.6,17.7,36.0,201513,0.8,1513,1513,1466,4,4,0
overlap_4pct,threshold_d6_a005,threshold_alpha,6,0.05,0,0,0,dynamic_overlap_100d_4pct_hdd,100,44,1000000,5000,1.0,health_ec,15.0,12,600000,650000,96,healthy,99,mild_slow,2,12.6,17.3,23.3,201419,0.7,1419,1419,1100,0,0,0
overlap_4pct,threshold_d6_a005,threshold_alpha,6,0.05,0,0,0,dynamic_overlap_100d_4pct_hdd,100,44,1000000,5000,1.0,health_ec,15.0,13,650000,700000,96,healthy,99,mild_slow,2,12.5,17.3,23.0,201270,0.6,1270,1270,1044,0,0,0
overlap_4pct,threshold_d6_a005,threshold_alpha,6,0.05,0,0,0,dynamic_overlap_100d_4pct_hdd,100,44,1000000,5000,1.0,health_ec,15.0,14,700000,750000,96,healthy,99,severe_slow,2,12.5,17.3,42.9,201075,0.5,1075,1075,925,2,2,0
overlap_4pct,threshold_d6_a005,threshold_alpha,6,0.05,0,0,0,dynamic_overlap_100d_4pct_hdd,100,44,1000000,5000,1.0,health_ec,15.0,15,750000,800000,96,healthy,99,severe_slow,1,12.5,16.9,19.0,200876,0.4,876,876,841,0,0,0
overlap_4pct,threshold_d6_a005,threshold_alpha,6,0.05,0,0,0,dynamic_overlap_100d_4pct_hdd,100,44,1000000,5000,1.0,health_ec,15.0,16,800000,850000,96,healthy,99,severe_slow,1,12.5,16.9,19.1,200911,0.5,911,911,889,0,0,0
overlap_4pct,threshold_d6_a005,threshold_alpha,6,0.05,0,0,0,dynamic_overlap_100d_4pct_hdd,100,44,1000000,5000,1.0,health_ec,15.0,17,850000,900000,96,healthy,99,recovery,0,12.5,16.8,18.8,200847,0.4,847,847,750,0,0,0
overlap_4pct,threshold_d6_a005,threshold_alpha,6,0.05,0,0,0,dynamic_overlap_100d_4pct_hdd,100,44,1000000,5000,1.0,health_ec,15.0,18,900000,950000,96,healthy,99,healthy,0,12.4,16.8,18.8,200530,0.3,530,530,437,0,0,0
overlap_4pct,threshold_d6_a005,threshold_alpha,6,0.05,0,0,0,dynamic_overlap_100d_4pct_hdd,100,44,1000000,5000,1.0,health_ec,15.0,19,950000,1000000,96,healthy,99,healthy,0,12.5,16.8,18.9,200301,0.2,301,301,241,0,0,0
overlap_4pct,threshold_d8_a005,threshold_alpha,8,0.05,0,0,0,dynamic_overlap_100d_4pct_hdd,100,44,1000000,5000,1.0,health_ec,15.0,0,0,50000,96,healthy,99,healthy,0,12.5,16.8,18.8,200000,0.0,0,0,0,0,0,0
overlap_4pct,threshold_d8_a005,threshold_alpha,8,0.05,0,0,0,dynamic_overlap_100d_4pct_hdd,100,44,1000000,5000,1.0,health_ec,15.0,1,50000,100000,96,healthy,99,healthy,0,12.5,16.8,18.7,200000,0.0,0,0,0,0,0,0
overlap_4pct,threshold_d8_a005,threshold_alpha,8,0.05,0,0,0,dynamic_overlap_100d_4pct_hdd,100,44,1000000,5000,1.0,health_ec,15.0,2,100000,150000,96,healthy,99,healthy,0,12.5,16.8,18.8,200000,0.0,0,0,0,0,0,0
overlap_4pct,threshold_d8_a005,threshold_alpha,8,0.05,0,0,0,dynamic_overlap_100d_4pct_hdd,100,44,1000000,5000,1.0,health_ec,15.0,3,150000,200000,96,mild_slow,99,healthy,1,12.5,17.2,20.5,200526,0.3,526,526,516,1,1,0
overlap_4pct,threshold_d8_a005,threshold_alpha,8,0.05,0,0,0,dynamic_overlap_100d_4pct_hdd,100,44,1000000,5000,1.0,health_ec,15.0,4,200000,250000,96,mild_slow,99,healthy,1,12.5,17.0,19.4,200755,0.4,755,755,737,0,0,0
overlap_4pct,threshold_d8_a005,threshold_alpha,8,0.05,0,0,0,dynamic_overlap_100d_4pct_hdd,100,44,1000000,5000,1.0,health_ec,15.0,5,250000,300000,96,mild_slow,99,healthy,2,12.5,17.3,23.4,200818,0.4,818,818,814,1,1,0
overlap_4pct,threshold_d8_a005,threshold_alpha,8,0.05,0,0,0,dynamic_overlap_100d_4pct_hdd,100,44,1000000,5000,1.0,health_ec,15.0,6,300000,350000,96,severe_slow,99,healthy,2,12.6,17.3,25.3,200972,0.5,972,972,971,2,2,0
overlap_4pct,threshold_d8_a005,threshold_alpha,8,0.05,0,0,0,dynamic_overlap_100d_4pct_hdd,100,44,1000000,5000,1.0,health_ec,15.0,7,350000,400000,96,severe_slow,99,healthy,2,12.5,17.2,22.6,200979,0.5,979,979,972,0,0,0
overlap_4pct,threshold_d8_a005,threshold_alpha,8,0.05,0,0,0,dynamic_overlap_100d_4pct_hdd,100,44,1000000,5000,1.0,health_ec,15.0,8,400000,450000,96,severe_slow,99,healthy,3,12.6,17.6,43.6,201168,0.6,1168,1168,1164,3,3,0
overlap_4pct,threshold_d8_a005,threshold_alpha,8,0.05,0,0,0,dynamic_overlap_100d_4pct_hdd,100,44,1000000,5000,1.0,health_ec,15.0,9,450000,500000,96,severe_slow,99,healthy,3,12.6,17.4,43.0,201249,0.6,1249,1249,1240,1,1,0
overlap_4pct,threshold_d8_a005,threshold_alpha,8,0.05,0,0,0,dynamic_overlap_100d_4pct_hdd,100,44,1000000,5000,1.0,health_ec,15.0,10,500000,550000,96,recovery,99,healthy,2,12.6,17.2,21.0,201383,0.7,1383,1383,1370,0,0,0
overlap_4pct,threshold_d8_a005,threshold_alpha,8,0.05,0,0,0,dynamic_overlap_100d_4pct_hdd,100,44,1000000,5000,1.0,health_ec,15.0,11,550000,600000,96,recovery,99,mild_slow,3,12.6,17.8,36.2,201548,0.8,1548,1548,1502,3,3,0
overlap_4pct,threshold_d8_a005,threshold_alpha,8,0.05,0,0,0,dynamic_overlap_100d_4pct_hdd,100,44,1000000,5000,1.0,health_ec,15.0,12,600000,650000,96,healthy,99,mild_slow,2,12.6,17.4,24.1,201419,0.7,1419,1419,1104,0,0,0
overlap_4pct,threshold_d8_a005,threshold_alpha,8,0.05,0,0,0,dynamic_overlap_100d_4pct_hdd,100,44,1000000,5000,1.0,health_ec,15.0,13,650000,700000,96,healthy,99,mild_slow,2,12.6,17.3,23.7,201270,0.6,1270,1270,1044,0,0,0
overlap_4pct,threshold_d8_a005,threshold_alpha,8,0.05,0,0,0,dynamic_overlap_100d_4pct_hdd,100,44,1000000,5000,1.0,health_ec,15.0,14,700000,750000,96,healthy,99,severe_slow,2,12.5,17.4,44.5,201163,0.6,1163,1163,1010,0,0,0
overlap_4pct,threshold_d8_a005,threshold_alpha,8,0.05,0,0,0,dynamic_overlap_100d_4pct_hdd,100,44,1000000,5000,1.0,health_ec,15.0,15,750000,800000,96,healthy,99,severe_slow,1,12.5,16.9,19.0,200955,0.5,955,955,920,1,1,0
overlap_4pct,threshold_d8_a005,threshold_alpha,8,0.05,0,0,0,dynamic_overlap_100d_4pct_hdd,100,44,1000000,5000,1.0,health_ec,15.0,16,800000,850000,96,healthy,99,severe_slow,1,12.5,16.9,19.1,200962,0.5,962,962,940,0,0,0
overlap_4pct,threshold_d8_a005,threshold_alpha,8,0.05,0,0,0,dynamic_overlap_100d_4pct_hdd,100,44,1000000,5000,1.0,health_ec,15.0,17,850000,900000,96,healthy,99,recovery,0,12.5,16.8,18.8,200875,0.4,875,875,777,0,0,0
overlap_4pct,threshold_d8_a005,threshold_alpha,8,0.05,0,0,0,dynamic_overlap_100d_4pct_hdd,100,44,1000000,5000,1.0,health_ec,15.0,18,900000,950000,96,healthy,99,healthy,0,12.5,16.8,18.8,200530,0.3,530,530,436,0,0,0
overlap_4pct,threshold_d8_a005,threshold_alpha,8,0.05,0,0,0,dynamic_overlap_100d_4pct_hdd,100,44,1000000,5000,1.0,health_ec,15.0,19,950000,1000000,96,healthy,99,healthy,0,12.5,16.8,18.9,200301,0.2,301,301,241,0,0,0
overlap_4pct,threshold_d2_a010,threshold_alpha,2,0.1,0,0,0,dynamic_overlap_100d_4pct_hdd,100,44,1000000,5000,1.0,health_ec,15.0,0,0,50000,96,healthy,99,healthy,0,12.5,16.8,18.8,200000,0.0,0,0,0,0,0,0
overlap_4pct,threshold_d2_a010,threshold_alpha,2,0.1,0,0,0,dynamic_overlap_100d_4pct_hdd,100,44,1000000,5000,1.0,health_ec,15.0,1,50000,100000,96,healthy,99,healthy,0,12.5,16.8,18.7,200000,0.0,0,0,0,0,0,0
overlap_4pct,threshold_d2_a010,threshold_alpha,2,0.1,0,0,0,dynamic_overlap_100d_4pct_hdd,100,44,1000000,5000,1.0,health_ec,15.0,2,100000,150000,96,healthy,99,healthy,0,12.5,16.8,18.8,200000,0.0,0,0,0,0,0,0
overlap_4pct,threshold_d2_a010,threshold_alpha,2,0.1,0,0,0,dynamic_overlap_100d_4pct_hdd,100,44,1000000,5000,1.0,health_ec,15.0,3,150000,200000,96,mild_slow,99,healthy,1,12.5,17.2,20.5,200277,0.1,277,277,274,6,5,0
overlap_4pct,threshold_d2_a010,threshold_alpha,2,0.1,0,0,0,dynamic_overlap_100d_4pct_hdd,100,44,1000000,5000,1.0,health_ec,15.0,4,200000,250000,96,mild_slow,99,healthy,1,12.5,17.0,19.4,200419,0.2,419,419,408,1,1,0
overlap_4pct,threshold_d2_a010,threshold_alpha,2,0.1,0,0,0,dynamic_overlap_100d_4pct_hdd,100,44,1000000,5000,1.0,health_ec,15.0,5,250000,300000,96,mild_slow,99,healthy,2,12.5,17.1,21.1,200522,0.3,522,522,517,8,7,0
overlap_4pct,threshold_d2_a010,threshold_alpha,2,0.1,0,0,0,dynamic_overlap_100d_4pct_hdd,100,44,1000000,5000,1.0,health_ec,15.0,6,300000,350000,96,severe_slow,99,healthy,2,12.5,17.1,21.3,200581,0.3,581,581,581,3,3,0
overlap_4pct,threshold_d2_a010,threshold_alpha,2,0.1,0,0,0,dynamic_overlap_100d_4pct_hdd,100,44,1000000,5000,1.0,health_ec,15.0,7,350000,400000,96,severe_slow,99,healthy,2,12.5,17.1,20.7,200612,0.3,612,612,609,0,0,0
overlap_4pct,threshold_d2_a010,threshold_alpha,2,0.1,0,0,0,dynamic_overlap_100d_4pct_hdd,100,44,1000000,5000,1.0,health_ec,15.0,8,400000,450000,96,severe_slow,99,healthy,3,12.5,17.4,36.7,200850,0.4,850,850,846,8,8,0
overlap_4pct,threshold_d2_a010,threshold_alpha,2,0.1,0,0,0,dynamic_overlap_100d_4pct_hdd,100,44,1000000,5000,1.0,health_ec,15.0,9,450000,500000,96,severe_slow,99,healthy,3,12.5,17.2,33.6,200874,0.4,874,874,866,3,3,0
overlap_4pct,threshold_d2_a010,threshold_alpha,2,0.1,0,0,0,dynamic_overlap_100d_4pct_hdd,100,44,1000000,5000,1.0,health_ec,15.0,10,500000,550000,96,recovery,99,healthy,2,12.5,17.1,20.2,200921,0.5,921,921,916,1,1,0
overlap_4pct,threshold_d2_a010,threshold_alpha,2,0.1,0,0,0,dynamic_overlap_100d_4pct_hdd,100,44,1000000,5000,1.0,health_ec,15.0,11,550000,600000,96,recovery,99,mild_slow,3,12.6,17.5,31.3,201120,0.6,1120,1120,1090,8,7,0
overlap_4pct,threshold_d2_a010,threshold_alpha,2,0.1,0,0,0,dynamic_overlap_100d_4pct_hdd,100,44,1000000,5000,1.0,health_ec,15.0,12,600000,650000,96,healthy,99,mild_slow,2,12.6,17.2,21.5,201062,0.5,1062,1062,811,1,1,0
overlap_4pct,threshold_d2_a010,threshold_alpha,2,0.1,0,0,0,dynamic_overlap_100d_4pct_hdd,100,44,1000000,5000,1.0,health_ec,15.0,13,650000,700000,96,healthy,99,mild_slow,2,12.5,17.1,20.8,200976,0.5,976,976,756,2,2,0
overlap_4pct,threshold_d2_a010,threshold_alpha,2,0.1,0,0,0,dynamic_overlap_100d_4pct_hdd,100,44,1000000,5000,1.0,health_ec,15.0,14,700000,750000,96,healthy,99,severe_slow,2,12.5,17.2,32.5,200816,0.4,816,816,675,2,2,0
overlap_4pct,threshold_d2_a010,threshold_alpha,2,0.1,0,0,0,dynamic_overlap_100d_4pct_hdd,100,44,1000000,5000,1.0,health_ec,15.0,15,750000,800000,96,healthy,99,severe_slow,1,12.5,16.9,18.9,200687,0.3,687,687,650,1,1,0
overlap_4pct,threshold_d2_a010,threshold_alpha,2,0.1,0,0,0,dynamic_overlap_100d_4pct_hdd,100,44,1000000,5000,1.0,health_ec,15.0,16,800000,850000,96,healthy,99,severe_slow,1,12.5,16.9,19.0,200692,0.3,692,692,670,0,0,0
overlap_4pct,threshold_d2_a010,threshold_alpha,2,0.1,0,0,0,dynamic_overlap_100d_4pct_hdd,100,44,1000000,5000,1.0,health_ec,15.0,17,850000,900000,96,healthy,99,recovery,0,12.5,16.8,18.8,200667,0.3,667,667,597,0,0,0
overlap_4pct,threshold_d2_a010,threshold_alpha,2,0.1,0,0,0,dynamic_overlap_100d_4pct_hdd,100,44,1000000,5000,1.0,health_ec,15.0,18,900000,950000,96,healthy,99,healthy,0,12.4,16.8,18.8,200518,0.3,518,518,426,0,0,0
overlap_4pct,threshold_d2_a010,threshold_alpha,2,0.1,0,0,0,dynamic_overlap_100d_4pct_hdd,100,44,1000000,5000,1.0,health_ec,15.0,19,950000,1000000,96,healthy,99,healthy,0,12.5,16.8,18.9,200301,0.2,301,301,241,0,0,0
overlap_4pct,threshold_d4_a010,threshold_alpha,4,0.1,0,0,0,dynamic_overlap_100d_4pct_hdd,100,44,1000000,5000,1.0,health_ec,15.0,0,0,50000,96,healthy,99,healthy,0,12.5,16.8,18.8,200000,0.0,0,0,0,0,0,0
overlap_4pct,threshold_d4_a010,threshold_alpha,4,0.1,0,0,0,dynamic_overlap_100d_4pct_hdd,100,44,1000000,5000,1.0,health_ec,15.0,1,50000,100000,96,healthy,99,healthy,0,12.5,16.8,18.7,200000,0.0,0,0,0,0,0,0
overlap_4pct,threshold_d4_a010,threshold_alpha,4,0.1,0,0,0,dynamic_overlap_100d_4pct_hdd,100,44,1000000,5000,1.0,health_ec,15.0,2,100000,150000,96,healthy,99,healthy,0,12.5,16.8,18.8,200000,0.0,0,0,0,0,0,0
overlap_4pct,threshold_d4_a010,threshold_alpha,4,0.1,0,0,0,dynamic_overlap_100d_4pct_hdd,100,44,1000000,5000,1.0,health_ec,15.0,3,150000,200000,96,mild_slow,99,healthy,1,12.5,17.2,20.5,200368,0.2,368,368,364,4,4,0
overlap_4pct,threshold_d4_a010,threshold_alpha,4,0.1,0,0,0,dynamic_overlap_100d_4pct_hdd,100,44,1000000,5000,1.0,health_ec,15.0,4,200000,250000,96,mild_slow,99,healthy,1,12.5,17.0,19.4,200508,0.3,508,508,493,0,0,0
overlap_4pct,threshold_d4_a010,threshold_alpha,4,0.1,0,0,0,dynamic_overlap_100d_4pct_hdd,100,44,1000000,5000,1.0,health_ec,15.0,5,250000,300000,96,mild_slow,99,healthy,2,12.5,17.2,22.1,200639,0.3,639,639,636,3,3,0
overlap_4pct,threshold_d4_a010,threshold_alpha,4,0.1,0,0,0,dynamic_overlap_100d_4pct_hdd,100,44,1000000,5000,1.0,health_ec,15.0,6,300000,350000,96,severe_slow,99,healthy,2,12.5,17.2,23.1,200762,0.4,762,762,758,2,2,0
overlap_4pct,threshold_d4_a010,threshold_alpha,4,0.1,0,0,0,dynamic_overlap_100d_4pct_hdd,100,44,1000000,5000,1.0,health_ec,15.0,7,350000,400000,96,severe_slow,99,healthy,2,12.5,17.2,21.7,200743,0.4,743,743,741,0,0,0
overlap_4pct,threshold_d4_a010,threshold_alpha,4,0.1,0,0,0,dynamic_overlap_100d_4pct_hdd,100,44,1000000,5000,1.0,health_ec,15.0,8,400000,450000,96,severe_slow,99,healthy,3,12.5,17.5,40.6,200996,0.5,996,996,989,5,5,0
overlap_4pct,threshold_d4_a010,threshold_alpha,4,0.1,0,0,0,dynamic_overlap_100d_4pct_hdd,100,44,1000000,5000,1.0,health_ec,15.0,9,450000,500000,96,severe_slow,99,healthy,3,12.6,17.3,38.7,201064,0.5,1064,1064,1056,0,0,0
overlap_4pct,threshold_d4_a010,threshold_alpha,4,0.1,0,0,0,dynamic_overlap_100d_4pct_hdd,100,44,1000000,5000,1.0,health_ec,15.0,10,500000,550000,96,recovery,99,healthy,2,12.6,17.1,20.7,201166,0.6,1166,1166,1156,0,0,0
overlap_4pct,threshold_d4_a010,threshold_alpha,4,0.1,0,0,0,dynamic_overlap_100d_4pct_hdd,100,44,1000000,5000,1.0,health_ec,15.0,11,550000,600000,96,recovery,99,mild_slow,3,12.6,17.6,33.6,201355,0.7,1355,1355,1313,6,6,0
overlap_4pct,threshold_d4_a010,threshold_alpha,4,0.1,0,0,0,dynamic_overlap_100d_4pct_hdd,100,44,1000000,5000,1.0,health_ec,15.0,12,600000,650000,96,healthy,99,mild_slow,2,12.6,17.3,22.3,201242,0.6,1242,1242,947,0,0,0
overlap_4pct,threshold_d4_a010,threshold_alpha,4,0.1,0,0,0,dynamic_overlap_100d_4pct_hdd,100,44,1000000,5000,1.0,health_ec,15.0,13,650000,700000,96,healthy,99,mild_slow,2,12.5,17.2,22.0,201114,0.6,1114,1114,894,0,0,0
overlap_4pct,threshold_d4_a010,threshold_alpha,4,0.1,0,0,0,dynamic_overlap_100d_4pct_hdd,100,44,1000000,5000,1.0,health_ec,15.0,14,700000,750000,96,healthy,99,severe_slow,2,12.5,17.3,40.2,200974,0.5,974,974,832,1,1,0
overlap_4pct,threshold_d4_a010,threshold_alpha,4,0.1,0,0,0,dynamic_overlap_100d_4pct_hdd,100,44,1000000,5000,1.0,health_ec,15.0,15,750000,800000,96,healthy,99,severe_slow,1,12.5,16.9,19.0,200827,0.4,827,827,791,1,1,0
overlap_4pct,threshold_d4_a010,threshold_alpha,4,0.1,0,0,0,dynamic_overlap_100d_4pct_hdd,100,44,1000000,5000,1.0,health_ec,15.0,16,800000,850000,96,healthy,99,severe_slow,1,12.5,16.9,19.1,200831,0.4,831,831,809,0,0,0
overlap_4pct,threshold_d4_a010,threshold_alpha,4,0.1,0,0,0,dynamic_overlap_100d_4pct_hdd,100,44,1000000,5000,1.0,health_ec,15.0,17,850000,900000,96,healthy,99,recovery,0,12.5,16.8,18.8,200802,0.4,802,802,709,0,0,0
overlap_4pct,threshold_d4_a010,threshold_alpha,4,0.1,0,0,0,dynamic_overlap_100d_4pct_hdd,100,44,1000000,5000,1.0,health_ec,15.0,18,900000,950000,96,healthy,99,healthy,0,12.5,16.8,18.8,200530,0.3,530,530,437,0,0,0
overlap_4pct,threshold_d4_a010,threshold_alpha,4,0.1,0,0,0,dynamic_overlap_100d_4pct_hdd,100,44,1000000,5000,1.0,health_ec,15.0,19,950000,1000000,96,healthy,99,healthy,0,12.5,16.8,18.9,200301,0.2,301,301,241,0,0,0
overlap_4pct,threshold_d6_a010,threshold_alpha,6,0.1,0,0,0,dynamic_overlap_100d_4pct_hdd,100,44,1000000,5000,1.0,health_ec,15.0,0,0,50000,96,healthy,99,healthy,0,12.5,16.8,18.8,200000,0.0,0,0,0,0,0,0
overlap_4pct,threshold_d6_a010,threshold_alpha,6,0.1,0,0,0,dynamic_overlap_100d_4pct_hdd,100,44,1000000,5000,1.0,health_ec,15.0,1,50000,100000,96,healthy,99,healthy,0,12.5,16.8,18.7,200000,0.0,0,0,0,0,0,0
overlap_4pct,threshold_d6_a010,threshold_alpha,6,0.1,0,0,0,dynamic_overlap_100d_4pct_hdd,100,44,1000000,5000,1.0,health_ec,15.0,2,100000,150000,96,healthy,99,healthy,0,12.5,16.8,18.8,200000,0.0,0,0,0,0,0,0
overlap_4pct,threshold_d6_a010,threshold_alpha,6,0.1,0,0,0,dynamic_overlap_100d_4pct_hdd,100,44,1000000,5000,1.0,health_ec,15.0,3,150000,200000,96,mild_slow,99,healthy,1,12.5,17.2,20.5,200436,0.2,436,436,429,2,2,0
overlap_4pct,threshold_d6_a010,threshold_alpha,6,0.1,0,0,0,dynamic_overlap_100d_4pct_hdd,100,44,1000000,5000,1.0,health_ec,15.0,4,200000,250000,96,mild_slow,99,healthy,1,12.5,17.0,19.4,200653,0.3,653,653,635,0,0,0
overlap_4pct,threshold_d6_a010,threshold_alpha,6,0.1,0,0,0,dynamic_overlap_100d_4pct_hdd,100,44,1000000,5000,1.0,health_ec,15.0,5,250000,300000,96,mild_slow,99,healthy,2,12.5,17.3,22.4,200725,0.4,725,725,721,2,2,0
overlap_4pct,threshold_d6_a010,threshold_alpha,6,0.1,0,0,0,dynamic_overlap_100d_4pct_hdd,100,44,1000000,5000,1.0,health_ec,15.0,6,300000,350000,96,severe_slow,99,healthy,2,12.6,17.3,24.5,200794,0.4,794,794,792,2,2,0
overlap_4pct,threshold_d6_a010,threshold_alpha,6,0.1,0,0,0,dynamic_overlap_100d_4pct_hdd,100,44,1000000,5000,1.0,health_ec,15.0,7,350000,400000,96,severe_slow,99,healthy,2,12.5,17.3,22.6,200783,0.4,783,783,782,0,0,0
overlap_4pct,threshold_d6_a010,threshold_alpha,6,0.1,0,0,0,dynamic_overlap_100d_4pct_hdd,100,44,1000000,5000,1.0,health_ec,15.0,8,400000,450000,96,severe_slow,99,healthy,3,12.5,17.6,43.6,201109,0.6,1109,1109,1104,2,2,0
overlap_4pct,threshold_d6_a010,threshold_alpha,6,0.1,0,0,0,dynamic_overlap_100d_4pct_hdd,100,44,1000000,5000,1.0,health_ec,15.0,9,450000,500000,96,severe_slow,99,healthy,3,12.6,17.4,43.0,201215,0.6,1215,1215,1206,1,1,0
overlap_4pct,threshold_d6_a010,threshold_alpha,6,0.1,0,0,0,dynamic_overlap_100d_4pct_hdd,100,44,1000000,5000,1.0,health_ec,15.0,10,500000,550000,96,recovery,99,healthy,2,12.6,17.2,21.0,201289,0.6,1289,1289,1277,0,0,0
overlap_4pct,threshold_d6_a010,threshold_alpha,6,0.1,0,0,0,dynamic_overlap_100d_4pct_hdd,100,44,1000000,5000,1.0,health_ec,15.0,11,550000,600000,96,recovery,99,mild_slow,3,12.6,17.7,36.1,201488,0.7,1488,1488,1440,3,3,0
overlap_4pct,threshold_d6_a010,threshold_alpha,6,0.1,0,0,0,dynamic_overlap_100d_4pct_hdd,100,44,1000000,5000,1.0,health_ec,15.0,12,600000,650000,96,healthy,99,mild_slow,2,12.6,17.3,23.3,201359,0.7,1359,1359,1042,1,1,0
overlap_4pct,threshold_d6_a010,threshold_alpha,6,0.1,0,0,0,dynamic_overlap_100d_4pct_hdd,100,44,1000000,5000,1.0,health_ec,15.0,13,650000,700000,96,healthy,99,mild_slow,2,12.5,17.3,23.0,201201,0.6,1201,1201,975,0,0,0
overlap_4pct,threshold_d6_a010,threshold_alpha,6,0.1,0,0,0,dynamic_overlap_100d_4pct_hdd,100,44,1000000,5000,1.0,health_ec,15.0,14,700000,750000,96,healthy,99,severe_slow,2,12.5,17.3,42.9,201039,0.5,1039,1039,889,1,1,0
overlap_4pct,threshold_d6_a010,threshold_alpha,6,0.1,0,0,0,dynamic_overlap_100d_4pct_hdd,100,44,1000000,5000,1.0,health_ec,15.0,15,750000,800000,96,healthy,99,severe_slow,1,12.5,16.9,19.0,200876,0.4,876,876,841,0,0,0
overlap_4pct,threshold_d6_a010,threshold_alpha,6,0.1,0,0,0,dynamic_overlap_100d_4pct_hdd,100,44,1000000,5000,1.0,health_ec,15.0,16,800000,850000,96,healthy,99,severe_slow,1,12.5,16.9,19.1,200911,0.5,911,911,889,0,0,0
overlap_4pct,threshold_d6_a010,threshold_alpha,6,0.1,0,0,0,dynamic_overlap_100d_4pct_hdd,100,44,1000000,5000,1.0,health_ec,15.0,17,850000,900000,96,healthy,99,recovery,0,12.5,16.8,18.8,200847,0.4,847,847,750,0,0,0
overlap_4pct,threshold_d6_a010,threshold_alpha,6,0.1,0,0,0,dynamic_overlap_100d_4pct_hdd,100,44,1000000,5000,1.0,health_ec,15.0,18,900000,950000,96,healthy,99,healthy,0,12.5,16.8,18.8,200530,0.3,530,530,437,0,0,0
overlap_4pct,threshold_d6_a010,threshold_alpha,6,0.1,0,0,0,dynamic_overlap_100d_4pct_hdd,100,44,1000000,5000,1.0,health_ec,15.0,19,950000,1000000,96,healthy,99,healthy,0,12.5,16.8,18.9,200301,0.2,301,301,241,0,0,0
overlap_4pct,threshold_d8_a010,threshold_alpha,8,0.1,0,0,0,dynamic_overlap_100d_4pct_hdd,100,44,1000000,5000,1.0,health_ec,15.0,0,0,50000,96,healthy,99,healthy,0,12.5,16.8,18.8,200000,0.0,0,0,0,0,0,0
overlap_4pct,threshold_d8_a010,threshold_alpha,8,0.1,0,0,0,dynamic_overlap_100d_4pct_hdd,100,44,1000000,5000,1.0,health_ec,15.0,1,50000,100000,96,healthy,99,healthy,0,12.5,16.8,18.7,200000,0.0,0,0,0,0,0,0
overlap_4pct,threshold_d8_a010,threshold_alpha,8,0.1,0,0,0,dynamic_overlap_100d_4pct_hdd,100,44,1000000,5000,1.0,health_ec,15.0,2,100000,150000,96,healthy,99,healthy,0,12.5,16.8,18.8,200000,0.0,0,0,0,0,0,0
overlap_4pct,threshold_d8_a010,threshold_alpha,8,0.1,0,0,0,dynamic_overlap_100d_4pct_hdd,100,44,1000000,5000,1.0,health_ec,15.0,3,150000,200000,96,mild_slow,99,healthy,1,12.5,17.2,20.5,200452,0.2,452,452,445,2,2,0
overlap_4pct,threshold_d8_a010,threshold_alpha,8,0.1,0,0,0,dynamic_overlap_100d_4pct_hdd,100,44,1000000,5000,1.0,health_ec,15.0,4,200000,250000,96,mild_slow,99,healthy,1,12.5,17.0,19.4,200653,0.3,653,653,635,0,0,0
overlap_4pct,threshold_d8_a010,threshold_alpha,8,0.1,0,0,0,dynamic_overlap_100d_4pct_hdd,100,44,1000000,5000,1.0,health_ec,15.0,5,250000,300000,96,mild_slow,99,healthy,2,12.5,17.3,22.4,200750,0.4,750,750,746,2,2,0
overlap_4pct,threshold_d8_a010,threshold_alpha,8,0.1,0,0,0,dynamic_overlap_100d_4pct_hdd,100,44,1000000,5000,1.0,health_ec,15.0,6,300000,350000,96,severe_slow,99,healthy,2,12.6,17.3,24.9,200854,0.4,854,854,854,1,1,0
overlap_4pct,threshold_d8_a010,threshold_alpha,8,0.1,0,0,0,dynamic_overlap_100d_4pct_hdd,100,44,1000000,5000,1.0,health_ec,15.0,7,350000,400000,96,severe_slow,99,healthy,2,12.5,17.2,22.6,200869,0.4,869,869,865,0,0,0
overlap_4pct,threshold_d8_a010,threshold_alpha,8,0.1,0,0,0,dynamic_overlap_100d_4pct_hdd,100,44,1000000,5000,1.0,health_ec,15.0,8,400000,450000,96,severe_slow,99,healthy,3,12.6,17.6,43.6,201134,0.6,1134,1134,1130,3,3,0
overlap_4pct,threshold_d8_a010,threshold_alpha,8,0.1,0,0,0,dynamic_overlap_100d_4pct_hdd,100,44,1000000,5000,1.0,health_ec,15.0,9,450000,500000,96,severe_slow,99,healthy,3,12.6,17.4,43.0,201249,0.6,1249,1249,1239,0,0,0
overlap_4pct,threshold_d8_a010,threshold_alpha,8,0.1,0,0,0,dynamic_overlap_100d_4pct_hdd,100,44,1000000,5000,1.0,health_ec,15.0,10,500000,550000,96,recovery,99,healthy,2,12.6,17.2,21.0,201383,0.7,1383,1383,1367,0,0,0
overlap_4pct,threshold_d8_a010,threshold_alpha,8,0.1,0,0,0,dynamic_overlap_100d_4pct_hdd,100,44,1000000,5000,1.0,health_ec,15.0,11,550000,600000,96,recovery,99,mild_slow,3,12.6,17.8,36.2,201513,0.8,1513,1513,1467,3,3,0
overlap_4pct,threshold_d8_a010,threshold_alpha,8,0.1,0,0,0,dynamic_overlap_100d_4pct_hdd,100,44,1000000,5000,1.0,health_ec,15.0,12,600000,650000,96,healthy,99,mild_slow,2,12.6,17.4,24.1,201419,0.7,1419,1419,1105,0,0,0
overlap_4pct,threshold_d8_a010,threshold_alpha,8,0.1,0,0,0,dynamic_overlap_100d_4pct_hdd,100,44,1000000,5000,1.0,health_ec,15.0,13,650000,700000,96,healthy,99,mild_slow,2,12.5,17.3,23.7,201270,0.6,1270,1270,1044,0,0,0
overlap_4pct,threshold_d8_a010,threshold_alpha,8,0.1,0,0,0,dynamic_overlap_100d_4pct_hdd,100,44,1000000,5000,1.0,health_ec,15.0,14,700000,750000,96,healthy,99,severe_slow,2,12.6,17.4,44.5,201111,0.6,1111,1111,960,1,1,0
overlap_4pct,threshold_d8_a010,threshold_alpha,8,0.1,0,0,0,dynamic_overlap_100d_4pct_hdd,100,44,1000000,5000,1.0,health_ec,15.0,15,750000,800000,96,healthy,99,severe_slow,1,12.5,16.9,19.0,200937,0.5,937,937,902,0,0,0
overlap_4pct,threshold_d8_a010,threshold_alpha,8,0.1,0,0,0,dynamic_overlap_100d_4pct_hdd,100,44,1000000,5000,1.0,health_ec,15.0,16,800000,850000,96,healthy,99,severe_slow,1,12.5,17.0,19.1,200962,0.5,962,962,940,0,0,0
overlap_4pct,threshold_d8_a010,threshold_alpha,8,0.1,0,0,0,dynamic_overlap_100d_4pct_hdd,100,44,1000000,5000,1.0,health_ec,15.0,17,850000,900000,96,healthy,99,recovery,0,12.5,16.8,18.8,200875,0.4,875,875,777,0,0,0
overlap_4pct,threshold_d8_a010,threshold_alpha,8,0.1,0,0,0,dynamic_overlap_100d_4pct_hdd,100,44,1000000,5000,1.0,health_ec,15.0,18,900000,950000,96,healthy,99,healthy,0,12.5,16.8,18.8,200530,0.3,530,530,436,0,0,0
overlap_4pct,threshold_d8_a010,threshold_alpha,8,0.1,0,0,0,dynamic_overlap_100d_4pct_hdd,100,44,1000000,5000,1.0,health_ec,15.0,19,950000,1000000,96,healthy,99,healthy,0,12.5,16.8,18.9,200301,0.2,301,301,241,0,0,0
overlap_4pct,evidence_w2_d4,window_evidence,4,0.1,2,0,0,dynamic_overlap_100d_4pct_hdd,100,44,1000000,5000,1.0,health_ec,15.0,0,0,50000,96,healthy,99,healthy,0,12.5,16.8,18.8,200000,0.0,0,0,0,0,0,0
overlap_4pct,evidence_w2_d4,window_evidence,4,0.1,2,0,0,dynamic_overlap_100d_4pct_hdd,100,44,1000000,5000,1.0,health_ec,15.0,1,50000,100000,96,healthy,99,healthy,0,12.5,16.8,18.7,200000,0.0,0,0,0,0,0,0
overlap_4pct,evidence_w2_d4,window_evidence,4,0.1,2,0,0,dynamic_overlap_100d_4pct_hdd,100,44,1000000,5000,1.0,health_ec,15.0,2,100000,150000,96,healthy,99,healthy,0,12.5,16.8,18.8,200000,0.0,0,0,0,0,0,0
overlap_4pct,evidence_w2_d4,window_evidence,4,0.1,2,0,0,dynamic_overlap_100d_4pct_hdd,100,44,1000000,5000,1.0,health_ec,15.0,3,150000,200000,96,mild_slow,99,healthy,1,12.5,17.1,20.5,200863,0.4,863,863,844,0,0,0
overlap_4pct,evidence_w2_d4,window_evidence,4,0.1,2,0,0,dynamic_overlap_100d_4pct_hdd,100,44,1000000,5000,1.0,health_ec,15.0,4,200000,250000,96,mild_slow,99,healthy,1,12.5,17.0,19.4,200584,0.3,584,584,569,3,3,0
overlap_4pct,evidence_w2_d4,window_evidence,4,0.1,2,0,0,dynamic_overlap_100d_4pct_hdd,100,44,1000000,5000,1.0,health_ec,15.0,5,250000,300000,96,mild_slow,99,healthy,2,12.5,17.2,22.0,201120,0.6,1120,1120,1108,0,0,0
overlap_4pct,evidence_w2_d4,window_evidence,4,0.1,2,0,0,dynamic_overlap_100d_4pct_hdd,100,44,1000000,5000,1.0,health_ec,15.0,6,300000,350000,96,severe_slow,99,healthy,2,12.5,17.2,23.2,200761,0.4,761,761,760,6,5,0
overlap_4pct,evidence_w2_d4,window_evidence,4,0.1,2,0,0,dynamic_overlap_100d_4pct_hdd,100,44,1000000,5000,1.0,health_ec,15.0,7,350000,400000,96,severe_slow,99,healthy,2,12.5,17.2,21.7,200743,0.4,743,743,741,0,0,0
overlap_4pct,evidence_w2_d4,window_evidence,4,0.1,2,0,0,dynamic_overlap_100d_4pct_hdd,100,44,1000000,5000,1.0,health_ec,15.0,8,400000,450000,96,severe_slow,99,healthy,3,12.5,17.5,40.6,201519,0.8,1519,1519,1501,1,1,0
overlap_4pct,evidence_w2_d4,window_evidence,4,0.1,2,0,0,dynamic_overlap_100d_4pct_hdd,100,44,1000000,5000,1.0,health_ec,15.0,9,450000,500000,96,severe_slow,99,healthy,3,12.6,17.3,38.7,201078,0.5,1078,1078,1069,4,4,0
overlap_4pct,evidence_w2_d4,window_evidence,4,0.1,2,0,0,dynamic_overlap_100d_4pct_hdd,100,44,1000000,5000,1.0,health_ec,15.0,10,500000,550000,96,recovery,99,healthy,2,12.6,17.1,20.7,201166,0.6,1166,1166,1156,0,0,0
overlap_4pct,evidence_w2_d4,window_evidence,4,0.1,2,0,0,dynamic_overlap_100d_4pct_hdd,100,44,1000000,5000,1.0,health_ec,15.0,11,550000,600000,96,recovery,99,mild_slow,3,12.6,17.6,33.6,201849,0.9,1849,1849,1797,2,2,0
overlap_4pct,evidence_w2_d4,window_evidence,4,0.1,2,0,0,dynamic_overlap_100d_4pct_hdd,100,44,1000000,5000,1.0,health_ec,15.0,12,600000,650000,96,healthy,99,mild_slow,2,12.6,17.3,22.3,201322,0.7,1322,1322,1023,4,4,0
overlap_4pct,evidence_w2_d4,window_evidence,4,0.1,2,0,0,dynamic_overlap_100d_4pct_hdd,100,44,1000000,5000,1.0,health_ec,15.0,13,650000,700000,96,healthy,99,mild_slow,2,12.5,17.2,22.0,201114,0.6,1114,1114,894,0,0,0
overlap_4pct,evidence_w2_d4,window_evidence,4,0.1,2,0,0,dynamic_overlap_100d_4pct_hdd,100,44,1000000,5000,1.0,health_ec,15.0,14,700000,750000,96,healthy,99,severe_slow,2,12.5,17.3,40.2,200974,0.5,974,974,832,1,1,0
overlap_4pct,evidence_w2_d4,window_evidence,4,0.1,2,0,0,dynamic_overlap_100d_4pct_hdd,100,44,1000000,5000,1.0,health_ec,15.0,15,750000,800000,96,healthy,99,severe_slow,1,12.5,16.9,19.0,200827,0.4,827,827,791,1,1,0
overlap_4pct,evidence_w2_d4,window_evidence,4,0.1,2,0,0,dynamic_overlap_100d_4pct_hdd,100,44,1000000,5000,1.0,health_ec,15.0,16,800000,850000,96,healthy,99,severe_slow,1,12.5,16.9,19.1,200831,0.4,831,831,809,0,0,0
overlap_4pct,evidence_w2_d4,window_evidence,4,0.1,2,0,0,dynamic_overlap_100d_4pct_hdd,100,44,1000000,5000,1.0,health_ec,15.0,17,850000,900000,96,healthy,99,recovery,0,12.5,16.8,18.8,200802,0.4,802,802,709,0,0,0
overlap_4pct,evidence_w2_d4,window_evidence,4,0.1,2,0,0,dynamic_overlap_100d_4pct_hdd,100,44,1000000,5000,1.0,health_ec,15.0,18,900000,950000,96,healthy,99,healthy,0,12.5,16.8,18.8,200527,0.3,527,527,435,0,0,0
overlap_4pct,evidence_w2_d4,window_evidence,4,0.1,2,0,0,dynamic_overlap_100d_4pct_hdd,100,44,1000000,5000,1.0,health_ec,15.0,19,950000,1000000,96,healthy,99,healthy,0,12.5,16.8,18.9,200300,0.1,300,300,242,0,0,0
overlap_4pct,evidence_w2_d6,window_evidence,6,0.1,2,0,0,dynamic_overlap_100d_4pct_hdd,100,44,1000000,5000,1.0,health_ec,15.0,0,0,50000,96,healthy,99,healthy,0,12.5,16.8,18.8,200000,0.0,0,0,0,0,0,0
overlap_4pct,evidence_w2_d6,window_evidence,6,0.1,2,0,0,dynamic_overlap_100d_4pct_hdd,100,44,1000000,5000,1.0,health_ec,15.0,1,50000,100000,96,healthy,99,healthy,0,12.5,16.8,18.7,200000,0.0,0,0,0,0,0,0
overlap_4pct,evidence_w2_d6,window_evidence,6,0.1,2,0,0,dynamic_overlap_100d_4pct_hdd,100,44,1000000,5000,1.0,health_ec,15.0,2,100000,150000,96,healthy,99,healthy,0,12.5,16.8,18.8,200000,0.0,0,0,0,0,0,0
overlap_4pct,evidence_w2_d6,window_evidence,6,0.1,2,0,0,dynamic_overlap_100d_4pct_hdd,100,44,1000000,5000,1.0,health_ec,15.0,3,150000,200000,96,mild_slow,99,healthy,1,12.5,17.1,20.5,200863,0.4,863,863,844,0,0,0
overlap_4pct,evidence_w2_d6,window_evidence,6,0.1,2,0,0,dynamic_overlap_100d_4pct_hdd,100,44,1000000,5000,1.0,health_ec,15.0,4,200000,250000,96,mild_slow,99,healthy,1,12.5,17.0,19.4,200661,0.3,661,661,643,2,2,0
overlap_4pct,evidence_w2_d6,window_evidence,6,0.1,2,0,0,dynamic_overlap_100d_4pct_hdd,100,44,1000000,5000,1.0,health_ec,15.0,5,250000,300000,96,mild_slow,99,healthy,2,12.5,17.2,22.4,201122,0.6,1122,1122,1110,0,0,0
overlap_4pct,evidence_w2_d6,window_evidence,6,0.1,2,0,0,dynamic_overlap_100d_4pct_hdd,100,44,1000000,5000,1.0,health_ec,15.0,6,300000,350000,96,severe_slow,99,healthy,2,12.6,17.3,24.5,200797,0.4,797,797,795,4,4,0
overlap_4pct,evidence_w2_d6,window_evidence,6,0.1,2,0,0,dynamic_overlap_100d_4pct_hdd,100,44,1000000,5000,1.0,health_ec,15.0,7,350000,400000,96,severe_slow,99,healthy,2,12.5,17.3,22.6,200783,0.4,783,783,782,0,0,0
overlap_4pct,evidence_w2_d6,window_evidence,6,0.1,2,0,0,dynamic_overlap_100d_4pct_hdd,100,44,1000000,5000,1.0,health_ec,15.0,8,400000,450000,96,severe_slow,99,healthy,3,12.6,17.6,43.6,201558,0.8,1558,1558,1543,0,0,0
overlap_4pct,evidence_w2_d6,window_evidence,6,0.1,2,0,0,dynamic_overlap_100d_4pct_hdd,100,44,1000000,5000,1.0,health_ec,15.0,9,450000,500000,96,severe_slow,99,healthy,3,12.6,17.4,43.0,201222,0.6,1222,1222,1213,3,3,0
overlap_4pct,evidence_w2_d6,window_evidence,6,0.1,2,0,0,dynamic_overlap_100d_4pct_hdd,100,44,1000000,5000,1.0,health_ec,15.0,10,500000,550000,96,recovery,99,healthy,2,12.6,17.2,21.0,201289,0.6,1289,1289,1277,0,0,0
overlap_4pct,evidence_w2_d6,window_evidence,6,0.1,2,0,0,dynamic_overlap_100d_4pct_hdd,100,44,1000000,5000,1.0,health_ec,15.0,11,550000,600000,96,recovery,99,mild_slow,3,12.6,17.7,36.1,201910,1.0,1910,1910,1852,1,1,0
overlap_4pct,evidence_w2_d6,window_evidence,6,0.1,2,0,0,dynamic_overlap_100d_4pct_hdd,100,44,1000000,5000,1.0,health_ec,15.0,12,600000,650000,96,healthy,99,mild_slow,2,12.6,17.3,23.3,201370,0.7,1370,1370,1053,3,3,0
overlap_4pct,evidence_w2_d6,window_evidence,6,0.1,2,0,0,dynamic_overlap_100d_4pct_hdd,100,44,1000000,5000,1.0,health_ec,15.0,13,650000,700000,96,healthy,99,mild_slow,2,12.5,17.3,23.0,201201,0.6,1201,1201,975,0,0,0
overlap_4pct,evidence_w2_d6,window_evidence,6,0.1,2,0,0,dynamic_overlap_100d_4pct_hdd,100,44,1000000,5000,1.0,health_ec,15.0,14,700000,750000,96,healthy,99,severe_slow,2,12.5,17.3,42.9,201039,0.5,1039,1039,889,1,1,0
overlap_4pct,evidence_w2_d6,window_evidence,6,0.1,2,0,0,dynamic_overlap_100d_4pct_hdd,100,44,1000000,5000,1.0,health_ec,15.0,15,750000,800000,96,healthy,99,severe_slow,1,12.5,16.9,19.0,200876,0.4,876,876,841,0,0,0
overlap_4pct,evidence_w2_d6,window_evidence,6,0.1,2,0,0,dynamic_overlap_100d_4pct_hdd,100,44,1000000,5000,1.0,health_ec,15.0,16,800000,850000,96,healthy,99,severe_slow,1,12.5,16.9,19.1,200911,0.5,911,911,889,0,0,0
overlap_4pct,evidence_w2_d6,window_evidence,6,0.1,2,0,0,dynamic_overlap_100d_4pct_hdd,100,44,1000000,5000,1.0,health_ec,15.0,17,850000,900000,96,healthy,99,recovery,0,12.5,16.8,18.8,200847,0.4,847,847,750,0,0,0
overlap_4pct,evidence_w2_d6,window_evidence,6,0.1,2,0,0,dynamic_overlap_100d_4pct_hdd,100,44,1000000,5000,1.0,health_ec,15.0,18,900000,950000,96,healthy,99,healthy,0,12.5,16.8,18.8,200530,0.3,530,530,437,0,0,0
overlap_4pct,evidence_w2_d6,window_evidence,6,0.1,2,0,0,dynamic_overlap_100d_4pct_hdd,100,44,1000000,5000,1.0,health_ec,15.0,19,950000,1000000,96,healthy,99,healthy,0,12.5,16.8,18.9,200301,0.2,301,301,241,0,0,0
overlap_4pct,evidence_w3_d4,window_evidence,4,0.1,3,0,0,dynamic_overlap_100d_4pct_hdd,100,44,1000000,5000,1.0,health_ec,15.0,0,0,50000,96,healthy,99,healthy,0,12.5,16.8,18.8,200000,0.0,0,0,0,0,0,0
overlap_4pct,evidence_w3_d4,window_evidence,4,0.1,3,0,0,dynamic_overlap_100d_4pct_hdd,100,44,1000000,5000,1.0,health_ec,15.0,1,50000,100000,96,healthy,99,healthy,0,12.5,16.8,18.7,200000,0.0,0,0,0,0,0,0
overlap_4pct,evidence_w3_d4,window_evidence,4,0.1,3,0,0,dynamic_overlap_100d_4pct_hdd,100,44,1000000,5000,1.0,health_ec,15.0,2,100000,150000,96,healthy,99,healthy,0,12.5,16.8,18.8,200000,0.0,0,0,0,0,0,0
overlap_4pct,evidence_w3_d4,window_evidence,4,0.1,3,0,0,dynamic_overlap_100d_4pct_hdd,100,44,1000000,5000,1.0,health_ec,15.0,3,150000,200000,96,mild_slow,99,healthy,1,12.5,17.1,20.5,200863,0.4,863,863,844,0,0,0
overlap_4pct,evidence_w3_d4,window_evidence,4,0.1,3,0,0,dynamic_overlap_100d_4pct_hdd,100,44,1000000,5000,1.0,health_ec,15.0,4,200000,250000,96,mild_slow,99,healthy,1,12.5,17.0,19.4,201110,0.6,1110,1110,1089,0,0,0
overlap_4pct,evidence_w3_d4,window_evidence,4,0.1,3,0,0,dynamic_overlap_100d_4pct_hdd,100,44,1000000,5000,1.0,health_ec,15.0,5,250000,300000,96,mild_slow,99,healthy,2,12.5,17.2,21.9,200830,0.4,830,830,824,4,3,0
overlap_4pct,evidence_w3_d4,window_evidence,4,0.1,3,0,0,dynamic_overlap_100d_4pct_hdd,100,44,1000000,5000,1.0,health_ec,15.0,6,300000,350000,96,severe_slow,99,healthy,2,12.5,17.2,23.2,200972,0.5,972,972,966,2,1,0
overlap_4pct,evidence_w3_d4,window_evidence,4,0.1,3,0,0,dynamic_overlap_100d_4pct_hdd,100,44,1000000,5000,1.0,health_ec,15.0,7,350000,400000,96,severe_slow,99,healthy,2,12.5,17.2,21.7,200781,0.4,781,781,774,3,3,0
overlap_4pct,evidence_w3_d4,window_evidence,4,0.1,3,0,0,dynamic_overlap_100d_4pct_hdd,100,44,1000000,5000,1.0,health_ec,15.0,8,400000,450000,96,severe_slow,99,healthy,3,12.5,17.6,40.6,201508,0.8,1508,1508,1494,1,1,0
overlap_4pct,evidence_w3_d4,window_evidence,4,0.1,3,0,0,dynamic_overlap_100d_4pct_hdd,100,44,1000000,5000,1.0,health_ec,15.0,9,450000,500000,96,severe_slow,99,healthy,3,12.6,17.3,38.7,201694,0.8,1694,1694,1676,0,0,0
overlap_4pct,evidence_w3_d4,window_evidence,4,0.1,3,0,0,dynamic_overlap_100d_4pct_hdd,100,44,1000000,5000,1.0,health_ec,15.0,10,500000,550000,96,recovery,99,healthy,2,12.6,17.1,20.7,201242,0.6,1242,1242,1227,3,3,0
overlap_4pct,evidence_w3_d4,window_evidence,4,0.1,3,0,0,dynamic_overlap_100d_4pct_hdd,100,44,1000000,5000,1.0,health_ec,15.0,11,550000,600000,96,recovery,99,mild_slow,3,12.6,17.6,33.5,201871,0.9,1871,1871,1818,3,2,0
overlap_4pct,evidence_w3_d4,window_evidence,4,0.1,3,0,0,dynamic_overlap_100d_4pct_hdd,100,44,1000000,5000,1.0,health_ec,15.0,12,600000,650000,96,healthy,99,mild_slow,2,12.6,17.3,22.3,201893,0.9,1893,1893,1582,0,0,0
overlap_4pct,evidence_w3_d4,window_evidence,4,0.1,3,0,0,dynamic_overlap_100d_4pct_hdd,100,44,1000000,5000,1.0,health_ec,15.0,13,650000,700000,96,healthy,99,mild_slow,2,12.5,17.2,22.0,201138,0.6,1138,1138,918,4,4,0
overlap_4pct,evidence_w3_d4,window_evidence,4,0.1,3,0,0,dynamic_overlap_100d_4pct_hdd,100,44,1000000,5000,1.0,health_ec,15.0,14,700000,750000,96,healthy,99,severe_slow,2,12.5,17.3,40.2,200974,0.5,974,974,832,1,1,0
overlap_4pct,evidence_w3_d4,window_evidence,4,0.1,3,0,0,dynamic_overlap_100d_4pct_hdd,100,44,1000000,5000,1.0,health_ec,15.0,15,750000,800000,96,healthy,99,severe_slow,1,12.5,16.9,19.0,200827,0.4,827,827,791,1,1,0
overlap_4pct,evidence_w3_d4,window_evidence,4,0.1,3,0,0,dynamic_overlap_100d_4pct_hdd,100,44,1000000,5000,1.0,health_ec,15.0,16,800000,850000,96,healthy,99,severe_slow,1,12.5,16.9,19.1,200831,0.4,831,831,809,0,0,0
overlap_4pct,evidence_w3_d4,window_evidence,4,0.1,3,0,0,dynamic_overlap_100d_4pct_hdd,100,44,1000000,5000,1.0,health_ec,15.0,17,850000,900000,96,healthy,99,recovery,0,12.5,16.8,18.8,200802,0.4,802,802,710,0,0,0
overlap_4pct,evidence_w3_d4,window_evidence,4,0.1,3,0,0,dynamic_overlap_100d_4pct_hdd,100,44,1000000,5000,1.0,health_ec,15.0,18,900000,950000,96,healthy,99,healthy,0,12.5,16.8,18.8,200527,0.3,527,527,434,0,0,0
overlap_4pct,evidence_w3_d4,window_evidence,4,0.1,3,0,0,dynamic_overlap_100d_4pct_hdd,100,44,1000000,5000,1.0,health_ec,15.0,19,950000,1000000,96,healthy,99,healthy,0,12.5,16.8,18.9,200301,0.2,301,301,243,0,0,0
overlap_4pct,evidence_w3_d6,window_evidence,6,0.1,3,0,0,dynamic_overlap_100d_4pct_hdd,100,44,1000000,5000,1.0,health_ec,15.0,0,0,50000,96,healthy,99,healthy,0,12.5,16.8,18.8,200000,0.0,0,0,0,0,0,0
overlap_4pct,evidence_w3_d6,window_evidence,6,0.1,3,0,0,dynamic_overlap_100d_4pct_hdd,100,44,1000000,5000,1.0,health_ec,15.0,1,50000,100000,96,healthy,99,healthy,0,12.5,16.8,18.7,200000,0.0,0,0,0,0,0,0
overlap_4pct,evidence_w3_d6,window_evidence,6,0.1,3,0,0,dynamic_overlap_100d_4pct_hdd,100,44,1000000,5000,1.0,health_ec,15.0,2,100000,150000,96,healthy,99,healthy,0,12.5,16.8,18.8,200000,0.0,0,0,0,0,0,0
overlap_4pct,evidence_w3_d6,window_evidence,6,0.1,3,0,0,dynamic_overlap_100d_4pct_hdd,100,44,1000000,5000,1.0,health_ec,15.0,3,150000,200000,96,mild_slow,99,healthy,1,12.5,17.1,20.5,200863,0.4,863,863,844,0,0,0
overlap_4pct,evidence_w3_d6,window_evidence,6,0.1,3,0,0,dynamic_overlap_100d_4pct_hdd,100,44,1000000,5000,1.0,health_ec,15.0,4,200000,250000,96,mild_slow,99,healthy,1,12.5,17.0,19.4,201110,0.6,1110,1110,1089,0,0,0
overlap_4pct,evidence_w3_d6,window_evidence,6,0.1,3,0,0,dynamic_overlap_100d_4pct_hdd,100,44,1000000,5000,1.0,health_ec,15.0,5,250000,300000,96,mild_slow,99,healthy,2,12.5,17.2,22.3,200830,0.4,830,830,825,3,2,0
overlap_4pct,evidence_w3_d6,window_evidence,6,0.1,3,0,0,dynamic_overlap_100d_4pct_hdd,100,44,1000000,5000,1.0,health_ec,15.0,6,300000,350000,96,severe_slow,99,healthy,2,12.5,17.3,24.5,200972,0.5,972,972,968,1,1,0
overlap_4pct,evidence_w3_d6,window_evidence,6,0.1,3,0,0,dynamic_overlap_100d_4pct_hdd,100,44,1000000,5000,1.0,health_ec,15.0,7,350000,400000,96,severe_slow,99,healthy,2,12.5,17.3,22.6,200860,0.4,860,860,853,2,2,0
overlap_4pct,evidence_w3_d6,window_evidence,6,0.1,3,0,0,dynamic_overlap_100d_4pct_hdd,100,44,1000000,5000,1.0,health_ec,15.0,8,400000,450000,96,severe_slow,99,healthy,3,12.6,17.6,43.6,201558,0.8,1558,1558,1546,0,0,0
overlap_4pct,evidence_w3_d6,window_evidence,6,0.1,3,0,0,dynamic_overlap_100d_4pct_hdd,100,44,1000000,5000,1.0,health_ec,15.0,9,450000,500000,96,severe_slow,99,healthy,3,12.6,17.4,43.0,201740,0.9,1740,1740,1723,0,0,0
overlap_4pct,evidence_w3_d6,window_evidence,6,0.1,3,0,0,dynamic_overlap_100d_4pct_hdd,100,44,1000000,5000,1.0,health_ec,15.0,10,500000,550000,96,recovery,99,healthy,2,12.6,17.2,21.0,201385,0.7,1385,1385,1370,2,2,0
overlap_4pct,evidence_w3_d6,window_evidence,6,0.1,3,0,0,dynamic_overlap_100d_4pct_hdd,100,44,1000000,5000,1.0,health_ec,15.0,11,550000,600000,96,recovery,99,mild_slow,3,12.6,17.7,36.0,201942,1.0,1942,1942,1885,2,2,0
overlap_4pct,evidence_w3_d6,window_evidence,6,0.1,3,0,0,dynamic_overlap_100d_4pct_hdd,100,44,1000000,5000,1.0,health_ec,15.0,12,600000,650000,96,healthy,99,mild_slow,2,12.6,17.3,23.3,201915,1.0,1915,1915,1586,0,0,0
overlap_4pct,evidence_w3_d6,window_evidence,6,0.1,3,0,0,dynamic_overlap_100d_4pct_hdd,100,44,1000000,5000,1.0,health_ec,15.0,13,650000,700000,96,healthy,99,mild_slow,2,12.5,17.3,23.0,201237,0.6,1237,1237,1011,3,3,0
overlap_4pct,evidence_w3_d6,window_evidence,6,0.1,3,0,0,dynamic_overlap_100d_4pct_hdd,100,44,1000000,5000,1.0,health_ec,15.0,14,700000,750000,96,healthy,99,severe_slow,2,12.5,17.3,42.9,201039,0.5,1039,1039,889,1,1,0
overlap_4pct,evidence_w3_d6,window_evidence,6,0.1,3,0,0,dynamic_overlap_100d_4pct_hdd,100,44,1000000,5000,1.0,health_ec,15.0,15,750000,800000,96,healthy,99,severe_slow,1,12.5,16.9,19.0,200876,0.4,876,876,841,0,0,0
overlap_4pct,evidence_w3_d6,window_evidence,6,0.1,3,0,0,dynamic_overlap_100d_4pct_hdd,100,44,1000000,5000,1.0,health_ec,15.0,16,800000,850000,96,healthy,99,severe_slow,1,12.5,16.9,19.1,200911,0.5,911,911,889,0,0,0
overlap_4pct,evidence_w3_d6,window_evidence,6,0.1,3,0,0,dynamic_overlap_100d_4pct_hdd,100,44,1000000,5000,1.0,health_ec,15.0,17,850000,900000,96,healthy,99,recovery,0,12.5,16.8,18.8,200847,0.4,847,847,750,0,0,0
overlap_4pct,evidence_w3_d6,window_evidence,6,0.1,3,0,0,dynamic_overlap_100d_4pct_hdd,100,44,1000000,5000,1.0,health_ec,15.0,18,900000,950000,96,healthy,99,healthy,0,12.5,16.8,18.8,200530,0.3,530,530,437,0,0,0
overlap_4pct,evidence_w3_d6,window_evidence,6,0.1,3,0,0,dynamic_overlap_100d_4pct_hdd,100,44,1000000,5000,1.0,health_ec,15.0,19,950000,1000000,96,healthy,99,healthy,0,12.5,16.8,18.9,200301,0.2,301,301,241,0,0,0
overlap_4pct,topk_k2_d4,topk_budgeted,4,0.1,0,2,0,dynamic_overlap_100d_4pct_hdd,100,44,1000000,5000,1.0,health_ec,15.0,0,0,50000,96,healthy,99,healthy,0,12.5,16.8,18.8,200000,0.0,0,0,0,0,0,0
overlap_4pct,topk_k2_d4,topk_budgeted,4,0.1,0,2,0,dynamic_overlap_100d_4pct_hdd,100,44,1000000,5000,1.0,health_ec,15.0,1,50000,100000,96,healthy,99,healthy,0,12.5,16.8,18.7,200000,0.0,0,0,0,0,0,0
overlap_4pct,topk_k2_d4,topk_budgeted,4,0.1,0,2,0,dynamic_overlap_100d_4pct_hdd,100,44,1000000,5000,1.0,health_ec,15.0,2,100000,150000,96,healthy,99,healthy,0,12.5,16.8,18.8,200000,0.0,0,0,0,0,0,0
overlap_4pct,topk_k2_d4,topk_budgeted,4,0.1,0,2,0,dynamic_overlap_100d_4pct_hdd,100,44,1000000,5000,1.0,health_ec,15.0,3,150000,200000,96,mild_slow,99,healthy,1,12.5,17.1,20.5,200863,0.4,863,863,844,0,0,0
overlap_4pct,topk_k2_d4,topk_budgeted,4,0.1,0,2,0,dynamic_overlap_100d_4pct_hdd,100,44,1000000,5000,1.0,health_ec,15.0,4,200000,250000,96,mild_slow,99,healthy,1,12.5,17.0,19.4,200653,0.3,653,653,635,2,2,0
overlap_4pct,topk_k2_d4,topk_budgeted,4,0.1,0,2,0,dynamic_overlap_100d_4pct_hdd,100,44,1000000,5000,1.0,health_ec,15.0,5,250000,300000,96,mild_slow,99,healthy,2,12.5,17.2,22.0,201120,0.6,1120,1120,1108,1,1,0
overlap_4pct,topk_k2_d4,topk_budgeted,4,0.1,0,2,0,dynamic_overlap_100d_4pct_hdd,100,44,1000000,5000,1.0,health_ec,15.0,6,300000,350000,96,severe_slow,99,healthy,2,12.5,17.3,24.3,200854,0.4,854,854,850,2,2,0
overlap_4pct,topk_k2_d4,topk_budgeted,4,0.1,0,2,0,dynamic_overlap_100d_4pct_hdd,100,44,1000000,5000,1.0,health_ec,15.0,7,350000,400000,96,severe_slow,99,healthy,2,12.5,17.2,22.2,200783,0.4,783,783,782,2,2,0
overlap_4pct,topk_k2_d4,topk_budgeted,4,0.1,0,2,0,dynamic_overlap_100d_4pct_hdd,100,44,1000000,5000,1.0,health_ec,15.0,8,400000,450000,96,severe_slow,99,healthy,3,12.5,17.6,40.6,201508,0.8,1508,1508,1495,2,1,0
overlap_4pct,topk_k2_d4,topk_budgeted,4,0.1,0,2,0,dynamic_overlap_100d_4pct_hdd,100,44,1000000,5000,1.0,health_ec,15.0,9,450000,500000,96,severe_slow,99,healthy,3,12.6,17.3,38.8,201203,0.6,1203,1203,1193,2,2,0
overlap_4pct,topk_k2_d4,topk_budgeted,4,0.1,0,2,0,dynamic_overlap_100d_4pct_hdd,100,44,1000000,5000,1.0,health_ec,15.0,10,500000,550000,96,recovery,99,healthy,2,12.6,17.2,21.0,201182,0.6,1182,1182,1170,2,2,0
overlap_4pct,topk_k2_d4,topk_budgeted,4,0.1,0,2,0,dynamic_overlap_100d_4pct_hdd,100,44,1000000,5000,1.0,health_ec,15.0,11,550000,600000,96,recovery,99,mild_slow,3,12.6,17.7,33.8,201861,0.9,1861,1861,1808,1,1,0
overlap_4pct,topk_k2_d4,topk_budgeted,4,0.1,0,2,0,dynamic_overlap_100d_4pct_hdd,100,44,1000000,5000,1.0,health_ec,15.0,12,600000,650000,96,healthy,99,mild_slow,2,12.6,17.3,23.3,201397,0.7,1397,1397,1100,2,2,0
overlap_4pct,topk_k2_d4,topk_budgeted,4,0.1,0,2,0,dynamic_overlap_100d_4pct_hdd,100,44,1000000,5000,1.0,health_ec,15.0,13,650000,700000,96,healthy,99,mild_slow,2,12.5,17.2,22.5,201193,0.6,1193,1193,973,2,2,0
overlap_4pct,topk_k2_d4,topk_budgeted,4,0.1,0,2,0,dynamic_overlap_100d_4pct_hdd,100,44,1000000,5000,1.0,health_ec,15.0,14,700000,750000,96,healthy,99,severe_slow,2,12.5,17.3,40.2,201008,0.5,1008,1008,866,2,1,0
overlap_4pct,topk_k2_d4,topk_budgeted,4,0.1,0,2,0,dynamic_overlap_100d_4pct_hdd,100,44,1000000,5000,1.0,health_ec,15.0,15,750000,800000,96,healthy,99,severe_slow,1,12.5,16.9,19.0,200831,0.4,831,831,795,1,1,0
overlap_4pct,topk_k2_d4,topk_budgeted,4,0.1,0,2,0,dynamic_overlap_100d_4pct_hdd,100,44,1000000,5000,1.0,health_ec,15.0,16,800000,850000,96,healthy,99,severe_slow,1,12.5,16.9,19.1,200831,0.4,831,831,809,1,1,0
overlap_4pct,topk_k2_d4,topk_budgeted,4,0.1,0,2,0,dynamic_overlap_100d_4pct_hdd,100,44,1000000,5000,1.0,health_ec,15.0,17,850000,900000,96,healthy,99,recovery,0,12.5,16.8,18.8,200802,0.4,802,802,708,0,0,0
overlap_4pct,topk_k2_d4,topk_budgeted,4,0.1,0,2,0,dynamic_overlap_100d_4pct_hdd,100,44,1000000,5000,1.0,health_ec,15.0,18,900000,950000,96,healthy,99,healthy,0,12.5,16.8,18.8,200530,0.3,530,530,438,0,0,0
overlap_4pct,topk_k2_d4,topk_budgeted,4,0.1,0,2,0,dynamic_overlap_100d_4pct_hdd,100,44,1000000,5000,1.0,health_ec,15.0,19,950000,1000000,96,healthy,99,healthy,0,12.5,16.8,18.9,200301,0.2,301,301,242,0,0,0
overlap_4pct,topk_k2_d6,topk_budgeted,6,0.1,0,2,0,dynamic_overlap_100d_4pct_hdd,100,44,1000000,5000,1.0,health_ec,15.0,0,0,50000,96,healthy,99,healthy,0,12.5,16.8,18.8,200000,0.0,0,0,0,0,0,0
overlap_4pct,topk_k2_d6,topk_budgeted,6,0.1,0,2,0,dynamic_overlap_100d_4pct_hdd,100,44,1000000,5000,1.0,health_ec,15.0,1,50000,100000,96,healthy,99,healthy,0,12.5,16.8,18.7,200000,0.0,0,0,0,0,0,0
overlap_4pct,topk_k2_d6,topk_budgeted,6,0.1,0,2,0,dynamic_overlap_100d_4pct_hdd,100,44,1000000,5000,1.0,health_ec,15.0,2,100000,150000,96,healthy,99,healthy,0,12.5,16.8,18.8,200000,0.0,0,0,0,0,0,0
overlap_4pct,topk_k2_d6,topk_budgeted,6,0.1,0,2,0,dynamic_overlap_100d_4pct_hdd,100,44,1000000,5000,1.0,health_ec,15.0,3,150000,200000,96,mild_slow,99,healthy,1,12.5,17.1,20.5,200863,0.4,863,863,844,0,0,0
overlap_4pct,topk_k2_d6,topk_budgeted,6,0.1,0,2,0,dynamic_overlap_100d_4pct_hdd,100,44,1000000,5000,1.0,health_ec,15.0,4,200000,250000,96,mild_slow,99,healthy,1,12.5,17.0,19.4,200653,0.3,653,653,635,2,2,0
overlap_4pct,topk_k2_d6,topk_budgeted,6,0.1,0,2,0,dynamic_overlap_100d_4pct_hdd,100,44,1000000,5000,1.0,health_ec,15.0,5,250000,300000,96,mild_slow,99,healthy,2,12.5,17.2,22.4,201122,0.6,1122,1122,1110,0,0,0
overlap_4pct,topk_k2_d6,topk_budgeted,6,0.1,0,2,0,dynamic_overlap_100d_4pct_hdd,100,44,1000000,5000,1.0,health_ec,15.0,6,300000,350000,96,severe_slow,99,healthy,2,12.6,17.3,25.2,200854,0.4,854,854,854,2,2,0
overlap_4pct,topk_k2_d6,topk_budgeted,6,0.1,0,2,0,dynamic_overlap_100d_4pct_hdd,100,44,1000000,5000,1.0,health_ec,15.0,7,350000,400000,96,severe_slow,99,healthy,2,12.5,17.3,22.6,200783,0.4,783,783,782,2,2,0
overlap_4pct,topk_k2_d6,topk_budgeted,6,0.1,0,2,0,dynamic_overlap_100d_4pct_hdd,100,44,1000000,5000,1.0,health_ec,15.0,8,400000,450000,96,severe_slow,99,healthy,3,12.6,17.6,43.6,201558,0.8,1558,1558,1544,0,0,0
overlap_4pct,topk_k2_d6,topk_budgeted,6,0.1,0,2,0,dynamic_overlap_100d_4pct_hdd,100,44,1000000,5000,1.0,health_ec,15.0,9,450000,500000,96,severe_slow,99,healthy,3,12.6,17.4,43.0,201249,0.6,1249,1249,1239,2,2,0
overlap_4pct,topk_k2_d6,topk_budgeted,6,0.1,0,2,0,dynamic_overlap_100d_4pct_hdd,100,44,1000000,5000,1.0,health_ec,15.0,10,500000,550000,96,recovery,99,healthy,2,12.6,17.2,21.0,201289,0.6,1289,1289,1277,1,1,0
overlap_4pct,topk_k2_d6,topk_budgeted,6,0.1,0,2,0,dynamic_overlap_100d_4pct_hdd,100,44,1000000,5000,1.0,health_ec,15.0,11,550000,600000,96,recovery,99,mild_slow,3,12.6,17.8,36.1,201922,1.0,1922,1922,1863,0,0,0
overlap_4pct,topk_k2_d6,topk_budgeted,6,0.1,0,2,0,dynamic_overlap_100d_4pct_hdd,100,44,1000000,5000,1.0,health_ec,15.0,12,600000,650000,96,healthy,99,mild_slow,2,12.6,17.4,24.1,201419,0.7,1419,1419,1104,2,2,0
overlap_4pct,topk_k2_d6,topk_budgeted,6,0.1,0,2,0,dynamic_overlap_100d_4pct_hdd,100,44,1000000,5000,1.0,health_ec,15.0,13,650000,700000,96,healthy,99,mild_slow,2,12.5,17.3,23.0,201201,0.6,1201,1201,975,2,2,0
overlap_4pct,topk_k2_d6,topk_budgeted,6,0.1,0,2,0,dynamic_overlap_100d_4pct_hdd,100,44,1000000,5000,1.0,health_ec,15.0,14,700000,750000,96,healthy,99,severe_slow,2,12.5,17.3,42.9,201081,0.5,1081,1081,931,0,0,0
overlap_4pct,topk_k2_d6,topk_budgeted,6,0.1,0,2,0,dynamic_overlap_100d_4pct_hdd,100,44,1000000,5000,1.0,health_ec,15.0,15,750000,800000,96,healthy,99,severe_slow,1,12.5,16.9,19.0,200876,0.4,876,876,841,1,1,0
overlap_4pct,topk_k2_d6,topk_budgeted,6,0.1,0,2,0,dynamic_overlap_100d_4pct_hdd,100,44,1000000,5000,1.0,health_ec,15.0,16,800000,850000,96,healthy,99,severe_slow,1,12.5,16.9,19.1,200911,0.5,911,911,889,0,0,0
overlap_4pct,topk_k2_d6,topk_budgeted,6,0.1,0,2,0,dynamic_overlap_100d_4pct_hdd,100,44,1000000,5000,1.0,health_ec,15.0,17,850000,900000,96,healthy,99,recovery,0,12.5,16.8,18.8,200847,0.4,847,847,750,0,0,0
overlap_4pct,topk_k2_d6,topk_budgeted,6,0.1,0,2,0,dynamic_overlap_100d_4pct_hdd,100,44,1000000,5000,1.0,health_ec,15.0,18,900000,950000,96,healthy,99,healthy,0,12.5,16.8,18.8,200530,0.3,530,530,437,0,0,0
overlap_4pct,topk_k2_d6,topk_budgeted,6,0.1,0,2,0,dynamic_overlap_100d_4pct_hdd,100,44,1000000,5000,1.0,health_ec,15.0,19,950000,1000000,96,healthy,99,healthy,0,12.5,16.8,18.9,200301,0.2,301,301,241,0,0,0
overlap_4pct,topk_k4_d4,topk_budgeted,4,0.1,0,4,0,dynamic_overlap_100d_4pct_hdd,100,44,1000000,5000,1.0,health_ec,15.0,0,0,50000,96,healthy,99,healthy,0,12.5,16.8,18.8,200000,0.0,0,0,0,0,0,0
overlap_4pct,topk_k4_d4,topk_budgeted,4,0.1,0,4,0,dynamic_overlap_100d_4pct_hdd,100,44,1000000,5000,1.0,health_ec,15.0,1,50000,100000,96,healthy,99,healthy,0,12.5,16.8,18.7,200000,0.0,0,0,0,0,0,0
overlap_4pct,topk_k4_d4,topk_budgeted,4,0.1,0,4,0,dynamic_overlap_100d_4pct_hdd,100,44,1000000,5000,1.0,health_ec,15.0,2,100000,150000,96,healthy,99,healthy,0,12.5,16.8,18.8,200000,0.0,0,0,0,0,0,0
overlap_4pct,topk_k4_d4,topk_budgeted,4,0.1,0,4,0,dynamic_overlap_100d_4pct_hdd,100,44,1000000,5000,1.0,health_ec,15.0,3,150000,200000,96,mild_slow,99,healthy,1,12.5,17.1,20.5,200863,0.4,863,863,844,0,0,0
overlap_4pct,topk_k4_d4,topk_budgeted,4,0.1,0,4,0,dynamic_overlap_100d_4pct_hdd,100,44,1000000,5000,1.0,health_ec,15.0,4,200000,250000,96,mild_slow,99,healthy,1,12.5,17.0,19.4,200508,0.3,508,508,493,4,4,0
overlap_4pct,topk_k4_d4,topk_budgeted,4,0.1,0,4,0,dynamic_overlap_100d_4pct_hdd,100,44,1000000,5000,1.0,health_ec,15.0,5,250000,300000,96,mild_slow,99,healthy,2,12.5,17.2,22.0,201103,0.6,1103,1103,1091,0,0,0
overlap_4pct,topk_k4_d4,topk_budgeted,4,0.1,0,4,0,dynamic_overlap_100d_4pct_hdd,100,44,1000000,5000,1.0,health_ec,15.0,6,300000,350000,96,severe_slow,99,healthy,2,12.5,17.2,23.7,200767,0.4,767,767,767,3,3,0
overlap_4pct,topk_k4_d4,topk_budgeted,4,0.1,0,4,0,dynamic_overlap_100d_4pct_hdd,100,44,1000000,5000,1.0,health_ec,15.0,7,350000,400000,96,severe_slow,99,healthy,2,12.5,17.2,21.7,200743,0.4,743,743,741,2,2,0
overlap_4pct,topk_k4_d4,topk_budgeted,4,0.1,0,4,0,dynamic_overlap_100d_4pct_hdd,100,44,1000000,5000,1.0,health_ec,15.0,8,400000,450000,96,severe_slow,99,healthy,3,12.5,17.6,40.6,201508,0.8,1508,1508,1494,0,0,0
overlap_4pct,topk_k4_d4,topk_budgeted,4,0.1,0,4,0,dynamic_overlap_100d_4pct_hdd,100,44,1000000,5000,1.0,health_ec,15.0,9,450000,500000,96,severe_slow,99,healthy,3,12.6,17.3,38.8,201064,0.5,1064,1064,1057,4,4,0
overlap_4pct,topk_k4_d4,topk_budgeted,4,0.1,0,4,0,dynamic_overlap_100d_4pct_hdd,100,44,1000000,5000,1.0,health_ec,15.0,10,500000,550000,96,recovery,99,healthy,2,12.6,17.1,20.7,201166,0.6,1166,1166,1157,1,1,0
overlap_4pct,topk_k4_d4,topk_budgeted,4,0.1,0,4,0,dynamic_overlap_100d_4pct_hdd,100,44,1000000,5000,1.0,health_ec,15.0,11,550000,600000,96,recovery,99,mild_slow,3,12.6,17.7,33.8,201861,0.9,1861,1861,1808,0,0,0
overlap_4pct,topk_k4_d4,topk_budgeted,4,0.1,0,4,0,dynamic_overlap_100d_4pct_hdd,100,44,1000000,5000,1.0,health_ec,15.0,12,600000,650000,96,healthy,99,mild_slow,2,12.6,17.3,23.3,201242,0.6,1242,1242,950,4,4,0
overlap_4pct,topk_k4_d4,topk_budgeted,4,0.1,0,4,0,dynamic_overlap_100d_4pct_hdd,100,44,1000000,5000,1.0,health_ec,15.0,13,650000,700000,96,healthy,99,mild_slow,2,12.5,17.2,22.0,201114,0.6,1114,1114,893,2,2,0
overlap_4pct,topk_k4_d4,topk_budgeted,4,0.1,0,4,0,dynamic_overlap_100d_4pct_hdd,100,44,1000000,5000,1.0,health_ec,15.0,14,700000,750000,96,healthy,99,severe_slow,2,12.5,17.3,40.2,201008,0.5,1008,1008,867,0,0,0
overlap_4pct,topk_k4_d4,topk_budgeted,4,0.1,0,4,0,dynamic_overlap_100d_4pct_hdd,100,44,1000000,5000,1.0,health_ec,15.0,15,750000,800000,96,healthy,99,severe_slow,1,12.5,16.9,19.0,200831,0.4,831,831,795,1,1,0
overlap_4pct,topk_k4_d4,topk_budgeted,4,0.1,0,4,0,dynamic_overlap_100d_4pct_hdd,100,44,1000000,5000,1.0,health_ec,15.0,16,800000,850000,96,healthy,99,severe_slow,1,12.5,16.9,19.1,200831,0.4,831,831,809,1,1,0
overlap_4pct,topk_k4_d4,topk_budgeted,4,0.1,0,4,0,dynamic_overlap_100d_4pct_hdd,100,44,1000000,5000,1.0,health_ec,15.0,17,850000,900000,96,healthy,99,recovery,0,12.5,16.8,18.8,200802,0.4,802,802,709,0,0,0
overlap_4pct,topk_k4_d4,topk_budgeted,4,0.1,0,4,0,dynamic_overlap_100d_4pct_hdd,100,44,1000000,5000,1.0,health_ec,15.0,18,900000,950000,96,healthy,99,healthy,0,12.5,16.8,18.8,200530,0.3,530,530,437,0,0,0
overlap_4pct,topk_k4_d4,topk_budgeted,4,0.1,0,4,0,dynamic_overlap_100d_4pct_hdd,100,44,1000000,5000,1.0,health_ec,15.0,19,950000,1000000,96,healthy,99,healthy,0,12.5,16.9,18.9,200301,0.2,301,301,241,0,0,0
overlap_4pct,topk_k4_d6,topk_budgeted,6,0.1,0,4,0,dynamic_overlap_100d_4pct_hdd,100,44,1000000,5000,1.0,health_ec,15.0,0,0,50000,96,healthy,99,healthy,0,12.5,16.8,18.8,200000,0.0,0,0,0,0,0,0
overlap_4pct,topk_k4_d6,topk_budgeted,6,0.1,0,4,0,dynamic_overlap_100d_4pct_hdd,100,44,1000000,5000,1.0,health_ec,15.0,1,50000,100000,96,healthy,99,healthy,0,12.5,16.8,18.7,200000,0.0,0,0,0,0,0,0
overlap_4pct,topk_k4_d6,topk_budgeted,6,0.1,0,4,0,dynamic_overlap_100d_4pct_hdd,100,44,1000000,5000,1.0,health_ec,15.0,2,100000,150000,96,healthy,99,healthy,0,12.5,16.8,18.8,200000,0.0,0,0,0,0,0,0
overlap_4pct,topk_k4_d6,topk_budgeted,6,0.1,0,4,0,dynamic_overlap_100d_4pct_hdd,100,44,1000000,5000,1.0,health_ec,15.0,3,150000,200000,96,mild_slow,99,healthy,1,12.5,17.1,20.5,200863,0.4,863,863,844,0,0,0
overlap_4pct,topk_k4_d6,topk_budgeted,6,0.1,0,4,0,dynamic_overlap_100d_4pct_hdd,100,44,1000000,5000,1.0,health_ec,15.0,4,200000,250000,96,mild_slow,99,healthy,1,12.5,17.0,19.4,200653,0.3,653,653,635,2,2,0
overlap_4pct,topk_k4_d6,topk_budgeted,6,0.1,0,4,0,dynamic_overlap_100d_4pct_hdd,100,44,1000000,5000,1.0,health_ec,15.0,5,250000,300000,96,mild_slow,99,healthy,2,12.5,17.2,22.4,201122,0.6,1122,1122,1110,0,0,0
overlap_4pct,topk_k4_d6,topk_budgeted,6,0.1,0,4,0,dynamic_overlap_100d_4pct_hdd,100,44,1000000,5000,1.0,health_ec,15.0,6,300000,350000,96,severe_slow,99,healthy,2,12.6,17.3,25.2,200854,0.4,854,854,854,2,2,0
overlap_4pct,topk_k4_d6,topk_budgeted,6,0.1,0,4,0,dynamic_overlap_100d_4pct_hdd,100,44,1000000,5000,1.0,health_ec,15.0,7,350000,400000,96,severe_slow,99,healthy,2,12.5,17.3,22.6,200783,0.4,783,783,782,2,2,0
overlap_4pct,topk_k4_d6,topk_budgeted,6,0.1,0,4,0,dynamic_overlap_100d_4pct_hdd,100,44,1000000,5000,1.0,health_ec,15.0,8,400000,450000,96,severe_slow,99,healthy,3,12.6,17.6,43.6,201558,0.8,1558,1558,1544,0,0,0
overlap_4pct,topk_k4_d6,topk_budgeted,6,0.1,0,4,0,dynamic_overlap_100d_4pct_hdd,100,44,1000000,5000,1.0,health_ec,15.0,9,450000,500000,96,severe_slow,99,healthy,3,12.6,17.4,43.0,201249,0.6,1249,1249,1239,2,2,0
overlap_4pct,topk_k4_d6,topk_budgeted,6,0.1,0,4,0,dynamic_overlap_100d_4pct_hdd,100,44,1000000,5000,1.0,health_ec,15.0,10,500000,550000,96,recovery,99,healthy,2,12.6,17.2,21.0,201289,0.6,1289,1289,1277,1,1,0
overlap_4pct,topk_k4_d6,topk_budgeted,6,0.1,0,4,0,dynamic_overlap_100d_4pct_hdd,100,44,1000000,5000,1.0,health_ec,15.0,11,550000,600000,96,recovery,99,mild_slow,3,12.6,17.8,36.1,201922,1.0,1922,1922,1863,0,0,0
overlap_4pct,topk_k4_d6,topk_budgeted,6,0.1,0,4,0,dynamic_overlap_100d_4pct_hdd,100,44,1000000,5000,1.0,health_ec,15.0,12,600000,650000,96,healthy,99,mild_slow,2,12.6,17.3,23.3,201419,0.7,1419,1419,1100,3,3,0
overlap_4pct,topk_k4_d6,topk_budgeted,6,0.1,0,4,0,dynamic_overlap_100d_4pct_hdd,100,44,1000000,5000,1.0,health_ec,15.0,13,650000,700000,96,healthy,99,mild_slow,2,12.5,17.3,23.0,201201,0.6,1201,1201,975,1,1,0
overlap_4pct,topk_k4_d6,topk_budgeted,6,0.1,0,4,0,dynamic_overlap_100d_4pct_hdd,100,44,1000000,5000,1.0,health_ec,15.0,14,700000,750000,96,healthy,99,severe_slow,2,12.5,17.3,42.9,201081,0.5,1081,1081,931,0,0,0
overlap_4pct,topk_k4_d6,topk_budgeted,6,0.1,0,4,0,dynamic_overlap_100d_4pct_hdd,100,44,1000000,5000,1.0,health_ec,15.0,15,750000,800000,96,healthy,99,severe_slow,1,12.5,16.9,19.0,200876,0.4,876,876,841,1,1,0
overlap_4pct,topk_k4_d6,topk_budgeted,6,0.1,0,4,0,dynamic_overlap_100d_4pct_hdd,100,44,1000000,5000,1.0,health_ec,15.0,16,800000,850000,96,healthy,99,severe_slow,1,12.5,16.9,19.1,200911,0.5,911,911,889,0,0,0
overlap_4pct,topk_k4_d6,topk_budgeted,6,0.1,0,4,0,dynamic_overlap_100d_4pct_hdd,100,44,1000000,5000,1.0,health_ec,15.0,17,850000,900000,96,healthy,99,recovery,0,12.5,16.8,18.8,200847,0.4,847,847,750,0,0,0
overlap_4pct,topk_k4_d6,topk_budgeted,6,0.1,0,4,0,dynamic_overlap_100d_4pct_hdd,100,44,1000000,5000,1.0,health_ec,15.0,18,900000,950000,96,healthy,99,healthy,0,12.5,16.8,18.8,200530,0.3,530,530,437,0,0,0
overlap_4pct,topk_k4_d6,topk_budgeted,6,0.1,0,4,0,dynamic_overlap_100d_4pct_hdd,100,44,1000000,5000,1.0,health_ec,15.0,19,950000,1000000,96,healthy,99,healthy,0,12.5,16.8,18.8,200301,0.2,301,301,241,0,0,0
overlap_4pct,hybrid_w2_k2_d4_c1,hybrid,4,0.1,2,2,1,dynamic_overlap_100d_4pct_hdd,100,44,1000000,5000,1.0,health_ec,15.0,0,0,50000,96,healthy,99,healthy,0,12.5,16.8,18.8,200000,0.0,0,0,0,0,0,0
overlap_4pct,hybrid_w2_k2_d4_c1,hybrid,4,0.1,2,2,1,dynamic_overlap_100d_4pct_hdd,100,44,1000000,5000,1.0,health_ec,15.0,1,50000,100000,96,healthy,99,healthy,0,12.5,16.8,18.7,200000,0.0,0,0,0,0,0,0
overlap_4pct,hybrid_w2_k2_d4_c1,hybrid,4,0.1,2,2,1,dynamic_overlap_100d_4pct_hdd,100,44,1000000,5000,1.0,health_ec,15.0,2,100000,150000,96,healthy,99,healthy,0,12.5,16.8,18.8,200000,0.0,0,0,0,0,0,0
overlap_4pct,hybrid_w2_k2_d4_c1,hybrid,4,0.1,2,2,1,dynamic_overlap_100d_4pct_hdd,100,44,1000000,5000,1.0,health_ec,15.0,3,150000,200000,96,mild_slow,99,healthy,1,12.5,17.1,20.5,200863,0.4,863,863,844,0,0,0
overlap_4pct,hybrid_w2_k2_d4_c1,hybrid,4,0.1,2,2,1,dynamic_overlap_100d_4pct_hdd,100,44,1000000,5000,1.0,health_ec,15.0,4,200000,250000,96,mild_slow,99,healthy,1,12.5,17.0,19.4,201110,0.6,1110,1110,1089,0,0,0
overlap_4pct,hybrid_w2_k2_d4_c1,hybrid,4,0.1,2,2,1,dynamic_overlap_100d_4pct_hdd,100,44,1000000,5000,1.0,health_ec,15.0,5,250000,300000,96,mild_slow,99,healthy,2,12.5,17.2,22.3,201124,0.6,1124,1124,1113,2,2,0
overlap_4pct,hybrid_w2_k2_d4_c1,hybrid,4,0.1,2,2,1,dynamic_overlap_100d_4pct_hdd,100,44,1000000,5000,1.0,health_ec,15.0,6,300000,350000,96,severe_slow,99,healthy,2,12.5,17.3,24.3,200972,0.5,972,972,967,2,1,0
overlap_4pct,hybrid_w2_k2_d4_c1,hybrid,4,0.1,2,2,1,dynamic_overlap_100d_4pct_hdd,100,44,1000000,5000,1.0,health_ec,15.0,7,350000,400000,96,severe_slow,99,healthy,2,12.5,17.3,22.6,200801,0.4,801,801,797,2,2,0
overlap_4pct,hybrid_w2_k2_d4_c1,hybrid,4,0.1,2,2,1,dynamic_overlap_100d_4pct_hdd,100,44,1000000,5000,1.0,health_ec,15.0,8,400000,450000,96,severe_slow,99,healthy,3,12.5,17.6,40.6,201544,0.8,1544,1544,1532,2,2,0
overlap_4pct,hybrid_w2_k2_d4_c1,hybrid,4,0.1,2,2,1,dynamic_overlap_100d_4pct_hdd,100,44,1000000,5000,1.0,health_ec,15.0,9,450000,500000,96,severe_slow,99,healthy,3,12.5,17.3,38.7,201694,0.8,1694,1694,1676,2,2,0
overlap_4pct,hybrid_w2_k2_d4_c1,hybrid,4,0.1,2,2,1,dynamic_overlap_100d_4pct_hdd,100,44,1000000,5000,1.0,health_ec,15.0,10,500000,550000,96,recovery,99,healthy,2,12.6,17.1,20.7,201333,0.7,1333,1333,1317,2,2,0
overlap_4pct,hybrid_w2_k2_d4_c1,hybrid,4,0.1,2,2,1,dynamic_overlap_100d_4pct_hdd,100,44,1000000,5000,1.0,health_ec,15.0,11,550000,600000,96,recovery,99,mild_slow,3,12.6,17.7,33.9,201870,0.9,1870,1870,1821,1,0,0
overlap_4pct,hybrid_w2_k2_d4_c1,hybrid,4,0.1,2,2,1,dynamic_overlap_100d_4pct_hdd,100,44,1000000,5000,1.0,health_ec,15.0,12,600000,650000,96,healthy,99,mild_slow,2,12.6,17.3,22.7,201893,0.9,1893,1893,1581,2,2,0
overlap_4pct,hybrid_w2_k2_d4_c1,hybrid,4,0.1,2,2,1,dynamic_overlap_100d_4pct_hdd,100,44,1000000,5000,1.0,health_ec,15.0,13,650000,700000,96,healthy,99,mild_slow,2,12.5,17.2,22.5,201262,0.6,1262,1262,1042,2,2,0
overlap_4pct,hybrid_w2_k2_d4_c1,hybrid,4,0.1,2,2,1,dynamic_overlap_100d_4pct_hdd,100,44,1000000,5000,1.0,health_ec,15.0,14,700000,750000,96,healthy,99,severe_slow,2,12.5,17.3,41.2,201008,0.5,1008,1008,866,2,0,0
overlap_4pct,hybrid_w2_k2_d4_c1,hybrid,4,0.1,2,2,1,dynamic_overlap_100d_4pct_hdd,100,44,1000000,5000,1.0,health_ec,15.0,15,750000,800000,96,healthy,99,severe_slow,1,12.5,16.9,19.0,200831,0.4,831,831,796,2,1,1
overlap_4pct,hybrid_w2_k2_d4_c1,hybrid,4,0.1,2,2,1,dynamic_overlap_100d_4pct_hdd,100,44,1000000,5000,1.0,health_ec,15.0,16,800000,850000,96,healthy,99,severe_slow,1,12.5,16.9,19.1,200831,0.4,831,831,809,1,1,0
overlap_4pct,hybrid_w2_k2_d4_c1,hybrid,4,0.1,2,2,1,dynamic_overlap_100d_4pct_hdd,100,44,1000000,5000,1.0,health_ec,15.0,17,850000,900000,96,healthy,99,recovery,0,12.5,16.8,18.8,200802,0.4,802,802,710,0,0,0
overlap_4pct,hybrid_w2_k2_d4_c1,hybrid,4,0.1,2,2,1,dynamic_overlap_100d_4pct_hdd,100,44,1000000,5000,1.0,health_ec,15.0,18,900000,950000,96,healthy,99,healthy,0,12.5,16.8,18.8,200530,0.3,530,530,436,0,0,0
overlap_4pct,hybrid_w2_k2_d4_c1,hybrid,4,0.1,2,2,1,dynamic_overlap_100d_4pct_hdd,100,44,1000000,5000,1.0,health_ec,15.0,19,950000,1000000,96,healthy,99,healthy,0,12.5,16.8,18.9,200302,0.2,302,302,242,0,0,0
overlap_4pct,hybrid_w2_k4_d4_c1,hybrid,4,0.1,2,4,1,dynamic_overlap_100d_4pct_hdd,100,44,1000000,5000,1.0,health_ec,15.0,0,0,50000,96,healthy,99,healthy,0,12.5,16.8,18.8,200000,0.0,0,0,0,0,0,0
overlap_4pct,hybrid_w2_k4_d4_c1,hybrid,4,0.1,2,4,1,dynamic_overlap_100d_4pct_hdd,100,44,1000000,5000,1.0,health_ec,15.0,1,50000,100000,96,healthy,99,healthy,0,12.5,16.8,18.7,200000,0.0,0,0,0,0,0,0
overlap_4pct,hybrid_w2_k4_d4_c1,hybrid,4,0.1,2,4,1,dynamic_overlap_100d_4pct_hdd,100,44,1000000,5000,1.0,health_ec,15.0,2,100000,150000,96,healthy,99,healthy,0,12.5,16.8,18.8,200000,0.0,0,0,0,0,0,0
overlap_4pct,hybrid_w2_k4_d4_c1,hybrid,4,0.1,2,4,1,dynamic_overlap_100d_4pct_hdd,100,44,1000000,5000,1.0,health_ec,15.0,3,150000,200000,96,mild_slow,99,healthy,1,12.5,17.1,20.5,200863,0.4,863,863,844,0,0,0
overlap_4pct,hybrid_w2_k4_d4_c1,hybrid,4,0.1,2,4,1,dynamic_overlap_100d_4pct_hdd,100,44,1000000,5000,1.0,health_ec,15.0,4,200000,250000,96,mild_slow,99,healthy,1,12.5,17.0,19.4,201110,0.6,1110,1110,1089,0,0,0
overlap_4pct,hybrid_w2_k4_d4_c1,hybrid,4,0.1,2,4,1,dynamic_overlap_100d_4pct_hdd,100,44,1000000,5000,1.0,health_ec,15.0,5,250000,300000,96,mild_slow,99,healthy,2,12.5,17.2,22.0,201122,0.6,1122,1122,1111,3,3,0
overlap_4pct,hybrid_w2_k4_d4_c1,hybrid,4,0.1,2,4,1,dynamic_overlap_100d_4pct_hdd,100,44,1000000,5000,1.0,health_ec,15.0,6,300000,350000,96,severe_slow,99,healthy,2,12.6,17.3,24.3,200972,0.5,972,972,967,1,1,0
overlap_4pct,hybrid_w2_k4_d4_c1,hybrid,4,0.1,2,4,1,dynamic_overlap_100d_4pct_hdd,100,44,1000000,5000,1.0,health_ec,15.0,7,350000,400000,96,severe_slow,99,healthy,2,12.5,17.2,21.7,200801,0.4,801,801,796,4,4,0
overlap_4pct,hybrid_w2_k4_d4_c1,hybrid,4,0.1,2,4,1,dynamic_overlap_100d_4pct_hdd,100,44,1000000,5000,1.0,health_ec,15.0,8,400000,450000,96,severe_slow,99,healthy,3,12.5,17.6,40.6,201494,0.7,1494,1494,1482,1,0,0
overlap_4pct,hybrid_w2_k4_d4_c1,hybrid,4,0.1,2,4,1,dynamic_overlap_100d_4pct_hdd,100,44,1000000,5000,1.0,health_ec,15.0,9,450000,500000,96,severe_slow,99,healthy,3,12.6,17.3,38.7,201694,0.8,1694,1694,1676,1,1,0
overlap_4pct,hybrid_w2_k4_d4_c1,hybrid,4,0.1,2,4,1,dynamic_overlap_100d_4pct_hdd,100,44,1000000,5000,1.0,health_ec,15.0,10,500000,550000,96,recovery,99,healthy,2,12.6,17.1,20.7,201182,0.6,1182,1182,1168,4,4,0
overlap_4pct,hybrid_w2_k4_d4_c1,hybrid,4,0.1,2,4,1,dynamic_overlap_100d_4pct_hdd,100,44,1000000,5000,1.0,health_ec,15.0,11,550000,600000,96,recovery,99,mild_slow,3,12.6,17.7,33.8,201861,0.9,1861,1861,1810,0,0,0
overlap_4pct,hybrid_w2_k4_d4_c1,hybrid,4,0.1,2,4,1,dynamic_overlap_100d_4pct_hdd,100,44,1000000,5000,1.0,health_ec,15.0,12,600000,650000,96,healthy,99,mild_slow,2,12.6,17.3,22.3,201893,0.9,1893,1893,1580,2,2,0
overlap_4pct,hybrid_w2_k4_d4_c1,hybrid,4,0.1,2,4,1,dynamic_overlap_100d_4pct_hdd,100,44,1000000,5000,1.0,health_ec,15.0,13,650000,700000,96,healthy,99,mild_slow,2,12.5,17.2,22.0,201114,0.6,1114,1114,894,4,4,0
overlap_4pct,hybrid_w2_k4_d4_c1,hybrid,4,0.1,2,4,1,dynamic_overlap_100d_4pct_hdd,100,44,1000000,5000,1.0,health_ec,15.0,14,700000,750000,96,healthy,99,severe_slow,2,12.5,17.3,40.2,201008,0.5,1008,1008,867,0,0,0
overlap_4pct,hybrid_w2_k4_d4_c1,hybrid,4,0.1,2,4,1,dynamic_overlap_100d_4pct_hdd,100,44,1000000,5000,1.0,health_ec,15.0,15,750000,800000,96,healthy,99,severe_slow,1,12.5,16.9,19.0,200831,0.4,831,831,795,1,1,0
overlap_4pct,hybrid_w2_k4_d4_c1,hybrid,4,0.1,2,4,1,dynamic_overlap_100d_4pct_hdd,100,44,1000000,5000,1.0,health_ec,15.0,16,800000,850000,96,healthy,99,severe_slow,1,12.5,16.9,19.1,200831,0.4,831,831,809,1,1,0
overlap_4pct,hybrid_w2_k4_d4_c1,hybrid,4,0.1,2,4,1,dynamic_overlap_100d_4pct_hdd,100,44,1000000,5000,1.0,health_ec,15.0,17,850000,900000,96,healthy,99,recovery,0,12.5,16.8,18.8,200802,0.4,802,802,709,0,0,0
overlap_4pct,hybrid_w2_k4_d4_c1,hybrid,4,0.1,2,4,1,dynamic_overlap_100d_4pct_hdd,100,44,1000000,5000,1.0,health_ec,15.0,18,900000,950000,96,healthy,99,healthy,0,12.5,16.8,18.8,200530,0.3,530,530,437,0,0,0
overlap_4pct,hybrid_w2_k4_d4_c1,hybrid,4,0.1,2,4,1,dynamic_overlap_100d_4pct_hdd,100,44,1000000,5000,1.0,health_ec,15.0,19,950000,1000000,96,healthy,99,healthy,0,12.5,16.8,18.8,200301,0.2,301,301,241,0,0,0
stress_20pct,vanilla_ec,baseline,,,,,,dynamic_stress_100d_20pct_hdd,100,42,1000000,5000,1.0,vanilla_ec,15.0,0,0,50000,80,healthy,90,healthy,0,12.5,16.8,18.8,200000,0.0,0,0,0,0,0,0
stress_20pct,vanilla_ec,baseline,,,,,,dynamic_stress_100d_20pct_hdd,100,42,1000000,5000,1.0,vanilla_ec,15.0,1,50000,100000,80,healthy,90,healthy,0,12.5,16.8,18.9,200000,0.0,0,0,0,0,0,0
stress_20pct,vanilla_ec,baseline,,,,,,dynamic_stress_100d_20pct_hdd,100,42,1000000,5000,1.0,vanilla_ec,15.0,2,100000,150000,80,healthy,90,healthy,0,12.5,16.8,18.8,200000,0.0,0,0,0,0,0,0
stress_20pct,vanilla_ec,baseline,,,,,,dynamic_stress_100d_20pct_hdd,100,42,1000000,5000,1.0,vanilla_ec,15.0,3,150000,200000,80,mild_slow,90,healthy,10,12.8,29.6,39.1,200000,0.0,0,0,0,0,0,0
stress_20pct,vanilla_ec,baseline,,,,,,dynamic_stress_100d_20pct_hdd,100,42,1000000,5000,1.0,vanilla_ec,15.0,4,200000,250000,80,mild_slow,90,healthy,10,12.8,30.0,39.4,200000,0.0,0,0,0,0,0,0
stress_20pct,vanilla_ec,baseline,,,,,,dynamic_stress_100d_20pct_hdd,100,42,1000000,5000,1.0,vanilla_ec,15.0,5,250000,300000,80,mild_slow,90,healthy,10,12.8,30.3,39.8,200000,0.0,0,0,0,0,0,0
stress_20pct,vanilla_ec,baseline,,,,,,dynamic_stress_100d_20pct_hdd,100,42,1000000,5000,1.0,vanilla_ec,15.0,6,300000,350000,80,severe_slow,90,healthy,10,12.8,70.0,98.5,200000,0.0,0,0,0,0,0,0
stress_20pct,vanilla_ec,baseline,,,,,,dynamic_stress_100d_20pct_hdd,100,42,1000000,5000,1.0,vanilla_ec,15.0,7,350000,400000,80,severe_slow,90,healthy,10,12.8,69.5,101.1,200000,0.0,0,0,0,0,0,0
stress_20pct,vanilla_ec,baseline,,,,,,dynamic_stress_100d_20pct_hdd,100,42,1000000,5000,1.0,vanilla_ec,15.0,8,400000,450000,80,severe_slow,90,healthy,10,12.8,68.6,96.7,200000,0.0,0,0,0,0,0,0
stress_20pct,vanilla_ec,baseline,,,,,,dynamic_stress_100d_20pct_hdd,100,42,1000000,5000,1.0,vanilla_ec,15.0,9,450000,500000,80,recovery,90,mild_slow,10,13.0,30.1,40.0,200000,0.0,0,0,0,0,0,0
stress_20pct,vanilla_ec,baseline,,,,,,dynamic_stress_100d_20pct_hdd,100,42,1000000,5000,1.0,vanilla_ec,15.0,10,500000,550000,80,recovery,90,mild_slow,10,13.0,30.0,39.9,200000,0.0,0,0,0,0,0,0
stress_20pct,vanilla_ec,baseline,,,,,,dynamic_stress_100d_20pct_hdd,100,42,1000000,5000,1.0,vanilla_ec,15.0,11,550000,600000,80,healthy,90,severe_slow,10,12.8,69.1,100.3,200000,0.0,0,0,0,0,0,0
stress_20pct,vanilla_ec,baseline,,,,,,dynamic_stress_100d_20pct_hdd,100,42,1000000,5000,1.0,vanilla_ec,15.0,12,600000,650000,80,healthy,90,severe_slow,10,12.8,69.4,102.1,200000,0.0,0,0,0,0,0,0
stress_20pct,vanilla_ec,baseline,,,,,,dynamic_stress_100d_20pct_hdd,100,42,1000000,5000,1.0,vanilla_ec,15.0,13,650000,700000,80,healthy,90,severe_slow,10,12.8,69.6,98.3,200000,0.0,0,0,0,0,0,0
stress_20pct,vanilla_ec,baseline,,,,,,dynamic_stress_100d_20pct_hdd,100,42,1000000,5000,1.0,vanilla_ec,15.0,14,700000,750000,80,mild_slow,90,recovery,10,13.0,30.4,40.2,200000,0.0,0,0,0,0,0,0
stress_20pct,vanilla_ec,baseline,,,,,,dynamic_stress_100d_20pct_hdd,100,42,1000000,5000,1.0,vanilla_ec,15.0,15,750000,800000,80,recovery,90,recovery,0,13.0,20.2,24.6,200000,0.0,0,0,0,0,0,0
stress_20pct,vanilla_ec,baseline,,,,,,dynamic_stress_100d_20pct_hdd,100,42,1000000,5000,1.0,vanilla_ec,15.0,16,800000,850000,80,healthy,90,healthy,0,12.5,16.8,18.9,200000,0.0,0,0,0,0,0,0
stress_20pct,vanilla_ec,baseline,,,,,,dynamic_stress_100d_20pct_hdd,100,42,1000000,5000,1.0,vanilla_ec,15.0,17,850000,900000,80,healthy,90,healthy,0,12.5,16.8,18.8,200000,0.0,0,0,0,0,0,0
stress_20pct,vanilla_ec,baseline,,,,,,dynamic_stress_100d_20pct_hdd,100,42,1000000,5000,1.0,vanilla_ec,15.0,18,900000,950000,80,healthy,90,healthy,0,12.5,16.8,18.8,200000,0.0,0,0,0,0,0,0
stress_20pct,vanilla_ec,baseline,,,,,,dynamic_stress_100d_20pct_hdd,100,42,1000000,5000,1.0,vanilla_ec,15.0,19,950000,1000000,80,healthy,90,healthy,0,12.5,16.8,18.9,200000,0.0,0,0,0,0,0,0
stress_20pct,late_binding,baseline,,,,,,dynamic_stress_100d_20pct_hdd,100,42,1000000,5000,1.0,late_binding,15.0,0,0,50000,80,healthy,90,healthy,0,10.7,14.0,15.4,250000,25.0,50000,50000,39904,0,0,0
stress_20pct,late_binding,baseline,,,,,,dynamic_stress_100d_20pct_hdd,100,42,1000000,5000,1.0,late_binding,15.0,1,50000,100000,80,healthy,90,healthy,0,10.7,14.0,15.5,250000,25.0,50000,50000,40119,0,0,0
stress_20pct,late_binding,baseline,,,,,,dynamic_stress_100d_20pct_hdd,100,42,1000000,5000,1.0,late_binding,15.0,2,100000,150000,80,healthy,90,healthy,0,10.7,14.0,15.4,250000,25.0,50000,50000,40024,0,0,0
stress_20pct,late_binding,baseline,,,,,,dynamic_stress_100d_20pct_hdd,100,42,1000000,5000,1.0,late_binding,15.0,3,150000,200000,80,mild_slow,90,healthy,10,10.9,24.8,32.3,250000,25.0,50000,50000,39590,0,0,0
stress_20pct,late_binding,baseline,,,,,,dynamic_stress_100d_20pct_hdd,100,42,1000000,5000,1.0,late_binding,15.0,4,200000,250000,80,mild_slow,90,healthy,10,10.9,25.2,32.5,250000,25.0,50000,50000,39728,0,0,0
stress_20pct,late_binding,baseline,,,,,,dynamic_stress_100d_20pct_hdd,100,42,1000000,5000,1.0,late_binding,15.0,5,250000,300000,80,mild_slow,90,healthy,10,10.9,25.5,32.7,250000,25.0,50000,50000,39754,0,0,0
stress_20pct,late_binding,baseline,,,,,,dynamic_stress_100d_20pct_hdd,100,42,1000000,5000,1.0,late_binding,15.0,6,300000,350000,80,severe_slow,90,healthy,10,10.9,58.9,76.3,250000,25.0,50000,50000,39659,0,0,0
stress_20pct,late_binding,baseline,,,,,,dynamic_stress_100d_20pct_hdd,100,42,1000000,5000,1.0,late_binding,15.0,7,350000,400000,80,severe_slow,90,healthy,10,10.9,58.1,75.4,250000,25.0,50000,50000,39707,0,0,0
stress_20pct,late_binding,baseline,,,,,,dynamic_stress_100d_20pct_hdd,100,42,1000000,5000,1.0,late_binding,15.0,8,400000,450000,80,severe_slow,90,healthy,10,11.0,57.7,75.7,250000,25.0,50000,50000,39693,0,0,0
stress_20pct,late_binding,baseline,,,,,,dynamic_stress_100d_20pct_hdd,100,42,1000000,5000,1.0,late_binding,15.0,9,450000,500000,80,recovery,90,mild_slow,10,11.1,25.3,32.6,250000,25.0,50000,50000,39618,0,0,0
stress_20pct,late_binding,baseline,,,,,,dynamic_stress_100d_20pct_hdd,100,42,1000000,5000,1.0,late_binding,15.0,10,500000,550000,80,recovery,90,mild_slow,10,11.2,24.9,32.6,250000,25.0,50000,50000,39592,0,0,0
stress_20pct,late_binding,baseline,,,,,,dynamic_stress_100d_20pct_hdd,100,42,1000000,5000,1.0,late_binding,15.0,11,550000,600000,80,healthy,90,severe_slow,10,11.0,57.5,76.0,250000,25.0,50000,50000,39656,0,0,0
stress_20pct,late_binding,baseline,,,,,,dynamic_stress_100d_20pct_hdd,100,42,1000000,5000,1.0,late_binding,15.0,12,600000,650000,80,healthy,90,severe_slow,10,10.9,57.6,75.7,250000,25.0,50000,50000,39847,0,0,0
stress_20pct,late_binding,baseline,,,,,,dynamic_stress_100d_20pct_hdd,100,42,1000000,5000,1.0,late_binding,15.0,13,650000,700000,80,healthy,90,severe_slow,10,10.9,58.2,76.1,250000,25.0,50000,50000,39649,0,0,0
stress_20pct,late_binding,baseline,,,,,,dynamic_stress_100d_20pct_hdd,100,42,1000000,5000,1.0,late_binding,15.0,14,700000,750000,80,mild_slow,90,recovery,10,11.1,25.4,32.7,250000,25.0,50000,50000,39941,0,0,0
stress_20pct,late_binding,baseline,,,,,,dynamic_stress_100d_20pct_hdd,100,42,1000000,5000,1.0,late_binding,15.0,15,750000,800000,80,recovery,90,recovery,0,11.1,17.0,20.0,250000,25.0,50000,50000,39888,0,0,0
stress_20pct,late_binding,baseline,,,,,,dynamic_stress_100d_20pct_hdd,100,42,1000000,5000,1.0,late_binding,15.0,16,800000,850000,80,healthy,90,healthy,0,10.7,14.0,15.4,250000,25.0,50000,50000,39820,0,0,0
stress_20pct,late_binding,baseline,,,,,,dynamic_stress_100d_20pct_hdd,100,42,1000000,5000,1.0,late_binding,15.0,17,850000,900000,80,healthy,90,healthy,0,10.7,14.0,15.4,250000,25.0,50000,50000,40051,0,0,0
stress_20pct,late_binding,baseline,,,,,,dynamic_stress_100d_20pct_hdd,100,42,1000000,5000,1.0,late_binding,15.0,18,900000,950000,80,healthy,90,healthy,0,10.7,14.0,15.5,250000,25.0,50000,50000,40025,0,0,0
stress_20pct,late_binding,baseline,,,,,,dynamic_stress_100d_20pct_hdd,100,42,1000000,5000,1.0,late_binding,15.0,19,950000,1000000,80,healthy,90,healthy,0,10.7,14.0,15.4,250000,25.0,50000,50000,40010,0,0,0
stress_20pct,timeout_degraded_read,baseline,,,,,,dynamic_stress_100d_20pct_hdd,100,42,1000000,5000,1.0,timeout_degraded_read,15.0,0,0,50000,80,healthy,90,healthy,0,12.5,16.8,18.7,208081,4.0,8081,8081,182,0,0,0
stress_20pct,timeout_degraded_read,baseline,,,,,,dynamic_stress_100d_20pct_hdd,100,42,1000000,5000,1.0,timeout_degraded_read,15.0,1,50000,100000,80,healthy,90,healthy,0,12.5,16.8,18.8,207998,4.0,7998,7998,191,0,0,0
stress_20pct,timeout_degraded_read,baseline,,,,,,dynamic_stress_100d_20pct_hdd,100,42,1000000,5000,1.0,timeout_degraded_read,15.0,2,100000,150000,80,healthy,90,healthy,0,12.5,16.8,18.7,208051,4.0,8051,8051,198,0,0,0
stress_20pct,timeout_degraded_read,baseline,,,,,,dynamic_stress_100d_20pct_hdd,100,42,1000000,5000,1.0,timeout_degraded_read,15.0,3,150000,200000,80,mild_slow,90,healthy,10,12.8,27.5,35.9,211658,5.8,11658,11658,1851,0,0,0
stress_20pct,timeout_degraded_read,baseline,,,,,,dynamic_stress_100d_20pct_hdd,100,42,1000000,5000,1.0,timeout_degraded_read,15.0,4,200000,250000,80,mild_slow,90,healthy,10,12.8,27.6,36.2,211697,5.8,11697,11697,1979,0,0,0
stress_20pct,timeout_degraded_read,baseline,,,,,,dynamic_stress_100d_20pct_hdd,100,42,1000000,5000,1.0,timeout_degraded_read,15.0,5,250000,300000,80,mild_slow,90,healthy,10,12.8,28.1,36.4,211823,5.9,11823,11823,2040,0,0,0
stress_20pct,timeout_degraded_read,baseline,,,,,,dynamic_stress_100d_20pct_hdd,100,42,1000000,5000,1.0,timeout_degraded_read,15.0,6,300000,350000,80,severe_slow,90,healthy,10,12.8,61.7,79.7,211700,5.9,11700,11700,3020,0,0,0
stress_20pct,timeout_degraded_read,baseline,,,,,,dynamic_stress_100d_20pct_hdd,100,42,1000000,5000,1.0,timeout_degraded_read,15.0,7,350000,400000,80,severe_slow,90,healthy,10,12.8,61.2,79.0,211721,5.9,11721,11721,3096,0,0,0
stress_20pct,timeout_degraded_read,baseline,,,,,,dynamic_stress_100d_20pct_hdd,100,42,1000000,5000,1.0,timeout_degraded_read,15.0,8,400000,450000,80,severe_slow,90,healthy,10,12.8,60.4,78.8,211760,5.9,11760,11760,3080,0,0,0
stress_20pct,timeout_degraded_read,baseline,,,,,,dynamic_stress_100d_20pct_hdd,100,42,1000000,5000,1.0,timeout_degraded_read,15.0,9,450000,500000,80,recovery,90,mild_slow,10,13.0,27.7,35.9,214022,7.0,14022,14022,2298,0,0,0
stress_20pct,timeout_degraded_read,baseline,,,,,,dynamic_stress_100d_20pct_hdd,100,42,1000000,5000,1.0,timeout_degraded_read,15.0,10,500000,550000,80,recovery,90,mild_slow,10,13.0,27.5,35.9,213919,7.0,13919,13919,2268,0,0,0
stress_20pct,timeout_degraded_read,baseline,,,,,,dynamic_stress_100d_20pct_hdd,100,42,1000000,5000,1.0,timeout_degraded_read,15.0,11,550000,600000,80,healthy,90,severe_slow,10,12.8,59.7,79.2,211503,5.8,11503,11503,3188,0,0,0
stress_20pct,timeout_degraded_read,baseline,,,,,,dynamic_stress_100d_20pct_hdd,100,42,1000000,5000,1.0,timeout_degraded_read,15.0,12,600000,650000,80,healthy,90,severe_slow,10,12.8,60.1,79.0,211548,5.8,11548,11548,3203,0,0,0
stress_20pct,timeout_degraded_read,baseline,,,,,,dynamic_stress_100d_20pct_hdd,100,42,1000000,5000,1.0,timeout_degraded_read,15.0,13,650000,700000,80,healthy,90,severe_slow,10,12.8,60.5,79.1,211633,5.8,11633,11633,3167,0,0,0
stress_20pct,timeout_degraded_read,baseline,,,,,,dynamic_stress_100d_20pct_hdd,100,42,1000000,5000,1.0,timeout_degraded_read,15.0,14,700000,750000,80,mild_slow,90,recovery,10,13.0,28.8,36.2,214135,7.1,14135,14135,2052,0,0,0
stress_20pct,timeout_degraded_read,baseline,,,,,,dynamic_stress_100d_20pct_hdd,100,42,1000000,5000,1.0,timeout_degraded_read,15.0,15,750000,800000,80,recovery,90,recovery,0,13.0,20.0,23.9,213282,6.6,13282,13282,797,0,0,0
stress_20pct,timeout_degraded_read,baseline,,,,,,dynamic_stress_100d_20pct_hdd,100,42,1000000,5000,1.0,timeout_degraded_read,15.0,16,800000,850000,80,healthy,90,healthy,0,12.5,16.8,18.8,208029,4.0,8029,8029,187,0,0,0
stress_20pct,timeout_degraded_read,baseline,,,,,,dynamic_stress_100d_20pct_hdd,100,42,1000000,5000,1.0,timeout_degraded_read,15.0,17,850000,900000,80,healthy,90,healthy,0,12.5,16.8,18.7,208054,4.0,8054,8054,201,0,0,0
stress_20pct,timeout_degraded_read,baseline,,,,,,dynamic_stress_100d_20pct_hdd,100,42,1000000,5000,1.0,timeout_degraded_read,15.0,18,900000,950000,80,healthy,90,healthy,0,12.5,16.8,18.8,208085,4.0,8085,8085,211,0,0,0
stress_20pct,timeout_degraded_read,baseline,,,,,,dynamic_stress_100d_20pct_hdd,100,42,1000000,5000,1.0,timeout_degraded_read,15.0,19,950000,1000000,80,healthy,90,healthy,0,12.5,16.8,18.8,208170,4.1,8170,8170,193,0,0,0
stress_20pct,t28_default,default,12,0.05,0,0,0,dynamic_stress_100d_20pct_hdd,100,42,1000000,5000,1.0,health_ec,15.0,0,0,50000,80,healthy,90,healthy,0,12.5,16.8,18.8,200000,0.0,0,0,0,0,0,0
stress_20pct,t28_default,default,12,0.05,0,0,0,dynamic_stress_100d_20pct_hdd,100,42,1000000,5000,1.0,health_ec,15.0,1,50000,100000,80,healthy,90,healthy,0,12.5,16.8,18.9,200000,0.0,0,0,0,0,0,0
stress_20pct,t28_default,default,12,0.05,0,0,0,dynamic_stress_100d_20pct_hdd,100,42,1000000,5000,1.0,health_ec,15.0,2,100000,150000,80,healthy,90,healthy,0,12.5,16.8,18.8,200000,0.0,0,0,0,0,0,0
stress_20pct,t28_default,default,12,0.05,0,0,0,dynamic_stress_100d_20pct_hdd,100,42,1000000,5000,1.0,health_ec,15.0,3,150000,200000,80,mild_slow,90,healthy,10,12.8,27.1,36.7,201895,0.9,1895,1895,1527,1,1,0
stress_20pct,t28_default,default,12,0.05,0,0,0,dynamic_stress_100d_20pct_hdd,100,42,1000000,5000,1.0,health_ec,15.0,4,200000,250000,80,mild_slow,90,healthy,10,12.8,26.1,35.4,202958,1.5,2958,2958,2420,1,1,0
stress_20pct,t28_default,default,12,0.05,0,0,0,dynamic_stress_100d_20pct_hdd,100,42,1000000,5000,1.0,health_ec,15.0,5,250000,300000,80,mild_slow,90,healthy,10,12.8,26.3,34.8,203265,1.6,3265,3265,2685,0,0,0
stress_20pct,t28_default,default,12,0.05,0,0,0,dynamic_stress_100d_20pct_hdd,100,42,1000000,5000,1.0,health_ec,15.0,6,300000,350000,80,severe_slow,90,healthy,10,12.7,55.4,78.6,202869,1.4,2869,2869,2392,8,8,0
stress_20pct,t28_default,default,12,0.05,0,0,0,dynamic_stress_100d_20pct_hdd,100,42,1000000,5000,1.0,health_ec,15.0,7,350000,400000,80,severe_slow,90,healthy,10,12.7,52.7,74.9,203068,1.5,3068,3068,2623,0,0,0
stress_20pct,t28_default,default,12,0.05,0,0,0,dynamic_stress_100d_20pct_hdd,100,42,1000000,5000,1.0,health_ec,15.0,8,400000,450000,80,severe_slow,90,healthy,10,12.7,51.7,75.1,203163,1.6,3163,3163,2679,0,0,0
stress_20pct,t28_default,default,12,0.05,0,0,0,dynamic_stress_100d_20pct_hdd,100,42,1000000,5000,1.0,health_ec,15.0,9,450000,500000,80,recovery,90,mild_slow,10,12.9,27.0,36.8,204150,2.1,4150,4150,3081,4,4,0
stress_20pct,t28_default,default,12,0.05,0,0,0,dynamic_stress_100d_20pct_hdd,100,42,1000000,5000,1.0,health_ec,15.0,10,500000,550000,80,recovery,90,mild_slow,10,12.9,25.8,35.3,204063,2.0,4063,4063,3136,0,0,0
stress_20pct,t28_default,default,12,0.05,0,0,0,dynamic_stress_100d_20pct_hdd,100,42,1000000,5000,1.0,health_ec,15.0,11,550000,600000,80,healthy,90,severe_slow,10,12.7,55.0,78.9,203500,1.8,3500,3500,2690,6,6,0
stress_20pct,t28_default,default,12,0.05,0,0,0,dynamic_stress_100d_20pct_hdd,100,42,1000000,5000,1.0,health_ec,15.0,12,600000,650000,80,healthy,90,severe_slow,10,12.7,53.3,76.1,203290,1.6,3290,3290,2642,0,0,0
stress_20pct,t28_default,default,12,0.05,0,0,0,dynamic_stress_100d_20pct_hdd,100,42,1000000,5000,1.0,health_ec,15.0,13,650000,700000,80,healthy,90,severe_slow,10,12.7,53.6,74.8,203385,1.7,3385,3385,2776,0,0,0
stress_20pct,t28_default,default,12,0.05,0,0,0,dynamic_stress_100d_20pct_hdd,100,42,1000000,5000,1.0,health_ec,15.0,14,700000,750000,80,mild_slow,90,recovery,10,12.9,24.9,35.9,203878,1.9,3878,3878,3277,1,1,0
stress_20pct,t28_default,default,12,0.05,0,0,0,dynamic_stress_100d_20pct_hdd,100,42,1000000,5000,1.0,health_ec,15.0,15,750000,800000,80,recovery,90,recovery,0,12.8,18.5,22.4,203056,1.5,3056,3056,2515,0,0,0
stress_20pct,t28_default,default,12,0.05,0,0,0,dynamic_stress_100d_20pct_hdd,100,42,1000000,5000,1.0,health_ec,15.0,16,800000,850000,80,healthy,90,healthy,0,12.4,16.8,18.9,201095,0.5,1095,1095,872,0,0,0
stress_20pct,t28_default,default,12,0.05,0,0,0,dynamic_stress_100d_20pct_hdd,100,42,1000000,5000,1.0,health_ec,15.0,17,850000,900000,80,healthy,90,healthy,0,12.5,16.8,18.9,200282,0.1,282,282,227,0,0,0
stress_20pct,t28_default,default,12,0.05,0,0,0,dynamic_stress_100d_20pct_hdd,100,42,1000000,5000,1.0,health_ec,15.0,18,900000,950000,80,healthy,90,healthy,0,12.5,16.8,18.8,200083,0.0,83,83,68,0,0,0
stress_20pct,t28_default,default,12,0.05,0,0,0,dynamic_stress_100d_20pct_hdd,100,42,1000000,5000,1.0,health_ec,15.0,19,950000,1000000,80,healthy,90,healthy,0,12.5,16.8,18.9,200050,0.0,50,50,40,0,0,0
stress_20pct,migration_disabled,disabled,12,0.05,0,0,0,dynamic_stress_100d_20pct_hdd,100,42,1000000,5000,1.0,health_ec,15.0,0,0,50000,80,healthy,90,healthy,0,12.5,16.8,18.8,200000,0.0,0,0,0,0,0,0
stress_20pct,migration_disabled,disabled,12,0.05,0,0,0,dynamic_stress_100d_20pct_hdd,100,42,1000000,5000,1.0,health_ec,15.0,1,50000,100000,80,healthy,90,healthy,0,12.5,16.8,18.9,200000,0.0,0,0,0,0,0,0
stress_20pct,migration_disabled,disabled,12,0.05,0,0,0,dynamic_stress_100d_20pct_hdd,100,42,1000000,5000,1.0,health_ec,15.0,2,100000,150000,80,healthy,90,healthy,0,12.5,16.8,18.8,200000,0.0,0,0,0,0,0,0
stress_20pct,migration_disabled,disabled,12,0.05,0,0,0,dynamic_stress_100d_20pct_hdd,100,42,1000000,5000,1.0,health_ec,15.0,3,150000,200000,80,mild_slow,90,healthy,10,12.8,27.1,36.7,201895,0.9,1895,1895,1528,0,0,0
stress_20pct,migration_disabled,disabled,12,0.05,0,0,0,dynamic_stress_100d_20pct_hdd,100,42,1000000,5000,1.0,health_ec,15.0,4,200000,250000,80,mild_slow,90,healthy,10,12.8,26.4,35.4,202958,1.5,2958,2958,2438,0,0,0
stress_20pct,migration_disabled,disabled,12,0.05,0,0,0,dynamic_stress_100d_20pct_hdd,100,42,1000000,5000,1.0,health_ec,15.0,5,250000,300000,80,mild_slow,90,healthy,10,12.8,26.6,34.9,203258,1.6,3258,3258,2698,0,0,0
stress_20pct,migration_disabled,disabled,12,0.05,0,0,0,dynamic_stress_100d_20pct_hdd,100,42,1000000,5000,1.0,health_ec,15.0,6,300000,350000,80,severe_slow,90,healthy,10,12.8,59.7,79.6,203708,1.9,3708,3708,3089,0,0,0
stress_20pct,migration_disabled,disabled,12,0.05,0,0,0,dynamic_stress_100d_20pct_hdd,100,42,1000000,5000,1.0,health_ec,15.0,7,350000,400000,80,severe_slow,90,healthy,10,12.8,58.9,76.9,204002,2.0,4002,4002,3359,0,0,0
stress_20pct,migration_disabled,disabled,12,0.05,0,0,0,dynamic_stress_100d_20pct_hdd,100,42,1000000,5000,1.0,health_ec,15.0,8,400000,450000,80,severe_slow,90,healthy,10,12.8,58.0,76.8,204061,2.0,4061,4061,3396,0,0,0
stress_20pct,migration_disabled,disabled,12,0.05,0,0,0,dynamic_stress_100d_20pct_hdd,100,42,1000000,5000,1.0,health_ec,15.0,9,450000,500000,80,recovery,90,mild_slow,10,13.0,27.4,37.0,204645,2.3,4645,4645,3520,0,0,0
stress_20pct,migration_disabled,disabled,12,0.05,0,0,0,dynamic_stress_100d_20pct_hdd,100,42,1000000,5000,1.0,health_ec,15.0,10,500000,550000,80,recovery,90,mild_slow,10,13.0,26.3,35.4,204505,2.3,4505,4505,3561,0,0,0
stress_20pct,migration_disabled,disabled,12,0.05,0,0,0,dynamic_stress_100d_20pct_hdd,100,42,1000000,5000,1.0,health_ec,15.0,11,550000,600000,80,healthy,90,severe_slow,10,12.8,58.8,79.8,204032,2.0,4032,4032,3284,0,0,0
stress_20pct,migration_disabled,disabled,12,0.05,0,0,0,dynamic_stress_100d_20pct_hdd,100,42,1000000,5000,1.0,health_ec,15.0,12,600000,650000,80,healthy,90,severe_slow,10,12.8,58.4,77.7,203967,2.0,3967,3967,3322,0,0,0
stress_20pct,migration_disabled,disabled,12,0.05,0,0,0,dynamic_stress_100d_20pct_hdd,100,42,1000000,5000,1.0,health_ec,15.0,13,650000,700000,80,healthy,90,severe_slow,10,12.8,58.6,76.7,204076,2.0,4076,4076,3487,0,0,0
stress_20pct,migration_disabled,disabled,12,0.05,0,0,0,dynamic_stress_100d_20pct_hdd,100,42,1000000,5000,1.0,health_ec,15.0,14,700000,750000,80,mild_slow,90,recovery,10,13.0,27.2,36.1,205297,2.6,5297,5297,4502,0,0,0
stress_20pct,migration_disabled,disabled,12,0.05,0,0,0,dynamic_stress_100d_20pct_hdd,100,42,1000000,5000,1.0,health_ec,15.0,15,750000,800000,80,recovery,90,recovery,0,12.9,18.9,22.7,204284,2.1,4284,4284,3543,0,0,0
stress_20pct,migration_disabled,disabled,12,0.05,0,0,0,dynamic_stress_100d_20pct_hdd,100,42,1000000,5000,1.0,health_ec,15.0,16,800000,850000,80,healthy,90,healthy,0,12.4,16.8,18.9,201179,0.6,1179,1179,931,0,0,0
stress_20pct,migration_disabled,disabled,12,0.05,0,0,0,dynamic_stress_100d_20pct_hdd,100,42,1000000,5000,1.0,health_ec,15.0,17,850000,900000,80,healthy,90,healthy,0,12.5,16.8,18.8,200293,0.1,293,293,238,0,0,0
stress_20pct,migration_disabled,disabled,12,0.05,0,0,0,dynamic_stress_100d_20pct_hdd,100,42,1000000,5000,1.0,health_ec,15.0,18,900000,950000,80,healthy,90,healthy,0,12.5,16.8,18.8,200084,0.0,84,84,70,0,0,0
stress_20pct,migration_disabled,disabled,12,0.05,0,0,0,dynamic_stress_100d_20pct_hdd,100,42,1000000,5000,1.0,health_ec,15.0,19,950000,1000000,80,healthy,90,healthy,0,12.5,16.8,18.9,200052,0.0,52,52,41,0,0,0
stress_20pct,threshold_d2_a005,threshold_alpha,2,0.05,0,0,0,dynamic_stress_100d_20pct_hdd,100,42,1000000,5000,1.0,health_ec,15.0,0,0,50000,80,healthy,90,healthy,0,12.5,16.8,18.8,200000,0.0,0,0,0,0,0,0
stress_20pct,threshold_d2_a005,threshold_alpha,2,0.05,0,0,0,dynamic_stress_100d_20pct_hdd,100,42,1000000,5000,1.0,health_ec,15.0,1,50000,100000,80,healthy,90,healthy,0,12.5,16.8,18.9,200000,0.0,0,0,0,0,0,0
stress_20pct,threshold_d2_a005,threshold_alpha,2,0.05,0,0,0,dynamic_stress_100d_20pct_hdd,100,42,1000000,5000,1.0,health_ec,15.0,2,100000,150000,80,healthy,90,healthy,0,12.5,16.8,18.8,200000,0.0,0,0,0,0,0,0
stress_20pct,threshold_d2_a005,threshold_alpha,2,0.05,0,0,0,dynamic_stress_100d_20pct_hdd,100,42,1000000,5000,1.0,health_ec,15.0,3,150000,200000,80,mild_slow,90,healthy,10,12.7,25.3,36.5,201091,0.5,1091,1091,855,22,22,0
stress_20pct,threshold_d2_a005,threshold_alpha,2,0.05,0,0,0,dynamic_stress_100d_20pct_hdd,100,42,1000000,5000,1.0,health_ec,15.0,4,200000,250000,80,mild_slow,90,healthy,10,12.7,22.3,35.0,201636,0.8,1636,1636,1306,4,4,0
stress_20pct,threshold_d2_a005,threshold_alpha,2,0.05,0,0,0,dynamic_stress_100d_20pct_hdd,100,42,1000000,5000,1.0,health_ec,15.0,5,250000,300000,80,mild_slow,90,healthy,10,12.7,21.9,34.0,201855,0.9,1855,1855,1524,8,8,0
stress_20pct,threshold_d2_a005,threshold_alpha,2,0.05,0,0,0,dynamic_stress_100d_20pct_hdd,100,42,1000000,5000,1.0,health_ec,15.0,6,300000,350000,80,severe_slow,90,healthy,10,12.7,37.1,76.3,202016,1.0,2016,2016,1625,21,19,0
stress_20pct,threshold_d2_a005,threshold_alpha,2,0.05,0,0,0,dynamic_stress_100d_20pct_hdd,100,42,1000000,5000,1.0,health_ec,15.0,7,350000,400000,80,severe_slow,90,healthy,10,12.7,20.8,72.8,202117,1.1,2117,2117,1750,1,1,0
stress_20pct,threshold_d2_a005,threshold_alpha,2,0.05,0,0,0,dynamic_stress_100d_20pct_hdd,100,42,1000000,5000,1.0,health_ec,15.0,8,400000,450000,80,severe_slow,90,healthy,10,12.7,20.6,72.3,202230,1.1,2230,2230,1842,4,4,0
stress_20pct,threshold_d2_a005,threshold_alpha,2,0.05,0,0,0,dynamic_stress_100d_20pct_hdd,100,42,1000000,5000,1.0,health_ec,15.0,9,450000,500000,80,recovery,90,mild_slow,10,12.8,25.3,36.6,202935,1.5,2935,2935,2135,25,25,0
stress_20pct,threshold_d2_a005,threshold_alpha,2,0.05,0,0,0,dynamic_stress_100d_20pct_hdd,100,42,1000000,5000,1.0,health_ec,15.0,10,500000,550000,80,recovery,90,mild_slow,10,12.8,23.0,34.8,202730,1.4,2730,2730,2056,5,5,0
stress_20pct,threshold_d2_a005,threshold_alpha,2,0.05,0,0,0,dynamic_stress_100d_20pct_hdd,100,42,1000000,5000,1.0,health_ec,15.0,11,550000,600000,80,healthy,90,severe_slow,10,12.7,35.8,76.3,202473,1.2,2473,2473,1885,24,22,0
stress_20pct,threshold_d2_a005,threshold_alpha,2,0.05,0,0,0,dynamic_stress_100d_20pct_hdd,100,42,1000000,5000,1.0,health_ec,15.0,12,600000,650000,80,healthy,90,severe_slow,10,12.6,21.9,73.7,202311,1.2,2311,2311,1829,7,7,0
stress_20pct,threshold_d2_a005,threshold_alpha,2,0.05,0,0,0,dynamic_stress_100d_20pct_hdd,100,42,1000000,5000,1.0,health_ec,15.0,13,650000,700000,80,healthy,90,severe_slow,10,12.6,20.8,72.0,202306,1.2,2306,2306,1862,0,0,0
stress_20pct,threshold_d2_a005,threshold_alpha,2,0.05,0,0,0,dynamic_stress_100d_20pct_hdd,100,42,1000000,5000,1.0,health_ec,15.0,14,700000,750000,80,mild_slow,90,recovery,10,12.7,20.3,35.0,202660,1.3,2660,2660,2234,3,3,0
stress_20pct,threshold_d2_a005,threshold_alpha,2,0.05,0,0,0,dynamic_stress_100d_20pct_hdd,100,42,1000000,5000,1.0,health_ec,15.0,15,750000,800000,80,recovery,90,recovery,0,12.7,18.0,21.6,202180,1.1,2180,2180,1789,0,0,0
stress_20pct,threshold_d2_a005,threshold_alpha,2,0.05,0,0,0,dynamic_stress_100d_20pct_hdd,100,42,1000000,5000,1.0,health_ec,15.0,16,800000,850000,80,healthy,90,healthy,0,12.4,16.8,18.8,200981,0.5,981,981,778,0,0,0
stress_20pct,threshold_d2_a005,threshold_alpha,2,0.05,0,0,0,dynamic_stress_100d_20pct_hdd,100,42,1000000,5000,1.0,health_ec,15.0,17,850000,900000,80,healthy,90,healthy,0,12.5,16.8,18.8,200286,0.1,286,286,232,0,0,0
stress_20pct,threshold_d2_a005,threshold_alpha,2,0.05,0,0,0,dynamic_stress_100d_20pct_hdd,100,42,1000000,5000,1.0,health_ec,15.0,18,900000,950000,80,healthy,90,healthy,0,12.5,16.8,18.8,200084,0.0,84,84,69,0,0,0
stress_20pct,threshold_d2_a005,threshold_alpha,2,0.05,0,0,0,dynamic_stress_100d_20pct_hdd,100,42,1000000,5000,1.0,health_ec,15.0,19,950000,1000000,80,healthy,90,healthy,0,12.5,16.8,18.9,200050,0.0,50,50,40,0,0,0
stress_20pct,threshold_d4_a005,threshold_alpha,4,0.05,0,0,0,dynamic_stress_100d_20pct_hdd,100,42,1000000,5000,1.0,health_ec,15.0,0,0,50000,80,healthy,90,healthy,0,12.5,16.8,18.8,200000,0.0,0,0,0,0,0,0
stress_20pct,threshold_d4_a005,threshold_alpha,4,0.05,0,0,0,dynamic_stress_100d_20pct_hdd,100,42,1000000,5000,1.0,health_ec,15.0,1,50000,100000,80,healthy,90,healthy,0,12.5,16.8,18.9,200000,0.0,0,0,0,0,0,0
stress_20pct,threshold_d4_a005,threshold_alpha,4,0.05,0,0,0,dynamic_stress_100d_20pct_hdd,100,42,1000000,5000,1.0,health_ec,15.0,2,100000,150000,80,healthy,90,healthy,0,12.5,16.8,18.8,200000,0.0,0,0,0,0,0,0
stress_20pct,threshold_d4_a005,threshold_alpha,4,0.05,0,0,0,dynamic_stress_100d_20pct_hdd,100,42,1000000,5000,1.0,health_ec,15.0,3,150000,200000,80,mild_slow,90,healthy,10,12.7,25.7,36.5,201238,0.6,1238,1238,990,14,14,0
stress_20pct,threshold_d4_a005,threshold_alpha,4,0.05,0,0,0,dynamic_stress_100d_20pct_hdd,100,42,1000000,5000,1.0,health_ec,15.0,4,200000,250000,80,mild_slow,90,healthy,10,12.7,23.6,35.1,201910,1.0,1910,1910,1567,3,3,0
stress_20pct,threshold_d4_a005,threshold_alpha,4,0.05,0,0,0,dynamic_stress_100d_20pct_hdd,100,42,1000000,5000,1.0,health_ec,15.0,5,250000,300000,80,mild_slow,90,healthy,10,12.7,23.5,34.1,202208,1.1,2208,2208,1834,3,3,0
stress_20pct,threshold_d4_a005,threshold_alpha,4,0.05,0,0,0,dynamic_stress_100d_20pct_hdd,100,42,1000000,5000,1.0,health_ec,15.0,6,300000,350000,80,severe_slow,90,healthy,10,12.7,48.9,77.5,202371,1.2,2371,2371,1942,5,5,0
stress_20pct,threshold_d4_a005,threshold_alpha,4,0.05,0,0,0,dynamic_stress_100d_20pct_hdd,100,42,1000000,5000,1.0,health_ec,15.0,7,350000,400000,80,severe_slow,90,healthy,10,12.7,44.7,73.6,202551,1.3,2551,2551,2135,5,5,0
stress_20pct,threshold_d4_a005,threshold_alpha,4,0.05,0,0,0,dynamic_stress_100d_20pct_hdd,100,42,1000000,5000,1.0,health_ec,15.0,8,400000,450000,80,severe_slow,90,healthy,10,12.7,40.7,73.5,202573,1.3,2573,2573,2169,2,2,0
stress_20pct,threshold_d4_a005,threshold_alpha,4,0.05,0,0,0,dynamic_stress_100d_20pct_hdd,100,42,1000000,5000,1.0,health_ec,15.0,9,450000,500000,80,recovery,90,mild_slow,10,12.9,26.0,36.6,203387,1.7,3387,3387,2491,13,13,0
stress_20pct,threshold_d4_a005,threshold_alpha,4,0.05,0,0,0,dynamic_stress_100d_20pct_hdd,100,42,1000000,5000,1.0,health_ec,15.0,10,500000,550000,80,recovery,90,mild_slow,10,12.9,24.1,35.0,203158,1.6,3158,3158,2396,5,5,0
stress_20pct,threshold_d4_a005,threshold_alpha,4,0.05,0,0,0,dynamic_stress_100d_20pct_hdd,100,42,1000000,5000,1.0,health_ec,15.0,11,550000,600000,80,healthy,90,severe_slow,10,12.7,48.6,77.2,202870,1.4,2870,2870,2193,13,13,0
stress_20pct,threshold_d4_a005,threshold_alpha,4,0.05,0,0,0,dynamic_stress_100d_20pct_hdd,100,42,1000000,5000,1.0,health_ec,15.0,12,600000,650000,80,healthy,90,severe_slow,10,12.7,45.6,74.9,202745,1.4,2745,2745,2171,1,1,0
stress_20pct,threshold_d4_a005,threshold_alpha,4,0.05,0,0,0,dynamic_stress_100d_20pct_hdd,100,42,1000000,5000,1.0,health_ec,15.0,13,650000,700000,80,healthy,90,severe_slow,10,12.7,44.4,73.2,202743,1.4,2743,2743,2221,2,2,0
stress_20pct,threshold_d4_a005,threshold_alpha,4,0.05,0,0,0,dynamic_stress_100d_20pct_hdd,100,42,1000000,5000,1.0,health_ec,15.0,14,700000,750000,80,mild_slow,90,recovery,10,12.8,21.9,35.5,202988,1.5,2988,2988,2527,1,1,0
stress_20pct,threshold_d4_a005,threshold_alpha,4,0.05,0,0,0,dynamic_stress_100d_20pct_hdd,100,42,1000000,5000,1.0,health_ec,15.0,15,750000,800000,80,recovery,90,recovery,0,12.8,18.3,22.0,202379,1.2,2379,2379,1955,0,0,0
stress_20pct,threshold_d4_a005,threshold_alpha,4,0.05,0,0,0,dynamic_stress_100d_20pct_hdd,100,42,1000000,5000,1.0,health_ec,15.0,16,800000,850000,80,healthy,90,healthy,0,12.4,16.8,18.9,201042,0.5,1042,1042,826,0,0,0
stress_20pct,threshold_d4_a005,threshold_alpha,4,0.05,0,0,0,dynamic_stress_100d_20pct_hdd,100,42,1000000,5000,1.0,health_ec,15.0,17,850000,900000,80,healthy,90,healthy,0,12.5,16.8,18.8,200293,0.1,293,293,236,0,0,0
stress_20pct,threshold_d4_a005,threshold_alpha,4,0.05,0,0,0,dynamic_stress_100d_20pct_hdd,100,42,1000000,5000,1.0,health_ec,15.0,18,900000,950000,80,healthy,90,healthy,0,12.5,16.8,18.8,200085,0.0,85,85,71,0,0,0
stress_20pct,threshold_d4_a005,threshold_alpha,4,0.05,0,0,0,dynamic_stress_100d_20pct_hdd,100,42,1000000,5000,1.0,health_ec,15.0,19,950000,1000000,80,healthy,90,healthy,0,12.5,16.8,18.8,200051,0.0,51,51,41,0,0,0
stress_20pct,threshold_d6_a005,threshold_alpha,6,0.05,0,0,0,dynamic_stress_100d_20pct_hdd,100,42,1000000,5000,1.0,health_ec,15.0,0,0,50000,80,healthy,90,healthy,0,12.5,16.8,18.8,200000,0.0,0,0,0,0,0,0
stress_20pct,threshold_d6_a005,threshold_alpha,6,0.05,0,0,0,dynamic_stress_100d_20pct_hdd,100,42,1000000,5000,1.0,health_ec,15.0,1,50000,100000,80,healthy,90,healthy,0,12.5,16.8,18.9,200000,0.0,0,0,0,0,0,0
stress_20pct,threshold_d6_a005,threshold_alpha,6,0.05,0,0,0,dynamic_stress_100d_20pct_hdd,100,42,1000000,5000,1.0,health_ec,15.0,2,100000,150000,80,healthy,90,healthy,0,12.5,16.8,18.8,200000,0.0,0,0,0,0,0,0
stress_20pct,threshold_d6_a005,threshold_alpha,6,0.05,0,0,0,dynamic_stress_100d_20pct_hdd,100,42,1000000,5000,1.0,health_ec,15.0,3,150000,200000,80,mild_slow,90,healthy,10,12.7,26.1,36.6,201413,0.7,1413,1413,1142,12,12,0
stress_20pct,threshold_d6_a005,threshold_alpha,6,0.05,0,0,0,dynamic_stress_100d_20pct_hdd,100,42,1000000,5000,1.0,health_ec,15.0,4,200000,250000,80,mild_slow,90,healthy,10,12.7,24.0,35.2,201918,1.0,1918,1918,1584,0,0,0
stress_20pct,threshold_d6_a005,threshold_alpha,6,0.05,0,0,0,dynamic_stress_100d_20pct_hdd,100,42,1000000,5000,1.0,health_ec,15.0,5,250000,300000,80,mild_slow,90,healthy,10,12.7,24.2,34.3,202252,1.1,2252,2252,1914,0,0,0
stress_20pct,threshold_d6_a005,threshold_alpha,6,0.05,0,0,0,dynamic_stress_100d_20pct_hdd,100,42,1000000,5000,1.0,health_ec,15.0,6,300000,350000,80,severe_slow,90,healthy,10,12.7,51.2,77.9,202460,1.2,2460,2460,2045,8,8,0
stress_20pct,threshold_d6_a005,threshold_alpha,6,0.05,0,0,0,dynamic_stress_100d_20pct_hdd,100,42,1000000,5000,1.0,health_ec,15.0,7,350000,400000,80,severe_slow,90,healthy,10,12.7,48.2,73.9,202686,1.3,2686,2686,2257,1,1,0
stress_20pct,threshold_d6_a005,threshold_alpha,6,0.05,0,0,0,dynamic_stress_100d_20pct_hdd,100,42,1000000,5000,1.0,health_ec,15.0,8,400000,450000,80,severe_slow,90,healthy,10,12.7,47.7,74.2,202803,1.4,2803,2803,2341,0,0,0
stress_20pct,threshold_d6_a005,threshold_alpha,6,0.05,0,0,0,dynamic_stress_100d_20pct_hdd,100,42,1000000,5000,1.0,health_ec,15.0,9,450000,500000,80,recovery,90,mild_slow,10,12.9,26.3,36.6,203695,1.8,3695,3695,2682,12,12,0
stress_20pct,threshold_d6_a005,threshold_alpha,6,0.05,0,0,0,dynamic_stress_100d_20pct_hdd,100,42,1000000,5000,1.0,health_ec,15.0,10,500000,550000,80,recovery,90,mild_slow,10,12.9,24.4,35.0,203276,1.6,3276,3276,2488,1,1,0
stress_20pct,threshold_d6_a005,threshold_alpha,6,0.05,0,0,0,dynamic_stress_100d_20pct_hdd,100,42,1000000,5000,1.0,health_ec,15.0,11,550000,600000,80,healthy,90,severe_slow,10,12.7,49.9,77.6,202958,1.5,2958,2958,2303,10,9,0
stress_20pct,threshold_d6_a005,threshold_alpha,6,0.05,0,0,0,dynamic_stress_100d_20pct_hdd,100,42,1000000,5000,1.0,health_ec,15.0,12,600000,650000,80,healthy,90,severe_slow,10,12.7,49.1,75.5,202814,1.4,2814,2814,2285,0,0,0
stress_20pct,threshold_d6_a005,threshold_alpha,6,0.05,0,0,0,dynamic_stress_100d_20pct_hdd,100,42,1000000,5000,1.0,health_ec,15.0,13,650000,700000,80,healthy,90,severe_slow,10,12.7,48.3,73.6,202862,1.4,2862,2862,2379,0,0,0
stress_20pct,threshold_d6_a005,threshold_alpha,6,0.05,0,0,0,dynamic_stress_100d_20pct_hdd,100,42,1000000,5000,1.0,health_ec,15.0,14,700000,750000,80,mild_slow,90,recovery,10,12.8,23.3,35.6,203243,1.6,3243,3243,2736,0,0,0
stress_20pct,threshold_d6_a005,threshold_alpha,6,0.05,0,0,0,dynamic_stress_100d_20pct_hdd,100,42,1000000,5000,1.0,health_ec,15.0,15,750000,800000,80,recovery,90,recovery,0,12.8,18.4,22.2,202658,1.3,2658,2658,2188,0,0,0
stress_20pct,threshold_d6_a005,threshold_alpha,6,0.05,0,0,0,dynamic_stress_100d_20pct_hdd,100,42,1000000,5000,1.0,health_ec,15.0,16,800000,850000,80,healthy,90,healthy,0,12.4,16.8,18.8,201060,0.5,1060,1060,841,0,0,0
stress_20pct,threshold_d6_a005,threshold_alpha,6,0.05,0,0,0,dynamic_stress_100d_20pct_hdd,100,42,1000000,5000,1.0,health_ec,15.0,17,850000,900000,80,healthy,90,healthy,0,12.5,16.8,18.8,200289,0.1,289,289,233,0,0,0
stress_20pct,threshold_d6_a005,threshold_alpha,6,0.05,0,0,0,dynamic_stress_100d_20pct_hdd,100,42,1000000,5000,1.0,health_ec,15.0,18,900000,950000,80,healthy,90,healthy,0,12.5,16.8,18.8,200084,0.0,84,84,70,0,0,0
stress_20pct,threshold_d6_a005,threshold_alpha,6,0.05,0,0,0,dynamic_stress_100d_20pct_hdd,100,42,1000000,5000,1.0,health_ec,15.0,19,950000,1000000,80,healthy,90,healthy,0,12.5,16.8,18.8,200052,0.0,52,52,42,0,0,0
stress_20pct,threshold_d8_a005,threshold_alpha,8,0.05,0,0,0,dynamic_stress_100d_20pct_hdd,100,42,1000000,5000,1.0,health_ec,15.0,0,0,50000,80,healthy,90,healthy,0,12.5,16.8,18.8,200000,0.0,0,0,0,0,0,0
stress_20pct,threshold_d8_a005,threshold_alpha,8,0.05,0,0,0,dynamic_stress_100d_20pct_hdd,100,42,1000000,5000,1.0,health_ec,15.0,1,50000,100000,80,healthy,90,healthy,0,12.5,16.8,18.9,200000,0.0,0,0,0,0,0,0
stress_20pct,threshold_d8_a005,threshold_alpha,8,0.05,0,0,0,dynamic_stress_100d_20pct_hdd,100,42,1000000,5000,1.0,health_ec,15.0,2,100000,150000,80,healthy,90,healthy,0,12.5,16.8,18.8,200000,0.0,0,0,0,0,0,0
stress_20pct,threshold_d8_a005,threshold_alpha,8,0.05,0,0,0,dynamic_stress_100d_20pct_hdd,100,42,1000000,5000,1.0,health_ec,15.0,3,150000,200000,80,mild_slow,90,healthy,10,12.8,26.7,36.6,201785,0.9,1785,1785,1395,7,7,0
stress_20pct,threshold_d8_a005,threshold_alpha,8,0.05,0,0,0,dynamic_stress_100d_20pct_hdd,100,42,1000000,5000,1.0,health_ec,15.0,4,200000,250000,80,mild_slow,90,healthy,10,12.7,24.8,35.3,202549,1.3,2549,2549,1978,3,3,0
stress_20pct,threshold_d8_a005,threshold_alpha,8,0.05,0,0,0,dynamic_stress_100d_20pct_hdd,100,42,1000000,5000,1.0,health_ec,15.0,5,250000,300000,80,mild_slow,90,healthy,10,12.7,24.4,34.3,202477,1.2,2477,2477,2066,1,1,0
stress_20pct,threshold_d8_a005,threshold_alpha,8,0.05,0,0,0,dynamic_stress_100d_20pct_hdd,100,42,1000000,5000,1.0,health_ec,15.0,6,300000,350000,80,severe_slow,90,healthy,10,12.7,53.7,78.2,202651,1.3,2651,2651,2201,4,4,0
stress_20pct,threshold_d8_a005,threshold_alpha,8,0.05,0,0,0,dynamic_stress_100d_20pct_hdd,100,42,1000000,5000,1.0,health_ec,15.0,7,350000,400000,80,severe_slow,90,healthy,10,12.7,50.6,74.2,202949,1.5,2949,2949,2437,0,0,0
stress_20pct,threshold_d8_a005,threshold_alpha,8,0.05,0,0,0,dynamic_stress_100d_20pct_hdd,100,42,1000000,5000,1.0,health_ec,15.0,8,400000,450000,80,severe_slow,90,healthy,10,12.7,50.0,74.6,203029,1.5,3029,3029,2476,0,0,0
stress_20pct,threshold_d8_a005,threshold_alpha,8,0.05,0,0,0,dynamic_stress_100d_20pct_hdd,100,42,1000000,5000,1.0,health_ec,15.0,9,450000,500000,80,recovery,90,mild_slow,10,12.9,26.4,36.6,203746,1.9,3746,3746,2734,8,8,0
stress_20pct,threshold_d8_a005,threshold_alpha,8,0.05,0,0,0,dynamic_stress_100d_20pct_hdd,100,42,1000000,5000,1.0,health_ec,15.0,10,500000,550000,80,recovery,90,mild_slow,10,12.9,25.1,35.2,203591,1.8,3591,3591,2702,1,1,0
stress_20pct,threshold_d8_a005,threshold_alpha,8,0.05,0,0,0,dynamic_stress_100d_20pct_hdd,100,42,1000000,5000,1.0,health_ec,15.0,11,550000,600000,80,healthy,90,severe_slow,10,12.7,52.7,78.2,203148,1.6,3148,3148,2466,5,5,0
stress_20pct,threshold_d8_a005,threshold_alpha,8,0.05,0,0,0,dynamic_stress_100d_20pct_hdd,100,42,1000000,5000,1.0,health_ec,15.0,12,600000,650000,80,healthy,90,severe_slow,10,12.7,51.4,75.8,203106,1.6,3106,3106,2527,3,3,0
stress_20pct,threshold_d8_a005,threshold_alpha,8,0.05,0,0,0,dynamic_stress_100d_20pct_hdd,100,42,1000000,5000,1.0,health_ec,15.0,13,650000,700000,80,healthy,90,severe_slow,10,12.7,50.2,73.6,203131,1.6,3131,3131,2541,0,0,0
stress_20pct,threshold_d8_a005,threshold_alpha,8,0.05,0,0,0,dynamic_stress_100d_20pct_hdd,100,42,1000000,5000,1.0,health_ec,15.0,14,700000,750000,80,mild_slow,90,recovery,10,12.8,24.1,35.8,203611,1.8,3611,3611,2999,0,0,0
stress_20pct,threshold_d8_a005,threshold_alpha,8,0.05,0,0,0,dynamic_stress_100d_20pct_hdd,100,42,1000000,5000,1.0,health_ec,15.0,15,750000,800000,80,recovery,90,recovery,0,12.8,18.5,22.4,202794,1.4,2794,2794,2286,0,0,0
stress_20pct,threshold_d8_a005,threshold_alpha,8,0.05,0,0,0,dynamic_stress_100d_20pct_hdd,100,42,1000000,5000,1.0,health_ec,15.0,16,800000,850000,80,healthy,90,healthy,0,12.4,16.8,18.9,201077,0.5,1077,1077,857,0,0,0
stress_20pct,threshold_d8_a005,threshold_alpha,8,0.05,0,0,0,dynamic_stress_100d_20pct_hdd,100,42,1000000,5000,1.0,health_ec,15.0,17,850000,900000,80,healthy,90,healthy,0,12.5,16.8,18.8,200292,0.1,292,292,235,0,0,0
stress_20pct,threshold_d8_a005,threshold_alpha,8,0.05,0,0,0,dynamic_stress_100d_20pct_hdd,100,42,1000000,5000,1.0,health_ec,15.0,18,900000,950000,80,healthy,90,healthy,0,12.5,16.8,18.8,200086,0.0,86,86,71,0,0,0
stress_20pct,threshold_d8_a005,threshold_alpha,8,0.05,0,0,0,dynamic_stress_100d_20pct_hdd,100,42,1000000,5000,1.0,health_ec,15.0,19,950000,1000000,80,healthy,90,healthy,0,12.5,16.8,18.8,200050,0.0,50,50,41,0,0,0
stress_20pct,threshold_d2_a010,threshold_alpha,2,0.1,0,0,0,dynamic_stress_100d_20pct_hdd,100,42,1000000,5000,1.0,health_ec,15.0,0,0,50000,80,healthy,90,healthy,0,12.5,16.8,18.8,200000,0.0,0,0,0,0,0,0
stress_20pct,threshold_d2_a010,threshold_alpha,2,0.1,0,0,0,dynamic_stress_100d_20pct_hdd,100,42,1000000,5000,1.0,health_ec,15.0,1,50000,100000,80,healthy,90,healthy,0,12.5,16.8,18.9,200000,0.0,0,0,0,0,0,0
stress_20pct,threshold_d2_a010,threshold_alpha,2,0.1,0,0,0,dynamic_stress_100d_20pct_hdd,100,42,1000000,5000,1.0,health_ec,15.0,2,100000,150000,80,healthy,90,healthy,0,12.5,16.8,18.8,200000,0.0,0,0,0,0,0,0
stress_20pct,threshold_d2_a010,threshold_alpha,2,0.1,0,0,0,dynamic_stress_100d_20pct_hdd,100,42,1000000,5000,1.0,health_ec,15.0,3,150000,200000,80,mild_slow,90,healthy,10,12.7,25.0,36.5,201014,0.5,1014,1014,770,29,29,0
stress_20pct,threshold_d2_a010,threshold_alpha,2,0.1,0,0,0,dynamic_stress_100d_20pct_hdd,100,42,1000000,5000,1.0,health_ec,15.0,4,200000,250000,80,mild_slow,90,healthy,10,12.7,21.4,34.9,201567,0.8,1567,1567,1206,12,12,0
stress_20pct,threshold_d2_a010,threshold_alpha,2,0.1,0,0,0,dynamic_stress_100d_20pct_hdd,100,42,1000000,5000,1.0,health_ec,15.0,5,250000,300000,80,mild_slow,90,healthy,10,12.7,20.3,33.9,201571,0.8,1571,1571,1320,4,4,0
stress_20pct,threshold_d2_a010,threshold_alpha,2,0.1,0,0,0,dynamic_stress_100d_20pct_hdd,100,42,1000000,5000,1.0,health_ec,15.0,6,300000,350000,80,severe_slow,90,healthy,10,12.6,21.0,76.1,201840,0.9,1840,1840,1508,13,12,0
stress_20pct,threshold_d2_a010,threshold_alpha,2,0.1,0,0,0,dynamic_stress_100d_20pct_hdd,100,42,1000000,5000,1.0,health_ec,15.0,7,350000,400000,80,severe_slow,90,healthy,10,12.6,20.0,72.6,202024,1.0,2024,2024,1682,5,5,0
stress_20pct,threshold_d2_a010,threshold_alpha,2,0.1,0,0,0,dynamic_stress_100d_20pct_hdd,100,42,1000000,5000,1.0,health_ec,15.0,8,400000,450000,80,severe_slow,90,healthy,10,12.6,19.8,72.1,202110,1.1,2110,2110,1759,5,5,0
stress_20pct,threshold_d2_a010,threshold_alpha,2,0.1,0,0,0,dynamic_stress_100d_20pct_hdd,100,42,1000000,5000,1.0,health_ec,15.0,9,450000,500000,80,recovery,90,mild_slow,10,12.8,24.8,36.6,202714,1.4,2714,2714,1970,33,33,0
stress_20pct,threshold_d2_a010,threshold_alpha,2,0.1,0,0,0,dynamic_stress_100d_20pct_hdd,100,42,1000000,5000,1.0,health_ec,15.0,10,500000,550000,80,recovery,90,mild_slow,10,12.8,21.9,34.8,202376,1.2,2376,2376,1775,14,14,0
stress_20pct,threshold_d2_a010,threshold_alpha,2,0.1,0,0,0,dynamic_stress_100d_20pct_hdd,100,42,1000000,5000,1.0,health_ec,15.0,11,550000,600000,80,healthy,90,severe_slow,10,12.6,20.5,75.8,202249,1.1,2249,2249,1716,21,19,0
stress_20pct,threshold_d2_a010,threshold_alpha,2,0.1,0,0,0,dynamic_stress_100d_20pct_hdd,100,42,1000000,5000,1.0,health_ec,15.0,12,600000,650000,80,healthy,90,severe_slow,10,12.6,19.6,73.0,202116,1.1,2116,2116,1695,2,2,0
stress_20pct,threshold_d2_a010,threshold_alpha,2,0.1,0,0,0,dynamic_stress_100d_20pct_hdd,100,42,1000000,5000,1.0,health_ec,15.0,13,650000,700000,80,healthy,90,severe_slow,10,12.6,19.7,71.4,202167,1.1,2167,2167,1775,4,4,0
stress_20pct,threshold_d2_a010,threshold_alpha,2,0.1,0,0,0,dynamic_stress_100d_20pct_hdd,100,42,1000000,5000,1.0,health_ec,15.0,14,700000,750000,80,mild_slow,90,recovery,10,12.7,19.9,34.9,202441,1.2,2441,2441,2046,0,0,0
stress_20pct,threshold_d2_a010,threshold_alpha,2,0.1,0,0,0,dynamic_stress_100d_20pct_hdd,100,42,1000000,5000,1.0,health_ec,15.0,15,750000,800000,80,recovery,90,recovery,0,12.7,18.0,21.6,202010,1.0,2010,2010,1651,0,0,0
stress_20pct,threshold_d2_a010,threshold_alpha,2,0.1,0,0,0,dynamic_stress_100d_20pct_hdd,100,42,1000000,5000,1.0,health_ec,15.0,16,800000,850000,80,healthy,90,healthy,0,12.4,16.8,18.9,200988,0.5,988,988,781,0,0,0
stress_20pct,threshold_d2_a010,threshold_alpha,2,0.1,0,0,0,dynamic_stress_100d_20pct_hdd,100,42,1000000,5000,1.0,health_ec,15.0,17,850000,900000,80,healthy,90,healthy,0,12.5,16.8,18.8,200287,0.1,287,287,238,0,0,0
stress_20pct,threshold_d2_a010,threshold_alpha,2,0.1,0,0,0,dynamic_stress_100d_20pct_hdd,100,42,1000000,5000,1.0,health_ec,15.0,18,900000,950000,80,healthy,90,healthy,0,12.5,16.8,18.8,200083,0.0,83,83,69,0,0,0
stress_20pct,threshold_d2_a010,threshold_alpha,2,0.1,0,0,0,dynamic_stress_100d_20pct_hdd,100,42,1000000,5000,1.0,health_ec,15.0,19,950000,1000000,80,healthy,90,healthy,0,12.5,16.8,18.8,200054,0.0,54,54,45,0,0,0
stress_20pct,threshold_d4_a010,threshold_alpha,4,0.1,0,0,0,dynamic_stress_100d_20pct_hdd,100,42,1000000,5000,1.0,health_ec,15.0,0,0,50000,80,healthy,90,healthy,0,12.5,16.8,18.8,200000,0.0,0,0,0,0,0,0
stress_20pct,threshold_d4_a010,threshold_alpha,4,0.1,0,0,0,dynamic_stress_100d_20pct_hdd,100,42,1000000,5000,1.0,health_ec,15.0,1,50000,100000,80,healthy,90,healthy,0,12.5,16.8,18.9,200000,0.0,0,0,0,0,0,0
stress_20pct,threshold_d4_a010,threshold_alpha,4,0.1,0,0,0,dynamic_stress_100d_20pct_hdd,100,42,1000000,5000,1.0,health_ec,15.0,2,100000,150000,80,healthy,90,healthy,0,12.5,16.8,18.8,200000,0.0,0,0,0,0,0,0
stress_20pct,threshold_d4_a010,threshold_alpha,4,0.1,0,0,0,dynamic_stress_100d_20pct_hdd,100,42,1000000,5000,1.0,health_ec,15.0,3,150000,200000,80,mild_slow,90,healthy,10,12.7,25.5,36.5,201152,0.6,1152,1152,921,17,17,0
stress_20pct,threshold_d4_a010,threshold_alpha,4,0.1,0,0,0,dynamic_stress_100d_20pct_hdd,100,42,1000000,5000,1.0,health_ec,15.0,4,200000,250000,80,mild_slow,90,healthy,10,12.7,23.1,35.1,201828,0.9,1828,1828,1478,5,5,0
stress_20pct,threshold_d4_a010,threshold_alpha,4,0.1,0,0,0,dynamic_stress_100d_20pct_hdd,100,42,1000000,5000,1.0,health_ec,15.0,5,250000,300000,80,mild_slow,90,healthy,10,12.7,22.7,34.1,201938,1.0,1938,1938,1623,2,2,0
stress_20pct,threshold_d4_a010,threshold_alpha,4,0.1,0,0,0,dynamic_stress_100d_20pct_hdd,100,42,1000000,5000,1.0,health_ec,15.0,6,300000,350000,80,severe_slow,90,healthy,10,12.7,46.8,77.3,202217,1.1,2217,2217,1828,9,9,0
stress_20pct,threshold_d4_a010,threshold_alpha,4,0.1,0,0,0,dynamic_stress_100d_20pct_hdd,100,42,1000000,5000,1.0,health_ec,15.0,7,350000,400000,80,severe_slow,90,healthy,10,12.7,40.9,73.4,202430,1.2,2430,2430,2051,2,2,0
stress_20pct,threshold_d4_a010,threshold_alpha,4,0.1,0,0,0,dynamic_stress_100d_20pct_hdd,100,42,1000000,5000,1.0,health_ec,15.0,8,400000,450000,80,severe_slow,90,healthy,10,12.7,39.8,73.3,202504,1.3,2504,2504,2090,3,3,0
stress_20pct,threshold_d4_a010,threshold_alpha,4,0.1,0,0,0,dynamic_stress_100d_20pct_hdd,100,42,1000000,5000,1.0,health_ec,15.0,9,450000,500000,80,recovery,90,mild_slow,10,12.8,25.9,36.6,203213,1.6,3213,3213,2342,17,17,0
stress_20pct,threshold_d4_a010,threshold_alpha,4,0.1,0,0,0,dynamic_stress_100d_20pct_hdd,100,42,1000000,5000,1.0,health_ec,15.0,10,500000,550000,80,recovery,90,mild_slow,10,12.9,23.7,34.9,202946,1.5,2946,2946,2247,4,4,0
stress_20pct,threshold_d4_a010,threshold_alpha,4,0.1,0,0,0,dynamic_stress_100d_20pct_hdd,100,42,1000000,5000,1.0,health_ec,15.0,11,550000,600000,80,healthy,90,severe_slow,10,12.7,43.3,76.8,202634,1.3,2634,2634,2050,14,13,0
stress_20pct,threshold_d4_a010,threshold_alpha,4,0.1,0,0,0,dynamic_stress_100d_20pct_hdd,100,42,1000000,5000,1.0,health_ec,15.0,12,600000,650000,80,healthy,90,severe_slow,10,12.7,40.8,74.5,202557,1.3,2557,2557,2053,4,4,0
stress_20pct,threshold_d4_a010,threshold_alpha,4,0.1,0,0,0,dynamic_stress_100d_20pct_hdd,100,42,1000000,5000,1.0,health_ec,15.0,13,650000,700000,80,healthy,90,severe_slow,10,12.7,39.2,72.8,202540,1.3,2540,2540,2074,0,0,0
stress_20pct,threshold_d4_a010,threshold_alpha,4,0.1,0,0,0,dynamic_stress_100d_20pct_hdd,100,42,1000000,5000,1.0,health_ec,15.0,14,700000,750000,80,mild_slow,90,recovery,10,12.8,21.3,35.4,202818,1.4,2818,2818,2384,0,0,0
stress_20pct,threshold_d4_a010,threshold_alpha,4,0.1,0,0,0,dynamic_stress_100d_20pct_hdd,100,42,1000000,5000,1.0,health_ec,15.0,15,750000,800000,80,recovery,90,recovery,0,12.8,18.2,21.9,202302,1.2,2302,2302,1887,0,0,0
stress_20pct,threshold_d4_a010,threshold_alpha,4,0.1,0,0,0,dynamic_stress_100d_20pct_hdd,100,42,1000000,5000,1.0,health_ec,15.0,16,800000,850000,80,healthy,90,healthy,0,12.4,16.8,18.8,201049,0.5,1049,1049,832,0,0,0
stress_20pct,threshold_d4_a010,threshold_alpha,4,0.1,0,0,0,dynamic_stress_100d_20pct_hdd,100,42,1000000,5000,1.0,health_ec,15.0,17,850000,900000,80,healthy,90,healthy,0,12.5,16.8,18.8,200290,0.1,290,290,232,0,0,0
stress_20pct,threshold_d4_a010,threshold_alpha,4,0.1,0,0,0,dynamic_stress_100d_20pct_hdd,100,42,1000000,5000,1.0,health_ec,15.0,18,900000,950000,80,healthy,90,healthy,0,12.5,16.8,18.8,200085,0.0,85,85,71,0,0,0
stress_20pct,threshold_d4_a010,threshold_alpha,4,0.1,0,0,0,dynamic_stress_100d_20pct_hdd,100,42,1000000,5000,1.0,health_ec,15.0,19,950000,1000000,80,healthy,90,healthy,0,12.5,16.8,18.8,200051,0.0,51,51,41,0,0,0
stress_20pct,threshold_d6_a010,threshold_alpha,6,0.1,0,0,0,dynamic_stress_100d_20pct_hdd,100,42,1000000,5000,1.0,health_ec,15.0,0,0,50000,80,healthy,90,healthy,0,12.5,16.8,18.8,200000,0.0,0,0,0,0,0,0
stress_20pct,threshold_d6_a010,threshold_alpha,6,0.1,0,0,0,dynamic_stress_100d_20pct_hdd,100,42,1000000,5000,1.0,health_ec,15.0,1,50000,100000,80,healthy,90,healthy,0,12.5,16.8,18.9,200000,0.0,0,0,0,0,0,0
stress_20pct,threshold_d6_a010,threshold_alpha,6,0.1,0,0,0,dynamic_stress_100d_20pct_hdd,100,42,1000000,5000,1.0,health_ec,15.0,2,100000,150000,80,healthy,90,healthy,0,12.5,16.8,18.8,200000,0.0,0,0,0,0,0,0
stress_20pct,threshold_d6_a010,threshold_alpha,6,0.1,0,0,0,dynamic_stress_100d_20pct_hdd,100,42,1000000,5000,1.0,health_ec,15.0,3,150000,200000,80,mild_slow,90,healthy,10,12.7,25.7,36.5,201218,0.6,1218,1218,977,13,13,0
stress_20pct,threshold_d6_a010,threshold_alpha,6,0.1,0,0,0,dynamic_stress_100d_20pct_hdd,100,42,1000000,5000,1.0,health_ec,15.0,4,200000,250000,80,mild_slow,90,healthy,10,12.7,23.9,35.2,201906,1.0,1906,1906,1563,0,0,0
stress_20pct,threshold_d6_a010,threshold_alpha,6,0.1,0,0,0,dynamic_stress_100d_20pct_hdd,100,42,1000000,5000,1.0,health_ec,15.0,5,250000,300000,80,mild_slow,90,healthy,10,12.7,23.9,34.2,202242,1.1,2242,2242,1873,1,1,0
stress_20pct,threshold_d6_a010,threshold_alpha,6,0.1,0,0,0,dynamic_stress_100d_20pct_hdd,100,42,1000000,5000,1.0,health_ec,15.0,6,300000,350000,80,severe_slow,90,healthy,10,12.7,50.3,77.6,202425,1.2,2425,2425,2010,8,8,0
stress_20pct,threshold_d6_a010,threshold_alpha,6,0.1,0,0,0,dynamic_stress_100d_20pct_hdd,100,42,1000000,5000,1.0,health_ec,15.0,7,350000,400000,80,severe_slow,90,healthy,10,12.7,47.8,73.9,202685,1.3,2685,2685,2241,0,0,0
stress_20pct,threshold_d6_a010,threshold_alpha,6,0.1,0,0,0,dynamic_stress_100d_20pct_hdd,100,42,1000000,5000,1.0,health_ec,15.0,8,400000,450000,80,severe_slow,90,healthy,10,12.7,47.1,74.0,202803,1.4,2803,2803,2323,1,1,0
stress_20pct,threshold_d6_a010,threshold_alpha,6,0.1,0,0,0,dynamic_stress_100d_20pct_hdd,100,42,1000000,5000,1.0,health_ec,15.0,9,450000,500000,80,recovery,90,mild_slow,10,12.9,25.9,36.6,203411,1.7,3411,3411,2496,11,11,0
stress_20pct,threshold_d6_a010,threshold_alpha,6,0.1,0,0,0,dynamic_stress_100d_20pct_hdd,100,42,1000000,5000,1.0,health_ec,15.0,10,500000,550000,80,recovery,90,mild_slow,10,12.9,24.1,35.0,203199,1.6,3199,3199,2457,4,4,0
stress_20pct,threshold_d6_a010,threshold_alpha,6,0.1,0,0,0,dynamic_stress_100d_20pct_hdd,100,42,1000000,5000,1.0,health_ec,15.0,11,550000,600000,80,healthy,90,severe_slow,10,12.7,49.0,77.4,202883,1.4,2883,2883,2240,8,7,0
stress_20pct,threshold_d6_a010,threshold_alpha,6,0.1,0,0,0,dynamic_stress_100d_20pct_hdd,100,42,1000000,5000,1.0,health_ec,15.0,12,600000,650000,80,healthy,90,severe_slow,10,12.7,47.1,75.3,202720,1.4,2720,2720,2211,2,2,0
stress_20pct,threshold_d6_a010,threshold_alpha,6,0.1,0,0,0,dynamic_stress_100d_20pct_hdd,100,42,1000000,5000,1.0,health_ec,15.0,13,650000,700000,80,healthy,90,severe_slow,10,12.7,45.3,73.3,202759,1.4,2759,2759,2280,0,0,0
stress_20pct,threshold_d6_a010,threshold_alpha,6,0.1,0,0,0,dynamic_stress_100d_20pct_hdd,100,42,1000000,5000,1.0,health_ec,15.0,14,700000,750000,80,mild_slow,90,recovery,10,12.8,23.0,35.6,203270,1.6,3270,3270,2754,1,1,0
stress_20pct,threshold_d6_a010,threshold_alpha,6,0.1,0,0,0,dynamic_stress_100d_20pct_hdd,100,42,1000000,5000,1.0,health_ec,15.0,15,750000,800000,80,recovery,90,recovery,0,12.8,18.3,22.1,202548,1.3,2548,2548,2078,0,0,0
stress_20pct,threshold_d6_a010,threshold_alpha,6,0.1,0,0,0,dynamic_stress_100d_20pct_hdd,100,42,1000000,5000,1.0,health_ec,15.0,16,800000,850000,80,healthy,90,healthy,0,12.4,16.8,18.9,201074,0.5,1074,1074,860,0,0,0
stress_20pct,threshold_d6_a010,threshold_alpha,6,0.1,0,0,0,dynamic_stress_100d_20pct_hdd,100,42,1000000,5000,1.0,health_ec,15.0,17,850000,900000,80,healthy,90,healthy,0,12.5,16.8,18.8,200295,0.1,295,295,240,0,0,0
stress_20pct,threshold_d6_a010,threshold_alpha,6,0.1,0,0,0,dynamic_stress_100d_20pct_hdd,100,42,1000000,5000,1.0,health_ec,15.0,18,900000,950000,80,healthy,90,healthy,0,12.5,16.8,18.8,200086,0.0,86,86,72,0,0,0
stress_20pct,threshold_d6_a010,threshold_alpha,6,0.1,0,0,0,dynamic_stress_100d_20pct_hdd,100,42,1000000,5000,1.0,health_ec,15.0,19,950000,1000000,80,healthy,90,healthy,0,12.5,16.8,18.8,200050,0.0,50,50,40,0,0,0
stress_20pct,threshold_d8_a010,threshold_alpha,8,0.1,0,0,0,dynamic_stress_100d_20pct_hdd,100,42,1000000,5000,1.0,health_ec,15.0,0,0,50000,80,healthy,90,healthy,0,12.5,16.8,18.8,200000,0.0,0,0,0,0,0,0
stress_20pct,threshold_d8_a010,threshold_alpha,8,0.1,0,0,0,dynamic_stress_100d_20pct_hdd,100,42,1000000,5000,1.0,health_ec,15.0,1,50000,100000,80,healthy,90,healthy,0,12.5,16.8,18.9,200000,0.0,0,0,0,0,0,0
stress_20pct,threshold_d8_a010,threshold_alpha,8,0.1,0,0,0,dynamic_stress_100d_20pct_hdd,100,42,1000000,5000,1.0,health_ec,15.0,2,100000,150000,80,healthy,90,healthy,0,12.5,16.8,18.8,200000,0.0,0,0,0,0,0,0
stress_20pct,threshold_d8_a010,threshold_alpha,8,0.1,0,0,0,dynamic_stress_100d_20pct_hdd,100,42,1000000,5000,1.0,health_ec,15.0,3,150000,200000,80,mild_slow,90,healthy,10,12.8,26.4,36.6,201659,0.8,1659,1659,1279,9,9,0
stress_20pct,threshold_d8_a010,threshold_alpha,8,0.1,0,0,0,dynamic_stress_100d_20pct_hdd,100,42,1000000,5000,1.0,health_ec,15.0,4,200000,250000,80,mild_slow,90,healthy,10,12.7,24.2,35.2,202071,1.0,2071,2071,1718,3,3,0
stress_20pct,threshold_d8_a010,threshold_alpha,8,0.1,0,0,0,dynamic_stress_100d_20pct_hdd,100,42,1000000,5000,1.0,health_ec,15.0,5,250000,300000,80,mild_slow,90,healthy,10,12.7,24.2,34.3,202247,1.1,2247,2247,1910,0,0,0
stress_20pct,threshold_d8_a010,threshold_alpha,8,0.1,0,0,0,dynamic_stress_100d_20pct_hdd,100,42,1000000,5000,1.0,health_ec,15.0,6,300000,350000,80,severe_slow,90,healthy,10,12.7,52.1,77.9,202588,1.3,2588,2588,2115,4,4,0
stress_20pct,threshold_d8_a010,threshold_alpha,8,0.1,0,0,0,dynamic_stress_100d_20pct_hdd,100,42,1000000,5000,1.0,health_ec,15.0,7,350000,400000,80,severe_slow,90,healthy,10,12.7,49.4,74.2,202756,1.4,2756,2756,2342,0,0,0
stress_20pct,threshold_d8_a010,threshold_alpha,8,0.1,0,0,0,dynamic_stress_100d_20pct_hdd,100,42,1000000,5000,1.0,health_ec,15.0,8,400000,450000,80,severe_slow,90,healthy,10,12.7,48.7,74.5,202855,1.4,2855,2855,2403,0,0,0
stress_20pct,threshold_d8_a010,threshold_alpha,8,0.1,0,0,0,dynamic_stress_100d_20pct_hdd,100,42,1000000,5000,1.0,health_ec,15.0,9,450000,500000,80,recovery,90,mild_slow,10,12.9,26.3,36.6,203678,1.8,3678,3678,2647,11,11,0
stress_20pct,threshold_d8_a010,threshold_alpha,8,0.1,0,0,0,dynamic_stress_100d_20pct_hdd,100,42,1000000,5000,1.0,health_ec,15.0,10,500000,550000,80,recovery,90,mild_slow,10,12.9,24.4,35.1,203293,1.6,3293,3293,2501,1,1,0
stress_20pct,threshold_d8_a010,threshold_alpha,8,0.1,0,0,0,dynamic_stress_100d_20pct_hdd,100,42,1000000,5000,1.0,health_ec,15.0,11,550000,600000,80,healthy,90,severe_slow,10,12.7,50.8,77.7,203003,1.5,3003,3003,2339,8,8,0
stress_20pct,threshold_d8_a010,threshold_alpha,8,0.1,0,0,0,dynamic_stress_100d_20pct_hdd,100,42,1000000,5000,1.0,health_ec,15.0,12,600000,650000,80,healthy,90,severe_slow,10,12.7,49.4,75.5,202870,1.4,2870,2870,2337,0,0,0
stress_20pct,threshold_d8_a010,threshold_alpha,8,0.1,0,0,0,dynamic_stress_100d_20pct_hdd,100,42,1000000,5000,1.0,health_ec,15.0,13,650000,700000,80,healthy,90,severe_slow,10,12.7,48.9,73.6,202922,1.5,2922,2922,2438,0,0,0
stress_20pct,threshold_d8_a010,threshold_alpha,8,0.1,0,0,0,dynamic_stress_100d_20pct_hdd,100,42,1000000,5000,1.0,health_ec,15.0,14,700000,750000,80,mild_slow,90,recovery,10,12.8,23.8,35.7,203395,1.7,3395,3395,2886,0,0,0
stress_20pct,threshold_d8_a010,threshold_alpha,8,0.1,0,0,0,dynamic_stress_100d_20pct_hdd,100,42,1000000,5000,1.0,health_ec,15.0,15,750000,800000,80,recovery,90,recovery,0,12.8,18.4,22.3,202749,1.4,2749,2749,2267,0,0,0
stress_20pct,threshold_d8_a010,threshold_alpha,8,0.1,0,0,0,dynamic_stress_100d_20pct_hdd,100,42,1000000,5000,1.0,health_ec,15.0,16,800000,850000,80,healthy,90,healthy,0,12.4,16.8,18.9,201074,0.5,1074,1074,856,0,0,0
stress_20pct,threshold_d8_a010,threshold_alpha,8,0.1,0,0,0,dynamic_stress_100d_20pct_hdd,100,42,1000000,5000,1.0,health_ec,15.0,17,850000,900000,80,healthy,90,healthy,0,12.5,16.8,18.8,200288,0.1,288,288,232,0,0,0
stress_20pct,threshold_d8_a010,threshold_alpha,8,0.1,0,0,0,dynamic_stress_100d_20pct_hdd,100,42,1000000,5000,1.0,health_ec,15.0,18,900000,950000,80,healthy,90,healthy,0,12.5,16.8,18.8,200085,0.0,85,85,71,0,0,0
stress_20pct,threshold_d8_a010,threshold_alpha,8,0.1,0,0,0,dynamic_stress_100d_20pct_hdd,100,42,1000000,5000,1.0,health_ec,15.0,19,950000,1000000,80,healthy,90,healthy,0,12.5,16.8,18.8,200056,0.0,56,56,45,0,0,0
stress_20pct,evidence_w2_d4,window_evidence,4,0.1,2,0,0,dynamic_stress_100d_20pct_hdd,100,42,1000000,5000,1.0,health_ec,15.0,0,0,50000,80,healthy,90,healthy,0,12.5,16.8,18.8,200000,0.0,0,0,0,0,0,0
stress_20pct,evidence_w2_d4,window_evidence,4,0.1,2,0,0,dynamic_stress_100d_20pct_hdd,100,42,1000000,5000,1.0,health_ec,15.0,1,50000,100000,80,healthy,90,healthy,0,12.5,16.8,18.9,200000,0.0,0,0,0,0,0,0
stress_20pct,evidence_w2_d4,window_evidence,4,0.1,2,0,0,dynamic_stress_100d_20pct_hdd,100,42,1000000,5000,1.0,health_ec,15.0,2,100000,150000,80,healthy,90,healthy,0,12.5,16.8,18.8,200000,0.0,0,0,0,0,0,0
stress_20pct,evidence_w2_d4,window_evidence,4,0.1,2,0,0,dynamic_stress_100d_20pct_hdd,100,42,1000000,5000,1.0,health_ec,15.0,3,150000,200000,80,mild_slow,90,healthy,10,12.8,27.1,36.7,201895,0.9,1895,1895,1528,0,0,0
stress_20pct,evidence_w2_d4,window_evidence,4,0.1,2,0,0,dynamic_stress_100d_20pct_hdd,100,42,1000000,5000,1.0,health_ec,15.0,4,200000,250000,80,mild_slow,90,healthy,10,12.7,23.5,35.2,201906,1.0,1906,1906,1523,22,22,0
stress_20pct,evidence_w2_d4,window_evidence,4,0.1,2,0,0,dynamic_stress_100d_20pct_hdd,100,42,1000000,5000,1.0,health_ec,15.0,5,250000,300000,80,mild_slow,90,healthy,10,12.7,22.7,34.1,201941,1.0,1941,1941,1628,2,2,0
stress_20pct,evidence_w2_d4,window_evidence,4,0.1,2,0,0,dynamic_stress_100d_20pct_hdd,100,42,1000000,5000,1.0,health_ec,15.0,6,300000,350000,80,severe_slow,90,healthy,10,12.7,46.8,77.3,202219,1.1,2219,2219,1833,9,9,0
stress_20pct,evidence_w2_d4,window_evidence,4,0.1,2,0,0,dynamic_stress_100d_20pct_hdd,100,42,1000000,5000,1.0,health_ec,15.0,7,350000,400000,80,severe_slow,90,healthy,10,12.7,40.9,73.4,202422,1.2,2422,2422,2044,2,2,0
stress_20pct,evidence_w2_d4,window_evidence,4,0.1,2,0,0,dynamic_stress_100d_20pct_hdd,100,42,1000000,5000,1.0,health_ec,15.0,8,400000,450000,80,severe_slow,90,healthy,10,12.7,39.8,73.3,202504,1.3,2504,2504,2090,3,3,0
stress_20pct,evidence_w2_d4,window_evidence,4,0.1,2,0,0,dynamic_stress_100d_20pct_hdd,100,42,1000000,5000,1.0,health_ec,15.0,9,450000,500000,80,recovery,90,mild_slow,10,12.9,27.5,36.8,204272,2.1,4272,4272,3237,0,0,0
stress_20pct,evidence_w2_d4,window_evidence,4,0.1,2,0,0,dynamic_stress_100d_20pct_hdd,100,42,1000000,5000,1.0,health_ec,15.0,10,500000,550000,80,recovery,90,mild_slow,10,12.9,24.0,34.9,203274,1.6,3274,3274,2431,21,21,0
stress_20pct,evidence_w2_d4,window_evidence,4,0.1,2,0,0,dynamic_stress_100d_20pct_hdd,100,42,1000000,5000,1.0,health_ec,15.0,11,550000,600000,80,healthy,90,severe_slow,10,12.7,43.3,76.8,202636,1.3,2636,2636,2049,14,13,0
stress_20pct,evidence_w2_d4,window_evidence,4,0.1,2,0,0,dynamic_stress_100d_20pct_hdd,100,42,1000000,5000,1.0,health_ec,15.0,12,600000,650000,80,healthy,90,severe_slow,10,12.7,40.8,74.5,202557,1.3,2557,2557,2053,4,4,0
stress_20pct,evidence_w2_d4,window_evidence,4,0.1,2,0,0,dynamic_stress_100d_20pct_hdd,100,42,1000000,5000,1.0,health_ec,15.0,13,650000,700000,80,healthy,90,severe_slow,10,12.7,39.2,72.8,202540,1.3,2540,2540,2074,0,0,0
stress_20pct,evidence_w2_d4,window_evidence,4,0.1,2,0,0,dynamic_stress_100d_20pct_hdd,100,42,1000000,5000,1.0,health_ec,15.0,14,700000,750000,80,mild_slow,90,recovery,10,12.8,21.3,35.4,202818,1.4,2818,2818,2384,0,0,0
stress_20pct,evidence_w2_d4,window_evidence,4,0.1,2,0,0,dynamic_stress_100d_20pct_hdd,100,42,1000000,5000,1.0,health_ec,15.0,15,750000,800000,80,recovery,90,recovery,0,12.8,18.2,21.9,202300,1.1,2300,2300,1884,0,0,0
stress_20pct,evidence_w2_d4,window_evidence,4,0.1,2,0,0,dynamic_stress_100d_20pct_hdd,100,42,1000000,5000,1.0,health_ec,15.0,16,800000,850000,80,healthy,90,healthy,0,12.4,16.8,18.8,201048,0.5,1048,1048,833,0,0,0
stress_20pct,evidence_w2_d4,window_evidence,4,0.1,2,0,0,dynamic_stress_100d_20pct_hdd,100,42,1000000,5000,1.0,health_ec,15.0,17,850000,900000,80,healthy,90,healthy,0,12.5,16.8,18.8,200289,0.1,289,289,232,0,0,0
stress_20pct,evidence_w2_d4,window_evidence,4,0.1,2,0,0,dynamic_stress_100d_20pct_hdd,100,42,1000000,5000,1.0,health_ec,15.0,18,900000,950000,80,healthy,90,healthy,0,12.5,16.8,18.8,200085,0.0,85,85,71,0,0,0
stress_20pct,evidence_w2_d4,window_evidence,4,0.1,2,0,0,dynamic_stress_100d_20pct_hdd,100,42,1000000,5000,1.0,health_ec,15.0,19,950000,1000000,80,healthy,90,healthy,0,12.5,16.8,18.8,200051,0.0,51,51,41,0,0,0
stress_20pct,evidence_w2_d6,window_evidence,6,0.1,2,0,0,dynamic_stress_100d_20pct_hdd,100,42,1000000,5000,1.0,health_ec,15.0,0,0,50000,80,healthy,90,healthy,0,12.5,16.8,18.8,200000,0.0,0,0,0,0,0,0
stress_20pct,evidence_w2_d6,window_evidence,6,0.1,2,0,0,dynamic_stress_100d_20pct_hdd,100,42,1000000,5000,1.0,health_ec,15.0,1,50000,100000,80,healthy,90,healthy,0,12.5,16.8,18.9,200000,0.0,0,0,0,0,0,0
stress_20pct,evidence_w2_d6,window_evidence,6,0.1,2,0,0,dynamic_stress_100d_20pct_hdd,100,42,1000000,5000,1.0,health_ec,15.0,2,100000,150000,80,healthy,90,healthy,0,12.5,16.8,18.8,200000,0.0,0,0,0,0,0,0
stress_20pct,evidence_w2_d6,window_evidence,6,0.1,2,0,0,dynamic_stress_100d_20pct_hdd,100,42,1000000,5000,1.0,health_ec,15.0,3,150000,200000,80,mild_slow,90,healthy,10,12.8,27.1,36.7,201895,0.9,1895,1895,1528,0,0,0
stress_20pct,evidence_w2_d6,window_evidence,6,0.1,2,0,0,dynamic_stress_100d_20pct_hdd,100,42,1000000,5000,1.0,health_ec,15.0,4,200000,250000,80,mild_slow,90,healthy,10,12.7,24.4,35.2,202060,1.0,2060,2060,1670,12,12,0
stress_20pct,evidence_w2_d6,window_evidence,6,0.1,2,0,0,dynamic_stress_100d_20pct_hdd,100,42,1000000,5000,1.0,health_ec,15.0,5,250000,300000,80,mild_slow,90,healthy,10,12.7,24.1,34.2,202247,1.1,2247,2247,1896,1,1,0
stress_20pct,evidence_w2_d6,window_evidence,6,0.1,2,0,0,dynamic_stress_100d_20pct_hdd,100,42,1000000,5000,1.0,health_ec,15.0,6,300000,350000,80,severe_slow,90,healthy,10,12.7,50.4,77.6,202431,1.2,2431,2431,2017,9,9,0
stress_20pct,evidence_w2_d6,window_evidence,6,0.1,2,0,0,dynamic_stress_100d_20pct_hdd,100,42,1000000,5000,1.0,health_ec,15.0,7,350000,400000,80,severe_slow,90,healthy,10,12.7,47.8,73.9,202685,1.3,2685,2685,2241,0,0,0
stress_20pct,evidence_w2_d6,window_evidence,6,0.1,2,0,0,dynamic_stress_100d_20pct_hdd,100,42,1000000,5000,1.0,health_ec,15.0,8,400000,450000,80,severe_slow,90,healthy,10,12.7,47.1,74.0,202803,1.4,2803,2803,2323,1,1,0
stress_20pct,evidence_w2_d6,window_evidence,6,0.1,2,0,0,dynamic_stress_100d_20pct_hdd,100,42,1000000,5000,1.0,health_ec,15.0,9,450000,500000,80,recovery,90,mild_slow,10,12.9,27.5,36.8,204239,2.1,4239,4239,3202,0,0,0
stress_20pct,evidence_w2_d6,window_evidence,6,0.1,2,0,0,dynamic_stress_100d_20pct_hdd,100,42,1000000,5000,1.0,health_ec,15.0,10,500000,550000,80,recovery,90,mild_slow,10,12.9,24.5,35.0,203530,1.8,3530,3530,2654,15,15,0
stress_20pct,evidence_w2_d6,window_evidence,6,0.1,2,0,0,dynamic_stress_100d_20pct_hdd,100,42,1000000,5000,1.0,health_ec,15.0,11,550000,600000,80,healthy,90,severe_slow,10,12.7,49.0,77.4,202885,1.4,2885,2885,2241,9,7,0
stress_20pct,evidence_w2_d6,window_evidence,6,0.1,2,0,0,dynamic_stress_100d_20pct_hdd,100,42,1000000,5000,1.0,health_ec,15.0,12,600000,650000,80,healthy,90,severe_slow,10,12.7,47.1,75.3,202720,1.4,2720,2720,2211,2,2,0
stress_20pct,evidence_w2_d6,window_evidence,6,0.1,2,0,0,dynamic_stress_100d_20pct_hdd,100,42,1000000,5000,1.0,health_ec,15.0,13,650000,700000,80,healthy,90,severe_slow,10,12.7,45.3,73.3,202759,1.4,2759,2759,2280,0,0,0
stress_20pct,evidence_w2_d6,window_evidence,6,0.1,2,0,0,dynamic_stress_100d_20pct_hdd,100,42,1000000,5000,1.0,health_ec,15.0,14,700000,750000,80,mild_slow,90,recovery,10,12.8,23.0,35.6,203291,1.6,3291,3291,2775,0,0,0
stress_20pct,evidence_w2_d6,window_evidence,6,0.1,2,0,0,dynamic_stress_100d_20pct_hdd,100,42,1000000,5000,1.0,health_ec,15.0,15,750000,800000,80,recovery,90,recovery,0,12.8,18.3,22.1,202630,1.3,2630,2630,2136,0,0,0
stress_20pct,evidence_w2_d6,window_evidence,6,0.1,2,0,0,dynamic_stress_100d_20pct_hdd,100,42,1000000,5000,1.0,health_ec,15.0,16,800000,850000,80,healthy,90,healthy,0,12.4,16.8,18.9,201061,0.5,1061,1061,846,0,0,0
stress_20pct,evidence_w2_d6,window_evidence,6,0.1,2,0,0,dynamic_stress_100d_20pct_hdd,100,42,1000000,5000,1.0,health_ec,15.0,17,850000,900000,80,healthy,90,healthy,0,12.5,16.8,18.8,200295,0.1,295,295,239,0,0,0
stress_20pct,evidence_w2_d6,window_evidence,6,0.1,2,0,0,dynamic_stress_100d_20pct_hdd,100,42,1000000,5000,1.0,health_ec,15.0,18,900000,950000,80,healthy,90,healthy,0,12.5,16.8,18.8,200087,0.0,87,87,73,0,0,0
stress_20pct,evidence_w2_d6,window_evidence,6,0.1,2,0,0,dynamic_stress_100d_20pct_hdd,100,42,1000000,5000,1.0,health_ec,15.0,19,950000,1000000,80,healthy,90,healthy,0,12.5,16.8,18.8,200054,0.0,54,54,43,0,0,0
stress_20pct,evidence_w3_d4,window_evidence,4,0.1,3,0,0,dynamic_stress_100d_20pct_hdd,100,42,1000000,5000,1.0,health_ec,15.0,0,0,50000,80,healthy,90,healthy,0,12.5,16.8,18.8,200000,0.0,0,0,0,0,0,0
stress_20pct,evidence_w3_d4,window_evidence,4,0.1,3,0,0,dynamic_stress_100d_20pct_hdd,100,42,1000000,5000,1.0,health_ec,15.0,1,50000,100000,80,healthy,90,healthy,0,12.5,16.8,18.9,200000,0.0,0,0,0,0,0,0
stress_20pct,evidence_w3_d4,window_evidence,4,0.1,3,0,0,dynamic_stress_100d_20pct_hdd,100,42,1000000,5000,1.0,health_ec,15.0,2,100000,150000,80,healthy,90,healthy,0,12.5,16.8,18.8,200000,0.0,0,0,0,0,0,0
stress_20pct,evidence_w3_d4,window_evidence,4,0.1,3,0,0,dynamic_stress_100d_20pct_hdd,100,42,1000000,5000,1.0,health_ec,15.0,3,150000,200000,80,mild_slow,90,healthy,10,12.8,27.1,36.7,201895,0.9,1895,1895,1528,0,0,0
stress_20pct,evidence_w3_d4,window_evidence,4,0.1,3,0,0,dynamic_stress_100d_20pct_hdd,100,42,1000000,5000,1.0,health_ec,15.0,4,200000,250000,80,mild_slow,90,healthy,10,12.8,26.4,35.4,202958,1.5,2958,2958,2438,0,0,0
stress_20pct,evidence_w3_d4,window_evidence,4,0.1,3,0,0,dynamic_stress_100d_20pct_hdd,100,42,1000000,5000,1.0,health_ec,15.0,5,250000,300000,80,mild_slow,90,healthy,10,12.7,23.5,34.3,202201,1.1,2201,2201,1799,23,23,0
stress_20pct,evidence_w3_d4,window_evidence,4,0.1,3,0,0,dynamic_stress_100d_20pct_hdd,100,42,1000000,5000,1.0,health_ec,15.0,6,300000,350000,80,severe_slow,90,healthy,10,12.7,46.8,77.3,202214,1.1,2214,2214,1829,10,10,0
stress_20pct,evidence_w3_d4,window_evidence,4,0.1,3,0,0,dynamic_stress_100d_20pct_hdd,100,42,1000000,5000,1.0,health_ec,15.0,7,350000,400000,80,severe_slow,90,healthy,10,12.7,40.9,73.4,202428,1.2,2428,2428,2049,2,2,0
stress_20pct,evidence_w3_d4,window_evidence,4,0.1,3,0,0,dynamic_stress_100d_20pct_hdd,100,42,1000000,5000,1.0,health_ec,15.0,8,400000,450000,80,severe_slow,90,healthy,10,12.7,39.8,73.3,202504,1.3,2504,2504,2090,3,3,0
stress_20pct,evidence_w3_d4,window_evidence,4,0.1,3,0,0,dynamic_stress_100d_20pct_hdd,100,42,1000000,5000,1.0,health_ec,15.0,9,450000,500000,80,recovery,90,mild_slow,10,12.9,27.7,36.9,204553,2.3,4553,4553,3512,0,0,0
stress_20pct,evidence_w3_d4,window_evidence,4,0.1,3,0,0,dynamic_stress_100d_20pct_hdd,100,42,1000000,5000,1.0,health_ec,15.0,10,500000,550000,80,recovery,90,mild_slow,10,13.0,26.5,35.3,204662,2.3,4662,4662,3723,0,0,0
stress_20pct,evidence_w3_d4,window_evidence,4,0.1,3,0,0,dynamic_stress_100d_20pct_hdd,100,42,1000000,5000,1.0,health_ec,15.0,11,550000,600000,80,healthy,90,severe_slow,10,12.7,44.0,77.0,202670,1.3,2670,2670,2080,38,20,0
stress_20pct,evidence_w3_d4,window_evidence,4,0.1,3,0,0,dynamic_stress_100d_20pct_hdd,100,42,1000000,5000,1.0,health_ec,15.0,12,600000,650000,80,healthy,90,severe_slow,10,12.7,39.1,74.4,202513,1.3,2513,2513,2034,4,4,0
stress_20pct,evidence_w3_d4,window_evidence,4,0.1,3,0,0,dynamic_stress_100d_20pct_hdd,100,42,1000000,5000,1.0,health_ec,15.0,13,650000,700000,80,healthy,90,severe_slow,10,12.7,37.1,72.8,202494,1.2,2494,2494,2053,0,0,0
stress_20pct,evidence_w3_d4,window_evidence,4,0.1,3,0,0,dynamic_stress_100d_20pct_hdd,100,42,1000000,5000,1.0,health_ec,15.0,14,700000,750000,80,mild_slow,90,recovery,10,12.8,21.4,35.4,202844,1.4,2844,2844,2421,0,0,0
stress_20pct,evidence_w3_d4,window_evidence,4,0.1,3,0,0,dynamic_stress_100d_20pct_hdd,100,42,1000000,5000,1.0,health_ec,15.0,15,750000,800000,80,recovery,90,recovery,0,12.8,18.2,21.8,202322,1.2,2322,2322,1907,0,0,0
stress_20pct,evidence_w3_d4,window_evidence,4,0.1,3,0,0,dynamic_stress_100d_20pct_hdd,100,42,1000000,5000,1.0,health_ec,15.0,16,800000,850000,80,healthy,90,healthy,0,12.4,16.8,18.8,201052,0.5,1052,1052,829,0,0,0
stress_20pct,evidence_w3_d4,window_evidence,4,0.1,3,0,0,dynamic_stress_100d_20pct_hdd,100,42,1000000,5000,1.0,health_ec,15.0,17,850000,900000,80,healthy,90,healthy,0,12.5,16.8,18.8,200291,0.1,291,291,233,0,0,0
stress_20pct,evidence_w3_d4,window_evidence,4,0.1,3,0,0,dynamic_stress_100d_20pct_hdd,100,42,1000000,5000,1.0,health_ec,15.0,18,900000,950000,80,healthy,90,healthy,0,12.5,16.8,18.8,200084,0.0,84,84,70,0,0,0
stress_20pct,evidence_w3_d4,window_evidence,4,0.1,3,0,0,dynamic_stress_100d_20pct_hdd,100,42,1000000,5000,1.0,health_ec,15.0,19,950000,1000000,80,healthy,90,healthy,0,12.5,16.8,18.8,200050,0.0,50,50,40,0,0,0
stress_20pct,evidence_w3_d6,window_evidence,6,0.1,3,0,0,dynamic_stress_100d_20pct_hdd,100,42,1000000,5000,1.0,health_ec,15.0,0,0,50000,80,healthy,90,healthy,0,12.5,16.8,18.8,200000,0.0,0,0,0,0,0,0
stress_20pct,evidence_w3_d6,window_evidence,6,0.1,3,0,0,dynamic_stress_100d_20pct_hdd,100,42,1000000,5000,1.0,health_ec,15.0,1,50000,100000,80,healthy,90,healthy,0,12.5,16.8,18.9,200000,0.0,0,0,0,0,0,0
stress_20pct,evidence_w3_d6,window_evidence,6,0.1,3,0,0,dynamic_stress_100d_20pct_hdd,100,42,1000000,5000,1.0,health_ec,15.0,2,100000,150000,80,healthy,90,healthy,0,12.5,16.8,18.8,200000,0.0,0,0,0,0,0,0
stress_20pct,evidence_w3_d6,window_evidence,6,0.1,3,0,0,dynamic_stress_100d_20pct_hdd,100,42,1000000,5000,1.0,health_ec,15.0,3,150000,200000,80,mild_slow,90,healthy,10,12.8,27.1,36.7,201895,0.9,1895,1895,1528,0,0,0
stress_20pct,evidence_w3_d6,window_evidence,6,0.1,3,0,0,dynamic_stress_100d_20pct_hdd,100,42,1000000,5000,1.0,health_ec,15.0,4,200000,250000,80,mild_slow,90,healthy,10,12.8,26.4,35.4,202958,1.5,2958,2958,2438,0,0,0
stress_20pct,evidence_w3_d6,window_evidence,6,0.1,3,0,0,dynamic_stress_100d_20pct_hdd,100,42,1000000,5000,1.0,health_ec,15.0,5,250000,300000,80,mild_slow,90,healthy,10,12.7,24.3,34.4,202304,1.2,2304,2304,1916,13,13,0
stress_20pct,evidence_w3_d6,window_evidence,6,0.1,3,0,0,dynamic_stress_100d_20pct_hdd,100,42,1000000,5000,1.0,health_ec,15.0,6,300000,350000,80,severe_slow,90,healthy,10,12.7,50.7,77.8,202422,1.2,2422,2422,2010,8,8,0
stress_20pct,evidence_w3_d6,window_evidence,6,0.1,3,0,0,dynamic_stress_100d_20pct_hdd,100,42,1000000,5000,1.0,health_ec,15.0,7,350000,400000,80,severe_slow,90,healthy,10,12.7,48.2,73.9,202686,1.3,2686,2686,2257,0,0,0
stress_20pct,evidence_w3_d6,window_evidence,6,0.1,3,0,0,dynamic_stress_100d_20pct_hdd,100,42,1000000,5000,1.0,health_ec,15.0,8,400000,450000,80,severe_slow,90,healthy,10,12.7,47.6,74.1,202803,1.4,2803,2803,2336,1,1,0
stress_20pct,evidence_w3_d6,window_evidence,6,0.1,3,0,0,dynamic_stress_100d_20pct_hdd,100,42,1000000,5000,1.0,health_ec,15.0,9,450000,500000,80,recovery,90,mild_slow,10,12.9,27.5,36.8,204220,2.1,4220,4220,3187,0,0,0
stress_20pct,evidence_w3_d6,window_evidence,6,0.1,3,0,0,dynamic_stress_100d_20pct_hdd,100,42,1000000,5000,1.0,health_ec,15.0,10,500000,550000,80,recovery,90,mild_slow,10,13.0,26.3,35.3,204151,2.1,4151,4151,3260,0,0,0
stress_20pct,evidence_w3_d6,window_evidence,6,0.1,3,0,0,dynamic_stress_100d_20pct_hdd,100,42,1000000,5000,1.0,health_ec,15.0,11,550000,600000,80,healthy,90,severe_slow,10,12.7,49.3,77.6,202919,1.5,2919,2919,2271,24,12,0
stress_20pct,evidence_w3_d6,window_evidence,6,0.1,3,0,0,dynamic_stress_100d_20pct_hdd,100,42,1000000,5000,1.0,health_ec,15.0,12,600000,650000,80,healthy,90,severe_slow,10,12.7,47.1,75.3,202719,1.4,2719,2719,2211,2,2,0
stress_20pct,evidence_w3_d6,window_evidence,6,0.1,3,0,0,dynamic_stress_100d_20pct_hdd,100,42,1000000,5000,1.0,health_ec,15.0,13,650000,700000,80,healthy,90,severe_slow,10,12.7,45.3,73.3,202762,1.4,2762,2762,2282,0,0,0
stress_20pct,evidence_w3_d6,window_evidence,6,0.1,3,0,0,dynamic_stress_100d_20pct_hdd,100,42,1000000,5000,1.0,health_ec,15.0,14,700000,750000,80,mild_slow,90,recovery,10,12.8,23.2,35.6,203293,1.6,3293,3293,2789,0,0,0
stress_20pct,evidence_w3_d6,window_evidence,6,0.1,3,0,0,dynamic_stress_100d_20pct_hdd,100,42,1000000,5000,1.0,health_ec,15.0,15,750000,800000,80,recovery,90,recovery,0,12.8,18.3,22.1,202670,1.3,2670,2670,2177,0,0,0
stress_20pct,evidence_w3_d6,window_evidence,6,0.1,3,0,0,dynamic_stress_100d_20pct_hdd,100,42,1000000,5000,1.0,health_ec,15.0,16,800000,850000,80,healthy,90,healthy,0,12.4,16.8,18.9,201066,0.5,1066,1066,845,0,0,0
stress_20pct,evidence_w3_d6,window_evidence,6,0.1,3,0,0,dynamic_stress_100d_20pct_hdd,100,42,1000000,5000,1.0,health_ec,15.0,17,850000,900000,80,healthy,90,healthy,0,12.5,16.8,18.9,200297,0.1,297,297,241,0,0,0
stress_20pct,evidence_w3_d6,window_evidence,6,0.1,3,0,0,dynamic_stress_100d_20pct_hdd,100,42,1000000,5000,1.0,health_ec,15.0,18,900000,950000,80,healthy,90,healthy,0,12.5,16.8,18.8,200086,0.0,86,86,72,0,0,0
stress_20pct,evidence_w3_d6,window_evidence,6,0.1,3,0,0,dynamic_stress_100d_20pct_hdd,100,42,1000000,5000,1.0,health_ec,15.0,19,950000,1000000,80,healthy,90,healthy,0,12.5,16.8,18.9,200049,0.0,49,49,39,0,0,0
stress_20pct,topk_k2_d4,topk_budgeted,4,0.1,0,2,0,dynamic_stress_100d_20pct_hdd,100,42,1000000,5000,1.0,health_ec,15.0,0,0,50000,80,healthy,90,healthy,0,12.5,16.8,18.8,200000,0.0,0,0,0,0,0,0
stress_20pct,topk_k2_d4,topk_budgeted,4,0.1,0,2,0,dynamic_stress_100d_20pct_hdd,100,42,1000000,5000,1.0,health_ec,15.0,1,50000,100000,80,healthy,90,healthy,0,12.5,16.8,18.9,200000,0.0,0,0,0,0,0,0
stress_20pct,topk_k2_d4,topk_budgeted,4,0.1,0,2,0,dynamic_stress_100d_20pct_hdd,100,42,1000000,5000,1.0,health_ec,15.0,2,100000,150000,80,healthy,90,healthy,0,12.5,16.8,18.8,200000,0.0,0,0,0,0,0,0
stress_20pct,topk_k2_d4,topk_budgeted,4,0.1,0,2,0,dynamic_stress_100d_20pct_hdd,100,42,1000000,5000,1.0,health_ec,15.0,3,150000,200000,80,mild_slow,90,healthy,10,12.8,27.1,36.7,201895,0.9,1895,1895,1528,0,0,0
stress_20pct,topk_k2_d4,topk_budgeted,4,0.1,0,2,0,dynamic_stress_100d_20pct_hdd,100,42,1000000,5000,1.0,health_ec,15.0,4,200000,250000,80,mild_slow,90,healthy,10,12.8,25.9,35.4,202954,1.5,2954,2954,2359,2,2,0
stress_20pct,topk_k2_d4,topk_budgeted,4,0.1,0,2,0,dynamic_stress_100d_20pct_hdd,100,42,1000000,5000,1.0,health_ec,15.0,5,250000,300000,80,mild_slow,90,healthy,10,12.8,25.8,34.6,202873,1.4,2873,2873,2424,2,2,0
stress_20pct,topk_k2_d4,topk_budgeted,4,0.1,0,2,0,dynamic_stress_100d_20pct_hdd,100,42,1000000,5000,1.0,health_ec,15.0,6,300000,350000,80,severe_slow,90,healthy,10,12.7,57.2,78.9,203310,1.7,3310,3310,2788,2,0,0
stress_20pct,topk_k2_d4,topk_budgeted,4,0.1,0,2,0,dynamic_stress_100d_20pct_hdd,100,42,1000000,5000,1.0,health_ec,15.0,7,350000,400000,80,severe_slow,90,healthy,10,12.7,54.2,75.0,203622,1.8,3622,3622,2993,2,2,0
stress_20pct,topk_k2_d4,topk_budgeted,4,0.1,0,2,0,dynamic_stress_100d_20pct_hdd,100,42,1000000,5000,1.0,health_ec,15.0,8,400000,450000,80,severe_slow,90,healthy,10,12.7,51.7,75.0,203164,1.6,3164,3164,2682,2,2,0
stress_20pct,topk_k2_d4,topk_budgeted,4,0.1,0,2,0,dynamic_stress_100d_20pct_hdd,100,42,1000000,5000,1.0,health_ec,15.0,9,450000,500000,80,recovery,90,mild_slow,10,12.9,27.4,36.8,204609,2.3,4609,4609,3571,2,0,2
stress_20pct,topk_k2_d4,topk_budgeted,4,0.1,0,2,0,dynamic_stress_100d_20pct_hdd,100,42,1000000,5000,1.0,health_ec,15.0,10,500000,550000,80,recovery,90,mild_slow,10,13.0,26.1,35.3,204145,2.1,4145,4145,3317,2,2,0
stress_20pct,topk_k2_d4,topk_budgeted,4,0.1,0,2,0,dynamic_stress_100d_20pct_hdd,100,42,1000000,5000,1.0,health_ec,15.0,11,550000,600000,80,healthy,90,severe_slow,10,12.7,56.9,79.4,204032,2.0,4032,4032,3283,2,0,0
stress_20pct,topk_k2_d4,topk_budgeted,4,0.1,0,2,0,dynamic_stress_100d_20pct_hdd,100,42,1000000,5000,1.0,health_ec,15.0,12,600000,650000,80,healthy,90,severe_slow,10,12.7,56.2,76.8,203620,1.8,3620,3620,2956,2,2,0
stress_20pct,topk_k2_d4,topk_budgeted,4,0.1,0,2,0,dynamic_stress_100d_20pct_hdd,100,42,1000000,5000,1.0,health_ec,15.0,13,650000,700000,80,healthy,90,severe_slow,10,12.7,54.9,75.1,203743,1.9,3743,3743,3025,2,2,0
stress_20pct,topk_k2_d4,topk_budgeted,4,0.1,0,2,0,dynamic_stress_100d_20pct_hdd,100,42,1000000,5000,1.0,health_ec,15.0,14,700000,750000,80,mild_slow,90,recovery,10,12.9,24.8,35.9,203832,1.9,3832,3832,3242,2,0,2
stress_20pct,topk_k2_d4,topk_budgeted,4,0.1,0,2,0,dynamic_stress_100d_20pct_hdd,100,42,1000000,5000,1.0,health_ec,15.0,15,750000,800000,80,recovery,90,recovery,0,12.8,18.5,22.4,202891,1.4,2891,2891,2373,2,0,2
stress_20pct,topk_k2_d4,topk_budgeted,4,0.1,0,2,0,dynamic_stress_100d_20pct_hdd,100,42,1000000,5000,1.0,health_ec,15.0,16,800000,850000,80,healthy,90,healthy,0,12.4,16.8,18.9,201079,0.5,1079,1079,867,1,0,1
stress_20pct,topk_k2_d4,topk_budgeted,4,0.1,0,2,0,dynamic_stress_100d_20pct_hdd,100,42,1000000,5000,1.0,health_ec,15.0,17,850000,900000,80,healthy,90,healthy,0,12.5,16.8,18.8,200283,0.1,283,283,229,0,0,0
stress_20pct,topk_k2_d4,topk_budgeted,4,0.1,0,2,0,dynamic_stress_100d_20pct_hdd,100,42,1000000,5000,1.0,health_ec,15.0,18,900000,950000,80,healthy,90,healthy,0,12.5,16.8,18.8,200084,0.0,84,84,69,0,0,0
stress_20pct,topk_k2_d4,topk_budgeted,4,0.1,0,2,0,dynamic_stress_100d_20pct_hdd,100,42,1000000,5000,1.0,health_ec,15.0,19,950000,1000000,80,healthy,90,healthy,0,12.5,16.8,18.9,200050,0.0,50,50,40,0,0,0
stress_20pct,topk_k2_d6,topk_budgeted,6,0.1,0,2,0,dynamic_stress_100d_20pct_hdd,100,42,1000000,5000,1.0,health_ec,15.0,0,0,50000,80,healthy,90,healthy,0,12.5,16.8,18.8,200000,0.0,0,0,0,0,0,0
stress_20pct,topk_k2_d6,topk_budgeted,6,0.1,0,2,0,dynamic_stress_100d_20pct_hdd,100,42,1000000,5000,1.0,health_ec,15.0,1,50000,100000,80,healthy,90,healthy,0,12.5,16.8,18.9,200000,0.0,0,0,0,0,0,0
stress_20pct,topk_k2_d6,topk_budgeted,6,0.1,0,2,0,dynamic_stress_100d_20pct_hdd,100,42,1000000,5000,1.0,health_ec,15.0,2,100000,150000,80,healthy,90,healthy,0,12.5,16.8,18.8,200000,0.0,0,0,0,0,0,0
stress_20pct,topk_k2_d6,topk_budgeted,6,0.1,0,2,0,dynamic_stress_100d_20pct_hdd,100,42,1000000,5000,1.0,health_ec,15.0,3,150000,200000,80,mild_slow,90,healthy,10,12.8,27.1,36.7,201895,0.9,1895,1895,1528,0,0,0
stress_20pct,topk_k2_d6,topk_budgeted,6,0.1,0,2,0,dynamic_stress_100d_20pct_hdd,100,42,1000000,5000,1.0,health_ec,15.0,4,200000,250000,80,mild_slow,90,healthy,10,12.8,25.9,35.4,202954,1.5,2954,2954,2359,2,2,0
stress_20pct,topk_k2_d6,topk_budgeted,6,0.1,0,2,0,dynamic_stress_100d_20pct_hdd,100,42,1000000,5000,1.0,health_ec,15.0,5,250000,300000,80,mild_slow,90,healthy,10,12.8,25.8,34.6,202873,1.4,2873,2873,2424,2,2,0
stress_20pct,topk_k2_d6,topk_budgeted,6,0.1,0,2,0,dynamic_stress_100d_20pct_hdd,100,42,1000000,5000,1.0,health_ec,15.0,6,300000,350000,80,severe_slow,90,healthy,10,12.7,57.2,78.9,203310,1.7,3310,3310,2788,2,0,0
stress_20pct,topk_k2_d6,topk_budgeted,6,0.1,0,2,0,dynamic_stress_100d_20pct_hdd,100,42,1000000,5000,1.0,health_ec,15.0,7,350000,400000,80,severe_slow,90,healthy,10,12.7,54.2,75.0,203622,1.8,3622,3622,2993,2,2,0
stress_20pct,topk_k2_d6,topk_budgeted,6,0.1,0,2,0,dynamic_stress_100d_20pct_hdd,100,42,1000000,5000,1.0,health_ec,15.0,8,400000,450000,80,severe_slow,90,healthy,10,12.7,51.7,75.0,203164,1.6,3164,3164,2682,2,2,0
stress_20pct,topk_k2_d6,topk_budgeted,6,0.1,0,2,0,dynamic_stress_100d_20pct_hdd,100,42,1000000,5000,1.0,health_ec,15.0,9,450000,500000,80,recovery,90,mild_slow,10,12.9,27.4,36.8,204609,2.3,4609,4609,3571,2,0,2
stress_20pct,topk_k2_d6,topk_budgeted,6,0.1,0,2,0,dynamic_stress_100d_20pct_hdd,100,42,1000000,5000,1.0,health_ec,15.0,10,500000,550000,80,recovery,90,mild_slow,10,13.0,26.1,35.3,204145,2.1,4145,4145,3317,2,2,0
stress_20pct,topk_k2_d6,topk_budgeted,6,0.1,0,2,0,dynamic_stress_100d_20pct_hdd,100,42,1000000,5000,1.0,health_ec,15.0,11,550000,600000,80,healthy,90,severe_slow,10,12.7,56.9,79.4,204032,2.0,4032,4032,3283,2,0,0
stress_20pct,topk_k2_d6,topk_budgeted,6,0.1,0,2,0,dynamic_stress_100d_20pct_hdd,100,42,1000000,5000,1.0,health_ec,15.0,12,600000,650000,80,healthy,90,severe_slow,10,12.7,56.2,76.8,203620,1.8,3620,3620,2956,2,2,0
stress_20pct,topk_k2_d6,topk_budgeted,6,0.1,0,2,0,dynamic_stress_100d_20pct_hdd,100,42,1000000,5000,1.0,health_ec,15.0,13,650000,700000,80,healthy,90,severe_slow,10,12.7,54.9,75.1,203743,1.9,3743,3743,3025,2,2,0
stress_20pct,topk_k2_d6,topk_budgeted,6,0.1,0,2,0,dynamic_stress_100d_20pct_hdd,100,42,1000000,5000,1.0,health_ec,15.0,14,700000,750000,80,mild_slow,90,recovery,10,12.9,24.8,35.9,203832,1.9,3832,3832,3242,2,0,2
stress_20pct,topk_k2_d6,topk_budgeted,6,0.1,0,2,0,dynamic_stress_100d_20pct_hdd,100,42,1000000,5000,1.0,health_ec,15.0,15,750000,800000,80,recovery,90,recovery,0,12.8,18.5,22.4,202891,1.4,2891,2891,2373,2,0,2
stress_20pct,topk_k2_d6,topk_budgeted,6,0.1,0,2,0,dynamic_stress_100d_20pct_hdd,100,42,1000000,5000,1.0,health_ec,15.0,16,800000,850000,80,healthy,90,healthy,0,12.4,16.8,18.9,201079,0.5,1079,1079,866,0,0,0
stress_20pct,topk_k2_d6,topk_budgeted,6,0.1,0,2,0,dynamic_stress_100d_20pct_hdd,100,42,1000000,5000,1.0,health_ec,15.0,17,850000,900000,80,healthy,90,healthy,0,12.5,16.8,18.8,200283,0.1,283,283,229,0,0,0
stress_20pct,topk_k2_d6,topk_budgeted,6,0.1,0,2,0,dynamic_stress_100d_20pct_hdd,100,42,1000000,5000,1.0,health_ec,15.0,18,900000,950000,80,healthy,90,healthy,0,12.5,16.8,18.8,200084,0.0,84,84,69,0,0,0
stress_20pct,topk_k2_d6,topk_budgeted,6,0.1,0,2,0,dynamic_stress_100d_20pct_hdd,100,42,1000000,5000,1.0,health_ec,15.0,19,950000,1000000,80,healthy,90,healthy,0,12.5,16.8,18.9,200050,0.0,50,50,40,0,0,0
stress_20pct,topk_k4_d4,topk_budgeted,4,0.1,0,4,0,dynamic_stress_100d_20pct_hdd,100,42,1000000,5000,1.0,health_ec,15.0,0,0,50000,80,healthy,90,healthy,0,12.5,16.8,18.8,200000,0.0,0,0,0,0,0,0
stress_20pct,topk_k4_d4,topk_budgeted,4,0.1,0,4,0,dynamic_stress_100d_20pct_hdd,100,42,1000000,5000,1.0,health_ec,15.0,1,50000,100000,80,healthy,90,healthy,0,12.5,16.8,18.9,200000,0.0,0,0,0,0,0,0
stress_20pct,topk_k4_d4,topk_budgeted,4,0.1,0,4,0,dynamic_stress_100d_20pct_hdd,100,42,1000000,5000,1.0,health_ec,15.0,2,100000,150000,80,healthy,90,healthy,0,12.5,16.8,18.8,200000,0.0,0,0,0,0,0,0
stress_20pct,topk_k4_d4,topk_budgeted,4,0.1,0,4,0,dynamic_stress_100d_20pct_hdd,100,42,1000000,5000,1.0,health_ec,15.0,3,150000,200000,80,mild_slow,90,healthy,10,12.8,27.1,36.7,201895,0.9,1895,1895,1528,0,0,0
stress_20pct,topk_k4_d4,topk_budgeted,4,0.1,0,4,0,dynamic_stress_100d_20pct_hdd,100,42,1000000,5000,1.0,health_ec,15.0,4,200000,250000,80,mild_slow,90,healthy,10,12.8,25.6,35.3,202942,1.5,2942,2942,2316,4,4,0
stress_20pct,topk_k4_d4,topk_budgeted,4,0.1,0,4,0,dynamic_stress_100d_20pct_hdd,100,42,1000000,5000,1.0,health_ec,15.0,5,250000,300000,80,mild_slow,90,healthy,10,12.7,25.2,34.4,202721,1.4,2721,2721,2238,4,4,0
stress_20pct,topk_k4_d4,topk_budgeted,4,0.1,0,4,0,dynamic_stress_100d_20pct_hdd,100,42,1000000,5000,1.0,health_ec,15.0,6,300000,350000,80,severe_slow,90,healthy,10,12.7,54.2,78.3,202646,1.3,2646,2646,2206,4,0,0
stress_20pct,topk_k4_d4,topk_budgeted,4,0.1,0,4,0,dynamic_stress_100d_20pct_hdd,100,42,1000000,5000,1.0,health_ec,15.0,7,350000,400000,80,severe_slow,90,healthy,10,12.7,49.4,74.2,202756,1.4,2756,2756,2343,4,4,0
stress_20pct,topk_k4_d4,topk_budgeted,4,0.1,0,4,0,dynamic_stress_100d_20pct_hdd,100,42,1000000,5000,1.0,health_ec,15.0,8,400000,450000,80,severe_slow,90,healthy,10,12.7,47.7,74.1,202855,1.4,2855,2855,2388,4,4,0
stress_20pct,topk_k4_d4,topk_budgeted,4,0.1,0,4,0,dynamic_stress_100d_20pct_hdd,100,42,1000000,5000,1.0,health_ec,15.0,9,450000,500000,80,recovery,90,mild_slow,10,12.9,27.4,36.8,203992,2.0,3992,3992,3064,4,0,4
stress_20pct,topk_k4_d4,topk_budgeted,4,0.1,0,4,0,dynamic_stress_100d_20pct_hdd,100,42,1000000,5000,1.0,health_ec,15.0,10,500000,550000,80,recovery,90,mild_slow,10,12.9,25.6,35.2,203650,1.8,3650,3650,2866,4,4,0
stress_20pct,topk_k4_d4,topk_budgeted,4,0.1,0,4,0,dynamic_stress_100d_20pct_hdd,100,42,1000000,5000,1.0,health_ec,15.0,11,550000,600000,80,healthy,90,severe_slow,10,12.7,55.3,78.6,203477,1.7,3477,3477,2698,4,0,0
stress_20pct,topk_k4_d4,topk_budgeted,4,0.1,0,4,0,dynamic_stress_100d_20pct_hdd,100,42,1000000,5000,1.0,health_ec,15.0,12,600000,650000,80,healthy,90,severe_slow,10,12.7,52.2,75.8,203113,1.6,3113,3113,2535,4,4,0
stress_20pct,topk_k4_d4,topk_budgeted,4,0.1,0,4,0,dynamic_stress_100d_20pct_hdd,100,42,1000000,5000,1.0,health_ec,15.0,13,650000,700000,80,healthy,90,severe_slow,10,12.7,50.6,73.6,203222,1.6,3222,3222,2631,4,4,0
stress_20pct,topk_k4_d4,topk_budgeted,4,0.1,0,4,0,dynamic_stress_100d_20pct_hdd,100,42,1000000,5000,1.0,health_ec,15.0,14,700000,750000,80,mild_slow,90,recovery,10,12.8,23.0,35.6,203273,1.6,3273,3273,2740,4,0,4
stress_20pct,topk_k4_d4,topk_budgeted,4,0.1,0,4,0,dynamic_stress_100d_20pct_hdd,100,42,1000000,5000,1.0,health_ec,15.0,15,750000,800000,80,recovery,90,recovery,0,12.8,18.4,22.1,202508,1.3,2508,2508,2056,4,0,4
stress_20pct,topk_k4_d4,topk_budgeted,4,0.1,0,4,0,dynamic_stress_100d_20pct_hdd,100,42,1000000,5000,1.0,health_ec,15.0,16,800000,850000,80,healthy,90,healthy,0,12.4,16.8,18.9,201058,0.5,1058,1058,849,0,0,0
stress_20pct,topk_k4_d4,topk_budgeted,4,0.1,0,4,0,dynamic_stress_100d_20pct_hdd,100,42,1000000,5000,1.0,health_ec,15.0,17,850000,900000,80,healthy,90,healthy,0,12.5,16.8,18.8,200292,0.1,292,292,239,0,0,0
stress_20pct,topk_k4_d4,topk_budgeted,4,0.1,0,4,0,dynamic_stress_100d_20pct_hdd,100,42,1000000,5000,1.0,health_ec,15.0,18,900000,950000,80,healthy,90,healthy,0,12.5,16.8,18.8,200085,0.0,85,85,71,0,0,0
stress_20pct,topk_k4_d4,topk_budgeted,4,0.1,0,4,0,dynamic_stress_100d_20pct_hdd,100,42,1000000,5000,1.0,health_ec,15.0,19,950000,1000000,80,healthy,90,healthy,0,12.5,16.8,18.9,200053,0.0,53,53,43,0,0,0
stress_20pct,topk_k4_d6,topk_budgeted,6,0.1,0,4,0,dynamic_stress_100d_20pct_hdd,100,42,1000000,5000,1.0,health_ec,15.0,0,0,50000,80,healthy,90,healthy,0,12.5,16.8,18.8,200000,0.0,0,0,0,0,0,0
stress_20pct,topk_k4_d6,topk_budgeted,6,0.1,0,4,0,dynamic_stress_100d_20pct_hdd,100,42,1000000,5000,1.0,health_ec,15.0,1,50000,100000,80,healthy,90,healthy,0,12.5,16.8,18.9,200000,0.0,0,0,0,0,0,0
stress_20pct,topk_k4_d6,topk_budgeted,6,0.1,0,4,0,dynamic_stress_100d_20pct_hdd,100,42,1000000,5000,1.0,health_ec,15.0,2,100000,150000,80,healthy,90,healthy,0,12.5,16.8,18.8,200000,0.0,0,0,0,0,0,0
stress_20pct,topk_k4_d6,topk_budgeted,6,0.1,0,4,0,dynamic_stress_100d_20pct_hdd,100,42,1000000,5000,1.0,health_ec,15.0,3,150000,200000,80,mild_slow,90,healthy,10,12.8,27.1,36.7,201895,0.9,1895,1895,1528,0,0,0
stress_20pct,topk_k4_d6,topk_budgeted,6,0.1,0,4,0,dynamic_stress_100d_20pct_hdd,100,42,1000000,5000,1.0,health_ec,15.0,4,200000,250000,80,mild_slow,90,healthy,10,12.8,25.6,35.3,202942,1.5,2942,2942,2316,4,4,0
stress_20pct,topk_k4_d6,topk_budgeted,6,0.1,0,4,0,dynamic_stress_100d_20pct_hdd,100,42,1000000,5000,1.0,health_ec,15.0,5,250000,300000,80,mild_slow,90,healthy,10,12.7,25.2,34.4,202721,1.4,2721,2721,2238,4,4,0
stress_20pct,topk_k4_d6,topk_budgeted,6,0.1,0,4,0,dynamic_stress_100d_20pct_hdd,100,42,1000000,5000,1.0,health_ec,15.0,6,300000,350000,80,severe_slow,90,healthy,10,12.7,54.2,78.3,202646,1.3,2646,2646,2206,4,0,0
stress_20pct,topk_k4_d6,topk_budgeted,6,0.1,0,4,0,dynamic_stress_100d_20pct_hdd,100,42,1000000,5000,1.0,health_ec,15.0,7,350000,400000,80,severe_slow,90,healthy,10,12.7,49.4,74.2,202756,1.4,2756,2756,2343,4,4,0
stress_20pct,topk_k4_d6,topk_budgeted,6,0.1,0,4,0,dynamic_stress_100d_20pct_hdd,100,42,1000000,5000,1.0,health_ec,15.0,8,400000,450000,80,severe_slow,90,healthy,10,12.7,47.7,74.1,202855,1.4,2855,2855,2388,4,4,0
stress_20pct,topk_k4_d6,topk_budgeted,6,0.1,0,4,0,dynamic_stress_100d_20pct_hdd,100,42,1000000,5000,1.0,health_ec,15.0,9,450000,500000,80,recovery,90,mild_slow,10,12.9,27.4,36.8,204019,2.0,4019,4019,3086,2,0,2
stress_20pct,topk_k4_d6,topk_budgeted,6,0.1,0,4,0,dynamic_stress_100d_20pct_hdd,100,42,1000000,5000,1.0,health_ec,15.0,10,500000,550000,80,recovery,90,mild_slow,10,12.9,25.7,35.2,203670,1.8,3670,3670,2877,4,4,0
stress_20pct,topk_k4_d6,topk_budgeted,6,0.1,0,4,0,dynamic_stress_100d_20pct_hdd,100,42,1000000,5000,1.0,health_ec,15.0,11,550000,600000,80,healthy,90,severe_slow,10,12.7,55.3,78.6,203481,1.7,3481,3481,2703,4,0,0
stress_20pct,topk_k4_d6,topk_budgeted,6,0.1,0,4,0,dynamic_stress_100d_20pct_hdd,100,42,1000000,5000,1.0,health_ec,15.0,12,600000,650000,80,healthy,90,severe_slow,10,12.7,52.2,75.8,203109,1.6,3109,3109,2532,4,4,0
stress_20pct,topk_k4_d6,topk_budgeted,6,0.1,0,4,0,dynamic_stress_100d_20pct_hdd,100,42,1000000,5000,1.0,health_ec,15.0,13,650000,700000,80,healthy,90,severe_slow,10,12.7,50.6,73.6,203217,1.6,3217,3217,2627,4,4,0
stress_20pct,topk_k4_d6,topk_budgeted,6,0.1,0,4,0,dynamic_stress_100d_20pct_hdd,100,42,1000000,5000,1.0,health_ec,15.0,14,700000,750000,80,mild_slow,90,recovery,10,12.8,23.2,35.6,203275,1.6,3275,3275,2754,4,0,4
stress_20pct,topk_k4_d6,topk_budgeted,6,0.1,0,4,0,dynamic_stress_100d_20pct_hdd,100,42,1000000,5000,1.0,health_ec,15.0,15,750000,800000,80,recovery,90,recovery,0,12.8,18.4,22.2,202584,1.3,2584,2584,2119,0,0,0
stress_20pct,topk_k4_d6,topk_budgeted,6,0.1,0,4,0,dynamic_stress_100d_20pct_hdd,100,42,1000000,5000,1.0,health_ec,15.0,16,800000,850000,80,healthy,90,healthy,0,12.4,16.8,18.9,201056,0.5,1056,1056,844,0,0,0
stress_20pct,topk_k4_d6,topk_budgeted,6,0.1,0,4,0,dynamic_stress_100d_20pct_hdd,100,42,1000000,5000,1.0,health_ec,15.0,17,850000,900000,80,healthy,90,healthy,0,12.5,16.8,18.8,200290,0.1,290,290,236,0,0,0
stress_20pct,topk_k4_d6,topk_budgeted,6,0.1,0,4,0,dynamic_stress_100d_20pct_hdd,100,42,1000000,5000,1.0,health_ec,15.0,18,900000,950000,80,healthy,90,healthy,0,12.5,16.8,18.8,200084,0.0,84,84,70,0,0,0
stress_20pct,topk_k4_d6,topk_budgeted,6,0.1,0,4,0,dynamic_stress_100d_20pct_hdd,100,42,1000000,5000,1.0,health_ec,15.0,19,950000,1000000,80,healthy,90,healthy,0,12.5,16.8,18.9,200052,0.0,52,52,42,0,0,0
stress_20pct,hybrid_w2_k2_d4_c1,hybrid,4,0.1,2,2,1,dynamic_stress_100d_20pct_hdd,100,42,1000000,5000,1.0,health_ec,15.0,0,0,50000,80,healthy,90,healthy,0,12.5,16.8,18.8,200000,0.0,0,0,0,0,0,0
stress_20pct,hybrid_w2_k2_d4_c1,hybrid,4,0.1,2,2,1,dynamic_stress_100d_20pct_hdd,100,42,1000000,5000,1.0,health_ec,15.0,1,50000,100000,80,healthy,90,healthy,0,12.5,16.8,18.9,200000,0.0,0,0,0,0,0,0
stress_20pct,hybrid_w2_k2_d4_c1,hybrid,4,0.1,2,2,1,dynamic_stress_100d_20pct_hdd,100,42,1000000,5000,1.0,health_ec,15.0,2,100000,150000,80,healthy,90,healthy,0,12.5,16.8,18.8,200000,0.0,0,0,0,0,0,0
stress_20pct,hybrid_w2_k2_d4_c1,hybrid,4,0.1,2,2,1,dynamic_stress_100d_20pct_hdd,100,42,1000000,5000,1.0,health_ec,15.0,3,150000,200000,80,mild_slow,90,healthy,10,12.8,27.1,36.7,201895,0.9,1895,1895,1528,0,0,0
stress_20pct,hybrid_w2_k2_d4_c1,hybrid,4,0.1,2,2,1,dynamic_stress_100d_20pct_hdd,100,42,1000000,5000,1.0,health_ec,15.0,4,200000,250000,80,mild_slow,90,healthy,10,12.8,26.4,35.4,202958,1.5,2958,2958,2438,0,0,0
stress_20pct,hybrid_w2_k2_d4_c1,hybrid,4,0.1,2,2,1,dynamic_stress_100d_20pct_hdd,100,42,1000000,5000,1.0,health_ec,15.0,5,250000,300000,80,mild_slow,90,healthy,10,12.8,26.2,34.8,203257,1.6,3257,3257,2640,2,2,0
stress_20pct,hybrid_w2_k2_d4_c1,hybrid,4,0.1,2,2,1,dynamic_stress_100d_20pct_hdd,100,42,1000000,5000,1.0,health_ec,15.0,6,300000,350000,80,severe_slow,90,healthy,10,12.8,58.3,79.3,203702,1.9,3702,3702,3007,2,0,0
stress_20pct,hybrid_w2_k2_d4_c1,hybrid,4,0.1,2,2,1,dynamic_stress_100d_20pct_hdd,100,42,1000000,5000,1.0,health_ec,15.0,7,350000,400000,80,severe_slow,90,healthy,10,12.8,56.0,75.4,204002,2.0,4002,4002,3233,2,2,0
stress_20pct,hybrid_w2_k2_d4_c1,hybrid,4,0.1,2,2,1,dynamic_stress_100d_20pct_hdd,100,42,1000000,5000,1.0,health_ec,15.0,8,400000,450000,80,severe_slow,90,healthy,10,12.7,53.3,75.2,203690,1.8,3690,3690,3035,2,2,0
stress_20pct,hybrid_w2_k2_d4_c1,hybrid,4,0.1,2,2,1,dynamic_stress_100d_20pct_hdd,100,42,1000000,5000,1.0,health_ec,15.0,9,450000,500000,80,recovery,90,mild_slow,10,12.9,27.4,36.8,204991,2.5,4991,4991,3918,2,0,2
stress_20pct,hybrid_w2_k2_d4_c1,hybrid,4,0.1,2,2,1,dynamic_stress_100d_20pct_hdd,100,42,1000000,5000,1.0,health_ec,15.0,10,500000,550000,80,recovery,90,mild_slow,10,13.0,26.3,35.3,204916,2.5,4916,4916,3998,2,0,2
stress_20pct,hybrid_w2_k2_d4_c1,hybrid,4,0.1,2,2,1,dynamic_stress_100d_20pct_hdd,100,42,1000000,5000,1.0,health_ec,15.0,11,550000,600000,80,healthy,90,severe_slow,10,12.8,57.5,79.5,204834,2.4,4834,4834,4080,2,0,0
stress_20pct,hybrid_w2_k2_d4_c1,hybrid,4,0.1,2,2,1,dynamic_stress_100d_20pct_hdd,100,42,1000000,5000,1.0,health_ec,15.0,12,600000,650000,80,healthy,90,severe_slow,10,12.8,57.3,77.2,203969,2.0,3969,3969,3325,2,2,0
stress_20pct,hybrid_w2_k2_d4_c1,hybrid,4,0.1,2,2,1,dynamic_stress_100d_20pct_hdd,100,42,1000000,5000,1.0,health_ec,15.0,13,650000,700000,80,healthy,90,severe_slow,10,12.7,56.9,76.1,203742,1.9,3742,3742,3149,2,2,0
stress_20pct,hybrid_w2_k2_d4_c1,hybrid,4,0.1,2,2,1,dynamic_stress_100d_20pct_hdd,100,42,1000000,5000,1.0,health_ec,15.0,14,700000,750000,80,mild_slow,90,recovery,10,12.9,24.9,35.9,203930,2.0,3930,3930,3324,2,0,2
stress_20pct,hybrid_w2_k2_d4_c1,hybrid,4,0.1,2,2,1,dynamic_stress_100d_20pct_hdd,100,42,1000000,5000,1.0,health_ec,15.0,15,750000,800000,80,recovery,90,recovery,0,12.9,18.6,22.5,203144,1.6,3144,3144,2573,2,0,2
stress_20pct,hybrid_w2_k2_d4_c1,hybrid,4,0.1,2,2,1,dynamic_stress_100d_20pct_hdd,100,42,1000000,5000,1.0,health_ec,15.0,16,800000,850000,80,healthy,90,healthy,0,12.4,16.8,18.9,201077,0.5,1077,1077,861,2,0,2
stress_20pct,hybrid_w2_k2_d4_c1,hybrid,4,0.1,2,2,1,dynamic_stress_100d_20pct_hdd,100,42,1000000,5000,1.0,health_ec,15.0,17,850000,900000,80,healthy,90,healthy,0,12.5,16.8,18.9,200288,0.1,288,288,234,0,0,0
stress_20pct,hybrid_w2_k2_d4_c1,hybrid,4,0.1,2,2,1,dynamic_stress_100d_20pct_hdd,100,42,1000000,5000,1.0,health_ec,15.0,18,900000,950000,80,healthy,90,healthy,0,12.5,16.8,18.8,200082,0.0,82,82,68,0,0,0
stress_20pct,hybrid_w2_k2_d4_c1,hybrid,4,0.1,2,2,1,dynamic_stress_100d_20pct_hdd,100,42,1000000,5000,1.0,health_ec,15.0,19,950000,1000000,80,healthy,90,healthy,0,12.5,16.8,18.8,200052,0.0,52,52,42,0,0,0
stress_20pct,hybrid_w2_k4_d4_c1,hybrid,4,0.1,2,4,1,dynamic_stress_100d_20pct_hdd,100,42,1000000,5000,1.0,health_ec,15.0,0,0,50000,80,healthy,90,healthy,0,12.5,16.8,18.8,200000,0.0,0,0,0,0,0,0
stress_20pct,hybrid_w2_k4_d4_c1,hybrid,4,0.1,2,4,1,dynamic_stress_100d_20pct_hdd,100,42,1000000,5000,1.0,health_ec,15.0,1,50000,100000,80,healthy,90,healthy,0,12.5,16.8,18.9,200000,0.0,0,0,0,0,0,0
stress_20pct,hybrid_w2_k4_d4_c1,hybrid,4,0.1,2,4,1,dynamic_stress_100d_20pct_hdd,100,42,1000000,5000,1.0,health_ec,15.0,2,100000,150000,80,healthy,90,healthy,0,12.5,16.8,18.8,200000,0.0,0,0,0,0,0,0
stress_20pct,hybrid_w2_k4_d4_c1,hybrid,4,0.1,2,4,1,dynamic_stress_100d_20pct_hdd,100,42,1000000,5000,1.0,health_ec,15.0,3,150000,200000,80,mild_slow,90,healthy,10,12.8,27.1,36.7,201895,0.9,1895,1895,1528,0,0,0
stress_20pct,hybrid_w2_k4_d4_c1,hybrid,4,0.1,2,4,1,dynamic_stress_100d_20pct_hdd,100,42,1000000,5000,1.0,health_ec,15.0,4,200000,250000,80,mild_slow,90,healthy,10,12.8,26.4,35.4,202958,1.5,2958,2958,2438,0,0,0
stress_20pct,hybrid_w2_k4_d4_c1,hybrid,4,0.1,2,4,1,dynamic_stress_100d_20pct_hdd,100,42,1000000,5000,1.0,health_ec,15.0,5,250000,300000,80,mild_slow,90,healthy,10,12.8,25.8,34.7,202865,1.4,2865,2865,2442,4,4,0
stress_20pct,hybrid_w2_k4_d4_c1,hybrid,4,0.1,2,4,1,dynamic_stress_100d_20pct_hdd,100,42,1000000,5000,1.0,health_ec,15.0,6,300000,350000,80,severe_slow,90,healthy,10,12.7,56.7,78.7,203116,1.6,3116,3116,2572,4,0,0
stress_20pct,hybrid_w2_k4_d4_c1,hybrid,4,0.1,2,4,1,dynamic_stress_100d_20pct_hdd,100,42,1000000,5000,1.0,health_ec,15.0,7,350000,400000,80,severe_slow,90,healthy,10,12.7,52.1,74.9,202948,1.5,2948,2948,2505,4,4,0
stress_20pct,hybrid_w2_k4_d4_c1,hybrid,4,0.1,2,4,1,dynamic_stress_100d_20pct_hdd,100,42,1000000,5000,1.0,health_ec,15.0,8,400000,450000,80,severe_slow,90,healthy,10,12.7,48.7,74.5,202858,1.4,2858,2858,2405,4,4,0
stress_20pct,hybrid_w2_k4_d4_c1,hybrid,4,0.1,2,4,1,dynamic_stress_100d_20pct_hdd,100,42,1000000,5000,1.0,health_ec,15.0,9,450000,500000,80,recovery,90,mild_slow,10,12.9,27.5,36.8,204271,2.1,4271,4271,3298,4,0,4
stress_20pct,hybrid_w2_k4_d4_c1,hybrid,4,0.1,2,4,1,dynamic_stress_100d_20pct_hdd,100,42,1000000,5000,1.0,health_ec,15.0,10,500000,550000,80,recovery,90,mild_slow,10,13.0,26.4,35.3,204184,2.1,4184,4184,3359,2,0,2
stress_20pct,hybrid_w2_k4_d4_c1,hybrid,4,0.1,2,4,1,dynamic_stress_100d_20pct_hdd,100,42,1000000,5000,1.0,health_ec,15.0,11,550000,600000,80,healthy,90,severe_slow,10,12.7,57.2,79.5,203873,1.9,3873,3873,3121,4,0,0
stress_20pct,hybrid_w2_k4_d4_c1,hybrid,4,0.1,2,4,1,dynamic_stress_100d_20pct_hdd,100,42,1000000,5000,1.0,health_ec,15.0,12,600000,650000,80,healthy,90,severe_slow,10,12.7,54.1,76.3,203514,1.8,3514,3514,2923,4,4,0
stress_20pct,hybrid_w2_k4_d4_c1,hybrid,4,0.1,2,4,1,dynamic_stress_100d_20pct_hdd,100,42,1000000,5000,1.0,health_ec,15.0,13,650000,700000,80,healthy,90,severe_slow,10,12.7,53.5,74.8,203283,1.6,3283,3283,2722,4,4,0
stress_20pct,hybrid_w2_k4_d4_c1,hybrid,4,0.1,2,4,1,dynamic_stress_100d_20pct_hdd,100,42,1000000,5000,1.0,health_ec,15.0,14,700000,750000,80,mild_slow,90,recovery,10,12.8,23.4,35.6,203697,1.8,3697,3697,3114,4,0,4
stress_20pct,hybrid_w2_k4_d4_c1,hybrid,4,0.1,2,4,1,dynamic_stress_100d_20pct_hdd,100,42,1000000,5000,1.0,health_ec,15.0,15,750000,800000,80,recovery,90,recovery,0,12.8,18.4,22.3,202791,1.4,2791,2791,2259,4,0,4
stress_20pct,hybrid_w2_k4_d4_c1,hybrid,4,0.1,2,4,1,dynamic_stress_100d_20pct_hdd,100,42,1000000,5000,1.0,health_ec,15.0,16,800000,850000,80,healthy,90,healthy,0,12.4,16.8,18.9,201059,0.5,1059,1059,843,1,0,1
stress_20pct,hybrid_w2_k4_d4_c1,hybrid,4,0.1,2,4,1,dynamic_stress_100d_20pct_hdd,100,42,1000000,5000,1.0,health_ec,15.0,17,850000,900000,80,healthy,90,healthy,0,12.5,16.8,18.9,200287,0.1,287,287,233,0,0,0
stress_20pct,hybrid_w2_k4_d4_c1,hybrid,4,0.1,2,4,1,dynamic_stress_100d_20pct_hdd,100,42,1000000,5000,1.0,health_ec,15.0,18,900000,950000,80,healthy,90,healthy,0,12.5,16.8,18.8,200083,0.0,83,83,69,0,0,0
stress_20pct,hybrid_w2_k4_d4_c1,hybrid,4,0.1,2,4,1,dynamic_stress_100d_20pct_hdd,100,42,1000000,5000,1.0,health_ec,15.0,19,950000,1000000,80,healthy,90,healthy,0,12.5,16.8,18.9,200052,0.0,52,52,42,0,0,0
stress_20pct,vanilla_ec,baseline,,,,,,dynamic_stress_100d_20pct_hdd,100,43,1000000,5000,1.0,vanilla_ec,15.0,0,0,50000,80,healthy,90,healthy,0,12.5,16.8,18.8,200000,0.0,0,0,0,0,0,0
stress_20pct,vanilla_ec,baseline,,,,,,dynamic_stress_100d_20pct_hdd,100,43,1000000,5000,1.0,vanilla_ec,15.0,1,50000,100000,80,healthy,90,healthy,0,12.5,16.8,18.9,200000,0.0,0,0,0,0,0,0
stress_20pct,vanilla_ec,baseline,,,,,,dynamic_stress_100d_20pct_hdd,100,43,1000000,5000,1.0,vanilla_ec,15.0,2,100000,150000,80,healthy,90,healthy,0,12.5,16.8,18.8,200000,0.0,0,0,0,0,0,0
stress_20pct,vanilla_ec,baseline,,,,,,dynamic_stress_100d_20pct_hdd,100,43,1000000,5000,1.0,vanilla_ec,15.0,3,150000,200000,80,mild_slow,90,healthy,10,12.8,29.9,39.4,200000,0.0,0,0,0,0,0,0
stress_20pct,vanilla_ec,baseline,,,,,,dynamic_stress_100d_20pct_hdd,100,43,1000000,5000,1.0,vanilla_ec,15.0,4,200000,250000,80,mild_slow,90,healthy,10,12.8,29.7,39.4,200000,0.0,0,0,0,0,0,0
stress_20pct,vanilla_ec,baseline,,,,,,dynamic_stress_100d_20pct_hdd,100,43,1000000,5000,1.0,vanilla_ec,15.0,5,250000,300000,80,mild_slow,90,healthy,10,12.8,29.7,39.4,200000,0.0,0,0,0,0,0,0
stress_20pct,vanilla_ec,baseline,,,,,,dynamic_stress_100d_20pct_hdd,100,43,1000000,5000,1.0,vanilla_ec,15.0,6,300000,350000,80,severe_slow,90,healthy,10,12.8,69.1,97.4,200000,0.0,0,0,0,0,0,0
stress_20pct,vanilla_ec,baseline,,,,,,dynamic_stress_100d_20pct_hdd,100,43,1000000,5000,1.0,vanilla_ec,15.0,7,350000,400000,80,severe_slow,90,healthy,10,12.8,69.6,99.1,200000,0.0,0,0,0,0,0,0
stress_20pct,vanilla_ec,baseline,,,,,,dynamic_stress_100d_20pct_hdd,100,43,1000000,5000,1.0,vanilla_ec,15.0,8,400000,450000,80,severe_slow,90,healthy,10,12.8,68.3,97.1,200000,0.0,0,0,0,0,0,0
stress_20pct,vanilla_ec,baseline,,,,,,dynamic_stress_100d_20pct_hdd,100,43,1000000,5000,1.0,vanilla_ec,15.0,9,450000,500000,80,recovery,90,mild_slow,10,13.0,29.9,40.3,200000,0.0,0,0,0,0,0,0
stress_20pct,vanilla_ec,baseline,,,,,,dynamic_stress_100d_20pct_hdd,100,43,1000000,5000,1.0,vanilla_ec,15.0,10,500000,550000,80,recovery,90,mild_slow,10,13.0,29.9,39.8,200000,0.0,0,0,0,0,0,0
stress_20pct,vanilla_ec,baseline,,,,,,dynamic_stress_100d_20pct_hdd,100,43,1000000,5000,1.0,vanilla_ec,15.0,11,550000,600000,80,healthy,90,severe_slow,10,12.8,68.8,97.4,200000,0.0,0,0,0,0,0,0
stress_20pct,vanilla_ec,baseline,,,,,,dynamic_stress_100d_20pct_hdd,100,43,1000000,5000,1.0,vanilla_ec,15.0,12,600000,650000,80,healthy,90,severe_slow,10,12.8,69.2,99.8,200000,0.0,0,0,0,0,0,0
stress_20pct,vanilla_ec,baseline,,,,,,dynamic_stress_100d_20pct_hdd,100,43,1000000,5000,1.0,vanilla_ec,15.0,13,650000,700000,80,healthy,90,severe_slow,10,12.8,69.3,98.7,200000,0.0,0,0,0,0,0,0
stress_20pct,vanilla_ec,baseline,,,,,,dynamic_stress_100d_20pct_hdd,100,43,1000000,5000,1.0,vanilla_ec,15.0,14,700000,750000,80,mild_slow,90,recovery,10,13.0,30.0,40.4,200000,0.0,0,0,0,0,0,0
stress_20pct,vanilla_ec,baseline,,,,,,dynamic_stress_100d_20pct_hdd,100,43,1000000,5000,1.0,vanilla_ec,15.0,15,750000,800000,80,recovery,90,recovery,0,13.0,20.1,24.5,200000,0.0,0,0,0,0,0,0
stress_20pct,vanilla_ec,baseline,,,,,,dynamic_stress_100d_20pct_hdd,100,43,1000000,5000,1.0,vanilla_ec,15.0,16,800000,850000,80,healthy,90,healthy,0,12.5,16.8,18.9,200000,0.0,0,0,0,0,0,0
stress_20pct,vanilla_ec,baseline,,,,,,dynamic_stress_100d_20pct_hdd,100,43,1000000,5000,1.0,vanilla_ec,15.0,17,850000,900000,80,healthy,90,healthy,0,12.5,16.8,18.8,200000,0.0,0,0,0,0,0,0
stress_20pct,vanilla_ec,baseline,,,,,,dynamic_stress_100d_20pct_hdd,100,43,1000000,5000,1.0,vanilla_ec,15.0,18,900000,950000,80,healthy,90,healthy,0,12.5,16.8,18.9,200000,0.0,0,0,0,0,0,0
stress_20pct,vanilla_ec,baseline,,,,,,dynamic_stress_100d_20pct_hdd,100,43,1000000,5000,1.0,vanilla_ec,15.0,19,950000,1000000,80,healthy,90,healthy,0,12.5,16.8,18.7,200000,0.0,0,0,0,0,0,0
stress_20pct,late_binding,baseline,,,,,,dynamic_stress_100d_20pct_hdd,100,43,1000000,5000,1.0,late_binding,15.0,0,0,50000,80,healthy,90,healthy,0,10.7,14.0,15.4,250000,25.0,50000,50000,39871,0,0,0
stress_20pct,late_binding,baseline,,,,,,dynamic_stress_100d_20pct_hdd,100,43,1000000,5000,1.0,late_binding,15.0,1,50000,100000,80,healthy,90,healthy,0,10.7,14.0,15.4,250000,25.0,50000,50000,40011,0,0,0
stress_20pct,late_binding,baseline,,,,,,dynamic_stress_100d_20pct_hdd,100,43,1000000,5000,1.0,late_binding,15.0,2,100000,150000,80,healthy,90,healthy,0,10.7,14.0,15.4,250000,25.0,50000,50000,40100,0,0,0
stress_20pct,late_binding,baseline,,,,,,dynamic_stress_100d_20pct_hdd,100,43,1000000,5000,1.0,late_binding,15.0,3,150000,200000,80,mild_slow,90,healthy,10,10.9,25.1,32.5,250000,25.0,50000,50000,39621,0,0,0
stress_20pct,late_binding,baseline,,,,,,dynamic_stress_100d_20pct_hdd,100,43,1000000,5000,1.0,late_binding,15.0,4,200000,250000,80,mild_slow,90,healthy,10,10.9,25.0,32.5,250000,25.0,50000,50000,39647,0,0,0
stress_20pct,late_binding,baseline,,,,,,dynamic_stress_100d_20pct_hdd,100,43,1000000,5000,1.0,late_binding,15.0,5,250000,300000,80,mild_slow,90,healthy,10,10.9,25.0,32.6,250000,25.0,50000,50000,39708,0,0,0
stress_20pct,late_binding,baseline,,,,,,dynamic_stress_100d_20pct_hdd,100,43,1000000,5000,1.0,late_binding,15.0,6,300000,350000,80,severe_slow,90,healthy,10,10.9,58.0,75.5,250000,25.0,50000,50000,39641,0,0,0
stress_20pct,late_binding,baseline,,,,,,dynamic_stress_100d_20pct_hdd,100,43,1000000,5000,1.0,late_binding,15.0,7,350000,400000,80,severe_slow,90,healthy,10,11.0,57.8,75.5,250000,25.0,50000,50000,39639,0,0,0
stress_20pct,late_binding,baseline,,,,,,dynamic_stress_100d_20pct_hdd,100,43,1000000,5000,1.0,late_binding,15.0,8,400000,450000,80,severe_slow,90,healthy,10,10.9,57.8,74.9,250000,25.0,50000,50000,39665,0,0,0
stress_20pct,late_binding,baseline,,,,,,dynamic_stress_100d_20pct_hdd,100,43,1000000,5000,1.0,late_binding,15.0,9,450000,500000,80,recovery,90,mild_slow,10,11.1,24.9,32.5,250000,25.0,50000,50000,39652,0,0,0
stress_20pct,late_binding,baseline,,,,,,dynamic_stress_100d_20pct_hdd,100,43,1000000,5000,1.0,late_binding,15.0,10,500000,550000,80,recovery,90,mild_slow,10,11.1,24.9,32.4,250000,25.0,50000,50000,39549,0,0,0
stress_20pct,late_binding,baseline,,,,,,dynamic_stress_100d_20pct_hdd,100,43,1000000,5000,1.0,late_binding,15.0,11,550000,600000,80,healthy,90,severe_slow,10,11.0,57.7,75.3,250000,25.0,50000,50000,39810,0,0,0
stress_20pct,late_binding,baseline,,,,,,dynamic_stress_100d_20pct_hdd,100,43,1000000,5000,1.0,late_binding,15.0,12,600000,650000,80,healthy,90,severe_slow,10,10.9,57.7,75.4,250000,25.0,50000,50000,39699,0,0,0
stress_20pct,late_binding,baseline,,,,,,dynamic_stress_100d_20pct_hdd,100,43,1000000,5000,1.0,late_binding,15.0,13,650000,700000,80,healthy,90,severe_slow,10,10.9,57.8,75.9,250000,25.0,50000,50000,39934,0,0,0
stress_20pct,late_binding,baseline,,,,,,dynamic_stress_100d_20pct_hdd,100,43,1000000,5000,1.0,late_binding,15.0,14,700000,750000,80,mild_slow,90,recovery,10,11.1,25.2,32.5,250000,25.0,50000,50000,39842,0,0,0
stress_20pct,late_binding,baseline,,,,,,dynamic_stress_100d_20pct_hdd,100,43,1000000,5000,1.0,late_binding,15.0,15,750000,800000,80,recovery,90,recovery,0,11.1,16.9,20.2,250000,25.0,50000,50000,39853,0,0,0
stress_20pct,late_binding,baseline,,,,,,dynamic_stress_100d_20pct_hdd,100,43,1000000,5000,1.0,late_binding,15.0,16,800000,850000,80,healthy,90,healthy,0,10.7,14.0,15.4,250000,25.0,50000,50000,39910,0,0,0
stress_20pct,late_binding,baseline,,,,,,dynamic_stress_100d_20pct_hdd,100,43,1000000,5000,1.0,late_binding,15.0,17,850000,900000,80,healthy,90,healthy,0,10.7,14.0,15.5,250000,25.0,50000,50000,40032,0,0,0
stress_20pct,late_binding,baseline,,,,,,dynamic_stress_100d_20pct_hdd,100,43,1000000,5000,1.0,late_binding,15.0,18,900000,950000,80,healthy,90,healthy,0,10.7,14.0,15.4,250000,25.0,50000,50000,39985,0,0,0
stress_20pct,late_binding,baseline,,,,,,dynamic_stress_100d_20pct_hdd,100,43,1000000,5000,1.0,late_binding,15.0,19,950000,1000000,80,healthy,90,healthy,0,10.7,14.0,15.4,250000,25.0,50000,50000,39872,0,0,0
stress_20pct,timeout_degraded_read,baseline,,,,,,dynamic_stress_100d_20pct_hdd,100,43,1000000,5000,1.0,timeout_degraded_read,15.0,0,0,50000,80,healthy,90,healthy,0,12.5,16.8,18.7,208102,4.1,8102,8102,165,0,0,0
stress_20pct,timeout_degraded_read,baseline,,,,,,dynamic_stress_100d_20pct_hdd,100,43,1000000,5000,1.0,timeout_degraded_read,15.0,1,50000,100000,80,healthy,90,healthy,0,12.5,16.8,18.8,208123,4.1,8123,8123,169,0,0,0
stress_20pct,timeout_degraded_read,baseline,,,,,,dynamic_stress_100d_20pct_hdd,100,43,1000000,5000,1.0,timeout_degraded_read,15.0,2,100000,150000,80,healthy,90,healthy,0,12.5,16.8,18.7,208110,4.1,8110,8110,198,0,0,0
stress_20pct,timeout_degraded_read,baseline,,,,,,dynamic_stress_100d_20pct_hdd,100,43,1000000,5000,1.0,timeout_degraded_read,15.0,3,150000,200000,80,mild_slow,90,healthy,10,12.8,27.6,36.3,211715,5.9,11715,11715,1944,0,0,0
stress_20pct,timeout_degraded_read,baseline,,,,,,dynamic_stress_100d_20pct_hdd,100,43,1000000,5000,1.0,timeout_degraded_read,15.0,4,200000,250000,80,mild_slow,90,healthy,10,12.8,27.6,36.0,211680,5.8,11680,11680,1942,0,0,0
stress_20pct,timeout_degraded_read,baseline,,,,,,dynamic_stress_100d_20pct_hdd,100,43,1000000,5000,1.0,timeout_degraded_read,15.0,5,250000,300000,80,mild_slow,90,healthy,10,12.8,27.6,36.0,211647,5.8,11647,11647,1869,0,0,0
stress_20pct,timeout_degraded_read,baseline,,,,,,dynamic_stress_100d_20pct_hdd,100,43,1000000,5000,1.0,timeout_degraded_read,15.0,6,300000,350000,80,severe_slow,90,healthy,10,12.8,60.8,79.1,211636,5.8,11636,11636,3032,0,0,0
stress_20pct,timeout_degraded_read,baseline,,,,,,dynamic_stress_100d_20pct_hdd,100,43,1000000,5000,1.0,timeout_degraded_read,15.0,7,350000,400000,80,severe_slow,90,healthy,10,12.8,61.0,78.9,211750,5.9,11750,11750,3136,0,0,0
stress_20pct,timeout_degraded_read,baseline,,,,,,dynamic_stress_100d_20pct_hdd,100,43,1000000,5000,1.0,timeout_degraded_read,15.0,8,400000,450000,80,severe_slow,90,healthy,10,12.8,60.4,78.2,211620,5.8,11620,11620,3096,0,0,0
stress_20pct,timeout_degraded_read,baseline,,,,,,dynamic_stress_100d_20pct_hdd,100,43,1000000,5000,1.0,timeout_degraded_read,15.0,9,450000,500000,80,recovery,90,mild_slow,10,13.0,27.4,35.9,214015,7.0,14015,14015,2238,0,0,0
stress_20pct,timeout_degraded_read,baseline,,,,,,dynamic_stress_100d_20pct_hdd,100,43,1000000,5000,1.0,timeout_degraded_read,15.0,10,500000,550000,80,recovery,90,mild_slow,10,13.0,27.4,35.9,213901,7.0,13901,13901,2270,0,0,0
stress_20pct,timeout_degraded_read,baseline,,,,,,dynamic_stress_100d_20pct_hdd,100,43,1000000,5000,1.0,timeout_degraded_read,15.0,11,550000,600000,80,healthy,90,severe_slow,10,12.8,60.2,78.1,211633,5.8,11633,11633,3191,0,0,0
stress_20pct,timeout_degraded_read,baseline,,,,,,dynamic_stress_100d_20pct_hdd,100,43,1000000,5000,1.0,timeout_degraded_read,15.0,12,600000,650000,80,healthy,90,severe_slow,10,12.8,59.9,78.5,211564,5.8,11564,11564,3220,0,0,0
stress_20pct,timeout_degraded_read,baseline,,,,,,dynamic_stress_100d_20pct_hdd,100,43,1000000,5000,1.0,timeout_degraded_read,15.0,13,650000,700000,80,healthy,90,severe_slow,10,12.8,60.4,79.5,211609,5.8,11609,11609,3106,0,0,0
stress_20pct,timeout_degraded_read,baseline,,,,,,dynamic_stress_100d_20pct_hdd,100,43,1000000,5000,1.0,timeout_degraded_read,15.0,14,700000,750000,80,mild_slow,90,recovery,10,13.0,28.6,36.2,214051,7.0,14051,14051,1949,0,0,0
stress_20pct,timeout_degraded_read,baseline,,,,,,dynamic_stress_100d_20pct_hdd,100,43,1000000,5000,1.0,timeout_degraded_read,15.0,15,750000,800000,80,recovery,90,recovery,0,13.0,19.9,23.9,213278,6.6,13278,13278,750,0,0,0
stress_20pct,timeout_degraded_read,baseline,,,,,,dynamic_stress_100d_20pct_hdd,100,43,1000000,5000,1.0,timeout_degraded_read,15.0,16,800000,850000,80,healthy,90,healthy,0,12.5,16.8,18.8,208097,4.0,8097,8097,187,0,0,0
stress_20pct,timeout_degraded_read,baseline,,,,,,dynamic_stress_100d_20pct_hdd,100,43,1000000,5000,1.0,timeout_degraded_read,15.0,17,850000,900000,80,healthy,90,healthy,0,12.5,16.8,18.7,208029,4.0,8029,8029,173,0,0,0
stress_20pct,timeout_degraded_read,baseline,,,,,,dynamic_stress_100d_20pct_hdd,100,43,1000000,5000,1.0,timeout_degraded_read,15.0,18,900000,950000,80,healthy,90,healthy,0,12.5,16.8,18.8,208094,4.0,8094,8094,194,0,0,0
stress_20pct,timeout_degraded_read,baseline,,,,,,dynamic_stress_100d_20pct_hdd,100,43,1000000,5000,1.0,timeout_degraded_read,15.0,19,950000,1000000,80,healthy,90,healthy,0,12.5,16.7,18.7,207918,4.0,7918,7918,220,0,0,0
stress_20pct,t28_default,default,12,0.05,0,0,0,dynamic_stress_100d_20pct_hdd,100,43,1000000,5000,1.0,health_ec,15.0,0,0,50000,80,healthy,90,healthy,0,12.5,16.8,18.8,200000,0.0,0,0,0,0,0,0
stress_20pct,t28_default,default,12,0.05,0,0,0,dynamic_stress_100d_20pct_hdd,100,43,1000000,5000,1.0,health_ec,15.0,1,50000,100000,80,healthy,90,healthy,0,12.5,16.8,18.9,200000,0.0,0,0,0,0,0,0
stress_20pct,t28_default,default,12,0.05,0,0,0,dynamic_stress_100d_20pct_hdd,100,43,1000000,5000,1.0,health_ec,15.0,2,100000,150000,80,healthy,90,healthy,0,12.5,16.8,18.8,200000,0.0,0,0,0,0,0,0
stress_20pct,t28_default,default,12,0.05,0,0,0,dynamic_stress_100d_20pct_hdd,100,43,1000000,5000,1.0,health_ec,15.0,3,150000,200000,80,mild_slow,90,healthy,10,12.8,27.3,36.7,202115,1.1,2115,2115,1746,0,0,0
stress_20pct,t28_default,default,12,0.05,0,0,0,dynamic_stress_100d_20pct_hdd,100,43,1000000,5000,1.0,health_ec,15.0,4,200000,250000,80,mild_slow,90,healthy,10,12.8,26.2,35.0,202940,1.5,2940,2940,2433,2,2,0
stress_20pct,t28_default,default,12,0.05,0,0,0,dynamic_stress_100d_20pct_hdd,100,43,1000000,5000,1.0,health_ec,15.0,5,250000,300000,80,mild_slow,90,healthy,10,12.8,25.9,34.9,203028,1.5,3028,3028,2511,1,1,0
stress_20pct,t28_default,default,12,0.05,0,0,0,dynamic_stress_100d_20pct_hdd,100,43,1000000,5000,1.0,health_ec,15.0,6,300000,350000,80,severe_slow,90,healthy,10,12.7,53.7,77.5,202881,1.4,2881,2881,2423,7,7,0
stress_20pct,t28_default,default,12,0.05,0,0,0,dynamic_stress_100d_20pct_hdd,100,43,1000000,5000,1.0,health_ec,15.0,7,350000,400000,80,severe_slow,90,healthy,10,12.7,53.0,75.8,203059,1.5,3059,3059,2564,0,0,0
stress_20pct,t28_default,default,12,0.05,0,0,0,dynamic_stress_100d_20pct_hdd,100,43,1000000,5000,1.0,health_ec,15.0,8,400000,450000,80,severe_slow,90,healthy,10,12.7,51.9,74.6,203139,1.6,3139,3139,2629,0,0,0
stress_20pct,t28_default,default,12,0.05,0,0,0,dynamic_stress_100d_20pct_hdd,100,43,1000000,5000,1.0,health_ec,15.0,9,450000,500000,80,recovery,90,mild_slow,10,12.9,26.2,36.6,204019,2.0,4019,4019,2988,5,5,0
stress_20pct,t28_default,default,12,0.05,0,0,0,dynamic_stress_100d_20pct_hdd,100,43,1000000,5000,1.0,health_ec,15.0,10,500000,550000,80,recovery,90,mild_slow,10,12.9,25.6,35.2,203996,2.0,3996,3996,3061,0,0,0
stress_20pct,t28_default,default,12,0.05,0,0,0,dynamic_stress_100d_20pct_hdd,100,43,1000000,5000,1.0,health_ec,15.0,11,550000,600000,80,healthy,90,severe_slow,10,12.7,54.2,77.5,203310,1.7,3310,3310,2631,6,6,0
stress_20pct,t28_default,default,12,0.05,0,0,0,dynamic_stress_100d_20pct_hdd,100,43,1000000,5000,1.0,health_ec,15.0,12,600000,650000,80,healthy,90,severe_slow,10,12.7,52.8,75.6,203222,1.6,3222,3222,2710,0,0,0
stress_20pct,t28_default,default,12,0.05,0,0,0,dynamic_stress_100d_20pct_hdd,100,43,1000000,5000,1.0,health_ec,15.0,13,650000,700000,80,healthy,90,severe_slow,10,12.7,52.0,74.6,203140,1.6,3140,3140,2587,0,0,0
stress_20pct,t28_default,default,12,0.05,0,0,0,dynamic_stress_100d_20pct_hdd,100,43,1000000,5000,1.0,health_ec,15.0,14,700000,750000,80,mild_slow,90,recovery,10,12.9,24.5,36.0,203727,1.9,3727,3727,3219,0,0,0
stress_20pct,t28_default,default,12,0.05,0,0,0,dynamic_stress_100d_20pct_hdd,100,43,1000000,5000,1.0,health_ec,15.0,15,750000,800000,80,recovery,90,recovery,0,12.8,18.5,22.4,202884,1.4,2884,2884,2389,0,0,0
stress_20pct,t28_default,default,12,0.05,0,0,0,dynamic_stress_100d_20pct_hdd,100,43,1000000,5000,1.0,health_ec,15.0,16,800000,850000,80,healthy,90,healthy,0,12.4,16.8,18.9,201115,0.6,1115,1115,898,0,0,0
stress_20pct,t28_default,default,12,0.05,0,0,0,dynamic_stress_100d_20pct_hdd,100,43,1000000,5000,1.0,health_ec,15.0,17,850000,900000,80,healthy,90,healthy,0,12.5,16.8,18.8,200343,0.2,343,343,270,0,0,0
stress_20pct,t28_default,default,12,0.05,0,0,0,dynamic_stress_100d_20pct_hdd,100,43,1000000,5000,1.0,health_ec,15.0,18,900000,950000,80,healthy,90,healthy,0,12.5,16.8,18.9,200102,0.1,102,102,76,0,0,0
stress_20pct,t28_default,default,12,0.05,0,0,0,dynamic_stress_100d_20pct_hdd,100,43,1000000,5000,1.0,health_ec,15.0,19,950000,1000000,80,healthy,90,healthy,0,12.5,16.8,18.7,200032,0.0,32,32,27,0,0,0
stress_20pct,migration_disabled,disabled,12,0.05,0,0,0,dynamic_stress_100d_20pct_hdd,100,43,1000000,5000,1.0,health_ec,15.0,0,0,50000,80,healthy,90,healthy,0,12.5,16.8,18.8,200000,0.0,0,0,0,0,0,0
stress_20pct,migration_disabled,disabled,12,0.05,0,0,0,dynamic_stress_100d_20pct_hdd,100,43,1000000,5000,1.0,health_ec,15.0,1,50000,100000,80,healthy,90,healthy,0,12.5,16.8,18.9,200000,0.0,0,0,0,0,0,0
stress_20pct,migration_disabled,disabled,12,0.05,0,0,0,dynamic_stress_100d_20pct_hdd,100,43,1000000,5000,1.0,health_ec,15.0,2,100000,150000,80,healthy,90,healthy,0,12.5,16.8,18.8,200000,0.0,0,0,0,0,0,0
stress_20pct,migration_disabled,disabled,12,0.05,0,0,0,dynamic_stress_100d_20pct_hdd,100,43,1000000,5000,1.0,health_ec,15.0,3,150000,200000,80,mild_slow,90,healthy,10,12.8,27.3,36.7,202115,1.1,2115,2115,1746,0,0,0
stress_20pct,migration_disabled,disabled,12,0.05,0,0,0,dynamic_stress_100d_20pct_hdd,100,43,1000000,5000,1.0,health_ec,15.0,4,200000,250000,80,mild_slow,90,healthy,10,12.8,26.2,35.0,202940,1.5,2940,2940,2433,0,0,0
stress_20pct,migration_disabled,disabled,12,0.05,0,0,0,dynamic_stress_100d_20pct_hdd,100,43,1000000,5000,1.0,health_ec,15.0,5,250000,300000,80,mild_slow,90,healthy,10,12.8,26.1,35.0,203028,1.5,3028,3028,2511,0,0,0
stress_20pct,migration_disabled,disabled,12,0.05,0,0,0,dynamic_stress_100d_20pct_hdd,100,43,1000000,5000,1.0,health_ec,15.0,6,300000,350000,80,severe_slow,90,healthy,10,12.8,58.9,78.7,203696,1.8,3696,3696,3066,0,0,0
stress_20pct,migration_disabled,disabled,12,0.05,0,0,0,dynamic_stress_100d_20pct_hdd,100,43,1000000,5000,1.0,health_ec,15.0,7,350000,400000,80,severe_slow,90,healthy,10,12.8,58.6,77.3,203976,2.0,3976,3976,3290,0,0,0
stress_20pct,migration_disabled,disabled,12,0.05,0,0,0,dynamic_stress_100d_20pct_hdd,100,43,1000000,5000,1.0,health_ec,15.0,8,400000,450000,80,severe_slow,90,healthy,10,12.8,58.1,76.1,204072,2.0,4072,4072,3345,0,0,0
stress_20pct,migration_disabled,disabled,12,0.05,0,0,0,dynamic_stress_100d_20pct_hdd,100,43,1000000,5000,1.0,health_ec,15.0,9,450000,500000,80,recovery,90,mild_slow,10,13.0,27.0,36.8,204701,2.4,4701,4701,3557,0,0,0
stress_20pct,migration_disabled,disabled,12,0.05,0,0,0,dynamic_stress_100d_20pct_hdd,100,43,1000000,5000,1.0,health_ec,15.0,10,500000,550000,80,recovery,90,mild_slow,10,13.0,26.3,35.4,204689,2.3,4689,4689,3634,0,0,0
stress_20pct,migration_disabled,disabled,12,0.05,0,0,0,dynamic_stress_100d_20pct_hdd,100,43,1000000,5000,1.0,health_ec,15.0,11,550000,600000,80,healthy,90,severe_slow,10,12.8,59.1,78.4,204049,2.0,4049,4049,3314,0,0,0
stress_20pct,migration_disabled,disabled,12,0.05,0,0,0,dynamic_stress_100d_20pct_hdd,100,43,1000000,5000,1.0,health_ec,15.0,12,600000,650000,80,healthy,90,severe_slow,10,12.8,58.1,76.7,204047,2.0,4047,4047,3459,0,0,0
stress_20pct,migration_disabled,disabled,12,0.05,0,0,0,dynamic_stress_100d_20pct_hdd,100,43,1000000,5000,1.0,health_ec,15.0,13,650000,700000,80,healthy,90,severe_slow,10,12.8,58.3,76.9,203971,2.0,3971,3971,3347,0,0,0
stress_20pct,migration_disabled,disabled,12,0.05,0,0,0,dynamic_stress_100d_20pct_hdd,100,43,1000000,5000,1.0,health_ec,15.0,14,700000,750000,80,mild_slow,90,recovery,10,13.0,26.9,36.5,205362,2.7,5362,5362,4559,0,0,0
stress_20pct,migration_disabled,disabled,12,0.05,0,0,0,dynamic_stress_100d_20pct_hdd,100,43,1000000,5000,1.0,health_ec,15.0,15,750000,800000,80,recovery,90,recovery,0,12.9,18.8,22.8,204071,2.0,4071,4071,3402,0,0,0
stress_20pct,migration_disabled,disabled,12,0.05,0,0,0,dynamic_stress_100d_20pct_hdd,100,43,1000000,5000,1.0,health_ec,15.0,16,800000,850000,80,healthy,90,healthy,0,12.4,16.8,18.8,201199,0.6,1199,1199,971,0,0,0
stress_20pct,migration_disabled,disabled,12,0.05,0,0,0,dynamic_stress_100d_20pct_hdd,100,43,1000000,5000,1.0,health_ec,15.0,17,850000,900000,80,healthy,90,healthy,0,12.5,16.8,18.8,200317,0.2,317,317,252,0,0,0
stress_20pct,migration_disabled,disabled,12,0.05,0,0,0,dynamic_stress_100d_20pct_hdd,100,43,1000000,5000,1.0,health_ec,15.0,18,900000,950000,80,healthy,90,healthy,0,12.5,16.8,18.9,200100,0.1,100,100,75,0,0,0
stress_20pct,migration_disabled,disabled,12,0.05,0,0,0,dynamic_stress_100d_20pct_hdd,100,43,1000000,5000,1.0,health_ec,15.0,19,950000,1000000,80,healthy,90,healthy,0,12.5,16.8,18.7,200029,0.0,29,29,25,0,0,0
stress_20pct,threshold_d2_a005,threshold_alpha,2,0.05,0,0,0,dynamic_stress_100d_20pct_hdd,100,43,1000000,5000,1.0,health_ec,15.0,0,0,50000,80,healthy,90,healthy,0,12.5,16.8,18.8,200000,0.0,0,0,0,0,0,0
stress_20pct,threshold_d2_a005,threshold_alpha,2,0.05,0,0,0,dynamic_stress_100d_20pct_hdd,100,43,1000000,5000,1.0,health_ec,15.0,1,50000,100000,80,healthy,90,healthy,0,12.5,16.8,18.9,200000,0.0,0,0,0,0,0,0
stress_20pct,threshold_d2_a005,threshold_alpha,2,0.05,0,0,0,dynamic_stress_100d_20pct_hdd,100,43,1000000,5000,1.0,health_ec,15.0,2,100000,150000,80,healthy,90,healthy,0,12.5,16.8,18.8,200000,0.0,0,0,0,0,0,0
stress_20pct,threshold_d2_a005,threshold_alpha,2,0.05,0,0,0,dynamic_stress_100d_20pct_hdd,100,43,1000000,5000,1.0,health_ec,15.0,3,150000,200000,80,mild_slow,90,healthy,10,12.7,24.4,36.4,201024,0.5,1024,1024,818,26,26,0
stress_20pct,threshold_d2_a005,threshold_alpha,2,0.05,0,0,0,dynamic_stress_100d_20pct_hdd,100,43,1000000,5000,1.0,health_ec,15.0,4,200000,250000,80,mild_slow,90,healthy,10,12.7,21.1,34.2,201564,0.8,1564,1564,1265,2,2,0
stress_20pct,threshold_d2_a005,threshold_alpha,2,0.05,0,0,0,dynamic_stress_100d_20pct_hdd,100,43,1000000,5000,1.0,health_ec,15.0,5,250000,300000,80,mild_slow,90,healthy,10,12.7,20.6,34.1,201665,0.8,1665,1665,1386,5,5,0
stress_20pct,threshold_d2_a005,threshold_alpha,2,0.05,0,0,0,dynamic_stress_100d_20pct_hdd,100,43,1000000,5000,1.0,health_ec,15.0,6,300000,350000,80,severe_slow,90,healthy,10,12.6,34.5,75.4,201995,1.0,1995,1995,1619,20,20,0
stress_20pct,threshold_d2_a005,threshold_alpha,2,0.05,0,0,0,dynamic_stress_100d_20pct_hdd,100,43,1000000,5000,1.0,health_ec,15.0,7,350000,400000,80,severe_slow,90,healthy,10,12.7,21.2,73.5,202107,1.1,2107,2107,1727,3,3,0
stress_20pct,threshold_d2_a005,threshold_alpha,2,0.05,0,0,0,dynamic_stress_100d_20pct_hdd,100,43,1000000,5000,1.0,health_ec,15.0,8,400000,450000,80,severe_slow,90,healthy,10,12.6,19.8,71.6,202117,1.1,2117,2117,1751,4,4,0
stress_20pct,threshold_d2_a005,threshold_alpha,2,0.05,0,0,0,dynamic_stress_100d_20pct_hdd,100,43,1000000,5000,1.0,health_ec,15.0,9,450000,500000,80,recovery,90,mild_slow,10,12.8,24.8,36.5,203072,1.5,3072,3072,2200,27,27,0
stress_20pct,threshold_d2_a005,threshold_alpha,2,0.05,0,0,0,dynamic_stress_100d_20pct_hdd,100,43,1000000,5000,1.0,health_ec,15.0,10,500000,550000,80,recovery,90,mild_slow,10,12.8,23.2,34.9,202817,1.4,2817,2817,2070,5,5,0
stress_20pct,threshold_d2_a005,threshold_alpha,2,0.05,0,0,0,dynamic_stress_100d_20pct_hdd,100,43,1000000,5000,1.0,health_ec,15.0,11,550000,600000,80,healthy,90,severe_slow,10,12.7,42.1,75.7,202570,1.3,2570,2570,1971,23,23,0
stress_20pct,threshold_d2_a005,threshold_alpha,2,0.05,0,0,0,dynamic_stress_100d_20pct_hdd,100,43,1000000,5000,1.0,health_ec,15.0,12,600000,650000,80,healthy,90,severe_slow,10,12.6,20.8,72.7,202317,1.2,2317,2317,1890,8,8,0
stress_20pct,threshold_d2_a005,threshold_alpha,2,0.05,0,0,0,dynamic_stress_100d_20pct_hdd,100,43,1000000,5000,1.0,health_ec,15.0,13,650000,700000,80,healthy,90,severe_slow,10,12.7,20.1,72.3,202212,1.1,2212,2212,1799,0,0,0
stress_20pct,threshold_d2_a005,threshold_alpha,2,0.05,0,0,0,dynamic_stress_100d_20pct_hdd,100,43,1000000,5000,1.0,health_ec,15.0,14,700000,750000,80,mild_slow,90,recovery,10,12.8,20.2,35.0,202587,1.3,2587,2587,2218,1,1,0
stress_20pct,threshold_d2_a005,threshold_alpha,2,0.05,0,0,0,dynamic_stress_100d_20pct_hdd,100,43,1000000,5000,1.0,health_ec,15.0,15,750000,800000,80,recovery,90,recovery,0,12.7,18.0,21.7,202162,1.1,2162,2162,1806,0,0,0
stress_20pct,threshold_d2_a005,threshold_alpha,2,0.05,0,0,0,dynamic_stress_100d_20pct_hdd,100,43,1000000,5000,1.0,health_ec,15.0,16,800000,850000,80,healthy,90,healthy,0,12.4,16.8,18.9,201084,0.5,1084,1084,878,0,0,0
stress_20pct,threshold_d2_a005,threshold_alpha,2,0.05,0,0,0,dynamic_stress_100d_20pct_hdd,100,43,1000000,5000,1.0,health_ec,15.0,17,850000,900000,80,healthy,90,healthy,0,12.5,16.8,18.8,200340,0.2,340,340,267,0,0,0
stress_20pct,threshold_d2_a005,threshold_alpha,2,0.05,0,0,0,dynamic_stress_100d_20pct_hdd,100,43,1000000,5000,1.0,health_ec,15.0,18,900000,950000,80,healthy,90,healthy,0,12.5,16.8,18.8,200100,0.1,100,100,79,0,0,0
stress_20pct,threshold_d2_a005,threshold_alpha,2,0.05,0,0,0,dynamic_stress_100d_20pct_hdd,100,43,1000000,5000,1.0,health_ec,15.0,19,950000,1000000,80,healthy,90,healthy,0,12.5,16.8,18.7,200028,0.0,28,28,24,0,0,0
stress_20pct,threshold_d4_a005,threshold_alpha,4,0.05,0,0,0,dynamic_stress_100d_20pct_hdd,100,43,1000000,5000,1.0,health_ec,15.0,0,0,50000,80,healthy,90,healthy,0,12.5,16.8,18.8,200000,0.0,0,0,0,0,0,0
stress_20pct,threshold_d4_a005,threshold_alpha,4,0.05,0,0,0,dynamic_stress_100d_20pct_hdd,100,43,1000000,5000,1.0,health_ec,15.0,1,50000,100000,80,healthy,90,healthy,0,12.5,16.8,18.9,200000,0.0,0,0,0,0,0,0
stress_20pct,threshold_d4_a005,threshold_alpha,4,0.05,0,0,0,dynamic_stress_100d_20pct_hdd,100,43,1000000,5000,1.0,health_ec,15.0,2,100000,150000,80,healthy,90,healthy,0,12.5,16.8,18.8,200000,0.0,0,0,0,0,0,0
stress_20pct,threshold_d4_a005,threshold_alpha,4,0.05,0,0,0,dynamic_stress_100d_20pct_hdd,100,43,1000000,5000,1.0,health_ec,15.0,3,150000,200000,80,mild_slow,90,healthy,10,12.7,25.4,36.5,201263,0.6,1263,1263,1016,14,14,0
stress_20pct,threshold_d4_a005,threshold_alpha,4,0.05,0,0,0,dynamic_stress_100d_20pct_hdd,100,43,1000000,5000,1.0,health_ec,15.0,4,200000,250000,80,mild_slow,90,healthy,10,12.7,22.7,34.3,201871,0.9,1871,1871,1548,4,4,0
stress_20pct,threshold_d4_a005,threshold_alpha,4,0.05,0,0,0,dynamic_stress_100d_20pct_hdd,100,43,1000000,5000,1.0,health_ec,15.0,5,250000,300000,80,mild_slow,90,healthy,10,12.7,22.5,34.3,201989,1.0,1989,1989,1618,2,2,0
stress_20pct,threshold_d4_a005,threshold_alpha,4,0.05,0,0,0,dynamic_stress_100d_20pct_hdd,100,43,1000000,5000,1.0,health_ec,15.0,6,300000,350000,80,severe_slow,90,healthy,10,12.7,48.4,76.6,202362,1.2,2362,2362,1925,5,5,0
stress_20pct,threshold_d4_a005,threshold_alpha,4,0.05,0,0,0,dynamic_stress_100d_20pct_hdd,100,43,1000000,5000,1.0,health_ec,15.0,7,350000,400000,80,severe_slow,90,healthy,10,12.7,45.6,74.5,202544,1.3,2544,2544,2121,4,4,0
stress_20pct,threshold_d4_a005,threshold_alpha,4,0.05,0,0,0,dynamic_stress_100d_20pct_hdd,100,43,1000000,5000,1.0,health_ec,15.0,8,400000,450000,80,severe_slow,90,healthy,10,12.7,42.3,73.2,202571,1.3,2571,2571,2122,1,1,0
stress_20pct,threshold_d4_a005,threshold_alpha,4,0.05,0,0,0,dynamic_stress_100d_20pct_hdd,100,43,1000000,5000,1.0,health_ec,15.0,9,450000,500000,80,recovery,90,mild_slow,10,12.8,25.2,36.5,203422,1.7,3422,3422,2477,12,12,0
stress_20pct,threshold_d4_a005,threshold_alpha,4,0.05,0,0,0,dynamic_stress_100d_20pct_hdd,100,43,1000000,5000,1.0,health_ec,15.0,10,500000,550000,80,recovery,90,mild_slow,10,12.9,24.5,35.0,203304,1.7,3304,3304,2525,4,4,0
stress_20pct,threshold_d4_a005,threshold_alpha,4,0.05,0,0,0,dynamic_stress_100d_20pct_hdd,100,43,1000000,5000,1.0,health_ec,15.0,11,550000,600000,80,healthy,90,severe_slow,10,12.7,50.3,76.3,203009,1.5,3009,3009,2346,12,12,0
stress_20pct,threshold_d4_a005,threshold_alpha,4,0.05,0,0,0,dynamic_stress_100d_20pct_hdd,100,43,1000000,5000,1.0,health_ec,15.0,12,600000,650000,80,healthy,90,severe_slow,10,12.7,45.8,74.5,202727,1.4,2727,2727,2250,3,3,0
stress_20pct,threshold_d4_a005,threshold_alpha,4,0.05,0,0,0,dynamic_stress_100d_20pct_hdd,100,43,1000000,5000,1.0,health_ec,15.0,13,650000,700000,80,healthy,90,severe_slow,10,12.7,43.0,73.2,202666,1.3,2666,2666,2197,2,2,0
stress_20pct,threshold_d4_a005,threshold_alpha,4,0.05,0,0,0,dynamic_stress_100d_20pct_hdd,100,43,1000000,5000,1.0,health_ec,15.0,14,700000,750000,80,mild_slow,90,recovery,10,12.8,22.1,35.6,203036,1.5,3036,3036,2594,0,0,0
stress_20pct,threshold_d4_a005,threshold_alpha,4,0.05,0,0,0,dynamic_stress_100d_20pct_hdd,100,43,1000000,5000,1.0,health_ec,15.0,15,750000,800000,80,recovery,90,recovery,0,12.8,18.2,22.1,202470,1.2,2470,2470,2058,0,0,0
stress_20pct,threshold_d4_a005,threshold_alpha,4,0.05,0,0,0,dynamic_stress_100d_20pct_hdd,100,43,1000000,5000,1.0,health_ec,15.0,16,800000,850000,80,healthy,90,healthy,0,12.4,16.8,18.8,201091,0.5,1091,1091,870,0,0,0
stress_20pct,threshold_d4_a005,threshold_alpha,4,0.05,0,0,0,dynamic_stress_100d_20pct_hdd,100,43,1000000,5000,1.0,health_ec,15.0,17,850000,900000,80,healthy,90,healthy,0,12.5,16.8,18.8,200334,0.2,334,334,263,0,0,0
stress_20pct,threshold_d4_a005,threshold_alpha,4,0.05,0,0,0,dynamic_stress_100d_20pct_hdd,100,43,1000000,5000,1.0,health_ec,15.0,18,900000,950000,80,healthy,90,healthy,0,12.5,16.8,18.8,200099,0.0,99,99,75,0,0,0
stress_20pct,threshold_d4_a005,threshold_alpha,4,0.05,0,0,0,dynamic_stress_100d_20pct_hdd,100,43,1000000,5000,1.0,health_ec,15.0,19,950000,1000000,80,healthy,90,healthy,0,12.5,16.8,18.7,200031,0.0,31,31,26,0,0,0
stress_20pct,threshold_d6_a005,threshold_alpha,6,0.05,0,0,0,dynamic_stress_100d_20pct_hdd,100,43,1000000,5000,1.0,health_ec,15.0,0,0,50000,80,healthy,90,healthy,0,12.5,16.8,18.8,200000,0.0,0,0,0,0,0,0
stress_20pct,threshold_d6_a005,threshold_alpha,6,0.05,0,0,0,dynamic_stress_100d_20pct_hdd,100,43,1000000,5000,1.0,health_ec,15.0,1,50000,100000,80,healthy,90,healthy,0,12.5,16.8,18.9,200000,0.0,0,0,0,0,0,0
stress_20pct,threshold_d6_a005,threshold_alpha,6,0.05,0,0,0,dynamic_stress_100d_20pct_hdd,100,43,1000000,5000,1.0,health_ec,15.0,2,100000,150000,80,healthy,90,healthy,0,12.5,16.8,18.8,200000,0.0,0,0,0,0,0,0
stress_20pct,threshold_d6_a005,threshold_alpha,6,0.05,0,0,0,dynamic_stress_100d_20pct_hdd,100,43,1000000,5000,1.0,health_ec,15.0,3,150000,200000,80,mild_slow,90,healthy,10,12.7,25.7,36.5,201369,0.7,1369,1369,1107,12,12,0
stress_20pct,threshold_d6_a005,threshold_alpha,6,0.05,0,0,0,dynamic_stress_100d_20pct_hdd,100,43,1000000,5000,1.0,health_ec,15.0,4,200000,250000,80,mild_slow,90,healthy,10,12.7,23.3,34.5,201892,0.9,1892,1892,1589,0,0,0
stress_20pct,threshold_d6_a005,threshold_alpha,6,0.05,0,0,0,dynamic_stress_100d_20pct_hdd,100,43,1000000,5000,1.0,health_ec,15.0,5,250000,300000,80,mild_slow,90,healthy,10,12.7,23.4,34.6,202036,1.0,2036,2036,1715,0,0,0
stress_20pct,threshold_d6_a005,threshold_alpha,6,0.05,0,0,0,dynamic_stress_100d_20pct_hdd,100,43,1000000,5000,1.0,health_ec,15.0,6,300000,350000,80,severe_slow,90,healthy,10,12.7,50.2,77.0,202492,1.2,2492,2492,2067,8,8,0
stress_20pct,threshold_d6_a005,threshold_alpha,6,0.05,0,0,0,dynamic_stress_100d_20pct_hdd,100,43,1000000,5000,1.0,health_ec,15.0,7,350000,400000,80,severe_slow,90,healthy,10,12.7,49.3,75.1,202727,1.4,2727,2727,2276,0,0,0
stress_20pct,threshold_d6_a005,threshold_alpha,6,0.05,0,0,0,dynamic_stress_100d_20pct_hdd,100,43,1000000,5000,1.0,health_ec,15.0,8,400000,450000,80,severe_slow,90,healthy,10,12.7,47.3,73.8,202761,1.4,2761,2761,2294,0,0,0
stress_20pct,threshold_d6_a005,threshold_alpha,6,0.05,0,0,0,dynamic_stress_100d_20pct_hdd,100,43,1000000,5000,1.0,health_ec,15.0,9,450000,500000,80,recovery,90,mild_slow,10,12.9,25.5,36.5,203747,1.9,3747,3747,2690,11,11,0
stress_20pct,threshold_d6_a005,threshold_alpha,6,0.05,0,0,0,dynamic_stress_100d_20pct_hdd,100,43,1000000,5000,1.0,health_ec,15.0,10,500000,550000,80,recovery,90,mild_slow,10,12.9,24.7,35.1,203448,1.7,3448,3448,2609,0,0,0
stress_20pct,threshold_d6_a005,threshold_alpha,6,0.05,0,0,0,dynamic_stress_100d_20pct_hdd,100,43,1000000,5000,1.0,health_ec,15.0,11,550000,600000,80,healthy,90,severe_slow,10,12.7,52.1,76.8,203109,1.6,3109,3109,2449,10,10,0
stress_20pct,threshold_d6_a005,threshold_alpha,6,0.05,0,0,0,dynamic_stress_100d_20pct_hdd,100,43,1000000,5000,1.0,health_ec,15.0,12,600000,650000,80,healthy,90,severe_slow,10,12.7,49.3,74.7,202964,1.5,2964,2964,2415,2,2,0
stress_20pct,threshold_d6_a005,threshold_alpha,6,0.05,0,0,0,dynamic_stress_100d_20pct_hdd,100,43,1000000,5000,1.0,health_ec,15.0,13,650000,700000,80,healthy,90,severe_slow,10,12.7,48.1,73.6,202905,1.5,2905,2905,2346,0,0,0
stress_20pct,threshold_d6_a005,threshold_alpha,6,0.05,0,0,0,dynamic_stress_100d_20pct_hdd,100,43,1000000,5000,1.0,health_ec,15.0,14,700000,750000,80,mild_slow,90,recovery,10,12.8,23.1,35.8,203233,1.6,3233,3233,2770,0,0,0
stress_20pct,threshold_d6_a005,threshold_alpha,6,0.05,0,0,0,dynamic_stress_100d_20pct_hdd,100,43,1000000,5000,1.0,health_ec,15.0,15,750000,800000,80,recovery,90,recovery,0,12.8,18.3,22.2,202609,1.3,2609,2609,2169,0,0,0
stress_20pct,threshold_d6_a005,threshold_alpha,6,0.05,0,0,0,dynamic_stress_100d_20pct_hdd,100,43,1000000,5000,1.0,health_ec,15.0,16,800000,850000,80,healthy,90,healthy,0,12.4,16.8,18.8,201081,0.5,1081,1081,871,0,0,0
stress_20pct,threshold_d6_a005,threshold_alpha,6,0.05,0,0,0,dynamic_stress_100d_20pct_hdd,100,43,1000000,5000,1.0,health_ec,15.0,17,850000,900000,80,healthy,90,healthy,0,12.5,16.8,18.8,200339,0.2,339,339,269,0,0,0
stress_20pct,threshold_d6_a005,threshold_alpha,6,0.05,0,0,0,dynamic_stress_100d_20pct_hdd,100,43,1000000,5000,1.0,health_ec,15.0,18,900000,950000,80,healthy,90,healthy,0,12.5,16.8,18.8,200099,0.0,99,99,75,0,0,0
stress_20pct,threshold_d6_a005,threshold_alpha,6,0.05,0,0,0,dynamic_stress_100d_20pct_hdd,100,43,1000000,5000,1.0,health_ec,15.0,19,950000,1000000,80,healthy,90,healthy,0,12.5,16.8,18.7,200032,0.0,32,32,27,0,0,0
stress_20pct,threshold_d8_a005,threshold_alpha,8,0.05,0,0,0,dynamic_stress_100d_20pct_hdd,100,43,1000000,5000,1.0,health_ec,15.0,0,0,50000,80,healthy,90,healthy,0,12.5,16.8,18.8,200000,0.0,0,0,0,0,0,0
stress_20pct,threshold_d8_a005,threshold_alpha,8,0.05,0,0,0,dynamic_stress_100d_20pct_hdd,100,43,1000000,5000,1.0,health_ec,15.0,1,50000,100000,80,healthy,90,healthy,0,12.5,16.8,18.9,200000,0.0,0,0,0,0,0,0
stress_20pct,threshold_d8_a005,threshold_alpha,8,0.05,0,0,0,dynamic_stress_100d_20pct_hdd,100,43,1000000,5000,1.0,health_ec,15.0,2,100000,150000,80,healthy,90,healthy,0,12.5,16.8,18.8,200000,0.0,0,0,0,0,0,0
stress_20pct,threshold_d8_a005,threshold_alpha,8,0.05,0,0,0,dynamic_stress_100d_20pct_hdd,100,43,1000000,5000,1.0,health_ec,15.0,3,150000,200000,80,mild_slow,90,healthy,10,12.7,26.6,36.5,202064,1.0,2064,2064,1607,8,8,0
stress_20pct,threshold_d8_a005,threshold_alpha,8,0.05,0,0,0,dynamic_stress_100d_20pct_hdd,100,43,1000000,5000,1.0,health_ec,15.0,4,200000,250000,80,mild_slow,90,healthy,10,12.8,24.2,34.6,202410,1.2,2410,2410,1914,1,1,0
stress_20pct,threshold_d8_a005,threshold_alpha,8,0.05,0,0,0,dynamic_stress_100d_20pct_hdd,100,43,1000000,5000,1.0,health_ec,15.0,5,250000,300000,80,mild_slow,90,healthy,10,12.7,23.7,34.6,202185,1.1,2185,2185,1841,2,2,0
stress_20pct,threshold_d8_a005,threshold_alpha,8,0.05,0,0,0,dynamic_stress_100d_20pct_hdd,100,43,1000000,5000,1.0,health_ec,15.0,6,300000,350000,80,severe_slow,90,healthy,10,12.7,52.1,77.4,202674,1.3,2674,2674,2212,3,3,0
stress_20pct,threshold_d8_a005,threshold_alpha,8,0.05,0,0,0,dynamic_stress_100d_20pct_hdd,100,43,1000000,5000,1.0,health_ec,15.0,7,350000,400000,80,severe_slow,90,healthy,10,12.7,51.2,75.4,202958,1.5,2958,2958,2423,1,1,0
stress_20pct,threshold_d8_a005,threshold_alpha,8,0.05,0,0,0,dynamic_stress_100d_20pct_hdd,100,43,1000000,5000,1.0,health_ec,15.0,8,400000,450000,80,severe_slow,90,healthy,10,12.7,50.2,74.0,203016,1.5,3016,3016,2454,0,0,0
stress_20pct,threshold_d8_a005,threshold_alpha,8,0.05,0,0,0,dynamic_stress_100d_20pct_hdd,100,43,1000000,5000,1.0,health_ec,15.0,9,450000,500000,80,recovery,90,mild_slow,10,12.9,26.2,36.6,204031,2.0,4031,4031,2915,9,9,0
stress_20pct,threshold_d8_a005,threshold_alpha,8,0.05,0,0,0,dynamic_stress_100d_20pct_hdd,100,43,1000000,5000,1.0,health_ec,15.0,10,500000,550000,80,recovery,90,mild_slow,10,12.9,25.3,35.2,203875,1.9,3875,3875,2870,0,0,0
stress_20pct,threshold_d8_a005,threshold_alpha,8,0.05,0,0,0,dynamic_stress_100d_20pct_hdd,100,43,1000000,5000,1.0,health_ec,15.0,11,550000,600000,80,healthy,90,severe_slow,10,12.7,54.0,77.3,203382,1.7,3382,3382,2646,5,5,0
stress_20pct,threshold_d8_a005,threshold_alpha,8,0.05,0,0,0,dynamic_stress_100d_20pct_hdd,100,43,1000000,5000,1.0,health_ec,15.0,12,600000,650000,80,healthy,90,severe_slow,10,12.7,51.9,75.2,203177,1.6,3177,3177,2652,4,4,0
stress_20pct,threshold_d8_a005,threshold_alpha,8,0.05,0,0,0,dynamic_stress_100d_20pct_hdd,100,43,1000000,5000,1.0,health_ec,15.0,13,650000,700000,80,healthy,90,severe_slow,10,12.7,50.6,74.0,203065,1.5,3065,3065,2505,0,0,0
stress_20pct,threshold_d8_a005,threshold_alpha,8,0.05,0,0,0,dynamic_stress_100d_20pct_hdd,100,43,1000000,5000,1.0,health_ec,15.0,14,700000,750000,80,mild_slow,90,recovery,10,12.9,23.8,35.9,203539,1.8,3539,3539,2993,0,0,0
stress_20pct,threshold_d8_a005,threshold_alpha,8,0.05,0,0,0,dynamic_stress_100d_20pct_hdd,100,43,1000000,5000,1.0,health_ec,15.0,15,750000,800000,80,recovery,90,recovery,0,12.8,18.4,22.3,202800,1.4,2800,2800,2308,0,0,0
stress_20pct,threshold_d8_a005,threshold_alpha,8,0.05,0,0,0,dynamic_stress_100d_20pct_hdd,100,43,1000000,5000,1.0,health_ec,15.0,16,800000,850000,80,healthy,90,healthy,0,12.4,16.8,18.8,201084,0.5,1084,1084,871,0,0,0
stress_20pct,threshold_d8_a005,threshold_alpha,8,0.05,0,0,0,dynamic_stress_100d_20pct_hdd,100,43,1000000,5000,1.0,health_ec,15.0,17,850000,900000,80,healthy,90,healthy,0,12.5,16.8,18.8,200344,0.2,344,344,272,0,0,0
stress_20pct,threshold_d8_a005,threshold_alpha,8,0.05,0,0,0,dynamic_stress_100d_20pct_hdd,100,43,1000000,5000,1.0,health_ec,15.0,18,900000,950000,80,healthy,90,healthy,0,12.5,16.8,18.8,200099,0.0,99,99,74,0,0,0
stress_20pct,threshold_d8_a005,threshold_alpha,8,0.05,0,0,0,dynamic_stress_100d_20pct_hdd,100,43,1000000,5000,1.0,health_ec,15.0,19,950000,1000000,80,healthy,90,healthy,0,12.5,16.8,18.7,200031,0.0,31,31,26,0,0,0
stress_20pct,threshold_d2_a010,threshold_alpha,2,0.1,0,0,0,dynamic_stress_100d_20pct_hdd,100,43,1000000,5000,1.0,health_ec,15.0,0,0,50000,80,healthy,90,healthy,0,12.5,16.8,18.8,200000,0.0,0,0,0,0,0,0
stress_20pct,threshold_d2_a010,threshold_alpha,2,0.1,0,0,0,dynamic_stress_100d_20pct_hdd,100,43,1000000,5000,1.0,health_ec,15.0,1,50000,100000,80,healthy,90,healthy,0,12.5,16.8,18.9,200000,0.0,0,0,0,0,0,0
stress_20pct,threshold_d2_a010,threshold_alpha,2,0.1,0,0,0,dynamic_stress_100d_20pct_hdd,100,43,1000000,5000,1.0,health_ec,15.0,2,100000,150000,80,healthy,90,healthy,0,12.5,16.8,18.8,200000,0.0,0,0,0,0,0,0
stress_20pct,threshold_d2_a010,threshold_alpha,2,0.1,0,0,0,dynamic_stress_100d_20pct_hdd,100,43,1000000,5000,1.0,health_ec,15.0,3,150000,200000,80,mild_slow,90,healthy,10,12.7,23.9,36.4,200859,0.4,859,859,683,33,33,0
stress_20pct,threshold_d2_a010,threshold_alpha,2,0.1,0,0,0,dynamic_stress_100d_20pct_hdd,100,43,1000000,5000,1.0,health_ec,15.0,4,200000,250000,80,mild_slow,90,healthy,10,12.7,20.2,34.1,201301,0.7,1301,1301,1052,9,9,0
stress_20pct,threshold_d2_a010,threshold_alpha,2,0.1,0,0,0,dynamic_stress_100d_20pct_hdd,100,43,1000000,5000,1.0,health_ec,15.0,5,250000,300000,80,mild_slow,90,healthy,10,12.6,19.8,33.8,201497,0.7,1497,1497,1221,3,3,0
stress_20pct,threshold_d2_a010,threshold_alpha,2,0.1,0,0,0,dynamic_stress_100d_20pct_hdd,100,43,1000000,5000,1.0,health_ec,15.0,6,300000,350000,80,severe_slow,90,healthy,10,12.6,21.2,74.7,201870,0.9,1870,1870,1504,17,17,0
stress_20pct,threshold_d2_a010,threshold_alpha,2,0.1,0,0,0,dynamic_stress_100d_20pct_hdd,100,43,1000000,5000,1.0,health_ec,15.0,7,350000,400000,80,severe_slow,90,healthy,10,12.7,19.7,73.1,201956,1.0,1956,1956,1616,3,3,0
stress_20pct,threshold_d2_a010,threshold_alpha,2,0.1,0,0,0,dynamic_stress_100d_20pct_hdd,100,43,1000000,5000,1.0,health_ec,15.0,8,400000,450000,80,severe_slow,90,healthy,10,12.6,19.5,71.3,202048,1.0,2048,2048,1683,2,2,0
stress_20pct,threshold_d2_a010,threshold_alpha,2,0.1,0,0,0,dynamic_stress_100d_20pct_hdd,100,43,1000000,5000,1.0,health_ec,15.0,9,450000,500000,80,recovery,90,mild_slow,10,12.8,24.2,36.6,202724,1.4,2724,2724,1924,35,35,0
stress_20pct,threshold_d2_a010,threshold_alpha,2,0.1,0,0,0,dynamic_stress_100d_20pct_hdd,100,43,1000000,5000,1.0,health_ec,15.0,10,500000,550000,80,recovery,90,mild_slow,10,12.8,22.2,34.7,202587,1.3,2587,2587,1839,3,3,0
stress_20pct,threshold_d2_a010,threshold_alpha,2,0.1,0,0,0,dynamic_stress_100d_20pct_hdd,100,43,1000000,5000,1.0,health_ec,15.0,11,550000,600000,80,healthy,90,severe_slow,10,12.7,27.8,75.5,202352,1.2,2352,2352,1809,25,21,0
stress_20pct,threshold_d2_a010,threshold_alpha,2,0.1,0,0,0,dynamic_stress_100d_20pct_hdd,100,43,1000000,5000,1.0,health_ec,15.0,12,600000,650000,80,healthy,90,severe_slow,10,12.6,20.0,72.3,202203,1.1,2203,2203,1810,9,9,0
stress_20pct,threshold_d2_a010,threshold_alpha,2,0.1,0,0,0,dynamic_stress_100d_20pct_hdd,100,43,1000000,5000,1.0,health_ec,15.0,13,650000,700000,80,healthy,90,severe_slow,10,12.7,19.7,71.5,202163,1.1,2163,2163,1733,3,3,0
stress_20pct,threshold_d2_a010,threshold_alpha,2,0.1,0,0,0,dynamic_stress_100d_20pct_hdd,100,43,1000000,5000,1.0,health_ec,15.0,14,700000,750000,80,mild_slow,90,recovery,10,12.7,19.9,34.9,202378,1.2,2378,2378,2032,1,1,0
stress_20pct,threshold_d2_a010,threshold_alpha,2,0.1,0,0,0,dynamic_stress_100d_20pct_hdd,100,43,1000000,5000,1.0,health_ec,15.0,15,750000,800000,80,recovery,90,recovery,0,12.7,17.9,21.5,202042,1.0,2042,2042,1697,0,0,0
stress_20pct,threshold_d2_a010,threshold_alpha,2,0.1,0,0,0,dynamic_stress_100d_20pct_hdd,100,43,1000000,5000,1.0,health_ec,15.0,16,800000,850000,80,healthy,90,healthy,0,12.4,16.8,18.8,201058,0.5,1058,1058,847,0,0,0
stress_20pct,threshold_d2_a010,threshold_alpha,2,0.1,0,0,0,dynamic_stress_100d_20pct_hdd,100,43,1000000,5000,1.0,health_ec,15.0,17,850000,900000,80,healthy,90,healthy,0,12.5,16.8,18.8,200334,0.2,334,334,262,0,0,0
stress_20pct,threshold_d2_a010,threshold_alpha,2,0.1,0,0,0,dynamic_stress_100d_20pct_hdd,100,43,1000000,5000,1.0,health_ec,15.0,18,900000,950000,80,healthy,90,healthy,0,12.5,16.8,18.9,200103,0.1,103,103,78,0,0,0
stress_20pct,threshold_d2_a010,threshold_alpha,2,0.1,0,0,0,dynamic_stress_100d_20pct_hdd,100,43,1000000,5000,1.0,health_ec,15.0,19,950000,1000000,80,healthy,90,healthy,0,12.5,16.8,18.8,200030,0.0,30,30,26,0,0,0
stress_20pct,threshold_d4_a010,threshold_alpha,4,0.1,0,0,0,dynamic_stress_100d_20pct_hdd,100,43,1000000,5000,1.0,health_ec,15.0,0,0,50000,80,healthy,90,healthy,0,12.5,16.8,18.8,200000,0.0,0,0,0,0,0,0
stress_20pct,threshold_d4_a010,threshold_alpha,4,0.1,0,0,0,dynamic_stress_100d_20pct_hdd,100,43,1000000,5000,1.0,health_ec,15.0,1,50000,100000,80,healthy,90,healthy,0,12.5,16.8,18.9,200000,0.0,0,0,0,0,0,0
stress_20pct,threshold_d4_a010,threshold_alpha,4,0.1,0,0,0,dynamic_stress_100d_20pct_hdd,100,43,1000000,5000,1.0,health_ec,15.0,2,100000,150000,80,healthy,90,healthy,0,12.5,16.8,18.8,200000,0.0,0,0,0,0,0,0
stress_20pct,threshold_d4_a010,threshold_alpha,4,0.1,0,0,0,dynamic_stress_100d_20pct_hdd,100,43,1000000,5000,1.0,health_ec,15.0,3,150000,200000,80,mild_slow,90,healthy,10,12.7,24.8,36.4,201073,0.5,1073,1073,871,19,19,0
stress_20pct,threshold_d4_a010,threshold_alpha,4,0.1,0,0,0,dynamic_stress_100d_20pct_hdd,100,43,1000000,5000,1.0,health_ec,15.0,4,200000,250000,80,mild_slow,90,healthy,10,12.7,21.6,34.3,201681,0.8,1681,1681,1393,3,3,0
stress_20pct,threshold_d4_a010,threshold_alpha,4,0.1,0,0,0,dynamic_stress_100d_20pct_hdd,100,43,1000000,5000,1.0,health_ec,15.0,5,250000,300000,80,mild_slow,90,healthy,10,12.7,21.7,34.3,201800,0.9,1800,1800,1490,1,1,0
stress_20pct,threshold_d4_a010,threshold_alpha,4,0.1,0,0,0,dynamic_stress_100d_20pct_hdd,100,43,1000000,5000,1.0,health_ec,15.0,6,300000,350000,80,severe_slow,90,healthy,10,12.7,45.3,76.0,202269,1.1,2269,2269,1834,9,9,0
stress_20pct,threshold_d4_a010,threshold_alpha,4,0.1,0,0,0,dynamic_stress_100d_20pct_hdd,100,43,1000000,5000,1.0,health_ec,15.0,7,350000,400000,80,severe_slow,90,healthy,10,12.7,40.8,74.1,202378,1.2,2378,2378,1970,4,4,0
stress_20pct,threshold_d4_a010,threshold_alpha,4,0.1,0,0,0,dynamic_stress_100d_20pct_hdd,100,43,1000000,5000,1.0,health_ec,15.0,8,400000,450000,80,severe_slow,90,healthy,10,12.6,34.1,72.6,202380,1.2,2380,2380,1969,0,0,0
stress_20pct,threshold_d4_a010,threshold_alpha,4,0.1,0,0,0,dynamic_stress_100d_20pct_hdd,100,43,1000000,5000,1.0,health_ec,15.0,9,450000,500000,80,recovery,90,mild_slow,10,12.8,25.0,36.5,203395,1.7,3395,3395,2430,19,19,0
stress_20pct,threshold_d4_a010,threshold_alpha,4,0.1,0,0,0,dynamic_stress_100d_20pct_hdd,100,43,1000000,5000,1.0,health_ec,15.0,10,500000,550000,80,recovery,90,mild_slow,10,12.8,23.7,34.9,203123,1.6,3123,3123,2314,5,5,0
stress_20pct,threshold_d4_a010,threshold_alpha,4,0.1,0,0,0,dynamic_stress_100d_20pct_hdd,100,43,1000000,5000,1.0,health_ec,15.0,11,550000,600000,80,healthy,90,severe_slow,10,12.7,48.1,76.0,202847,1.4,2847,2847,2185,10,9,0
stress_20pct,threshold_d4_a010,threshold_alpha,4,0.1,0,0,0,dynamic_stress_100d_20pct_hdd,100,43,1000000,5000,1.0,health_ec,15.0,12,600000,650000,80,healthy,90,severe_slow,10,12.7,45.6,74.3,202731,1.4,2731,2731,2223,4,4,0
stress_20pct,threshold_d4_a010,threshold_alpha,4,0.1,0,0,0,dynamic_stress_100d_20pct_hdd,100,43,1000000,5000,1.0,health_ec,15.0,13,650000,700000,80,healthy,90,severe_slow,10,12.7,42.3,73.1,202656,1.3,2656,2656,2163,2,2,0
stress_20pct,threshold_d4_a010,threshold_alpha,4,0.1,0,0,0,dynamic_stress_100d_20pct_hdd,100,43,1000000,5000,1.0,health_ec,15.0,14,700000,750000,80,mild_slow,90,recovery,10,12.8,21.4,35.4,202935,1.5,2935,2935,2526,1,1,0
stress_20pct,threshold_d4_a010,threshold_alpha,4,0.1,0,0,0,dynamic_stress_100d_20pct_hdd,100,43,1000000,5000,1.0,health_ec,15.0,15,750000,800000,80,recovery,90,recovery,0,12.7,18.1,22.0,202416,1.2,2416,2416,2019,0,0,0
stress_20pct,threshold_d4_a010,threshold_alpha,4,0.1,0,0,0,dynamic_stress_100d_20pct_hdd,100,43,1000000,5000,1.0,health_ec,15.0,16,800000,850000,80,healthy,90,healthy,0,12.4,16.8,18.8,201092,0.5,1092,1092,876,0,0,0
stress_20pct,threshold_d4_a010,threshold_alpha,4,0.1,0,0,0,dynamic_stress_100d_20pct_hdd,100,43,1000000,5000,1.0,health_ec,15.0,17,850000,900000,80,healthy,90,healthy,0,12.5,16.8,18.8,200330,0.2,330,330,258,0,0,0
stress_20pct,threshold_d4_a010,threshold_alpha,4,0.1,0,0,0,dynamic_stress_100d_20pct_hdd,100,43,1000000,5000,1.0,health_ec,15.0,18,900000,950000,80,healthy,90,healthy,0,12.5,16.8,18.8,200098,0.0,98,98,75,0,0,0
stress_20pct,threshold_d4_a010,threshold_alpha,4,0.1,0,0,0,dynamic_stress_100d_20pct_hdd,100,43,1000000,5000,1.0,health_ec,15.0,19,950000,1000000,80,healthy,90,healthy,0,12.5,16.8,18.7,200030,0.0,30,30,25,0,0,0
stress_20pct,threshold_d6_a010,threshold_alpha,6,0.1,0,0,0,dynamic_stress_100d_20pct_hdd,100,43,1000000,5000,1.0,health_ec,15.0,0,0,50000,80,healthy,90,healthy,0,12.5,16.8,18.8,200000,0.0,0,0,0,0,0,0
stress_20pct,threshold_d6_a010,threshold_alpha,6,0.1,0,0,0,dynamic_stress_100d_20pct_hdd,100,43,1000000,5000,1.0,health_ec,15.0,1,50000,100000,80,healthy,90,healthy,0,12.5,16.8,18.9,200000,0.0,0,0,0,0,0,0
stress_20pct,threshold_d6_a010,threshold_alpha,6,0.1,0,0,0,dynamic_stress_100d_20pct_hdd,100,43,1000000,5000,1.0,health_ec,15.0,2,100000,150000,80,healthy,90,healthy,0,12.5,16.8,18.8,200000,0.0,0,0,0,0,0,0
stress_20pct,threshold_d6_a010,threshold_alpha,6,0.1,0,0,0,dynamic_stress_100d_20pct_hdd,100,43,1000000,5000,1.0,health_ec,15.0,3,150000,200000,80,mild_slow,90,healthy,10,12.7,25.4,36.4,201259,0.6,1259,1259,1002,13,13,0
stress_20pct,threshold_d6_a010,threshold_alpha,6,0.1,0,0,0,dynamic_stress_100d_20pct_hdd,100,43,1000000,5000,1.0,health_ec,15.0,4,200000,250000,80,mild_slow,90,healthy,10,12.7,22.9,34.3,201892,0.9,1892,1892,1568,1,1,0
stress_20pct,threshold_d6_a010,threshold_alpha,6,0.1,0,0,0,dynamic_stress_100d_20pct_hdd,100,43,1000000,5000,1.0,health_ec,15.0,5,250000,300000,80,mild_slow,90,healthy,10,12.7,22.8,34.4,202032,1.0,2032,2032,1669,1,1,0
stress_20pct,threshold_d6_a010,threshold_alpha,6,0.1,0,0,0,dynamic_stress_100d_20pct_hdd,100,43,1000000,5000,1.0,health_ec,15.0,6,300000,350000,80,severe_slow,90,healthy,10,12.7,49.4,76.8,202439,1.2,2439,2439,2016,5,5,0
stress_20pct,threshold_d6_a010,threshold_alpha,6,0.1,0,0,0,dynamic_stress_100d_20pct_hdd,100,43,1000000,5000,1.0,health_ec,15.0,7,350000,400000,80,severe_slow,90,healthy,10,12.7,49.1,75.0,202726,1.4,2726,2726,2270,1,1,0
stress_20pct,threshold_d6_a010,threshold_alpha,6,0.1,0,0,0,dynamic_stress_100d_20pct_hdd,100,43,1000000,5000,1.0,health_ec,15.0,8,400000,450000,80,severe_slow,90,healthy,10,12.7,47.1,73.7,202759,1.4,2759,2759,2283,0,0,0
stress_20pct,threshold_d6_a010,threshold_alpha,6,0.1,0,0,0,dynamic_stress_100d_20pct_hdd,100,43,1000000,5000,1.0,health_ec,15.0,9,450000,500000,80,recovery,90,mild_slow,10,12.9,25.1,36.4,203517,1.8,3517,3517,2557,10,10,0
stress_20pct,threshold_d6_a010,threshold_alpha,6,0.1,0,0,0,dynamic_stress_100d_20pct_hdd,100,43,1000000,5000,1.0,health_ec,15.0,10,500000,550000,80,recovery,90,mild_slow,10,12.9,24.5,35.0,203424,1.7,3424,3424,2624,2,2,0
stress_20pct,threshold_d6_a010,threshold_alpha,6,0.1,0,0,0,dynamic_stress_100d_20pct_hdd,100,43,1000000,5000,1.0,health_ec,15.0,11,550000,600000,80,healthy,90,severe_slow,10,12.7,51.1,76.6,203021,1.5,3021,3021,2376,11,10,0
stress_20pct,threshold_d6_a010,threshold_alpha,6,0.1,0,0,0,dynamic_stress_100d_20pct_hdd,100,43,1000000,5000,1.0,health_ec,15.0,12,600000,650000,80,healthy,90,severe_slow,10,12.7,48.2,74.5,202832,1.4,2832,2832,2339,2,2,0
stress_20pct,threshold_d6_a010,threshold_alpha,6,0.1,0,0,0,dynamic_stress_100d_20pct_hdd,100,43,1000000,5000,1.0,health_ec,15.0,13,650000,700000,80,healthy,90,severe_slow,10,12.7,45.3,73.4,202734,1.4,2734,2734,2241,1,1,0
stress_20pct,threshold_d6_a010,threshold_alpha,6,0.1,0,0,0,dynamic_stress_100d_20pct_hdd,100,43,1000000,5000,1.0,health_ec,15.0,14,700000,750000,80,mild_slow,90,recovery,10,12.8,23.0,35.7,203170,1.6,3170,3170,2722,0,0,0
stress_20pct,threshold_d6_a010,threshold_alpha,6,0.1,0,0,0,dynamic_stress_100d_20pct_hdd,100,43,1000000,5000,1.0,health_ec,15.0,15,750000,800000,80,recovery,90,recovery,0,12.8,18.3,22.2,202565,1.3,2565,2565,2145,0,0,0
stress_20pct,threshold_d6_a010,threshold_alpha,6,0.1,0,0,0,dynamic_stress_100d_20pct_hdd,100,43,1000000,5000,1.0,health_ec,15.0,16,800000,850000,80,healthy,90,healthy,0,12.4,16.8,18.8,201106,0.6,1106,1106,884,0,0,0
stress_20pct,threshold_d6_a010,threshold_alpha,6,0.1,0,0,0,dynamic_stress_100d_20pct_hdd,100,43,1000000,5000,1.0,health_ec,15.0,17,850000,900000,80,healthy,90,healthy,0,12.5,16.8,18.8,200343,0.2,343,343,270,0,0,0
stress_20pct,threshold_d6_a010,threshold_alpha,6,0.1,0,0,0,dynamic_stress_100d_20pct_hdd,100,43,1000000,5000,1.0,health_ec,15.0,18,900000,950000,80,healthy,90,healthy,0,12.5,16.8,18.8,200099,0.0,99,99,76,0,0,0
stress_20pct,threshold_d6_a010,threshold_alpha,6,0.1,0,0,0,dynamic_stress_100d_20pct_hdd,100,43,1000000,5000,1.0,health_ec,15.0,19,950000,1000000,80,healthy,90,healthy,0,12.5,16.8,18.7,200032,0.0,32,32,27,0,0,0
stress_20pct,threshold_d8_a010,threshold_alpha,8,0.1,0,0,0,dynamic_stress_100d_20pct_hdd,100,43,1000000,5000,1.0,health_ec,15.0,0,0,50000,80,healthy,90,healthy,0,12.5,16.8,18.8,200000,0.0,0,0,0,0,0,0
stress_20pct,threshold_d8_a010,threshold_alpha,8,0.1,0,0,0,dynamic_stress_100d_20pct_hdd,100,43,1000000,5000,1.0,health_ec,15.0,1,50000,100000,80,healthy,90,healthy,0,12.5,16.8,18.9,200000,0.0,0,0,0,0,0,0
stress_20pct,threshold_d8_a010,threshold_alpha,8,0.1,0,0,0,dynamic_stress_100d_20pct_hdd,100,43,1000000,5000,1.0,health_ec,15.0,2,100000,150000,80,healthy,90,healthy,0,12.5,16.8,18.8,200000,0.0,0,0,0,0,0,0
stress_20pct,threshold_d8_a010,threshold_alpha,8,0.1,0,0,0,dynamic_stress_100d_20pct_hdd,100,43,1000000,5000,1.0,health_ec,15.0,3,150000,200000,80,mild_slow,90,healthy,10,12.7,25.6,36.5,201409,0.7,1409,1409,1139,12,12,0
stress_20pct,threshold_d8_a010,threshold_alpha,8,0.1,0,0,0,dynamic_stress_100d_20pct_hdd,100,43,1000000,5000,1.0,health_ec,15.0,4,200000,250000,80,mild_slow,90,healthy,10,12.7,23.3,34.5,201892,0.9,1892,1892,1589,0,0,0
stress_20pct,threshold_d8_a010,threshold_alpha,8,0.1,0,0,0,dynamic_stress_100d_20pct_hdd,100,43,1000000,5000,1.0,health_ec,15.0,5,250000,300000,80,mild_slow,90,healthy,10,12.7,23.4,34.6,202036,1.0,2036,2036,1715,0,0,0
stress_20pct,threshold_d8_a010,threshold_alpha,8,0.1,0,0,0,dynamic_stress_100d_20pct_hdd,100,43,1000000,5000,1.0,health_ec,15.0,6,300000,350000,80,severe_slow,90,healthy,10,12.7,50.7,77.0,202525,1.3,2525,2525,2095,4,4,0
stress_20pct,threshold_d8_a010,threshold_alpha,8,0.1,0,0,0,dynamic_stress_100d_20pct_hdd,100,43,1000000,5000,1.0,health_ec,15.0,7,350000,400000,80,severe_slow,90,healthy,10,12.7,50.1,75.2,202778,1.4,2778,2778,2324,0,0,0
stress_20pct,threshold_d8_a010,threshold_alpha,8,0.1,0,0,0,dynamic_stress_100d_20pct_hdd,100,43,1000000,5000,1.0,health_ec,15.0,8,400000,450000,80,severe_slow,90,healthy,10,12.7,49.1,74.0,202836,1.4,2836,2836,2372,0,0,0
stress_20pct,threshold_d8_a010,threshold_alpha,8,0.1,0,0,0,dynamic_stress_100d_20pct_hdd,100,43,1000000,5000,1.0,health_ec,15.0,9,450000,500000,80,recovery,90,mild_slow,10,12.9,25.3,36.5,203683,1.8,3683,3683,2633,10,10,0
stress_20pct,threshold_d8_a010,threshold_alpha,8,0.1,0,0,0,dynamic_stress_100d_20pct_hdd,100,43,1000000,5000,1.0,health_ec,15.0,10,500000,550000,80,recovery,90,mild_slow,10,12.9,24.6,35.0,203422,1.7,3422,3422,2584,0,0,0
stress_20pct,threshold_d8_a010,threshold_alpha,8,0.1,0,0,0,dynamic_stress_100d_20pct_hdd,100,43,1000000,5000,1.0,health_ec,15.0,11,550000,600000,80,healthy,90,severe_slow,10,12.7,52.3,76.8,203115,1.6,3115,3115,2475,8,8,0
stress_20pct,threshold_d8_a010,threshold_alpha,8,0.1,0,0,0,dynamic_stress_100d_20pct_hdd,100,43,1000000,5000,1.0,health_ec,15.0,12,600000,650000,80,healthy,90,severe_slow,10,12.7,50.1,74.9,202994,1.5,2994,2994,2510,0,0,0
stress_20pct,threshold_d8_a010,threshold_alpha,8,0.1,0,0,0,dynamic_stress_100d_20pct_hdd,100,43,1000000,5000,1.0,health_ec,15.0,13,650000,700000,80,healthy,90,severe_slow,10,12.7,48.9,73.8,202903,1.5,2903,2903,2394,0,0,0
stress_20pct,threshold_d8_a010,threshold_alpha,8,0.1,0,0,0,dynamic_stress_100d_20pct_hdd,100,43,1000000,5000,1.0,health_ec,15.0,14,700000,750000,80,mild_slow,90,recovery,10,12.8,23.4,35.9,203340,1.7,3340,3340,2880,0,0,0
stress_20pct,threshold_d8_a010,threshold_alpha,8,0.1,0,0,0,dynamic_stress_100d_20pct_hdd,100,43,1000000,5000,1.0,health_ec,15.0,15,750000,800000,80,recovery,90,recovery,0,12.8,18.4,22.3,202678,1.3,2678,2678,2218,0,0,0
stress_20pct,threshold_d8_a010,threshold_alpha,8,0.1,0,0,0,dynamic_stress_100d_20pct_hdd,100,43,1000000,5000,1.0,health_ec,15.0,16,800000,850000,80,healthy,90,healthy,0,12.4,16.8,18.8,201085,0.5,1085,1085,872,0,0,0
stress_20pct,threshold_d8_a010,threshold_alpha,8,0.1,0,0,0,dynamic_stress_100d_20pct_hdd,100,43,1000000,5000,1.0,health_ec,15.0,17,850000,900000,80,healthy,90,healthy,0,12.5,16.8,18.8,200338,0.2,338,338,267,0,0,0
stress_20pct,threshold_d8_a010,threshold_alpha,8,0.1,0,0,0,dynamic_stress_100d_20pct_hdd,100,43,1000000,5000,1.0,health_ec,15.0,18,900000,950000,80,healthy,90,healthy,0,12.5,16.8,18.9,200099,0.0,99,99,75,0,0,0
stress_20pct,threshold_d8_a010,threshold_alpha,8,0.1,0,0,0,dynamic_stress_100d_20pct_hdd,100,43,1000000,5000,1.0,health_ec,15.0,19,950000,1000000,80,healthy,90,healthy,0,12.5,16.8,18.7,200032,0.0,32,32,27,0,0,0
stress_20pct,evidence_w2_d4,window_evidence,4,0.1,2,0,0,dynamic_stress_100d_20pct_hdd,100,43,1000000,5000,1.0,health_ec,15.0,0,0,50000,80,healthy,90,healthy,0,12.5,16.8,18.8,200000,0.0,0,0,0,0,0,0
stress_20pct,evidence_w2_d4,window_evidence,4,0.1,2,0,0,dynamic_stress_100d_20pct_hdd,100,43,1000000,5000,1.0,health_ec,15.0,1,50000,100000,80,healthy,90,healthy,0,12.5,16.8,18.9,200000,0.0,0,0,0,0,0,0
stress_20pct,evidence_w2_d4,window_evidence,4,0.1,2,0,0,dynamic_stress_100d_20pct_hdd,100,43,1000000,5000,1.0,health_ec,15.0,2,100000,150000,80,healthy,90,healthy,0,12.5,16.8,18.8,200000,0.0,0,0,0,0,0,0
stress_20pct,evidence_w2_d4,window_evidence,4,0.1,2,0,0,dynamic_stress_100d_20pct_hdd,100,43,1000000,5000,1.0,health_ec,15.0,3,150000,200000,80,mild_slow,90,healthy,10,12.8,27.3,36.7,202115,1.1,2115,2115,1746,0,0,0
stress_20pct,evidence_w2_d4,window_evidence,4,0.1,2,0,0,dynamic_stress_100d_20pct_hdd,100,43,1000000,5000,1.0,health_ec,15.0,4,200000,250000,80,mild_slow,90,healthy,10,12.7,22.6,34.3,201869,0.9,1869,1869,1534,20,20,0
stress_20pct,evidence_w2_d4,window_evidence,4,0.1,2,0,0,dynamic_stress_100d_20pct_hdd,100,43,1000000,5000,1.0,health_ec,15.0,5,250000,300000,80,mild_slow,90,healthy,10,12.7,21.8,34.3,201808,0.9,1808,1808,1506,2,2,0
stress_20pct,evidence_w2_d4,window_evidence,4,0.1,2,0,0,dynamic_stress_100d_20pct_hdd,100,43,1000000,5000,1.0,health_ec,15.0,6,300000,350000,80,severe_slow,90,healthy,10,12.7,45.4,76.1,202271,1.1,2271,2271,1839,10,10,0
stress_20pct,evidence_w2_d4,window_evidence,4,0.1,2,0,0,dynamic_stress_100d_20pct_hdd,100,43,1000000,5000,1.0,health_ec,15.0,7,350000,400000,80,severe_slow,90,healthy,10,12.7,40.8,74.1,202378,1.2,2378,2378,1970,4,4,0
stress_20pct,evidence_w2_d4,window_evidence,4,0.1,2,0,0,dynamic_stress_100d_20pct_hdd,100,43,1000000,5000,1.0,health_ec,15.0,8,400000,450000,80,severe_slow,90,healthy,10,12.6,34.1,72.6,202380,1.2,2380,2380,1969,0,0,0
stress_20pct,evidence_w2_d4,window_evidence,4,0.1,2,0,0,dynamic_stress_100d_20pct_hdd,100,43,1000000,5000,1.0,health_ec,15.0,9,450000,500000,80,recovery,90,mild_slow,10,12.9,27.0,36.8,204330,2.2,4330,4330,3321,0,0,0
stress_20pct,evidence_w2_d4,window_evidence,4,0.1,2,0,0,dynamic_stress_100d_20pct_hdd,100,43,1000000,5000,1.0,health_ec,15.0,10,500000,550000,80,recovery,90,mild_slow,10,12.8,24.0,34.9,203135,1.6,3135,3135,2348,22,22,0
stress_20pct,evidence_w2_d4,window_evidence,4,0.1,2,0,0,dynamic_stress_100d_20pct_hdd,100,43,1000000,5000,1.0,health_ec,15.0,11,550000,600000,80,healthy,90,severe_slow,10,12.7,47.5,76.0,202802,1.4,2802,2802,2167,10,9,0
stress_20pct,evidence_w2_d4,window_evidence,4,0.1,2,0,0,dynamic_stress_100d_20pct_hdd,100,43,1000000,5000,1.0,health_ec,15.0,12,600000,650000,80,healthy,90,severe_slow,10,12.7,44.7,74.3,202688,1.3,2688,2688,2204,4,4,0
stress_20pct,evidence_w2_d4,window_evidence,4,0.1,2,0,0,dynamic_stress_100d_20pct_hdd,100,43,1000000,5000,1.0,health_ec,15.0,13,650000,700000,80,healthy,90,severe_slow,10,12.7,41.6,73.0,202622,1.3,2622,2622,2143,2,2,0
stress_20pct,evidence_w2_d4,window_evidence,4,0.1,2,0,0,dynamic_stress_100d_20pct_hdd,100,43,1000000,5000,1.0,health_ec,15.0,14,700000,750000,80,mild_slow,90,recovery,10,12.8,21.4,35.4,203018,1.5,3018,3018,2597,0,0,0
stress_20pct,evidence_w2_d4,window_evidence,4,0.1,2,0,0,dynamic_stress_100d_20pct_hdd,100,43,1000000,5000,1.0,health_ec,15.0,15,750000,800000,80,recovery,90,recovery,0,12.8,18.1,22.0,202451,1.2,2451,2451,2033,0,0,0
stress_20pct,evidence_w2_d4,window_evidence,4,0.1,2,0,0,dynamic_stress_100d_20pct_hdd,100,43,1000000,5000,1.0,health_ec,15.0,16,800000,850000,80,healthy,90,healthy,0,12.4,16.8,18.8,201083,0.5,1083,1083,871,0,0,0
stress_20pct,evidence_w2_d4,window_evidence,4,0.1,2,0,0,dynamic_stress_100d_20pct_hdd,100,43,1000000,5000,1.0,health_ec,15.0,17,850000,900000,80,healthy,90,healthy,0,12.5,16.8,18.8,200332,0.2,332,332,260,0,0,0
stress_20pct,evidence_w2_d4,window_evidence,4,0.1,2,0,0,dynamic_stress_100d_20pct_hdd,100,43,1000000,5000,1.0,health_ec,15.0,18,900000,950000,80,healthy,90,healthy,0,12.5,16.8,18.8,200099,0.0,99,99,77,0,0,0
stress_20pct,evidence_w2_d4,window_evidence,4,0.1,2,0,0,dynamic_stress_100d_20pct_hdd,100,43,1000000,5000,1.0,health_ec,15.0,19,950000,1000000,80,healthy,90,healthy,0,12.5,16.8,18.7,200031,0.0,31,31,25,0,0,0
stress_20pct,evidence_w2_d6,window_evidence,6,0.1,2,0,0,dynamic_stress_100d_20pct_hdd,100,43,1000000,5000,1.0,health_ec,15.0,0,0,50000,80,healthy,90,healthy,0,12.5,16.8,18.8,200000,0.0,0,0,0,0,0,0
stress_20pct,evidence_w2_d6,window_evidence,6,0.1,2,0,0,dynamic_stress_100d_20pct_hdd,100,43,1000000,5000,1.0,health_ec,15.0,1,50000,100000,80,healthy,90,healthy,0,12.5,16.8,18.9,200000,0.0,0,0,0,0,0,0
stress_20pct,evidence_w2_d6,window_evidence,6,0.1,2,0,0,dynamic_stress_100d_20pct_hdd,100,43,1000000,5000,1.0,health_ec,15.0,2,100000,150000,80,healthy,90,healthy,0,12.5,16.8,18.8,200000,0.0,0,0,0,0,0,0
stress_20pct,evidence_w2_d6,window_evidence,6,0.1,2,0,0,dynamic_stress_100d_20pct_hdd,100,43,1000000,5000,1.0,health_ec,15.0,3,150000,200000,80,mild_slow,90,healthy,10,12.8,27.3,36.7,202115,1.1,2115,2115,1746,0,0,0
stress_20pct,evidence_w2_d6,window_evidence,6,0.1,2,0,0,dynamic_stress_100d_20pct_hdd,100,43,1000000,5000,1.0,health_ec,15.0,4,200000,250000,80,mild_slow,90,healthy,10,12.7,23.4,34.4,202004,1.0,2004,2004,1660,13,13,0
stress_20pct,evidence_w2_d6,window_evidence,6,0.1,2,0,0,dynamic_stress_100d_20pct_hdd,100,43,1000000,5000,1.0,health_ec,15.0,5,250000,300000,80,mild_slow,90,healthy,10,12.7,23.1,34.4,202040,1.0,2040,2040,1700,1,1,0
stress_20pct,evidence_w2_d6,window_evidence,6,0.1,2,0,0,dynamic_stress_100d_20pct_hdd,100,43,1000000,5000,1.0,health_ec,15.0,6,300000,350000,80,severe_slow,90,healthy,10,12.7,49.5,76.8,202439,1.2,2439,2439,2017,6,5,0
stress_20pct,evidence_w2_d6,window_evidence,6,0.1,2,0,0,dynamic_stress_100d_20pct_hdd,100,43,1000000,5000,1.0,health_ec,15.0,7,350000,400000,80,severe_slow,90,healthy,10,12.7,49.1,75.0,202726,1.4,2726,2726,2270,1,1,0
stress_20pct,evidence_w2_d6,window_evidence,6,0.1,2,0,0,dynamic_stress_100d_20pct_hdd,100,43,1000000,5000,1.0,health_ec,15.0,8,400000,450000,80,severe_slow,90,healthy,10,12.7,47.1,73.7,202759,1.4,2759,2759,2283,0,0,0
stress_20pct,evidence_w2_d6,window_evidence,6,0.1,2,0,0,dynamic_stress_100d_20pct_hdd,100,43,1000000,5000,1.0,health_ec,15.0,9,450000,500000,80,recovery,90,mild_slow,10,12.9,26.9,36.7,204936,2.5,4936,4936,3832,0,0,0
stress_20pct,evidence_w2_d6,window_evidence,6,0.1,2,0,0,dynamic_stress_100d_20pct_hdd,100,43,1000000,5000,1.0,health_ec,15.0,10,500000,550000,80,recovery,90,mild_slow,10,12.9,24.7,35.1,203495,1.7,3495,3495,2624,14,14,0
stress_20pct,evidence_w2_d6,window_evidence,6,0.1,2,0,0,dynamic_stress_100d_20pct_hdd,100,43,1000000,5000,1.0,health_ec,15.0,11,550000,600000,80,healthy,90,severe_slow,10,12.7,51.1,76.6,203014,1.5,3014,3014,2369,10,9,0
stress_20pct,evidence_w2_d6,window_evidence,6,0.1,2,0,0,dynamic_stress_100d_20pct_hdd,100,43,1000000,5000,1.0,health_ec,15.0,12,600000,650000,80,healthy,90,severe_slow,10,12.7,48.2,74.5,202834,1.4,2834,2834,2341,2,2,0
stress_20pct,evidence_w2_d6,window_evidence,6,0.1,2,0,0,dynamic_stress_100d_20pct_hdd,100,43,1000000,5000,1.0,health_ec,15.0,13,650000,700000,80,healthy,90,severe_slow,10,12.7,45.3,73.4,202734,1.4,2734,2734,2240,1,1,0
stress_20pct,evidence_w2_d6,window_evidence,6,0.1,2,0,0,dynamic_stress_100d_20pct_hdd,100,43,1000000,5000,1.0,health_ec,15.0,14,700000,750000,80,mild_slow,90,recovery,10,12.8,23.0,35.7,203170,1.6,3170,3170,2718,0,0,0
stress_20pct,evidence_w2_d6,window_evidence,6,0.1,2,0,0,dynamic_stress_100d_20pct_hdd,100,43,1000000,5000,1.0,health_ec,15.0,15,750000,800000,80,recovery,90,recovery,0,12.8,18.3,22.2,202575,1.3,2575,2575,2152,0,0,0
stress_20pct,evidence_w2_d6,window_evidence,6,0.1,2,0,0,dynamic_stress_100d_20pct_hdd,100,43,1000000,5000,1.0,health_ec,15.0,16,800000,850000,80,healthy,90,healthy,0,12.4,16.8,18.8,201098,0.5,1098,1098,880,0,0,0
stress_20pct,evidence_w2_d6,window_evidence,6,0.1,2,0,0,dynamic_stress_100d_20pct_hdd,100,43,1000000,5000,1.0,health_ec,15.0,17,850000,900000,80,healthy,90,healthy,0,12.5,16.8,18.8,200342,0.2,342,342,271,0,0,0
stress_20pct,evidence_w2_d6,window_evidence,6,0.1,2,0,0,dynamic_stress_100d_20pct_hdd,100,43,1000000,5000,1.0,health_ec,15.0,18,900000,950000,80,healthy,90,healthy,0,12.5,16.8,18.8,200099,0.0,99,99,76,0,0,0
stress_20pct,evidence_w2_d6,window_evidence,6,0.1,2,0,0,dynamic_stress_100d_20pct_hdd,100,43,1000000,5000,1.0,health_ec,15.0,19,950000,1000000,80,healthy,90,healthy,0,12.5,16.8,18.7,200032,0.0,32,32,27,0,0,0
stress_20pct,evidence_w3_d4,window_evidence,4,0.1,3,0,0,dynamic_stress_100d_20pct_hdd,100,43,1000000,5000,1.0,health_ec,15.0,0,0,50000,80,healthy,90,healthy,0,12.5,16.8,18.8,200000,0.0,0,0,0,0,0,0
stress_20pct,evidence_w3_d4,window_evidence,4,0.1,3,0,0,dynamic_stress_100d_20pct_hdd,100,43,1000000,5000,1.0,health_ec,15.0,1,50000,100000,80,healthy,90,healthy,0,12.5,16.8,18.9,200000,0.0,0,0,0,0,0,0
stress_20pct,evidence_w3_d4,window_evidence,4,0.1,3,0,0,dynamic_stress_100d_20pct_hdd,100,43,1000000,5000,1.0,health_ec,15.0,2,100000,150000,80,healthy,90,healthy,0,12.5,16.8,18.8,200000,0.0,0,0,0,0,0,0
stress_20pct,evidence_w3_d4,window_evidence,4,0.1,3,0,0,dynamic_stress_100d_20pct_hdd,100,43,1000000,5000,1.0,health_ec,15.0,3,150000,200000,80,mild_slow,90,healthy,10,12.8,27.3,36.7,202115,1.1,2115,2115,1746,0,0,0
stress_20pct,evidence_w3_d4,window_evidence,4,0.1,3,0,0,dynamic_stress_100d_20pct_hdd,100,43,1000000,5000,1.0,health_ec,15.0,4,200000,250000,80,mild_slow,90,healthy,10,12.8,26.2,35.0,202940,1.5,2940,2940,2433,0,0,0
stress_20pct,evidence_w3_d4,window_evidence,4,0.1,3,0,0,dynamic_stress_100d_20pct_hdd,100,43,1000000,5000,1.0,health_ec,15.0,5,250000,300000,80,mild_slow,90,healthy,10,12.7,22.4,34.4,201895,0.9,1895,1895,1579,22,22,0
stress_20pct,evidence_w3_d4,window_evidence,4,0.1,3,0,0,dynamic_stress_100d_20pct_hdd,100,43,1000000,5000,1.0,health_ec,15.0,6,300000,350000,80,severe_slow,90,healthy,10,12.7,45.4,76.1,202261,1.1,2261,2261,1830,10,10,0
stress_20pct,evidence_w3_d4,window_evidence,4,0.1,3,0,0,dynamic_stress_100d_20pct_hdd,100,43,1000000,5000,1.0,health_ec,15.0,7,350000,400000,80,severe_slow,90,healthy,10,12.7,40.8,74.1,202376,1.2,2376,2376,1970,4,4,0
stress_20pct,evidence_w3_d4,window_evidence,4,0.1,3,0,0,dynamic_stress_100d_20pct_hdd,100,43,1000000,5000,1.0,health_ec,15.0,8,400000,450000,80,severe_slow,90,healthy,10,12.6,34.1,72.6,202380,1.2,2380,2380,1969,0,0,0
stress_20pct,evidence_w3_d4,window_evidence,4,0.1,3,0,0,dynamic_stress_100d_20pct_hdd,100,43,1000000,5000,1.0,health_ec,15.0,9,450000,500000,80,recovery,90,mild_slow,10,12.9,27.0,36.8,204788,2.4,4788,4788,3707,0,0,0
stress_20pct,evidence_w3_d4,window_evidence,4,0.1,3,0,0,dynamic_stress_100d_20pct_hdd,100,43,1000000,5000,1.0,health_ec,15.0,10,500000,550000,80,recovery,90,mild_slow,10,12.9,26.4,35.3,204798,2.4,4798,4798,3849,0,0,0
stress_20pct,evidence_w3_d4,window_evidence,4,0.1,3,0,0,dynamic_stress_100d_20pct_hdd,100,43,1000000,5000,1.0,health_ec,15.0,11,550000,600000,80,healthy,90,severe_slow,10,12.7,47.7,76.1,202829,1.4,2829,2829,2200,34,14,0
stress_20pct,evidence_w3_d4,window_evidence,4,0.1,3,0,0,dynamic_stress_100d_20pct_hdd,100,43,1000000,5000,1.0,health_ec,15.0,12,600000,650000,80,healthy,90,severe_slow,10,12.7,43.9,74.3,202647,1.3,2647,2647,2190,4,4,0
stress_20pct,evidence_w3_d4,window_evidence,4,0.1,3,0,0,dynamic_stress_100d_20pct_hdd,100,43,1000000,5000,1.0,health_ec,15.0,13,650000,700000,80,healthy,90,severe_slow,10,12.7,39.7,73.0,202556,1.3,2556,2556,2108,2,2,0
stress_20pct,evidence_w3_d4,window_evidence,4,0.1,3,0,0,dynamic_stress_100d_20pct_hdd,100,43,1000000,5000,1.0,health_ec,15.0,14,700000,750000,80,mild_slow,90,recovery,10,12.8,21.4,35.4,203092,1.5,3092,3092,2679,0,0,0
stress_20pct,evidence_w3_d4,window_evidence,4,0.1,3,0,0,dynamic_stress_100d_20pct_hdd,100,43,1000000,5000,1.0,health_ec,15.0,15,750000,800000,80,recovery,90,recovery,0,12.7,18.1,22.0,202501,1.3,2501,2501,2071,0,0,0
stress_20pct,evidence_w3_d4,window_evidence,4,0.1,3,0,0,dynamic_stress_100d_20pct_hdd,100,43,1000000,5000,1.0,health_ec,15.0,16,800000,850000,80,healthy,90,healthy,0,12.4,16.8,18.8,201096,0.5,1096,1096,881,0,0,0
stress_20pct,evidence_w3_d4,window_evidence,4,0.1,3,0,0,dynamic_stress_100d_20pct_hdd,100,43,1000000,5000,1.0,health_ec,15.0,17,850000,900000,80,healthy,90,healthy,0,12.5,16.8,18.8,200334,0.2,334,334,263,0,0,0
stress_20pct,evidence_w3_d4,window_evidence,4,0.1,3,0,0,dynamic_stress_100d_20pct_hdd,100,43,1000000,5000,1.0,health_ec,15.0,18,900000,950000,80,healthy,90,healthy,0,12.5,16.8,18.8,200101,0.1,101,101,79,0,0,0
stress_20pct,evidence_w3_d4,window_evidence,4,0.1,3,0,0,dynamic_stress_100d_20pct_hdd,100,43,1000000,5000,1.0,health_ec,15.0,19,950000,1000000,80,healthy,90,healthy,0,12.5,16.8,18.7,200031,0.0,31,31,26,0,0,0
stress_20pct,evidence_w3_d6,window_evidence,6,0.1,3,0,0,dynamic_stress_100d_20pct_hdd,100,43,1000000,5000,1.0,health_ec,15.0,0,0,50000,80,healthy,90,healthy,0,12.5,16.8,18.8,200000,0.0,0,0,0,0,0,0
stress_20pct,evidence_w3_d6,window_evidence,6,0.1,3,0,0,dynamic_stress_100d_20pct_hdd,100,43,1000000,5000,1.0,health_ec,15.0,1,50000,100000,80,healthy,90,healthy,0,12.5,16.8,18.9,200000,0.0,0,0,0,0,0,0
stress_20pct,evidence_w3_d6,window_evidence,6,0.1,3,0,0,dynamic_stress_100d_20pct_hdd,100,43,1000000,5000,1.0,health_ec,15.0,2,100000,150000,80,healthy,90,healthy,0,12.5,16.8,18.8,200000,0.0,0,0,0,0,0,0
stress_20pct,evidence_w3_d6,window_evidence,6,0.1,3,0,0,dynamic_stress_100d_20pct_hdd,100,43,1000000,5000,1.0,health_ec,15.0,3,150000,200000,80,mild_slow,90,healthy,10,12.8,27.3,36.7,202115,1.1,2115,2115,1746,0,0,0
stress_20pct,evidence_w3_d6,window_evidence,6,0.1,3,0,0,dynamic_stress_100d_20pct_hdd,100,43,1000000,5000,1.0,health_ec,15.0,4,200000,250000,80,mild_slow,90,healthy,10,12.8,26.2,35.0,202940,1.5,2940,2940,2433,0,0,0
stress_20pct,evidence_w3_d6,window_evidence,6,0.1,3,0,0,dynamic_stress_100d_20pct_hdd,100,43,1000000,5000,1.0,health_ec,15.0,5,250000,300000,80,mild_slow,90,healthy,10,12.7,23.5,34.6,202125,1.1,2125,2125,1768,13,13,0
stress_20pct,evidence_w3_d6,window_evidence,6,0.1,3,0,0,dynamic_stress_100d_20pct_hdd,100,43,1000000,5000,1.0,health_ec,15.0,6,300000,350000,80,severe_slow,90,healthy,10,12.7,49.5,76.8,202445,1.2,2445,2445,2020,7,6,0
stress_20pct,evidence_w3_d6,window_evidence,6,0.1,3,0,0,dynamic_stress_100d_20pct_hdd,100,43,1000000,5000,1.0,health_ec,15.0,7,350000,400000,80,severe_slow,90,healthy,10,12.7,49.1,75.0,202723,1.4,2723,2723,2269,1,1,0
stress_20pct,evidence_w3_d6,window_evidence,6,0.1,3,0,0,dynamic_stress_100d_20pct_hdd,100,43,1000000,5000,1.0,health_ec,15.0,8,400000,450000,80,severe_slow,90,healthy,10,12.7,47.1,73.7,202759,1.4,2759,2759,2283,0,0,0
stress_20pct,evidence_w3_d6,window_evidence,6,0.1,3,0,0,dynamic_stress_100d_20pct_hdd,100,43,1000000,5000,1.0,health_ec,15.0,9,450000,500000,80,recovery,90,mild_slow,10,12.9,27.0,36.7,204767,2.4,4767,4767,3655,0,0,0
stress_20pct,evidence_w3_d6,window_evidence,6,0.1,3,0,0,dynamic_stress_100d_20pct_hdd,100,43,1000000,5000,1.0,health_ec,15.0,10,500000,550000,80,recovery,90,mild_slow,10,12.9,26.4,35.3,204825,2.4,4825,4825,3836,0,0,0
stress_20pct,evidence_w3_d6,window_evidence,6,0.1,3,0,0,dynamic_stress_100d_20pct_hdd,100,43,1000000,5000,1.0,health_ec,15.0,11,550000,600000,80,healthy,90,severe_slow,10,12.7,51.4,76.6,203045,1.5,3045,3045,2389,25,15,0
stress_20pct,evidence_w3_d6,window_evidence,6,0.1,3,0,0,dynamic_stress_100d_20pct_hdd,100,43,1000000,5000,1.0,health_ec,15.0,12,600000,650000,80,healthy,90,severe_slow,10,12.7,48.2,74.5,202833,1.4,2833,2833,2337,2,2,0
stress_20pct,evidence_w3_d6,window_evidence,6,0.1,3,0,0,dynamic_stress_100d_20pct_hdd,100,43,1000000,5000,1.0,health_ec,15.0,13,650000,700000,80,healthy,90,severe_slow,10,12.7,45.3,73.4,202734,1.4,2734,2734,2241,1,1,0
stress_20pct,evidence_w3_d6,window_evidence,6,0.1,3,0,0,dynamic_stress_100d_20pct_hdd,100,43,1000000,5000,1.0,health_ec,15.0,14,700000,750000,80,mild_slow,90,recovery,10,12.8,23.0,35.8,203170,1.6,3170,3170,2720,0,0,0
stress_20pct,evidence_w3_d6,window_evidence,6,0.1,3,0,0,dynamic_stress_100d_20pct_hdd,100,43,1000000,5000,1.0,health_ec,15.0,15,750000,800000,80,recovery,90,recovery,0,12.8,18.3,22.1,202580,1.3,2580,2580,2156,0,0,0
stress_20pct,evidence_w3_d6,window_evidence,6,0.1,3,0,0,dynamic_stress_100d_20pct_hdd,100,43,1000000,5000,1.0,health_ec,15.0,16,800000,850000,80,healthy,90,healthy,0,12.4,16.8,18.9,201097,0.5,1097,1097,878,0,0,0
stress_20pct,evidence_w3_d6,window_evidence,6,0.1,3,0,0,dynamic_stress_100d_20pct_hdd,100,43,1000000,5000,1.0,health_ec,15.0,17,850000,900000,80,healthy,90,healthy,0,12.5,16.8,18.8,200336,0.2,336,336,266,0,0,0
stress_20pct,evidence_w3_d6,window_evidence,6,0.1,3,0,0,dynamic_stress_100d_20pct_hdd,100,43,1000000,5000,1.0,health_ec,15.0,18,900000,950000,80,healthy,90,healthy,0,12.5,16.8,18.8,200101,0.1,101,101,78,0,0,0
stress_20pct,evidence_w3_d6,window_evidence,6,0.1,3,0,0,dynamic_stress_100d_20pct_hdd,100,43,1000000,5000,1.0,health_ec,15.0,19,950000,1000000,80,healthy,90,healthy,0,12.5,16.8,18.7,200033,0.0,33,33,28,0,0,0
stress_20pct,topk_k2_d4,topk_budgeted,4,0.1,0,2,0,dynamic_stress_100d_20pct_hdd,100,43,1000000,5000,1.0,health_ec,15.0,0,0,50000,80,healthy,90,healthy,0,12.5,16.8,18.8,200000,0.0,0,0,0,0,0,0
stress_20pct,topk_k2_d4,topk_budgeted,4,0.1,0,2,0,dynamic_stress_100d_20pct_hdd,100,43,1000000,5000,1.0,health_ec,15.0,1,50000,100000,80,healthy,90,healthy,0,12.5,16.8,18.9,200000,0.0,0,0,0,0,0,0
stress_20pct,topk_k2_d4,topk_budgeted,4,0.1,0,2,0,dynamic_stress_100d_20pct_hdd,100,43,1000000,5000,1.0,health_ec,15.0,2,100000,150000,80,healthy,90,healthy,0,12.5,16.8,18.8,200000,0.0,0,0,0,0,0,0
stress_20pct,topk_k2_d4,topk_budgeted,4,0.1,0,2,0,dynamic_stress_100d_20pct_hdd,100,43,1000000,5000,1.0,health_ec,15.0,3,150000,200000,80,mild_slow,90,healthy,10,12.8,27.3,36.7,202115,1.1,2115,2115,1746,0,0,0
stress_20pct,topk_k2_d4,topk_budgeted,4,0.1,0,2,0,dynamic_stress_100d_20pct_hdd,100,43,1000000,5000,1.0,health_ec,15.0,4,200000,250000,80,mild_slow,90,healthy,10,12.8,25.7,34.9,202897,1.4,2897,2897,2336,2,2,0
stress_20pct,topk_k2_d4,topk_budgeted,4,0.1,0,2,0,dynamic_stress_100d_20pct_hdd,100,43,1000000,5000,1.0,health_ec,15.0,5,250000,300000,80,mild_slow,90,healthy,10,12.8,25.3,34.8,203026,1.5,3026,3026,2433,2,2,0
stress_20pct,topk_k2_d4,topk_budgeted,4,0.1,0,2,0,dynamic_stress_100d_20pct_hdd,100,43,1000000,5000,1.0,health_ec,15.0,6,300000,350000,80,severe_slow,90,healthy,10,12.7,56.0,78.0,203335,1.7,3335,3335,2770,2,0,0
stress_20pct,topk_k2_d4,topk_budgeted,4,0.1,0,2,0,dynamic_stress_100d_20pct_hdd,100,43,1000000,5000,1.0,health_ec,15.0,7,350000,400000,80,severe_slow,90,healthy,10,12.7,53.6,75.8,203234,1.6,3234,3234,2744,2,2,0
stress_20pct,topk_k2_d4,topk_budgeted,4,0.1,0,2,0,dynamic_stress_100d_20pct_hdd,100,43,1000000,5000,1.0,health_ec,15.0,8,400000,450000,80,severe_slow,90,healthy,10,12.7,51.9,74.6,203142,1.6,3142,3142,2631,2,2,0
stress_20pct,topk_k2_d4,topk_budgeted,4,0.1,0,2,0,dynamic_stress_100d_20pct_hdd,100,43,1000000,5000,1.0,health_ec,15.0,9,450000,500000,80,recovery,90,mild_slow,10,12.9,27.1,36.8,204388,2.2,4388,4388,3319,2,0,2
stress_20pct,topk_k2_d4,topk_budgeted,4,0.1,0,2,0,dynamic_stress_100d_20pct_hdd,100,43,1000000,5000,1.0,health_ec,15.0,10,500000,550000,80,recovery,90,mild_slow,10,12.9,26.0,35.3,204519,2.3,4519,4519,3510,2,2,0
stress_20pct,topk_k2_d4,topk_budgeted,4,0.1,0,2,0,dynamic_stress_100d_20pct_hdd,100,43,1000000,5000,1.0,health_ec,15.0,11,550000,600000,80,healthy,90,severe_slow,10,12.8,57.6,77.9,203910,2.0,3910,3910,3098,2,0,0
stress_20pct,topk_k2_d4,topk_budgeted,4,0.1,0,2,0,dynamic_stress_100d_20pct_hdd,100,43,1000000,5000,1.0,health_ec,15.0,12,600000,650000,80,healthy,90,severe_slow,10,12.7,56.1,76.0,203920,2.0,3920,3920,3195,2,2,0
stress_20pct,topk_k2_d4,topk_budgeted,4,0.1,0,2,0,dynamic_stress_100d_20pct_hdd,100,43,1000000,5000,1.0,health_ec,15.0,13,650000,700000,80,healthy,90,severe_slow,10,12.8,53.7,75.3,203468,1.7,3468,3468,2843,2,2,0
stress_20pct,topk_k2_d4,topk_budgeted,4,0.1,0,2,0,dynamic_stress_100d_20pct_hdd,100,43,1000000,5000,1.0,health_ec,15.0,14,700000,750000,80,mild_slow,90,recovery,10,12.9,24.4,36.0,203699,1.8,3699,3699,3170,2,0,2
stress_20pct,topk_k2_d4,topk_budgeted,4,0.1,0,2,0,dynamic_stress_100d_20pct_hdd,100,43,1000000,5000,1.0,health_ec,15.0,15,750000,800000,80,recovery,90,recovery,0,12.8,18.5,22.4,202842,1.4,2842,2842,2351,2,0,2
stress_20pct,topk_k2_d4,topk_budgeted,4,0.1,0,2,0,dynamic_stress_100d_20pct_hdd,100,43,1000000,5000,1.0,health_ec,15.0,16,800000,850000,80,healthy,90,healthy,0,12.4,16.8,18.8,201138,0.6,1138,1138,917,1,0,1
stress_20pct,topk_k2_d4,topk_budgeted,4,0.1,0,2,0,dynamic_stress_100d_20pct_hdd,100,43,1000000,5000,1.0,health_ec,15.0,17,850000,900000,80,healthy,90,healthy,0,12.5,16.8,18.8,200345,0.2,345,345,272,0,0,0
stress_20pct,topk_k2_d4,topk_budgeted,4,0.1,0,2,0,dynamic_stress_100d_20pct_hdd,100,43,1000000,5000,1.0,health_ec,15.0,18,900000,950000,80,healthy,90,healthy,0,12.5,16.8,18.8,200099,0.0,99,99,73,0,0,0
stress_20pct,topk_k2_d4,topk_budgeted,4,0.1,0,2,0,dynamic_stress_100d_20pct_hdd,100,43,1000000,5000,1.0,health_ec,15.0,19,950000,1000000,80,healthy,90,healthy,0,12.5,16.8,18.7,200031,0.0,31,31,26,0,0,0
stress_20pct,topk_k2_d6,topk_budgeted,6,0.1,0,2,0,dynamic_stress_100d_20pct_hdd,100,43,1000000,5000,1.0,health_ec,15.0,0,0,50000,80,healthy,90,healthy,0,12.5,16.8,18.8,200000,0.0,0,0,0,0,0,0
stress_20pct,topk_k2_d6,topk_budgeted,6,0.1,0,2,0,dynamic_stress_100d_20pct_hdd,100,43,1000000,5000,1.0,health_ec,15.0,1,50000,100000,80,healthy,90,healthy,0,12.5,16.8,18.9,200000,0.0,0,0,0,0,0,0
stress_20pct,topk_k2_d6,topk_budgeted,6,0.1,0,2,0,dynamic_stress_100d_20pct_hdd,100,43,1000000,5000,1.0,health_ec,15.0,2,100000,150000,80,healthy,90,healthy,0,12.5,16.8,18.8,200000,0.0,0,0,0,0,0,0
stress_20pct,topk_k2_d6,topk_budgeted,6,0.1,0,2,0,dynamic_stress_100d_20pct_hdd,100,43,1000000,5000,1.0,health_ec,15.0,3,150000,200000,80,mild_slow,90,healthy,10,12.8,27.3,36.7,202115,1.1,2115,2115,1746,0,0,0
stress_20pct,topk_k2_d6,topk_budgeted,6,0.1,0,2,0,dynamic_stress_100d_20pct_hdd,100,43,1000000,5000,1.0,health_ec,15.0,4,200000,250000,80,mild_slow,90,healthy,10,12.8,25.7,34.9,202897,1.4,2897,2897,2336,2,2,0
stress_20pct,topk_k2_d6,topk_budgeted,6,0.1,0,2,0,dynamic_stress_100d_20pct_hdd,100,43,1000000,5000,1.0,health_ec,15.0,5,250000,300000,80,mild_slow,90,healthy,10,12.8,25.3,34.8,203026,1.5,3026,3026,2433,2,2,0
stress_20pct,topk_k2_d6,topk_budgeted,6,0.1,0,2,0,dynamic_stress_100d_20pct_hdd,100,43,1000000,5000,1.0,health_ec,15.0,6,300000,350000,80,severe_slow,90,healthy,10,12.7,56.0,78.0,203335,1.7,3335,3335,2770,2,0,0
stress_20pct,topk_k2_d6,topk_budgeted,6,0.1,0,2,0,dynamic_stress_100d_20pct_hdd,100,43,1000000,5000,1.0,health_ec,15.0,7,350000,400000,80,severe_slow,90,healthy,10,12.7,53.6,75.8,203234,1.6,3234,3234,2744,2,2,0
stress_20pct,topk_k2_d6,topk_budgeted,6,0.1,0,2,0,dynamic_stress_100d_20pct_hdd,100,43,1000000,5000,1.0,health_ec,15.0,8,400000,450000,80,severe_slow,90,healthy,10,12.7,51.9,74.6,203142,1.6,3142,3142,2631,2,2,0
stress_20pct,topk_k2_d6,topk_budgeted,6,0.1,0,2,0,dynamic_stress_100d_20pct_hdd,100,43,1000000,5000,1.0,health_ec,15.0,9,450000,500000,80,recovery,90,mild_slow,10,12.9,27.1,36.8,204388,2.2,4388,4388,3319,2,0,2
stress_20pct,topk_k2_d6,topk_budgeted,6,0.1,0,2,0,dynamic_stress_100d_20pct_hdd,100,43,1000000,5000,1.0,health_ec,15.0,10,500000,550000,80,recovery,90,mild_slow,10,12.9,26.0,35.3,204519,2.3,4519,4519,3510,2,2,0
stress_20pct,topk_k2_d6,topk_budgeted,6,0.1,0,2,0,dynamic_stress_100d_20pct_hdd,100,43,1000000,5000,1.0,health_ec,15.0,11,550000,600000,80,healthy,90,severe_slow,10,12.8,57.6,77.9,203910,2.0,3910,3910,3098,2,0,0
stress_20pct,topk_k2_d6,topk_budgeted,6,0.1,0,2,0,dynamic_stress_100d_20pct_hdd,100,43,1000000,5000,1.0,health_ec,15.0,12,600000,650000,80,healthy,90,severe_slow,10,12.7,56.1,76.0,203920,2.0,3920,3920,3195,2,2,0
stress_20pct,topk_k2_d6,topk_budgeted,6,0.1,0,2,0,dynamic_stress_100d_20pct_hdd,100,43,1000000,5000,1.0,health_ec,15.0,13,650000,700000,80,healthy,90,severe_slow,10,12.8,53.7,75.3,203468,1.7,3468,3468,2843,2,2,0
stress_20pct,topk_k2_d6,topk_budgeted,6,0.1,0,2,0,dynamic_stress_100d_20pct_hdd,100,43,1000000,5000,1.0,health_ec,15.0,14,700000,750000,80,mild_slow,90,recovery,10,12.9,24.4,36.0,203699,1.8,3699,3699,3170,2,0,2
stress_20pct,topk_k2_d6,topk_budgeted,6,0.1,0,2,0,dynamic_stress_100d_20pct_hdd,100,43,1000000,5000,1.0,health_ec,15.0,15,750000,800000,80,recovery,90,recovery,0,12.8,18.5,22.4,202842,1.4,2842,2842,2351,2,0,2
stress_20pct,topk_k2_d6,topk_budgeted,6,0.1,0,2,0,dynamic_stress_100d_20pct_hdd,100,43,1000000,5000,1.0,health_ec,15.0,16,800000,850000,80,healthy,90,healthy,0,12.4,16.8,18.9,201138,0.6,1138,1138,917,0,0,0
stress_20pct,topk_k2_d6,topk_budgeted,6,0.1,0,2,0,dynamic_stress_100d_20pct_hdd,100,43,1000000,5000,1.0,health_ec,15.0,17,850000,900000,80,healthy,90,healthy,0,12.5,16.8,18.8,200345,0.2,345,345,272,0,0,0
stress_20pct,topk_k2_d6,topk_budgeted,6,0.1,0,2,0,dynamic_stress_100d_20pct_hdd,100,43,1000000,5000,1.0,health_ec,15.0,18,900000,950000,80,healthy,90,healthy,0,12.5,16.8,18.8,200099,0.0,99,99,73,0,0,0
stress_20pct,topk_k2_d6,topk_budgeted,6,0.1,0,2,0,dynamic_stress_100d_20pct_hdd,100,43,1000000,5000,1.0,health_ec,15.0,19,950000,1000000,80,healthy,90,healthy,0,12.5,16.8,18.7,200031,0.0,31,31,26,0,0,0
stress_20pct,topk_k4_d4,topk_budgeted,4,0.1,0,4,0,dynamic_stress_100d_20pct_hdd,100,43,1000000,5000,1.0,health_ec,15.0,0,0,50000,80,healthy,90,healthy,0,12.5,16.8,18.8,200000,0.0,0,0,0,0,0,0
stress_20pct,topk_k4_d4,topk_budgeted,4,0.1,0,4,0,dynamic_stress_100d_20pct_hdd,100,43,1000000,5000,1.0,health_ec,15.0,1,50000,100000,80,healthy,90,healthy,0,12.5,16.8,18.9,200000,0.0,0,0,0,0,0,0
stress_20pct,topk_k4_d4,topk_budgeted,4,0.1,0,4,0,dynamic_stress_100d_20pct_hdd,100,43,1000000,5000,1.0,health_ec,15.0,2,100000,150000,80,healthy,90,healthy,0,12.5,16.8,18.8,200000,0.0,0,0,0,0,0,0
stress_20pct,topk_k4_d4,topk_budgeted,4,0.1,0,4,0,dynamic_stress_100d_20pct_hdd,100,43,1000000,5000,1.0,health_ec,15.0,3,150000,200000,80,mild_slow,90,healthy,10,12.8,27.3,36.7,202115,1.1,2115,2115,1746,0,0,0
stress_20pct,topk_k4_d4,topk_budgeted,4,0.1,0,4,0,dynamic_stress_100d_20pct_hdd,100,43,1000000,5000,1.0,health_ec,15.0,4,200000,250000,80,mild_slow,90,healthy,10,12.8,25.2,34.7,202897,1.4,2897,2897,2313,4,4,0
stress_20pct,topk_k4_d4,topk_budgeted,4,0.1,0,4,0,dynamic_stress_100d_20pct_hdd,100,43,1000000,5000,1.0,health_ec,15.0,5,250000,300000,80,mild_slow,90,healthy,10,12.7,24.6,34.7,202855,1.4,2855,2855,2185,4,4,0
stress_20pct,topk_k4_d4,topk_budgeted,4,0.1,0,4,0,dynamic_stress_100d_20pct_hdd,100,43,1000000,5000,1.0,health_ec,15.0,6,300000,350000,80,severe_slow,90,healthy,10,12.7,52.5,77.5,202662,1.3,2662,2662,2215,4,0,0
stress_20pct,topk_k4_d4,topk_budgeted,4,0.1,0,4,0,dynamic_stress_100d_20pct_hdd,100,43,1000000,5000,1.0,health_ec,15.0,7,350000,400000,80,severe_slow,90,healthy,10,12.7,50.1,75.2,202775,1.4,2775,2775,2324,4,4,0
stress_20pct,topk_k4_d4,topk_budgeted,4,0.1,0,4,0,dynamic_stress_100d_20pct_hdd,100,43,1000000,5000,1.0,health_ec,15.0,8,400000,450000,80,severe_slow,90,healthy,10,12.7,47.3,73.8,202759,1.4,2759,2759,2293,4,4,0
stress_20pct,topk_k4_d4,topk_budgeted,4,0.1,0,4,0,dynamic_stress_100d_20pct_hdd,100,43,1000000,5000,1.0,health_ec,15.0,9,450000,500000,80,recovery,90,mild_slow,10,12.9,27.1,36.8,204274,2.1,4274,4274,3274,4,0,4
stress_20pct,topk_k4_d4,topk_budgeted,4,0.1,0,4,0,dynamic_stress_100d_20pct_hdd,100,43,1000000,5000,1.0,health_ec,15.0,10,500000,550000,80,recovery,90,mild_slow,10,12.9,25.7,35.2,203994,2.0,3994,3994,3088,4,4,0
stress_20pct,topk_k4_d4,topk_budgeted,4,0.1,0,4,0,dynamic_stress_100d_20pct_hdd,100,43,1000000,5000,1.0,health_ec,15.0,11,550000,600000,80,healthy,90,severe_slow,10,12.8,55.9,77.7,203688,1.8,3688,3688,2907,4,0,0
stress_20pct,topk_k4_d4,topk_budgeted,4,0.1,0,4,0,dynamic_stress_100d_20pct_hdd,100,43,1000000,5000,1.0,health_ec,15.0,12,600000,650000,80,healthy,90,severe_slow,10,12.7,53.5,75.6,203267,1.6,3267,3267,2741,4,4,0
stress_20pct,topk_k4_d4,topk_budgeted,4,0.1,0,4,0,dynamic_stress_100d_20pct_hdd,100,43,1000000,5000,1.0,health_ec,15.0,13,650000,700000,80,healthy,90,severe_slow,10,12.7,50.3,74.0,203045,1.5,3045,3045,2513,4,4,0
stress_20pct,topk_k4_d4,topk_budgeted,4,0.1,0,4,0,dynamic_stress_100d_20pct_hdd,100,43,1000000,5000,1.0,health_ec,15.0,14,700000,750000,80,mild_slow,90,recovery,10,12.8,22.8,35.6,203365,1.7,3365,3365,2865,4,0,4
stress_20pct,topk_k4_d4,topk_budgeted,4,0.1,0,4,0,dynamic_stress_100d_20pct_hdd,100,43,1000000,5000,1.0,health_ec,15.0,15,750000,800000,80,recovery,90,recovery,0,12.8,18.3,22.2,202592,1.3,2592,2592,2157,4,0,4
stress_20pct,topk_k4_d4,topk_budgeted,4,0.1,0,4,0,dynamic_stress_100d_20pct_hdd,100,43,1000000,5000,1.0,health_ec,15.0,16,800000,850000,80,healthy,90,healthy,0,12.4,16.8,18.9,201086,0.5,1086,1086,874,0,0,0
stress_20pct,topk_k4_d4,topk_budgeted,4,0.1,0,4,0,dynamic_stress_100d_20pct_hdd,100,43,1000000,5000,1.0,health_ec,15.0,17,850000,900000,80,healthy,90,healthy,0,12.5,16.8,18.8,200337,0.2,337,337,264,0,0,0
stress_20pct,topk_k4_d4,topk_budgeted,4,0.1,0,4,0,dynamic_stress_100d_20pct_hdd,100,43,1000000,5000,1.0,health_ec,15.0,18,900000,950000,80,healthy,90,healthy,0,12.5,16.8,18.8,200099,0.0,99,99,75,0,0,0
stress_20pct,topk_k4_d4,topk_budgeted,4,0.1,0,4,0,dynamic_stress_100d_20pct_hdd,100,43,1000000,5000,1.0,health_ec,15.0,19,950000,1000000,80,healthy,90,healthy,0,12.5,16.8,18.7,200029,0.0,29,29,25,0,0,0
stress_20pct,topk_k4_d6,topk_budgeted,6,0.1,0,4,0,dynamic_stress_100d_20pct_hdd,100,43,1000000,5000,1.0,health_ec,15.0,0,0,50000,80,healthy,90,healthy,0,12.5,16.8,18.8,200000,0.0,0,0,0,0,0,0
stress_20pct,topk_k4_d6,topk_budgeted,6,0.1,0,4,0,dynamic_stress_100d_20pct_hdd,100,43,1000000,5000,1.0,health_ec,15.0,1,50000,100000,80,healthy,90,healthy,0,12.5,16.8,18.9,200000,0.0,0,0,0,0,0,0
stress_20pct,topk_k4_d6,topk_budgeted,6,0.1,0,4,0,dynamic_stress_100d_20pct_hdd,100,43,1000000,5000,1.0,health_ec,15.0,2,100000,150000,80,healthy,90,healthy,0,12.5,16.8,18.8,200000,0.0,0,0,0,0,0,0
stress_20pct,topk_k4_d6,topk_budgeted,6,0.1,0,4,0,dynamic_stress_100d_20pct_hdd,100,43,1000000,5000,1.0,health_ec,15.0,3,150000,200000,80,mild_slow,90,healthy,10,12.8,27.3,36.7,202115,1.1,2115,2115,1746,0,0,0
stress_20pct,topk_k4_d6,topk_budgeted,6,0.1,0,4,0,dynamic_stress_100d_20pct_hdd,100,43,1000000,5000,1.0,health_ec,15.0,4,200000,250000,80,mild_slow,90,healthy,10,12.8,25.2,34.7,202897,1.4,2897,2897,2313,4,4,0
stress_20pct,topk_k4_d6,topk_budgeted,6,0.1,0,4,0,dynamic_stress_100d_20pct_hdd,100,43,1000000,5000,1.0,health_ec,15.0,5,250000,300000,80,mild_slow,90,healthy,10,12.7,24.6,34.7,202855,1.4,2855,2855,2185,4,4,0
stress_20pct,topk_k4_d6,topk_budgeted,6,0.1,0,4,0,dynamic_stress_100d_20pct_hdd,100,43,1000000,5000,1.0,health_ec,15.0,6,300000,350000,80,severe_slow,90,healthy,10,12.7,52.5,77.5,202662,1.3,2662,2662,2215,4,0,0
stress_20pct,topk_k4_d6,topk_budgeted,6,0.1,0,4,0,dynamic_stress_100d_20pct_hdd,100,43,1000000,5000,1.0,health_ec,15.0,7,350000,400000,80,severe_slow,90,healthy,10,12.7,50.1,75.2,202775,1.4,2775,2775,2324,4,4,0
stress_20pct,topk_k4_d6,topk_budgeted,6,0.1,0,4,0,dynamic_stress_100d_20pct_hdd,100,43,1000000,5000,1.0,health_ec,15.0,8,400000,450000,80,severe_slow,90,healthy,10,12.7,47.3,73.8,202759,1.4,2759,2759,2293,4,4,0
stress_20pct,topk_k4_d6,topk_budgeted,6,0.1,0,4,0,dynamic_stress_100d_20pct_hdd,100,43,1000000,5000,1.0,health_ec,15.0,9,450000,500000,80,recovery,90,mild_slow,10,12.9,27.0,36.7,204228,2.1,4228,4228,3215,0,0,0
stress_20pct,topk_k4_d6,topk_budgeted,6,0.1,0,4,0,dynamic_stress_100d_20pct_hdd,100,43,1000000,5000,1.0,health_ec,15.0,10,500000,550000,80,recovery,90,mild_slow,10,12.9,25.7,35.2,203963,2.0,3963,3963,3038,4,4,0
stress_20pct,topk_k4_d6,topk_budgeted,6,0.1,0,4,0,dynamic_stress_100d_20pct_hdd,100,43,1000000,5000,1.0,health_ec,15.0,11,550000,600000,80,healthy,90,severe_slow,10,12.8,55.9,77.6,203589,1.8,3589,3589,2806,4,0,0
stress_20pct,topk_k4_d6,topk_budgeted,6,0.1,0,4,0,dynamic_stress_100d_20pct_hdd,100,43,1000000,5000,1.0,health_ec,15.0,12,600000,650000,80,healthy,90,severe_slow,10,12.7,52.7,75.4,203273,1.6,3273,3273,2737,4,4,0
stress_20pct,topk_k4_d6,topk_budgeted,6,0.1,0,4,0,dynamic_stress_100d_20pct_hdd,100,43,1000000,5000,1.0,health_ec,15.0,13,650000,700000,80,healthy,90,severe_slow,10,12.7,49.9,74.0,203046,1.5,3046,3046,2511,4,4,0
stress_20pct,topk_k4_d6,topk_budgeted,6,0.1,0,4,0,dynamic_stress_100d_20pct_hdd,100,43,1000000,5000,1.0,health_ec,15.0,14,700000,750000,80,mild_slow,90,recovery,10,12.8,23.1,35.8,203344,1.7,3344,3344,2859,4,0,4
stress_20pct,topk_k4_d6,topk_budgeted,6,0.1,0,4,0,dynamic_stress_100d_20pct_hdd,100,43,1000000,5000,1.0,health_ec,15.0,15,750000,800000,80,recovery,90,recovery,0,12.8,18.4,22.3,202633,1.3,2633,2633,2191,0,0,0
stress_20pct,topk_k4_d6,topk_budgeted,6,0.1,0,4,0,dynamic_stress_100d_20pct_hdd,100,43,1000000,5000,1.0,health_ec,15.0,16,800000,850000,80,healthy,90,healthy,0,12.4,16.8,18.9,201082,0.5,1082,1082,871,0,0,0
stress_20pct,topk_k4_d6,topk_budgeted,6,0.1,0,4,0,dynamic_stress_100d_20pct_hdd,100,43,1000000,5000,1.0,health_ec,15.0,17,850000,900000,80,healthy,90,healthy,0,12.5,16.8,18.8,200339,0.2,339,339,265,0,0,0
stress_20pct,topk_k4_d6,topk_budgeted,6,0.1,0,4,0,dynamic_stress_100d_20pct_hdd,100,43,1000000,5000,1.0,health_ec,15.0,18,900000,950000,80,healthy,90,healthy,0,12.5,16.8,18.8,200099,0.0,99,99,74,0,0,0
stress_20pct,topk_k4_d6,topk_budgeted,6,0.1,0,4,0,dynamic_stress_100d_20pct_hdd,100,43,1000000,5000,1.0,health_ec,15.0,19,950000,1000000,80,healthy,90,healthy,0,12.5,16.8,18.7,200031,0.0,31,31,26,0,0,0
stress_20pct,hybrid_w2_k2_d4_c1,hybrid,4,0.1,2,2,1,dynamic_stress_100d_20pct_hdd,100,43,1000000,5000,1.0,health_ec,15.0,0,0,50000,80,healthy,90,healthy,0,12.5,16.8,18.8,200000,0.0,0,0,0,0,0,0
stress_20pct,hybrid_w2_k2_d4_c1,hybrid,4,0.1,2,2,1,dynamic_stress_100d_20pct_hdd,100,43,1000000,5000,1.0,health_ec,15.0,1,50000,100000,80,healthy,90,healthy,0,12.5,16.8,18.9,200000,0.0,0,0,0,0,0,0
stress_20pct,hybrid_w2_k2_d4_c1,hybrid,4,0.1,2,2,1,dynamic_stress_100d_20pct_hdd,100,43,1000000,5000,1.0,health_ec,15.0,2,100000,150000,80,healthy,90,healthy,0,12.5,16.8,18.8,200000,0.0,0,0,0,0,0,0
stress_20pct,hybrid_w2_k2_d4_c1,hybrid,4,0.1,2,2,1,dynamic_stress_100d_20pct_hdd,100,43,1000000,5000,1.0,health_ec,15.0,3,150000,200000,80,mild_slow,90,healthy,10,12.8,27.3,36.7,202115,1.1,2115,2115,1746,0,0,0
stress_20pct,hybrid_w2_k2_d4_c1,hybrid,4,0.1,2,2,1,dynamic_stress_100d_20pct_hdd,100,43,1000000,5000,1.0,health_ec,15.0,4,200000,250000,80,mild_slow,90,healthy,10,12.8,26.2,35.0,202940,1.5,2940,2940,2433,0,0,0
stress_20pct,hybrid_w2_k2_d4_c1,hybrid,4,0.1,2,2,1,dynamic_stress_100d_20pct_hdd,100,43,1000000,5000,1.0,health_ec,15.0,5,250000,300000,80,mild_slow,90,healthy,10,12.8,25.9,34.9,203028,1.5,3028,3028,2511,2,2,0
stress_20pct,hybrid_w2_k2_d4_c1,hybrid,4,0.1,2,2,1,dynamic_stress_100d_20pct_hdd,100,43,1000000,5000,1.0,health_ec,15.0,6,300000,350000,80,severe_slow,90,healthy,10,12.8,57.2,78.2,203696,1.8,3696,3696,2988,2,0,0
stress_20pct,hybrid_w2_k2_d4_c1,hybrid,4,0.1,2,2,1,dynamic_stress_100d_20pct_hdd,100,43,1000000,5000,1.0,health_ec,15.0,7,350000,400000,80,severe_slow,90,healthy,10,12.8,55.5,76.3,203583,1.8,3583,3583,2989,2,2,0
stress_20pct,hybrid_w2_k2_d4_c1,hybrid,4,0.1,2,2,1,dynamic_stress_100d_20pct_hdd,100,43,1000000,5000,1.0,health_ec,15.0,8,400000,450000,80,severe_slow,90,healthy,10,12.7,52.6,74.7,203322,1.7,3322,3322,2807,2,2,0
stress_20pct,hybrid_w2_k2_d4_c1,hybrid,4,0.1,2,2,1,dynamic_stress_100d_20pct_hdd,100,43,1000000,5000,1.0,health_ec,15.0,9,450000,500000,80,recovery,90,mild_slow,10,13.0,27.1,36.7,204773,2.4,4773,4773,3643,2,0,2
stress_20pct,hybrid_w2_k2_d4_c1,hybrid,4,0.1,2,2,1,dynamic_stress_100d_20pct_hdd,100,43,1000000,5000,1.0,health_ec,15.0,10,500000,550000,80,recovery,90,mild_slow,10,13.0,26.4,35.3,204802,2.4,4802,4802,3761,2,0,2
stress_20pct,hybrid_w2_k2_d4_c1,hybrid,4,0.1,2,2,1,dynamic_stress_100d_20pct_hdd,100,43,1000000,5000,1.0,health_ec,15.0,11,550000,600000,80,healthy,90,severe_slow,10,12.8,58.1,78.2,204614,2.3,4614,4614,3794,2,0,0
stress_20pct,hybrid_w2_k2_d4_c1,hybrid,4,0.1,2,2,1,dynamic_stress_100d_20pct_hdd,100,43,1000000,5000,1.0,health_ec,15.0,12,600000,650000,80,healthy,90,severe_slow,10,12.7,56.9,76.3,204227,2.1,4227,4227,3537,2,2,0
stress_20pct,hybrid_w2_k2_d4_c1,hybrid,4,0.1,2,2,1,dynamic_stress_100d_20pct_hdd,100,43,1000000,5000,1.0,health_ec,15.0,13,650000,700000,80,healthy,90,severe_slow,10,12.8,56.2,76.2,203826,1.9,3826,3826,3094,2,2,0
stress_20pct,hybrid_w2_k2_d4_c1,hybrid,4,0.1,2,2,1,dynamic_stress_100d_20pct_hdd,100,43,1000000,5000,1.0,health_ec,15.0,14,700000,750000,80,mild_slow,90,recovery,10,12.9,24.5,36.0,203941,2.0,3941,3941,3361,2,0,2
stress_20pct,hybrid_w2_k2_d4_c1,hybrid,4,0.1,2,2,1,dynamic_stress_100d_20pct_hdd,100,43,1000000,5000,1.0,health_ec,15.0,15,750000,800000,80,recovery,90,recovery,0,12.8,18.5,22.5,202886,1.4,2886,2886,2368,2,0,2
stress_20pct,hybrid_w2_k2_d4_c1,hybrid,4,0.1,2,2,1,dynamic_stress_100d_20pct_hdd,100,43,1000000,5000,1.0,health_ec,15.0,16,800000,850000,80,healthy,90,healthy,0,12.4,16.8,18.8,201131,0.6,1131,1131,915,0,0,0
stress_20pct,hybrid_w2_k2_d4_c1,hybrid,4,0.1,2,2,1,dynamic_stress_100d_20pct_hdd,100,43,1000000,5000,1.0,health_ec,15.0,17,850000,900000,80,healthy,90,healthy,0,12.5,16.8,18.8,200328,0.2,328,328,263,0,0,0
stress_20pct,hybrid_w2_k2_d4_c1,hybrid,4,0.1,2,2,1,dynamic_stress_100d_20pct_hdd,100,43,1000000,5000,1.0,health_ec,15.0,18,900000,950000,80,healthy,90,healthy,0,12.5,16.8,18.8,200097,0.0,97,97,73,0,0,0
stress_20pct,hybrid_w2_k2_d4_c1,hybrid,4,0.1,2,2,1,dynamic_stress_100d_20pct_hdd,100,43,1000000,5000,1.0,health_ec,15.0,19,950000,1000000,80,healthy,90,healthy,0,12.5,16.8,18.7,200031,0.0,31,31,26,0,0,0
stress_20pct,hybrid_w2_k4_d4_c1,hybrid,4,0.1,2,4,1,dynamic_stress_100d_20pct_hdd,100,43,1000000,5000,1.0,health_ec,15.0,0,0,50000,80,healthy,90,healthy,0,12.5,16.8,18.8,200000,0.0,0,0,0,0,0,0
stress_20pct,hybrid_w2_k4_d4_c1,hybrid,4,0.1,2,4,1,dynamic_stress_100d_20pct_hdd,100,43,1000000,5000,1.0,health_ec,15.0,1,50000,100000,80,healthy,90,healthy,0,12.5,16.8,18.9,200000,0.0,0,0,0,0,0,0
stress_20pct,hybrid_w2_k4_d4_c1,hybrid,4,0.1,2,4,1,dynamic_stress_100d_20pct_hdd,100,43,1000000,5000,1.0,health_ec,15.0,2,100000,150000,80,healthy,90,healthy,0,12.5,16.8,18.8,200000,0.0,0,0,0,0,0,0
stress_20pct,hybrid_w2_k4_d4_c1,hybrid,4,0.1,2,4,1,dynamic_stress_100d_20pct_hdd,100,43,1000000,5000,1.0,health_ec,15.0,3,150000,200000,80,mild_slow,90,healthy,10,12.8,27.3,36.7,202115,1.1,2115,2115,1746,0,0,0
stress_20pct,hybrid_w2_k4_d4_c1,hybrid,4,0.1,2,4,1,dynamic_stress_100d_20pct_hdd,100,43,1000000,5000,1.0,health_ec,15.0,4,200000,250000,80,mild_slow,90,healthy,10,12.8,26.2,35.0,202940,1.5,2940,2940,2433,0,0,0
stress_20pct,hybrid_w2_k4_d4_c1,hybrid,4,0.1,2,4,1,dynamic_stress_100d_20pct_hdd,100,43,1000000,5000,1.0,health_ec,15.0,5,250000,300000,80,mild_slow,90,healthy,10,12.8,25.6,34.8,203019,1.5,3019,3019,2484,4,4,0
stress_20pct,hybrid_w2_k4_d4_c1,hybrid,4,0.1,2,4,1,dynamic_stress_100d_20pct_hdd,100,43,1000000,5000,1.0,health_ec,15.0,6,300000,350000,80,severe_slow,90,healthy,10,12.8,55.5,78.0,203517,1.8,3517,3517,2723,4,0,0
stress_20pct,hybrid_w2_k4_d4_c1,hybrid,4,0.1,2,4,1,dynamic_stress_100d_20pct_hdd,100,43,1000000,5000,1.0,health_ec,15.0,7,350000,400000,80,severe_slow,90,healthy,10,12.7,52.5,75.8,202959,1.5,2959,2959,2465,4,4,0
stress_20pct,hybrid_w2_k4_d4_c1,hybrid,4,0.1,2,4,1,dynamic_stress_100d_20pct_hdd,100,43,1000000,5000,1.0,health_ec,15.0,8,400000,450000,80,severe_slow,90,healthy,10,12.7,49.1,74.0,202838,1.4,2838,2838,2373,4,4,0
stress_20pct,hybrid_w2_k4_d4_c1,hybrid,4,0.1,2,4,1,dynamic_stress_100d_20pct_hdd,100,43,1000000,5000,1.0,health_ec,15.0,9,450000,500000,80,recovery,90,mild_slow,10,12.9,27.0,36.7,204748,2.4,4748,4748,3679,4,0,4
stress_20pct,hybrid_w2_k4_d4_c1,hybrid,4,0.1,2,4,1,dynamic_stress_100d_20pct_hdd,100,43,1000000,5000,1.0,health_ec,15.0,10,500000,550000,80,recovery,90,mild_slow,10,12.9,26.3,35.3,204789,2.4,4789,4789,3791,3,0,3
stress_20pct,hybrid_w2_k4_d4_c1,hybrid,4,0.1,2,4,1,dynamic_stress_100d_20pct_hdd,100,43,1000000,5000,1.0,health_ec,15.0,11,550000,600000,80,healthy,90,severe_slow,10,12.8,57.3,78.1,204304,2.2,4304,4304,3545,4,0,0
stress_20pct,hybrid_w2_k4_d4_c1,hybrid,4,0.1,2,4,1,dynamic_stress_100d_20pct_hdd,100,43,1000000,5000,1.0,health_ec,15.0,12,600000,650000,80,healthy,90,severe_slow,10,12.7,54.6,75.6,203996,2.0,3996,3996,3284,4,4,0
stress_20pct,hybrid_w2_k4_d4_c1,hybrid,4,0.1,2,4,1,dynamic_stress_100d_20pct_hdd,100,43,1000000,5000,1.0,health_ec,15.0,13,650000,700000,80,healthy,90,severe_slow,10,12.7,52.3,74.5,203211,1.6,3211,3211,2622,4,4,0
stress_20pct,hybrid_w2_k4_d4_c1,hybrid,4,0.1,2,4,1,dynamic_stress_100d_20pct_hdd,100,43,1000000,5000,1.0,health_ec,15.0,14,700000,750000,80,mild_slow,90,recovery,10,12.8,23.0,35.7,203442,1.7,3442,3442,2925,4,0,4
stress_20pct,hybrid_w2_k4_d4_c1,hybrid,4,0.1,2,4,1,dynamic_stress_100d_20pct_hdd,100,43,1000000,5000,1.0,health_ec,15.0,15,750000,800000,80,recovery,90,recovery,0,12.8,18.4,22.3,202617,1.3,2617,2617,2175,4,0,4
stress_20pct,hybrid_w2_k4_d4_c1,hybrid,4,0.1,2,4,1,dynamic_stress_100d_20pct_hdd,100,43,1000000,5000,1.0,health_ec,15.0,16,800000,850000,80,healthy,90,healthy,0,12.4,16.8,18.9,201116,0.6,1116,1116,903,0,0,0
stress_20pct,hybrid_w2_k4_d4_c1,hybrid,4,0.1,2,4,1,dynamic_stress_100d_20pct_hdd,100,43,1000000,5000,1.0,health_ec,15.0,17,850000,900000,80,healthy,90,healthy,0,12.5,16.8,18.8,200339,0.2,339,339,267,0,0,0
stress_20pct,hybrid_w2_k4_d4_c1,hybrid,4,0.1,2,4,1,dynamic_stress_100d_20pct_hdd,100,43,1000000,5000,1.0,health_ec,15.0,18,900000,950000,80,healthy,90,healthy,0,12.5,16.8,18.8,200099,0.0,99,99,76,0,0,0
stress_20pct,hybrid_w2_k4_d4_c1,hybrid,4,0.1,2,4,1,dynamic_stress_100d_20pct_hdd,100,43,1000000,5000,1.0,health_ec,15.0,19,950000,1000000,80,healthy,90,healthy,0,12.5,16.8,18.7,200031,0.0,31,31,26,0,0,0
stress_20pct,vanilla_ec,baseline,,,,,,dynamic_stress_100d_20pct_hdd,100,44,1000000,5000,1.0,vanilla_ec,15.0,0,0,50000,80,healthy,90,healthy,0,12.5,16.8,18.8,200000,0.0,0,0,0,0,0,0
stress_20pct,vanilla_ec,baseline,,,,,,dynamic_stress_100d_20pct_hdd,100,44,1000000,5000,1.0,vanilla_ec,15.0,1,50000,100000,80,healthy,90,healthy,0,12.5,16.8,18.7,200000,0.0,0,0,0,0,0,0
stress_20pct,vanilla_ec,baseline,,,,,,dynamic_stress_100d_20pct_hdd,100,44,1000000,5000,1.0,vanilla_ec,15.0,2,100000,150000,80,healthy,90,healthy,0,12.5,16.8,18.8,200000,0.0,0,0,0,0,0,0
stress_20pct,vanilla_ec,baseline,,,,,,dynamic_stress_100d_20pct_hdd,100,44,1000000,5000,1.0,vanilla_ec,15.0,3,150000,200000,80,mild_slow,90,healthy,10,12.8,29.7,38.8,200000,0.0,0,0,0,0,0,0
stress_20pct,vanilla_ec,baseline,,,,,,dynamic_stress_100d_20pct_hdd,100,44,1000000,5000,1.0,vanilla_ec,15.0,4,200000,250000,80,mild_slow,90,healthy,10,12.8,29.6,39.2,200000,0.0,0,0,0,0,0,0
stress_20pct,vanilla_ec,baseline,,,,,,dynamic_stress_100d_20pct_hdd,100,44,1000000,5000,1.0,vanilla_ec,15.0,5,250000,300000,80,mild_slow,90,healthy,10,12.8,30.1,39.9,200000,0.0,0,0,0,0,0,0
stress_20pct,vanilla_ec,baseline,,,,,,dynamic_stress_100d_20pct_hdd,100,44,1000000,5000,1.0,vanilla_ec,15.0,6,300000,350000,80,severe_slow,90,healthy,10,12.8,68.7,97.9,200000,0.0,0,0,0,0,0,0
stress_20pct,vanilla_ec,baseline,,,,,,dynamic_stress_100d_20pct_hdd,100,44,1000000,5000,1.0,vanilla_ec,15.0,7,350000,400000,80,severe_slow,90,healthy,10,12.8,68.8,96.2,200000,0.0,0,0,0,0,0,0
stress_20pct,vanilla_ec,baseline,,,,,,dynamic_stress_100d_20pct_hdd,100,44,1000000,5000,1.0,vanilla_ec,15.0,8,400000,450000,80,severe_slow,90,healthy,10,12.8,69.1,97.5,200000,0.0,0,0,0,0,0,0
stress_20pct,vanilla_ec,baseline,,,,,,dynamic_stress_100d_20pct_hdd,100,44,1000000,5000,1.0,vanilla_ec,15.0,9,450000,500000,80,recovery,90,mild_slow,10,13.1,30.0,40.3,200000,0.0,0,0,0,0,0,0
stress_20pct,vanilla_ec,baseline,,,,,,dynamic_stress_100d_20pct_hdd,100,44,1000000,5000,1.0,vanilla_ec,15.0,10,500000,550000,80,recovery,90,mild_slow,10,13.0,30.0,40.4,200000,0.0,0,0,0,0,0,0
stress_20pct,vanilla_ec,baseline,,,,,,dynamic_stress_100d_20pct_hdd,100,44,1000000,5000,1.0,vanilla_ec,15.0,11,550000,600000,80,healthy,90,severe_slow,10,12.8,69.1,99.4,200000,0.0,0,0,0,0,0,0
stress_20pct,vanilla_ec,baseline,,,,,,dynamic_stress_100d_20pct_hdd,100,44,1000000,5000,1.0,vanilla_ec,15.0,12,600000,650000,80,healthy,90,severe_slow,10,12.8,69.4,106.5,200000,0.0,0,0,0,0,0,0
stress_20pct,vanilla_ec,baseline,,,,,,dynamic_stress_100d_20pct_hdd,100,44,1000000,5000,1.0,vanilla_ec,15.0,13,650000,700000,80,healthy,90,severe_slow,10,12.8,69.5,103.7,200000,0.0,0,0,0,0,0,0
stress_20pct,vanilla_ec,baseline,,,,,,dynamic_stress_100d_20pct_hdd,100,44,1000000,5000,1.0,vanilla_ec,15.0,14,700000,750000,80,mild_slow,90,recovery,10,13.0,29.9,39.8,200000,0.0,0,0,0,0,0,0
stress_20pct,vanilla_ec,baseline,,,,,,dynamic_stress_100d_20pct_hdd,100,44,1000000,5000,1.0,vanilla_ec,15.0,15,750000,800000,80,recovery,90,recovery,0,13.0,20.2,24.6,200000,0.0,0,0,0,0,0,0
stress_20pct,vanilla_ec,baseline,,,,,,dynamic_stress_100d_20pct_hdd,100,44,1000000,5000,1.0,vanilla_ec,15.0,16,800000,850000,80,healthy,90,healthy,0,12.5,16.8,18.8,200000,0.0,0,0,0,0,0,0
stress_20pct,vanilla_ec,baseline,,,,,,dynamic_stress_100d_20pct_hdd,100,44,1000000,5000,1.0,vanilla_ec,15.0,17,850000,900000,80,healthy,90,healthy,0,12.5,16.8,18.8,200000,0.0,0,0,0,0,0,0
stress_20pct,vanilla_ec,baseline,,,,,,dynamic_stress_100d_20pct_hdd,100,44,1000000,5000,1.0,vanilla_ec,15.0,18,900000,950000,80,healthy,90,healthy,0,12.5,16.9,18.8,200000,0.0,0,0,0,0,0,0
stress_20pct,vanilla_ec,baseline,,,,,,dynamic_stress_100d_20pct_hdd,100,44,1000000,5000,1.0,vanilla_ec,15.0,19,950000,1000000,80,healthy,90,healthy,0,12.5,16.9,18.9,200000,0.0,0,0,0,0,0,0
stress_20pct,late_binding,baseline,,,,,,dynamic_stress_100d_20pct_hdd,100,44,1000000,5000,1.0,late_binding,15.0,0,0,50000,80,healthy,90,healthy,0,10.7,14.0,15.4,250000,25.0,50000,50000,39978,0,0,0
stress_20pct,late_binding,baseline,,,,,,dynamic_stress_100d_20pct_hdd,100,44,1000000,5000,1.0,late_binding,15.0,1,50000,100000,80,healthy,90,healthy,0,10.7,14.0,15.4,250000,25.0,50000,50000,40008,0,0,0
stress_20pct,late_binding,baseline,,,,,,dynamic_stress_100d_20pct_hdd,100,44,1000000,5000,1.0,late_binding,15.0,2,100000,150000,80,healthy,90,healthy,0,10.7,14.0,15.5,250000,25.0,50000,50000,39927,0,0,0
stress_20pct,late_binding,baseline,,,,,,dynamic_stress_100d_20pct_hdd,100,44,1000000,5000,1.0,late_binding,15.0,3,150000,200000,80,mild_slow,90,healthy,10,11.0,25.0,32.2,250000,25.0,50000,50000,39774,0,0,0
stress_20pct,late_binding,baseline,,,,,,dynamic_stress_100d_20pct_hdd,100,44,1000000,5000,1.0,late_binding,15.0,4,200000,250000,80,mild_slow,90,healthy,10,11.0,24.8,32.4,250000,25.0,50000,50000,39819,0,0,0
stress_20pct,late_binding,baseline,,,,,,dynamic_stress_100d_20pct_hdd,100,44,1000000,5000,1.0,late_binding,15.0,5,250000,300000,80,mild_slow,90,healthy,10,10.9,25.3,32.5,250000,25.0,50000,50000,39696,0,0,0
stress_20pct,late_binding,baseline,,,,,,dynamic_stress_100d_20pct_hdd,100,44,1000000,5000,1.0,late_binding,15.0,6,300000,350000,80,severe_slow,90,healthy,10,11.0,57.6,75.1,250000,25.0,50000,50000,39577,0,0,0
stress_20pct,late_binding,baseline,,,,,,dynamic_stress_100d_20pct_hdd,100,44,1000000,5000,1.0,late_binding,15.0,7,350000,400000,80,severe_slow,90,healthy,10,11.0,58.1,75.9,250000,25.0,50000,50000,39621,0,0,0
stress_20pct,late_binding,baseline,,,,,,dynamic_stress_100d_20pct_hdd,100,44,1000000,5000,1.0,late_binding,15.0,8,400000,450000,80,severe_slow,90,healthy,10,10.9,58.0,75.5,250000,25.0,50000,50000,39747,0,0,0
stress_20pct,late_binding,baseline,,,,,,dynamic_stress_100d_20pct_hdd,100,44,1000000,5000,1.0,late_binding,15.0,9,450000,500000,80,recovery,90,mild_slow,10,11.1,24.8,32.5,250000,25.0,50000,50000,39652,0,0,0
stress_20pct,late_binding,baseline,,,,,,dynamic_stress_100d_20pct_hdd,100,44,1000000,5000,1.0,late_binding,15.0,10,500000,550000,80,recovery,90,mild_slow,10,11.1,24.7,32.5,250000,25.0,50000,50000,39563,0,0,0
stress_20pct,late_binding,baseline,,,,,,dynamic_stress_100d_20pct_hdd,100,44,1000000,5000,1.0,late_binding,15.0,11,550000,600000,80,healthy,90,severe_slow,10,11.0,57.7,75.6,250000,25.0,50000,50000,39672,0,0,0
stress_20pct,late_binding,baseline,,,,,,dynamic_stress_100d_20pct_hdd,100,44,1000000,5000,1.0,late_binding,15.0,12,600000,650000,80,healthy,90,severe_slow,10,10.9,58.0,75.9,250000,25.0,50000,50000,39748,0,0,0
stress_20pct,late_binding,baseline,,,,,,dynamic_stress_100d_20pct_hdd,100,44,1000000,5000,1.0,late_binding,15.0,13,650000,700000,80,healthy,90,severe_slow,10,10.9,57.7,75.7,250000,25.0,50000,50000,39638,0,0,0
stress_20pct,late_binding,baseline,,,,,,dynamic_stress_100d_20pct_hdd,100,44,1000000,5000,1.0,late_binding,15.0,14,700000,750000,80,mild_slow,90,recovery,10,11.1,24.9,32.2,250000,25.0,50000,50000,39987,0,0,0
stress_20pct,late_binding,baseline,,,,,,dynamic_stress_100d_20pct_hdd,100,44,1000000,5000,1.0,late_binding,15.0,15,750000,800000,80,recovery,90,recovery,0,11.1,16.9,20.2,250000,25.0,50000,50000,39851,0,0,0
stress_20pct,late_binding,baseline,,,,,,dynamic_stress_100d_20pct_hdd,100,44,1000000,5000,1.0,late_binding,15.0,16,800000,850000,80,healthy,90,healthy,0,10.7,14.0,15.5,250000,25.0,50000,50000,40014,0,0,0
stress_20pct,late_binding,baseline,,,,,,dynamic_stress_100d_20pct_hdd,100,44,1000000,5000,1.0,late_binding,15.0,17,850000,900000,80,healthy,90,healthy,0,10.7,14.0,15.4,250000,25.0,50000,50000,39891,0,0,0
stress_20pct,late_binding,baseline,,,,,,dynamic_stress_100d_20pct_hdd,100,44,1000000,5000,1.0,late_binding,15.0,18,900000,950000,80,healthy,90,healthy,0,10.7,14.0,15.5,250000,25.0,50000,50000,39817,0,0,0
stress_20pct,late_binding,baseline,,,,,,dynamic_stress_100d_20pct_hdd,100,44,1000000,5000,1.0,late_binding,15.0,19,950000,1000000,80,healthy,90,healthy,0,10.7,14.0,15.5,250000,25.0,50000,50000,40068,0,0,0
stress_20pct,timeout_degraded_read,baseline,,,,,,dynamic_stress_100d_20pct_hdd,100,44,1000000,5000,1.0,timeout_degraded_read,15.0,0,0,50000,80,healthy,90,healthy,0,12.5,16.8,18.8,208033,4.0,8033,8033,184,0,0,0
stress_20pct,timeout_degraded_read,baseline,,,,,,dynamic_stress_100d_20pct_hdd,100,44,1000000,5000,1.0,timeout_degraded_read,15.0,1,50000,100000,80,healthy,90,healthy,0,12.5,16.8,18.7,208137,4.1,8137,8137,165,0,0,0
stress_20pct,timeout_degraded_read,baseline,,,,,,dynamic_stress_100d_20pct_hdd,100,44,1000000,5000,1.0,timeout_degraded_read,15.0,2,100000,150000,80,healthy,90,healthy,0,12.5,16.8,18.7,208104,4.1,8104,8104,193,0,0,0
stress_20pct,timeout_degraded_read,baseline,,,,,,dynamic_stress_100d_20pct_hdd,100,44,1000000,5000,1.0,timeout_degraded_read,15.0,3,150000,200000,80,mild_slow,90,healthy,10,12.8,27.8,36.0,211587,5.8,11587,11587,1906,0,0,0
stress_20pct,timeout_degraded_read,baseline,,,,,,dynamic_stress_100d_20pct_hdd,100,44,1000000,5000,1.0,timeout_degraded_read,15.0,4,200000,250000,80,mild_slow,90,healthy,10,12.8,27.5,35.8,211682,5.8,11682,11682,1864,0,0,0
stress_20pct,timeout_degraded_read,baseline,,,,,,dynamic_stress_100d_20pct_hdd,100,44,1000000,5000,1.0,timeout_degraded_read,15.0,5,250000,300000,80,mild_slow,90,healthy,10,12.8,28.0,36.3,211606,5.8,11606,11606,1941,0,0,0
stress_20pct,timeout_degraded_read,baseline,,,,,,dynamic_stress_100d_20pct_hdd,100,44,1000000,5000,1.0,timeout_degraded_read,15.0,6,300000,350000,80,severe_slow,90,healthy,10,12.8,60.3,78.9,211708,5.9,11708,11708,3063,0,0,0
stress_20pct,timeout_degraded_read,baseline,,,,,,dynamic_stress_100d_20pct_hdd,100,44,1000000,5000,1.0,timeout_degraded_read,15.0,7,350000,400000,80,severe_slow,90,healthy,10,12.8,60.7,79.3,211810,5.9,11810,11810,3053,0,0,0
stress_20pct,timeout_degraded_read,baseline,,,,,,dynamic_stress_100d_20pct_hdd,100,44,1000000,5000,1.0,timeout_degraded_read,15.0,8,400000,450000,80,severe_slow,90,healthy,10,12.8,60.6,78.9,211838,5.9,11838,11838,3097,0,0,0
stress_20pct,timeout_degraded_read,baseline,,,,,,dynamic_stress_100d_20pct_hdd,100,44,1000000,5000,1.0,timeout_degraded_read,15.0,9,450000,500000,80,recovery,90,mild_slow,10,13.1,27.5,36.1,214006,7.0,14006,14006,2251,0,0,0
stress_20pct,timeout_degraded_read,baseline,,,,,,dynamic_stress_100d_20pct_hdd,100,44,1000000,5000,1.0,timeout_degraded_read,15.0,10,500000,550000,80,recovery,90,mild_slow,10,13.0,27.2,35.9,213923,7.0,13923,13923,2312,0,0,0
stress_20pct,timeout_degraded_read,baseline,,,,,,dynamic_stress_100d_20pct_hdd,100,44,1000000,5000,1.0,timeout_degraded_read,15.0,11,550000,600000,80,healthy,90,severe_slow,10,12.8,60.0,78.5,211637,5.8,11637,11637,3236,0,0,0
stress_20pct,timeout_degraded_read,baseline,,,,,,dynamic_stress_100d_20pct_hdd,100,44,1000000,5000,1.0,timeout_degraded_read,15.0,12,600000,650000,80,healthy,90,severe_slow,10,12.8,60.4,78.9,211705,5.9,11705,11705,3249,0,0,0
stress_20pct,timeout_degraded_read,baseline,,,,,,dynamic_stress_100d_20pct_hdd,100,44,1000000,5000,1.0,timeout_degraded_read,15.0,13,650000,700000,80,healthy,90,severe_slow,10,12.8,60.3,78.6,211462,5.7,11462,11462,3245,0,0,0
stress_20pct,timeout_degraded_read,baseline,,,,,,dynamic_stress_100d_20pct_hdd,100,44,1000000,5000,1.0,timeout_degraded_read,15.0,14,700000,750000,80,mild_slow,90,recovery,10,13.0,28.5,36.0,213821,6.9,13821,13821,1923,0,0,0
stress_20pct,timeout_degraded_read,baseline,,,,,,dynamic_stress_100d_20pct_hdd,100,44,1000000,5000,1.0,timeout_degraded_read,15.0,15,750000,800000,80,recovery,90,recovery,0,13.0,20.0,23.8,213248,6.6,13248,13248,773,0,0,0
stress_20pct,timeout_degraded_read,baseline,,,,,,dynamic_stress_100d_20pct_hdd,100,44,1000000,5000,1.0,timeout_degraded_read,15.0,16,800000,850000,80,healthy,90,healthy,0,12.5,16.8,18.8,208040,4.0,8040,8040,191,0,0,0
stress_20pct,timeout_degraded_read,baseline,,,,,,dynamic_stress_100d_20pct_hdd,100,44,1000000,5000,1.0,timeout_degraded_read,15.0,17,850000,900000,80,healthy,90,healthy,0,12.5,16.8,18.7,208057,4.0,8057,8057,162,0,0,0
stress_20pct,timeout_degraded_read,baseline,,,,,,dynamic_stress_100d_20pct_hdd,100,44,1000000,5000,1.0,timeout_degraded_read,15.0,18,900000,950000,80,healthy,90,healthy,0,12.5,16.8,18.8,208090,4.0,8090,8090,175,0,0,0
stress_20pct,timeout_degraded_read,baseline,,,,,,dynamic_stress_100d_20pct_hdd,100,44,1000000,5000,1.0,timeout_degraded_read,15.0,19,950000,1000000,80,healthy,90,healthy,0,12.5,16.8,18.8,208183,4.1,8183,8183,197,0,0,0
stress_20pct,t28_default,default,12,0.05,0,0,0,dynamic_stress_100d_20pct_hdd,100,44,1000000,5000,1.0,health_ec,15.0,0,0,50000,80,healthy,90,healthy,0,12.5,16.8,18.8,200000,0.0,0,0,0,0,0,0
stress_20pct,t28_default,default,12,0.05,0,0,0,dynamic_stress_100d_20pct_hdd,100,44,1000000,5000,1.0,health_ec,15.0,1,50000,100000,80,healthy,90,healthy,0,12.5,16.8,18.7,200000,0.0,0,0,0,0,0,0
stress_20pct,t28_default,default,12,0.05,0,0,0,dynamic_stress_100d_20pct_hdd,100,44,1000000,5000,1.0,health_ec,15.0,2,100000,150000,80,healthy,90,healthy,0,12.5,16.8,18.8,200000,0.0,0,0,0,0,0,0
stress_20pct,t28_default,default,12,0.05,0,0,0,dynamic_stress_100d_20pct_hdd,100,44,1000000,5000,1.0,health_ec,15.0,3,150000,200000,80,mild_slow,90,healthy,10,12.8,27.5,36.7,201871,0.9,1871,1871,1527,0,0,0
stress_20pct,t28_default,default,12,0.05,0,0,0,dynamic_stress_100d_20pct_hdd,100,44,1000000,5000,1.0,health_ec,15.0,4,200000,250000,80,mild_slow,90,healthy,10,12.8,26.1,35.1,202814,1.4,2814,2814,2309,1,1,0
stress_20pct,t28_default,default,12,0.05,0,0,0,dynamic_stress_100d_20pct_hdd,100,44,1000000,5000,1.0,health_ec,15.0,5,250000,300000,80,mild_slow,90,healthy,10,12.8,26.4,34.9,203106,1.6,3106,3106,2545,1,1,0
stress_20pct,t28_default,default,12,0.05,0,0,0,dynamic_stress_100d_20pct_hdd,100,44,1000000,5000,1.0,health_ec,15.0,6,300000,350000,80,severe_slow,90,healthy,10,12.7,53.0,76.4,202784,1.4,2784,2784,2356,8,8,0
stress_20pct,t28_default,default,12,0.05,0,0,0,dynamic_stress_100d_20pct_hdd,100,44,1000000,5000,1.0,health_ec,15.0,7,350000,400000,80,severe_slow,90,healthy,10,12.7,52.7,75.9,203068,1.5,3068,3068,2569,0,0,0
stress_20pct,t28_default,default,12,0.05,0,0,0,dynamic_stress_100d_20pct_hdd,100,44,1000000,5000,1.0,health_ec,15.0,8,400000,450000,80,severe_slow,90,healthy,10,12.7,52.0,74.7,203135,1.6,3135,3135,2643,0,0,0
stress_20pct,t28_default,default,12,0.05,0,0,0,dynamic_stress_100d_20pct_hdd,100,44,1000000,5000,1.0,health_ec,15.0,9,450000,500000,80,recovery,90,mild_slow,10,12.9,26.3,36.3,204235,2.1,4235,4235,3138,4,4,0
stress_20pct,t28_default,default,12,0.05,0,0,0,dynamic_stress_100d_20pct_hdd,100,44,1000000,5000,1.0,health_ec,15.0,10,500000,550000,80,recovery,90,mild_slow,10,12.9,25.4,35.0,204089,2.0,4089,4089,3192,0,0,0
stress_20pct,t28_default,default,12,0.05,0,0,0,dynamic_stress_100d_20pct_hdd,100,44,1000000,5000,1.0,health_ec,15.0,11,550000,600000,80,healthy,90,severe_slow,10,12.7,54.4,77.6,203367,1.7,3367,3367,2685,6,5,0
stress_20pct,t28_default,default,12,0.05,0,0,0,dynamic_stress_100d_20pct_hdd,100,44,1000000,5000,1.0,health_ec,15.0,12,600000,650000,80,healthy,90,severe_slow,10,12.7,52.8,76.2,203175,1.6,3175,3175,2624,0,0,0
stress_20pct,t28_default,default,12,0.05,0,0,0,dynamic_stress_100d_20pct_hdd,100,44,1000000,5000,1.0,health_ec,15.0,13,650000,700000,80,healthy,90,severe_slow,10,12.7,52.9,75.5,203176,1.6,3176,3176,2650,0,0,0
stress_20pct,t28_default,default,12,0.05,0,0,0,dynamic_stress_100d_20pct_hdd,100,44,1000000,5000,1.0,health_ec,15.0,14,700000,750000,80,mild_slow,90,recovery,10,12.8,24.2,35.8,203646,1.8,3646,3646,3175,0,0,0
stress_20pct,t28_default,default,12,0.05,0,0,0,dynamic_stress_100d_20pct_hdd,100,44,1000000,5000,1.0,health_ec,15.0,15,750000,800000,80,recovery,90,recovery,0,12.8,18.4,22.3,203207,1.6,3207,3207,2687,0,0,0
stress_20pct,t28_default,default,12,0.05,0,0,0,dynamic_stress_100d_20pct_hdd,100,44,1000000,5000,1.0,health_ec,15.0,16,800000,850000,80,healthy,90,healthy,0,12.4,16.8,18.8,201205,0.6,1205,1205,969,0,0,0
stress_20pct,t28_default,default,12,0.05,0,0,0,dynamic_stress_100d_20pct_hdd,100,44,1000000,5000,1.0,health_ec,15.0,17,850000,900000,80,healthy,90,healthy,0,12.5,16.8,18.8,200332,0.2,332,332,261,0,0,0
stress_20pct,t28_default,default,12,0.05,0,0,0,dynamic_stress_100d_20pct_hdd,100,44,1000000,5000,1.0,health_ec,15.0,18,900000,950000,80,healthy,90,healthy,0,12.5,16.8,18.8,200087,0.0,87,87,66,0,0,0
stress_20pct,t28_default,default,12,0.05,0,0,0,dynamic_stress_100d_20pct_hdd,100,44,1000000,5000,1.0,health_ec,15.0,19,950000,1000000,80,healthy,90,healthy,0,12.5,16.9,18.9,200026,0.0,26,26,23,0,0,0
stress_20pct,migration_disabled,disabled,12,0.05,0,0,0,dynamic_stress_100d_20pct_hdd,100,44,1000000,5000,1.0,health_ec,15.0,0,0,50000,80,healthy,90,healthy,0,12.5,16.8,18.8,200000,0.0,0,0,0,0,0,0
stress_20pct,migration_disabled,disabled,12,0.05,0,0,0,dynamic_stress_100d_20pct_hdd,100,44,1000000,5000,1.0,health_ec,15.0,1,50000,100000,80,healthy,90,healthy,0,12.5,16.8,18.7,200000,0.0,0,0,0,0,0,0
stress_20pct,migration_disabled,disabled,12,0.05,0,0,0,dynamic_stress_100d_20pct_hdd,100,44,1000000,5000,1.0,health_ec,15.0,2,100000,150000,80,healthy,90,healthy,0,12.5,16.8,18.8,200000,0.0,0,0,0,0,0,0
stress_20pct,migration_disabled,disabled,12,0.05,0,0,0,dynamic_stress_100d_20pct_hdd,100,44,1000000,5000,1.0,health_ec,15.0,3,150000,200000,80,mild_slow,90,healthy,10,12.8,27.5,36.7,201871,0.9,1871,1871,1527,0,0,0
stress_20pct,migration_disabled,disabled,12,0.05,0,0,0,dynamic_stress_100d_20pct_hdd,100,44,1000000,5000,1.0,health_ec,15.0,4,200000,250000,80,mild_slow,90,healthy,10,12.8,26.2,35.1,202814,1.4,2814,2814,2315,0,0,0
stress_20pct,migration_disabled,disabled,12,0.05,0,0,0,dynamic_stress_100d_20pct_hdd,100,44,1000000,5000,1.0,health_ec,15.0,5,250000,300000,80,mild_slow,90,healthy,10,12.8,26.5,34.9,203104,1.6,3104,3104,2574,0,0,0
stress_20pct,migration_disabled,disabled,12,0.05,0,0,0,dynamic_stress_100d_20pct_hdd,100,44,1000000,5000,1.0,health_ec,15.0,6,300000,350000,80,severe_slow,90,healthy,10,12.8,58.8,78.3,203644,1.8,3644,3644,3051,0,0,0
stress_20pct,migration_disabled,disabled,12,0.05,0,0,0,dynamic_stress_100d_20pct_hdd,100,44,1000000,5000,1.0,health_ec,15.0,7,350000,400000,80,severe_slow,90,healthy,10,12.8,58.5,77.5,203976,2.0,3976,3976,3280,0,0,0
stress_20pct,migration_disabled,disabled,12,0.05,0,0,0,dynamic_stress_100d_20pct_hdd,100,44,1000000,5000,1.0,health_ec,15.0,8,400000,450000,80,severe_slow,90,healthy,10,12.8,58.3,76.5,204126,2.1,4126,4126,3417,0,0,0
stress_20pct,migration_disabled,disabled,12,0.05,0,0,0,dynamic_stress_100d_20pct_hdd,100,44,1000000,5000,1.0,health_ec,15.0,9,450000,500000,80,recovery,90,mild_slow,10,13.0,26.8,36.3,205169,2.6,5169,5169,3847,0,0,0
stress_20pct,migration_disabled,disabled,12,0.05,0,0,0,dynamic_stress_100d_20pct_hdd,100,44,1000000,5000,1.0,health_ec,15.0,10,500000,550000,80,recovery,90,mild_slow,10,13.0,26.1,35.3,204850,2.4,4850,4850,3796,0,0,0
stress_20pct,migration_disabled,disabled,12,0.05,0,0,0,dynamic_stress_100d_20pct_hdd,100,44,1000000,5000,1.0,health_ec,15.0,11,550000,600000,80,healthy,90,severe_slow,10,12.8,58.9,78.8,204124,2.1,4124,4124,3399,0,0,0
stress_20pct,migration_disabled,disabled,12,0.05,0,0,0,dynamic_stress_100d_20pct_hdd,100,44,1000000,5000,1.0,health_ec,15.0,12,600000,650000,80,healthy,90,severe_slow,10,12.8,58.5,77.8,204022,2.0,4022,4022,3410,0,0,0
stress_20pct,migration_disabled,disabled,12,0.05,0,0,0,dynamic_stress_100d_20pct_hdd,100,44,1000000,5000,1.0,health_ec,15.0,13,650000,700000,80,healthy,90,severe_slow,10,12.8,58.4,76.9,204028,2.0,4028,4028,3415,0,0,0
stress_20pct,migration_disabled,disabled,12,0.05,0,0,0,dynamic_stress_100d_20pct_hdd,100,44,1000000,5000,1.0,health_ec,15.0,14,700000,750000,80,mild_slow,90,recovery,10,12.9,26.6,36.2,205206,2.6,5206,5206,4481,0,0,0
stress_20pct,migration_disabled,disabled,12,0.05,0,0,0,dynamic_stress_100d_20pct_hdd,100,44,1000000,5000,1.0,health_ec,15.0,15,750000,800000,80,recovery,90,recovery,0,12.9,18.8,22.7,204473,2.2,4473,4473,3757,0,0,0
stress_20pct,migration_disabled,disabled,12,0.05,0,0,0,dynamic_stress_100d_20pct_hdd,100,44,1000000,5000,1.0,health_ec,15.0,16,800000,850000,80,healthy,90,healthy,0,12.4,16.8,18.8,201263,0.6,1263,1263,1010,0,0,0
stress_20pct,migration_disabled,disabled,12,0.05,0,0,0,dynamic_stress_100d_20pct_hdd,100,44,1000000,5000,1.0,health_ec,15.0,17,850000,900000,80,healthy,90,healthy,0,12.5,16.8,18.8,200322,0.2,322,322,252,0,0,0
stress_20pct,migration_disabled,disabled,12,0.05,0,0,0,dynamic_stress_100d_20pct_hdd,100,44,1000000,5000,1.0,health_ec,15.0,18,900000,950000,80,healthy,90,healthy,0,12.5,16.8,18.8,200087,0.0,87,87,68,0,0,0
stress_20pct,migration_disabled,disabled,12,0.05,0,0,0,dynamic_stress_100d_20pct_hdd,100,44,1000000,5000,1.0,health_ec,15.0,19,950000,1000000,80,healthy,90,healthy,0,12.5,16.9,18.9,200025,0.0,25,25,22,0,0,0
stress_20pct,threshold_d2_a005,threshold_alpha,2,0.05,0,0,0,dynamic_stress_100d_20pct_hdd,100,44,1000000,5000,1.0,health_ec,15.0,0,0,50000,80,healthy,90,healthy,0,12.5,16.8,18.8,200000,0.0,0,0,0,0,0,0
stress_20pct,threshold_d2_a005,threshold_alpha,2,0.05,0,0,0,dynamic_stress_100d_20pct_hdd,100,44,1000000,5000,1.0,health_ec,15.0,1,50000,100000,80,healthy,90,healthy,0,12.5,16.8,18.7,200000,0.0,0,0,0,0,0,0
stress_20pct,threshold_d2_a005,threshold_alpha,2,0.05,0,0,0,dynamic_stress_100d_20pct_hdd,100,44,1000000,5000,1.0,health_ec,15.0,2,100000,150000,80,healthy,90,healthy,0,12.5,16.8,18.8,200000,0.0,0,0,0,0,0,0
stress_20pct,threshold_d2_a005,threshold_alpha,2,0.05,0,0,0,dynamic_stress_100d_20pct_hdd,100,44,1000000,5000,1.0,health_ec,15.0,3,150000,200000,80,mild_slow,90,healthy,10,12.7,25.4,36.5,201038,0.5,1038,1038,827,25,25,0
stress_20pct,threshold_d2_a005,threshold_alpha,2,0.05,0,0,0,dynamic_stress_100d_20pct_hdd,100,44,1000000,5000,1.0,health_ec,15.0,4,200000,250000,80,mild_slow,90,healthy,10,12.7,21.1,34.3,201453,0.7,1453,1453,1170,4,4,0
stress_20pct,threshold_d2_a005,threshold_alpha,2,0.05,0,0,0,dynamic_stress_100d_20pct_hdd,100,44,1000000,5000,1.0,health_ec,15.0,5,250000,300000,80,mild_slow,90,healthy,10,12.7,21.1,34.1,201634,0.8,1634,1634,1314,7,7,0
stress_20pct,threshold_d2_a005,threshold_alpha,2,0.05,0,0,0,dynamic_stress_100d_20pct_hdd,100,44,1000000,5000,1.0,health_ec,15.0,6,300000,350000,80,severe_slow,90,healthy,10,12.7,22.7,74.4,201923,1.0,1923,1923,1583,17,17,0
stress_20pct,threshold_d2_a005,threshold_alpha,2,0.05,0,0,0,dynamic_stress_100d_20pct_hdd,100,44,1000000,5000,1.0,health_ec,15.0,7,350000,400000,80,severe_slow,90,healthy,10,12.6,20.9,73.6,202141,1.1,2141,2141,1737,10,10,0
stress_20pct,threshold_d2_a005,threshold_alpha,2,0.05,0,0,0,dynamic_stress_100d_20pct_hdd,100,44,1000000,5000,1.0,health_ec,15.0,8,400000,450000,80,severe_slow,90,healthy,10,12.6,19.9,71.6,202090,1.0,2090,2090,1678,0,0,0
stress_20pct,threshold_d2_a005,threshold_alpha,2,0.05,0,0,0,dynamic_stress_100d_20pct_hdd,100,44,1000000,5000,1.0,health_ec,15.0,9,450000,500000,80,recovery,90,mild_slow,10,12.8,24.6,36.1,203059,1.5,3059,3059,2205,25,25,0
stress_20pct,threshold_d2_a005,threshold_alpha,2,0.05,0,0,0,dynamic_stress_100d_20pct_hdd,100,44,1000000,5000,1.0,health_ec,15.0,10,500000,550000,80,recovery,90,mild_slow,10,12.8,22.7,34.4,202756,1.4,2756,2756,2086,7,7,0
stress_20pct,threshold_d2_a005,threshold_alpha,2,0.05,0,0,0,dynamic_stress_100d_20pct_hdd,100,44,1000000,5000,1.0,health_ec,15.0,11,550000,600000,80,healthy,90,severe_slow,10,12.6,38.1,76.0,202510,1.3,2510,2510,1955,24,22,0
stress_20pct,threshold_d2_a005,threshold_alpha,2,0.05,0,0,0,dynamic_stress_100d_20pct_hdd,100,44,1000000,5000,1.0,health_ec,15.0,12,600000,650000,80,healthy,90,severe_slow,10,12.6,20.3,73.8,202208,1.1,2208,2208,1790,7,7,0
stress_20pct,threshold_d2_a005,threshold_alpha,2,0.05,0,0,0,dynamic_stress_100d_20pct_hdd,100,44,1000000,5000,1.0,health_ec,15.0,13,650000,700000,80,healthy,90,severe_slow,10,12.6,19.8,72.2,202138,1.1,2138,2138,1755,3,3,0
stress_20pct,threshold_d2_a005,threshold_alpha,2,0.05,0,0,0,dynamic_stress_100d_20pct_hdd,100,44,1000000,5000,1.0,health_ec,15.0,14,700000,750000,80,mild_slow,90,recovery,10,12.7,20.0,34.5,202386,1.2,2386,2386,2040,0,0,0
stress_20pct,threshold_d2_a005,threshold_alpha,2,0.05,0,0,0,dynamic_stress_100d_20pct_hdd,100,44,1000000,5000,1.0,health_ec,15.0,15,750000,800000,80,recovery,90,recovery,0,12.7,18.0,21.8,202093,1.0,2093,2093,1731,0,0,0
stress_20pct,threshold_d2_a005,threshold_alpha,2,0.05,0,0,0,dynamic_stress_100d_20pct_hdd,100,44,1000000,5000,1.0,health_ec,15.0,16,800000,850000,80,healthy,90,healthy,0,12.4,16.8,18.8,201000,0.5,1000,1000,804,0,0,0
stress_20pct,threshold_d2_a005,threshold_alpha,2,0.05,0,0,0,dynamic_stress_100d_20pct_hdd,100,44,1000000,5000,1.0,health_ec,15.0,17,850000,900000,80,healthy,90,healthy,0,12.5,16.8,18.8,200322,0.2,322,322,255,0,0,0
stress_20pct,threshold_d2_a005,threshold_alpha,2,0.05,0,0,0,dynamic_stress_100d_20pct_hdd,100,44,1000000,5000,1.0,health_ec,15.0,18,900000,950000,80,healthy,90,healthy,0,12.5,16.8,18.8,200087,0.0,87,87,67,0,0,0
stress_20pct,threshold_d2_a005,threshold_alpha,2,0.05,0,0,0,dynamic_stress_100d_20pct_hdd,100,44,1000000,5000,1.0,health_ec,15.0,19,950000,1000000,80,healthy,90,healthy,0,12.5,16.9,18.9,200025,0.0,25,25,22,0,0,0
stress_20pct,threshold_d4_a005,threshold_alpha,4,0.05,0,0,0,dynamic_stress_100d_20pct_hdd,100,44,1000000,5000,1.0,health_ec,15.0,0,0,50000,80,healthy,90,healthy,0,12.5,16.8,18.8,200000,0.0,0,0,0,0,0,0
stress_20pct,threshold_d4_a005,threshold_alpha,4,0.05,0,0,0,dynamic_stress_100d_20pct_hdd,100,44,1000000,5000,1.0,health_ec,15.0,1,50000,100000,80,healthy,90,healthy,0,12.5,16.8,18.7,200000,0.0,0,0,0,0,0,0
stress_20pct,threshold_d4_a005,threshold_alpha,4,0.05,0,0,0,dynamic_stress_100d_20pct_hdd,100,44,1000000,5000,1.0,health_ec,15.0,2,100000,150000,80,healthy,90,healthy,0,12.5,16.8,18.8,200000,0.0,0,0,0,0,0,0
stress_20pct,threshold_d4_a005,threshold_alpha,4,0.05,0,0,0,dynamic_stress_100d_20pct_hdd,100,44,1000000,5000,1.0,health_ec,15.0,3,150000,200000,80,mild_slow,90,healthy,10,12.7,26.1,36.5,201276,0.6,1276,1276,1037,13,13,0
stress_20pct,threshold_d4_a005,threshold_alpha,4,0.05,0,0,0,dynamic_stress_100d_20pct_hdd,100,44,1000000,5000,1.0,health_ec,15.0,4,200000,250000,80,mild_slow,90,healthy,10,12.7,23.3,34.6,201747,0.9,1747,1747,1452,4,4,0
stress_20pct,threshold_d4_a005,threshold_alpha,4,0.05,0,0,0,dynamic_stress_100d_20pct_hdd,100,44,1000000,5000,1.0,health_ec,15.0,5,250000,300000,80,mild_slow,90,healthy,10,12.7,22.4,34.3,201888,0.9,1888,1888,1558,3,3,0
stress_20pct,threshold_d4_a005,threshold_alpha,4,0.05,0,0,0,dynamic_stress_100d_20pct_hdd,100,44,1000000,5000,1.0,health_ec,15.0,6,300000,350000,80,severe_slow,90,healthy,10,12.7,45.8,75.4,202300,1.1,2300,2300,1889,6,6,0
stress_20pct,threshold_d4_a005,threshold_alpha,4,0.05,0,0,0,dynamic_stress_100d_20pct_hdd,100,44,1000000,5000,1.0,health_ec,15.0,7,350000,400000,80,severe_slow,90,healthy,10,12.7,45.3,74.8,202574,1.3,2574,2574,2129,4,4,0
stress_20pct,threshold_d4_a005,threshold_alpha,4,0.05,0,0,0,dynamic_stress_100d_20pct_hdd,100,44,1000000,5000,1.0,health_ec,15.0,8,400000,450000,80,severe_slow,90,healthy,10,12.7,43.1,73.3,202560,1.3,2560,2560,2106,4,4,0
stress_20pct,threshold_d4_a005,threshold_alpha,4,0.05,0,0,0,dynamic_stress_100d_20pct_hdd,100,44,1000000,5000,1.0,health_ec,15.0,9,450000,500000,80,recovery,90,mild_slow,10,12.9,25.4,36.2,203607,1.8,3607,3607,2624,14,14,0
stress_20pct,threshold_d4_a005,threshold_alpha,4,0.05,0,0,0,dynamic_stress_100d_20pct_hdd,100,44,1000000,5000,1.0,health_ec,15.0,10,500000,550000,80,recovery,90,mild_slow,10,12.9,24.0,34.6,203475,1.7,3475,3475,2652,3,3,0
stress_20pct,threshold_d4_a005,threshold_alpha,4,0.05,0,0,0,dynamic_stress_100d_20pct_hdd,100,44,1000000,5000,1.0,health_ec,15.0,11,550000,600000,80,healthy,90,severe_slow,10,12.7,50.7,76.8,203048,1.5,3048,3048,2363,14,13,0
stress_20pct,threshold_d4_a005,threshold_alpha,4,0.05,0,0,0,dynamic_stress_100d_20pct_hdd,100,44,1000000,5000,1.0,health_ec,15.0,12,600000,650000,80,healthy,90,severe_slow,10,12.7,45.2,75.1,202726,1.4,2726,2726,2200,1,1,0
stress_20pct,threshold_d4_a005,threshold_alpha,4,0.05,0,0,0,dynamic_stress_100d_20pct_hdd,100,44,1000000,5000,1.0,health_ec,15.0,13,650000,700000,80,healthy,90,severe_slow,10,12.7,44.3,73.8,202647,1.3,2647,2647,2165,1,1,0
stress_20pct,threshold_d4_a005,threshold_alpha,4,0.05,0,0,0,dynamic_stress_100d_20pct_hdd,100,44,1000000,5000,1.0,health_ec,15.0,14,700000,750000,80,mild_slow,90,recovery,10,12.8,21.5,34.9,203156,1.6,3156,3156,2684,0,0,0
stress_20pct,threshold_d4_a005,threshold_alpha,4,0.05,0,0,0,dynamic_stress_100d_20pct_hdd,100,44,1000000,5000,1.0,health_ec,15.0,15,750000,800000,80,recovery,90,recovery,0,12.8,18.1,22.0,202602,1.3,2602,2602,2164,0,0,0
stress_20pct,threshold_d4_a005,threshold_alpha,4,0.05,0,0,0,dynamic_stress_100d_20pct_hdd,100,44,1000000,5000,1.0,health_ec,15.0,16,800000,850000,80,healthy,90,healthy,0,12.4,16.8,18.8,201083,0.5,1083,1083,882,0,0,0
stress_20pct,threshold_d4_a005,threshold_alpha,4,0.05,0,0,0,dynamic_stress_100d_20pct_hdd,100,44,1000000,5000,1.0,health_ec,15.0,17,850000,900000,80,healthy,90,healthy,0,12.5,16.8,18.8,200319,0.2,319,319,245,0,0,0
stress_20pct,threshold_d4_a005,threshold_alpha,4,0.05,0,0,0,dynamic_stress_100d_20pct_hdd,100,44,1000000,5000,1.0,health_ec,15.0,18,900000,950000,80,healthy,90,healthy,0,12.5,16.9,18.8,200083,0.0,83,83,65,0,0,0
stress_20pct,threshold_d4_a005,threshold_alpha,4,0.05,0,0,0,dynamic_stress_100d_20pct_hdd,100,44,1000000,5000,1.0,health_ec,15.0,19,950000,1000000,80,healthy,90,healthy,0,12.5,16.9,18.8,200026,0.0,26,26,22,0,0,0
stress_20pct,threshold_d6_a005,threshold_alpha,6,0.05,0,0,0,dynamic_stress_100d_20pct_hdd,100,44,1000000,5000,1.0,health_ec,15.0,0,0,50000,80,healthy,90,healthy,0,12.5,16.8,18.8,200000,0.0,0,0,0,0,0,0
stress_20pct,threshold_d6_a005,threshold_alpha,6,0.05,0,0,0,dynamic_stress_100d_20pct_hdd,100,44,1000000,5000,1.0,health_ec,15.0,1,50000,100000,80,healthy,90,healthy,0,12.5,16.8,18.7,200000,0.0,0,0,0,0,0,0
stress_20pct,threshold_d6_a005,threshold_alpha,6,0.05,0,0,0,dynamic_stress_100d_20pct_hdd,100,44,1000000,5000,1.0,health_ec,15.0,2,100000,150000,80,healthy,90,healthy,0,12.5,16.8,18.8,200000,0.0,0,0,0,0,0,0
stress_20pct,threshold_d6_a005,threshold_alpha,6,0.05,0,0,0,dynamic_stress_100d_20pct_hdd,100,44,1000000,5000,1.0,health_ec,15.0,3,150000,200000,80,mild_slow,90,healthy,10,12.7,26.6,36.6,201600,0.8,1600,1600,1231,11,11,0
stress_20pct,threshold_d6_a005,threshold_alpha,6,0.05,0,0,0,dynamic_stress_100d_20pct_hdd,100,44,1000000,5000,1.0,health_ec,15.0,4,200000,250000,80,mild_slow,90,healthy,10,12.7,23.5,34.6,201779,0.9,1779,1779,1482,1,1,0
stress_20pct,threshold_d6_a005,threshold_alpha,6,0.05,0,0,0,dynamic_stress_100d_20pct_hdd,100,44,1000000,5000,1.0,health_ec,15.0,5,250000,300000,80,mild_slow,90,healthy,10,12.7,23.7,34.5,202050,1.0,2050,2050,1710,0,0,0
stress_20pct,threshold_d6_a005,threshold_alpha,6,0.05,0,0,0,dynamic_stress_100d_20pct_hdd,100,44,1000000,5000,1.0,health_ec,15.0,6,300000,350000,80,severe_slow,90,healthy,10,12.7,49.3,75.7,202462,1.2,2462,2462,2058,8,8,0
stress_20pct,threshold_d6_a005,threshold_alpha,6,0.05,0,0,0,dynamic_stress_100d_20pct_hdd,100,44,1000000,5000,1.0,health_ec,15.0,7,350000,400000,80,severe_slow,90,healthy,10,12.7,48.6,75.4,202737,1.4,2737,2737,2268,0,0,0
stress_20pct,threshold_d6_a005,threshold_alpha,6,0.05,0,0,0,dynamic_stress_100d_20pct_hdd,100,44,1000000,5000,1.0,health_ec,15.0,8,400000,450000,80,severe_slow,90,healthy,10,12.7,48.0,74.0,202777,1.4,2777,2777,2311,0,0,0
stress_20pct,threshold_d6_a005,threshold_alpha,6,0.05,0,0,0,dynamic_stress_100d_20pct_hdd,100,44,1000000,5000,1.0,health_ec,15.0,9,450000,500000,80,recovery,90,mild_slow,10,12.9,25.8,36.2,203857,1.9,3857,3857,2796,10,10,0
stress_20pct,threshold_d6_a005,threshold_alpha,6,0.05,0,0,0,dynamic_stress_100d_20pct_hdd,100,44,1000000,5000,1.0,health_ec,15.0,10,500000,550000,80,recovery,90,mild_slow,10,12.9,24.4,34.7,203697,1.8,3697,3697,2786,1,1,0
stress_20pct,threshold_d6_a005,threshold_alpha,6,0.05,0,0,0,dynamic_stress_100d_20pct_hdd,100,44,1000000,5000,1.0,health_ec,15.0,11,550000,600000,80,healthy,90,severe_slow,10,12.7,52.8,77.1,203235,1.6,3235,3235,2518,10,10,0
stress_20pct,threshold_d6_a005,threshold_alpha,6,0.05,0,0,0,dynamic_stress_100d_20pct_hdd,100,44,1000000,5000,1.0,health_ec,15.0,12,600000,650000,80,healthy,90,severe_slow,10,12.7,49.2,75.7,202857,1.4,2857,2857,2335,0,0,0
stress_20pct,threshold_d6_a005,threshold_alpha,6,0.05,0,0,0,dynamic_stress_100d_20pct_hdd,100,44,1000000,5000,1.0,health_ec,15.0,13,650000,700000,80,healthy,90,severe_slow,10,12.7,48.6,74.4,202857,1.4,2857,2857,2359,0,0,0
stress_20pct,threshold_d6_a005,threshold_alpha,6,0.05,0,0,0,dynamic_stress_100d_20pct_hdd,100,44,1000000,5000,1.0,health_ec,15.0,14,700000,750000,80,mild_slow,90,recovery,10,12.8,22.7,35.4,203256,1.6,3256,3256,2840,0,0,0
stress_20pct,threshold_d6_a005,threshold_alpha,6,0.05,0,0,0,dynamic_stress_100d_20pct_hdd,100,44,1000000,5000,1.0,health_ec,15.0,15,750000,800000,80,recovery,90,recovery,0,12.8,18.3,22.2,202876,1.4,2876,2876,2415,0,0,0
stress_20pct,threshold_d6_a005,threshold_alpha,6,0.05,0,0,0,dynamic_stress_100d_20pct_hdd,100,44,1000000,5000,1.0,health_ec,15.0,16,800000,850000,80,healthy,90,healthy,0,12.4,16.8,18.8,201129,0.6,1129,1129,916,0,0,0
stress_20pct,threshold_d6_a005,threshold_alpha,6,0.05,0,0,0,dynamic_stress_100d_20pct_hdd,100,44,1000000,5000,1.0,health_ec,15.0,17,850000,900000,80,healthy,90,healthy,0,12.5,16.8,18.8,200327,0.2,327,327,253,0,0,0
stress_20pct,threshold_d6_a005,threshold_alpha,6,0.05,0,0,0,dynamic_stress_100d_20pct_hdd,100,44,1000000,5000,1.0,health_ec,15.0,18,900000,950000,80,healthy,90,healthy,0,12.5,16.8,18.8,200087,0.0,87,87,67,0,0,0
stress_20pct,threshold_d6_a005,threshold_alpha,6,0.05,0,0,0,dynamic_stress_100d_20pct_hdd,100,44,1000000,5000,1.0,health_ec,15.0,19,950000,1000000,80,healthy,90,healthy,0,12.5,16.9,18.9,200025,0.0,25,25,22,0,0,0
stress_20pct,threshold_d8_a005,threshold_alpha,8,0.05,0,0,0,dynamic_stress_100d_20pct_hdd,100,44,1000000,5000,1.0,health_ec,15.0,0,0,50000,80,healthy,90,healthy,0,12.5,16.8,18.8,200000,0.0,0,0,0,0,0,0
stress_20pct,threshold_d8_a005,threshold_alpha,8,0.05,0,0,0,dynamic_stress_100d_20pct_hdd,100,44,1000000,5000,1.0,health_ec,15.0,1,50000,100000,80,healthy,90,healthy,0,12.5,16.8,18.7,200000,0.0,0,0,0,0,0,0
stress_20pct,threshold_d8_a005,threshold_alpha,8,0.05,0,0,0,dynamic_stress_100d_20pct_hdd,100,44,1000000,5000,1.0,health_ec,15.0,2,100000,150000,80,healthy,90,healthy,0,12.5,16.8,18.8,200000,0.0,0,0,0,0,0,0
stress_20pct,threshold_d8_a005,threshold_alpha,8,0.05,0,0,0,dynamic_stress_100d_20pct_hdd,100,44,1000000,5000,1.0,health_ec,15.0,3,150000,200000,80,mild_slow,90,healthy,10,12.8,27.3,36.7,201765,0.9,1765,1765,1410,5,5,0
stress_20pct,threshold_d8_a005,threshold_alpha,8,0.05,0,0,0,dynamic_stress_100d_20pct_hdd,100,44,1000000,5000,1.0,health_ec,15.0,4,200000,250000,80,mild_slow,90,healthy,10,12.7,25.2,34.8,202500,1.2,2500,2500,1974,4,4,0
stress_20pct,threshold_d8_a005,threshold_alpha,8,0.05,0,0,0,dynamic_stress_100d_20pct_hdd,100,44,1000000,5000,1.0,health_ec,15.0,5,250000,300000,80,mild_slow,90,healthy,10,12.7,24.0,34.5,202234,1.1,2234,2234,1866,1,1,0
stress_20pct,threshold_d8_a005,threshold_alpha,8,0.05,0,0,0,dynamic_stress_100d_20pct_hdd,100,44,1000000,5000,1.0,health_ec,15.0,6,300000,350000,80,severe_slow,90,healthy,10,12.7,50.9,76.1,202594,1.3,2594,2594,2163,5,5,0
stress_20pct,threshold_d8_a005,threshold_alpha,8,0.05,0,0,0,dynamic_stress_100d_20pct_hdd,100,44,1000000,5000,1.0,health_ec,15.0,7,350000,400000,80,severe_slow,90,healthy,10,12.7,50.3,75.4,202871,1.4,2871,2871,2366,1,1,0
stress_20pct,threshold_d8_a005,threshold_alpha,8,0.05,0,0,0,dynamic_stress_100d_20pct_hdd,100,44,1000000,5000,1.0,health_ec,15.0,8,400000,450000,80,severe_slow,90,healthy,10,12.7,49.4,74.0,202843,1.4,2843,2843,2382,0,0,0
stress_20pct,threshold_d8_a005,threshold_alpha,8,0.05,0,0,0,dynamic_stress_100d_20pct_hdd,100,44,1000000,5000,1.0,health_ec,15.0,9,450000,500000,80,recovery,90,mild_slow,10,12.9,25.9,36.2,204029,2.0,4029,4029,2937,8,8,0
stress_20pct,threshold_d8_a005,threshold_alpha,8,0.05,0,0,0,dynamic_stress_100d_20pct_hdd,100,44,1000000,5000,1.0,health_ec,15.0,10,500000,550000,80,recovery,90,mild_slow,10,12.9,24.4,34.8,203633,1.8,3633,3633,2768,2,2,0
stress_20pct,threshold_d8_a005,threshold_alpha,8,0.05,0,0,0,dynamic_stress_100d_20pct_hdd,100,44,1000000,5000,1.0,health_ec,15.0,11,550000,600000,80,healthy,90,severe_slow,10,12.7,53.9,77.5,203256,1.6,3256,3256,2599,1,1,0
stress_20pct,threshold_d8_a005,threshold_alpha,8,0.05,0,0,0,dynamic_stress_100d_20pct_hdd,100,44,1000000,5000,1.0,health_ec,15.0,12,600000,650000,80,healthy,90,severe_slow,10,12.7,51.9,75.9,203131,1.6,3131,3131,2569,4,4,0
stress_20pct,threshold_d8_a005,threshold_alpha,8,0.05,0,0,0,dynamic_stress_100d_20pct_hdd,100,44,1000000,5000,1.0,health_ec,15.0,13,650000,700000,80,healthy,90,severe_slow,10,12.7,51.5,74.9,203109,1.6,3109,3109,2567,1,1,0
stress_20pct,threshold_d8_a005,threshold_alpha,8,0.05,0,0,0,dynamic_stress_100d_20pct_hdd,100,44,1000000,5000,1.0,health_ec,15.0,14,700000,750000,80,mild_slow,90,recovery,10,12.8,23.0,35.6,203347,1.7,3347,3347,2911,0,0,0
stress_20pct,threshold_d8_a005,threshold_alpha,8,0.05,0,0,0,dynamic_stress_100d_20pct_hdd,100,44,1000000,5000,1.0,health_ec,15.0,15,750000,800000,80,recovery,90,recovery,0,12.8,18.3,22.2,202978,1.5,2978,2978,2502,0,0,0
stress_20pct,threshold_d8_a005,threshold_alpha,8,0.05,0,0,0,dynamic_stress_100d_20pct_hdd,100,44,1000000,5000,1.0,health_ec,15.0,16,800000,850000,80,healthy,90,healthy,0,12.4,16.8,18.8,201223,0.6,1223,1223,987,0,0,0
stress_20pct,threshold_d8_a005,threshold_alpha,8,0.05,0,0,0,dynamic_stress_100d_20pct_hdd,100,44,1000000,5000,1.0,health_ec,15.0,17,850000,900000,80,healthy,90,healthy,0,12.5,16.8,18.8,200331,0.2,331,331,260,0,0,0
stress_20pct,threshold_d8_a005,threshold_alpha,8,0.05,0,0,0,dynamic_stress_100d_20pct_hdd,100,44,1000000,5000,1.0,health_ec,15.0,18,900000,950000,80,healthy,90,healthy,0,12.5,16.9,18.8,200089,0.0,89,89,68,0,0,0
stress_20pct,threshold_d8_a005,threshold_alpha,8,0.05,0,0,0,dynamic_stress_100d_20pct_hdd,100,44,1000000,5000,1.0,health_ec,15.0,19,950000,1000000,80,healthy,90,healthy,0,12.5,16.9,18.9,200025,0.0,25,25,22,0,0,0
stress_20pct,threshold_d2_a010,threshold_alpha,2,0.1,0,0,0,dynamic_stress_100d_20pct_hdd,100,44,1000000,5000,1.0,health_ec,15.0,0,0,50000,80,healthy,90,healthy,0,12.5,16.8,18.8,200000,0.0,0,0,0,0,0,0
stress_20pct,threshold_d2_a010,threshold_alpha,2,0.1,0,0,0,dynamic_stress_100d_20pct_hdd,100,44,1000000,5000,1.0,health_ec,15.0,1,50000,100000,80,healthy,90,healthy,0,12.5,16.8,18.7,200000,0.0,0,0,0,0,0,0
stress_20pct,threshold_d2_a010,threshold_alpha,2,0.1,0,0,0,dynamic_stress_100d_20pct_hdd,100,44,1000000,5000,1.0,health_ec,15.0,2,100000,150000,80,healthy,90,healthy,0,12.5,16.8,18.8,200000,0.0,0,0,0,0,0,0
stress_20pct,threshold_d2_a010,threshold_alpha,2,0.1,0,0,0,dynamic_stress_100d_20pct_hdd,100,44,1000000,5000,1.0,health_ec,15.0,3,150000,200000,80,mild_slow,90,healthy,10,12.7,24.8,36.5,200926,0.5,926,926,717,31,31,0
stress_20pct,threshold_d2_a010,threshold_alpha,2,0.1,0,0,0,dynamic_stress_100d_20pct_hdd,100,44,1000000,5000,1.0,health_ec,15.0,4,200000,250000,80,mild_slow,90,healthy,10,12.7,20.0,34.2,201290,0.6,1290,1290,1033,10,10,0
stress_20pct,threshold_d2_a010,threshold_alpha,2,0.1,0,0,0,dynamic_stress_100d_20pct_hdd,100,44,1000000,5000,1.0,health_ec,15.0,5,250000,300000,80,mild_slow,90,healthy,10,12.7,19.8,34.0,201344,0.7,1344,1344,1098,5,5,0
stress_20pct,threshold_d2_a010,threshold_alpha,2,0.1,0,0,0,dynamic_stress_100d_20pct_hdd,100,44,1000000,5000,1.0,health_ec,15.0,6,300000,350000,80,severe_slow,90,healthy,10,12.6,19.9,73.9,201755,0.9,1755,1755,1454,19,17,0
stress_20pct,threshold_d2_a010,threshold_alpha,2,0.1,0,0,0,dynamic_stress_100d_20pct_hdd,100,44,1000000,5000,1.0,health_ec,15.0,7,350000,400000,80,severe_slow,90,healthy,10,12.6,20.0,73.2,202031,1.0,2031,2031,1639,4,4,0
stress_20pct,threshold_d2_a010,threshold_alpha,2,0.1,0,0,0,dynamic_stress_100d_20pct_hdd,100,44,1000000,5000,1.0,health_ec,15.0,8,400000,450000,80,severe_slow,90,healthy,10,12.6,19.4,71.2,201956,1.0,1956,1956,1598,1,1,0
stress_20pct,threshold_d2_a010,threshold_alpha,2,0.1,0,0,0,dynamic_stress_100d_20pct_hdd,100,44,1000000,5000,1.0,health_ec,15.0,9,450000,500000,80,recovery,90,mild_slow,10,12.8,24.0,36.1,202948,1.5,2948,2948,2096,34,34,0
stress_20pct,threshold_d2_a010,threshold_alpha,2,0.1,0,0,0,dynamic_stress_100d_20pct_hdd,100,44,1000000,5000,1.0,health_ec,15.0,10,500000,550000,80,recovery,90,mild_slow,10,12.8,21.7,34.3,202505,1.3,2505,2505,1884,11,11,0
stress_20pct,threshold_d2_a010,threshold_alpha,2,0.1,0,0,0,dynamic_stress_100d_20pct_hdd,100,44,1000000,5000,1.0,health_ec,15.0,11,550000,600000,80,healthy,90,severe_slow,10,12.6,25.1,75.9,202413,1.2,2413,2413,1874,22,20,0
stress_20pct,threshold_d2_a010,threshold_alpha,2,0.1,0,0,0,dynamic_stress_100d_20pct_hdd,100,44,1000000,5000,1.0,health_ec,15.0,12,600000,650000,80,healthy,90,severe_slow,10,12.7,20.3,73.5,202212,1.1,2212,2212,1778,5,5,0
stress_20pct,threshold_d2_a010,threshold_alpha,2,0.1,0,0,0,dynamic_stress_100d_20pct_hdd,100,44,1000000,5000,1.0,health_ec,15.0,13,650000,700000,80,healthy,90,severe_slow,10,12.6,19.6,71.7,202132,1.1,2132,2132,1737,4,4,0
stress_20pct,threshold_d2_a010,threshold_alpha,2,0.1,0,0,0,dynamic_stress_100d_20pct_hdd,100,44,1000000,5000,1.0,health_ec,15.0,14,700000,750000,80,mild_slow,90,recovery,10,12.7,19.6,34.3,202266,1.1,2266,2266,1949,0,0,0
stress_20pct,threshold_d2_a010,threshold_alpha,2,0.1,0,0,0,dynamic_stress_100d_20pct_hdd,100,44,1000000,5000,1.0,health_ec,15.0,15,750000,800000,80,recovery,90,recovery,0,12.7,17.9,21.7,202016,1.0,2016,2016,1662,0,0,0
stress_20pct,threshold_d2_a010,threshold_alpha,2,0.1,0,0,0,dynamic_stress_100d_20pct_hdd,100,44,1000000,5000,1.0,health_ec,15.0,16,800000,850000,80,healthy,90,healthy,0,12.4,16.8,18.8,200975,0.5,975,975,779,0,0,0
stress_20pct,threshold_d2_a010,threshold_alpha,2,0.1,0,0,0,dynamic_stress_100d_20pct_hdd,100,44,1000000,5000,1.0,health_ec,15.0,17,850000,900000,80,healthy,90,healthy,0,12.5,16.8,18.8,200309,0.2,309,309,246,0,0,0
stress_20pct,threshold_d2_a010,threshold_alpha,2,0.1,0,0,0,dynamic_stress_100d_20pct_hdd,100,44,1000000,5000,1.0,health_ec,15.0,18,900000,950000,80,healthy,90,healthy,0,12.5,16.8,18.8,200087,0.0,87,87,69,0,0,0
stress_20pct,threshold_d2_a010,threshold_alpha,2,0.1,0,0,0,dynamic_stress_100d_20pct_hdd,100,44,1000000,5000,1.0,health_ec,15.0,19,950000,1000000,80,healthy,90,healthy,0,12.5,16.9,18.9,200027,0.0,27,27,23,0,0,0
stress_20pct,threshold_d4_a010,threshold_alpha,4,0.1,0,0,0,dynamic_stress_100d_20pct_hdd,100,44,1000000,5000,1.0,health_ec,15.0,0,0,50000,80,healthy,90,healthy,0,12.5,16.8,18.8,200000,0.0,0,0,0,0,0,0
stress_20pct,threshold_d4_a010,threshold_alpha,4,0.1,0,0,0,dynamic_stress_100d_20pct_hdd,100,44,1000000,5000,1.0,health_ec,15.0,1,50000,100000,80,healthy,90,healthy,0,12.5,16.8,18.7,200000,0.0,0,0,0,0,0,0
stress_20pct,threshold_d4_a010,threshold_alpha,4,0.1,0,0,0,dynamic_stress_100d_20pct_hdd,100,44,1000000,5000,1.0,health_ec,15.0,2,100000,150000,80,healthy,90,healthy,0,12.5,16.8,18.8,200000,0.0,0,0,0,0,0,0
stress_20pct,threshold_d4_a010,threshold_alpha,4,0.1,0,0,0,dynamic_stress_100d_20pct_hdd,100,44,1000000,5000,1.0,health_ec,15.0,3,150000,200000,80,mild_slow,90,healthy,10,12.7,25.5,36.5,201081,0.5,1081,1081,872,18,18,0
stress_20pct,threshold_d4_a010,threshold_alpha,4,0.1,0,0,0,dynamic_stress_100d_20pct_hdd,100,44,1000000,5000,1.0,health_ec,15.0,4,200000,250000,80,mild_slow,90,healthy,10,12.7,21.7,34.5,201547,0.8,1547,1547,1295,4,4,0
stress_20pct,threshold_d4_a010,threshold_alpha,4,0.1,0,0,0,dynamic_stress_100d_20pct_hdd,100,44,1000000,5000,1.0,health_ec,15.0,5,250000,300000,80,mild_slow,90,healthy,10,12.7,22.2,34.2,201742,0.9,1742,1742,1441,0,0,0
stress_20pct,threshold_d4_a010,threshold_alpha,4,0.1,0,0,0,dynamic_stress_100d_20pct_hdd,100,44,1000000,5000,1.0,health_ec,15.0,6,300000,350000,80,severe_slow,90,healthy,10,12.7,43.1,75.1,202165,1.1,2165,2165,1812,9,9,0
stress_20pct,threshold_d4_a010,threshold_alpha,4,0.1,0,0,0,dynamic_stress_100d_20pct_hdd,100,44,1000000,5000,1.0,health_ec,15.0,7,350000,400000,80,severe_slow,90,healthy,10,12.7,41.8,74.7,202445,1.2,2445,2445,2023,4,4,0
stress_20pct,threshold_d4_a010,threshold_alpha,4,0.1,0,0,0,dynamic_stress_100d_20pct_hdd,100,44,1000000,5000,1.0,health_ec,15.0,8,400000,450000,80,severe_slow,90,healthy,10,12.7,35.3,73.0,202379,1.2,2379,2379,1976,2,2,0
stress_20pct,threshold_d4_a010,threshold_alpha,4,0.1,0,0,0,dynamic_stress_100d_20pct_hdd,100,44,1000000,5000,1.0,health_ec,15.0,9,450000,500000,80,recovery,90,mild_slow,10,12.9,25.1,36.2,203436,1.7,3436,3436,2476,23,22,0
stress_20pct,threshold_d4_a010,threshold_alpha,4,0.1,0,0,0,dynamic_stress_100d_20pct_hdd,100,44,1000000,5000,1.0,health_ec,15.0,10,500000,550000,80,recovery,90,mild_slow,10,12.8,23.2,34.5,203031,1.5,3031,3031,2304,1,1,0
stress_20pct,threshold_d4_a010,threshold_alpha,4,0.1,0,0,0,dynamic_stress_100d_20pct_hdd,100,44,1000000,5000,1.0,health_ec,15.0,11,550000,600000,80,healthy,90,severe_slow,10,12.7,48.1,76.5,202850,1.4,2850,2850,2221,15,15,0
stress_20pct,threshold_d4_a010,threshold_alpha,4,0.1,0,0,0,dynamic_stress_100d_20pct_hdd,100,44,1000000,5000,1.0,health_ec,15.0,12,600000,650000,80,healthy,90,severe_slow,10,12.7,40.5,74.5,202526,1.3,2526,2526,2037,3,3,0
stress_20pct,threshold_d4_a010,threshold_alpha,4,0.1,0,0,0,dynamic_stress_100d_20pct_hdd,100,44,1000000,5000,1.0,health_ec,15.0,13,650000,700000,80,healthy,90,severe_slow,10,12.7,38.8,73.1,202487,1.2,2487,2487,2035,1,1,0
stress_20pct,threshold_d4_a010,threshold_alpha,4,0.1,0,0,0,dynamic_stress_100d_20pct_hdd,100,44,1000000,5000,1.0,health_ec,15.0,14,700000,750000,80,mild_slow,90,recovery,10,12.8,21.0,34.8,202835,1.4,2835,2835,2454,2,2,0
stress_20pct,threshold_d4_a010,threshold_alpha,4,0.1,0,0,0,dynamic_stress_100d_20pct_hdd,100,44,1000000,5000,1.0,health_ec,15.0,15,750000,800000,80,recovery,90,recovery,0,12.7,18.1,21.9,202405,1.2,2405,2405,2008,0,0,0
stress_20pct,threshold_d4_a010,threshold_alpha,4,0.1,0,0,0,dynamic_stress_100d_20pct_hdd,100,44,1000000,5000,1.0,health_ec,15.0,16,800000,850000,80,healthy,90,healthy,0,12.4,16.8,18.8,201079,0.5,1079,1079,874,0,0,0
stress_20pct,threshold_d4_a010,threshold_alpha,4,0.1,0,0,0,dynamic_stress_100d_20pct_hdd,100,44,1000000,5000,1.0,health_ec,15.0,17,850000,900000,80,healthy,90,healthy,0,12.5,16.8,18.8,200320,0.2,320,320,249,0,0,0
stress_20pct,threshold_d4_a010,threshold_alpha,4,0.1,0,0,0,dynamic_stress_100d_20pct_hdd,100,44,1000000,5000,1.0,health_ec,15.0,18,900000,950000,80,healthy,90,healthy,0,12.5,16.8,18.8,200086,0.0,86,86,66,0,0,0
stress_20pct,threshold_d4_a010,threshold_alpha,4,0.1,0,0,0,dynamic_stress_100d_20pct_hdd,100,44,1000000,5000,1.0,health_ec,15.0,19,950000,1000000,80,healthy,90,healthy,0,12.5,16.9,18.9,200026,0.0,26,26,22,0,0,0
stress_20pct,threshold_d6_a010,threshold_alpha,6,0.1,0,0,0,dynamic_stress_100d_20pct_hdd,100,44,1000000,5000,1.0,health_ec,15.0,0,0,50000,80,healthy,90,healthy,0,12.5,16.8,18.8,200000,0.0,0,0,0,0,0,0
stress_20pct,threshold_d6_a010,threshold_alpha,6,0.1,0,0,0,dynamic_stress_100d_20pct_hdd,100,44,1000000,5000,1.0,health_ec,15.0,1,50000,100000,80,healthy,90,healthy,0,12.5,16.8,18.7,200000,0.0,0,0,0,0,0,0
stress_20pct,threshold_d6_a010,threshold_alpha,6,0.1,0,0,0,dynamic_stress_100d_20pct_hdd,100,44,1000000,5000,1.0,health_ec,15.0,2,100000,150000,80,healthy,90,healthy,0,12.5,16.8,18.8,200000,0.0,0,0,0,0,0,0
stress_20pct,threshold_d6_a010,threshold_alpha,6,0.1,0,0,0,dynamic_stress_100d_20pct_hdd,100,44,1000000,5000,1.0,health_ec,15.0,3,150000,200000,80,mild_slow,90,healthy,10,12.7,26.0,36.5,201248,0.6,1248,1248,1018,13,13,0
stress_20pct,threshold_d6_a010,threshold_alpha,6,0.1,0,0,0,dynamic_stress_100d_20pct_hdd,100,44,1000000,5000,1.0,health_ec,15.0,4,200000,250000,80,mild_slow,90,healthy,10,12.7,23.3,34.6,201747,0.9,1747,1747,1451,1,1,0
stress_20pct,threshold_d6_a010,threshold_alpha,6,0.1,0,0,0,dynamic_stress_100d_20pct_hdd,100,44,1000000,5000,1.0,health_ec,15.0,5,250000,300000,80,mild_slow,90,healthy,10,12.7,23.2,34.4,202017,1.0,2017,2017,1632,1,1,0
stress_20pct,threshold_d6_a010,threshold_alpha,6,0.1,0,0,0,dynamic_stress_100d_20pct_hdd,100,44,1000000,5000,1.0,health_ec,15.0,6,300000,350000,80,severe_slow,90,healthy,10,12.7,47.9,75.4,202363,1.2,2363,2363,1967,7,7,0
stress_20pct,threshold_d6_a010,threshold_alpha,6,0.1,0,0,0,dynamic_stress_100d_20pct_hdd,100,44,1000000,5000,1.0,health_ec,15.0,7,350000,400000,80,severe_slow,90,healthy,10,12.7,47.9,75.0,202737,1.4,2737,2737,2244,1,1,0
stress_20pct,threshold_d6_a010,threshold_alpha,6,0.1,0,0,0,dynamic_stress_100d_20pct_hdd,100,44,1000000,5000,1.0,health_ec,15.0,8,400000,450000,80,severe_slow,90,healthy,10,12.7,46.6,73.9,202776,1.4,2776,2776,2272,0,0,0
stress_20pct,threshold_d6_a010,threshold_alpha,6,0.1,0,0,0,dynamic_stress_100d_20pct_hdd,100,44,1000000,5000,1.0,health_ec,15.0,9,450000,500000,80,recovery,90,mild_slow,10,12.9,25.7,36.1,203720,1.9,3720,3720,2682,13,13,0
stress_20pct,threshold_d6_a010,threshold_alpha,6,0.1,0,0,0,dynamic_stress_100d_20pct_hdd,100,44,1000000,5000,1.0,health_ec,15.0,10,500000,550000,80,recovery,90,mild_slow,10,12.9,24.4,34.7,203633,1.8,3633,3633,2747,1,1,0
stress_20pct,threshold_d6_a010,threshold_alpha,6,0.1,0,0,0,dynamic_stress_100d_20pct_hdd,100,44,1000000,5000,1.0,health_ec,15.0,11,550000,600000,80,healthy,90,severe_slow,10,12.7,51.2,77.2,203067,1.5,3067,3067,2397,10,9,0
stress_20pct,threshold_d6_a010,threshold_alpha,6,0.1,0,0,0,dynamic_stress_100d_20pct_hdd,100,44,1000000,5000,1.0,health_ec,15.0,12,600000,650000,80,healthy,90,severe_slow,10,12.7,48.0,75.7,202836,1.4,2836,2836,2309,1,1,0
stress_20pct,threshold_d6_a010,threshold_alpha,6,0.1,0,0,0,dynamic_stress_100d_20pct_hdd,100,44,1000000,5000,1.0,health_ec,15.0,13,650000,700000,80,healthy,90,severe_slow,10,12.7,46.7,74.0,202729,1.4,2729,2729,2270,1,1,0
stress_20pct,threshold_d6_a010,threshold_alpha,6,0.1,0,0,0,dynamic_stress_100d_20pct_hdd,100,44,1000000,5000,1.0,health_ec,15.0,14,700000,750000,80,mild_slow,90,recovery,10,12.8,22.3,35.1,203344,1.7,3344,3344,2877,1,1,0
stress_20pct,threshold_d6_a010,threshold_alpha,6,0.1,0,0,0,dynamic_stress_100d_20pct_hdd,100,44,1000000,5000,1.0,health_ec,15.0,15,750000,800000,80,recovery,90,recovery,0,12.8,18.2,22.1,202779,1.4,2779,2779,2322,0,0,0
stress_20pct,threshold_d6_a010,threshold_alpha,6,0.1,0,0,0,dynamic_stress_100d_20pct_hdd,100,44,1000000,5000,1.0,health_ec,15.0,16,800000,850000,80,healthy,90,healthy,0,12.4,16.8,18.8,201141,0.6,1141,1141,926,0,0,0
stress_20pct,threshold_d6_a010,threshold_alpha,6,0.1,0,0,0,dynamic_stress_100d_20pct_hdd,100,44,1000000,5000,1.0,health_ec,15.0,17,850000,900000,80,healthy,90,healthy,0,12.5,16.8,18.8,200332,0.2,332,332,256,0,0,0
stress_20pct,threshold_d6_a010,threshold_alpha,6,0.1,0,0,0,dynamic_stress_100d_20pct_hdd,100,44,1000000,5000,1.0,health_ec,15.0,18,900000,950000,80,healthy,90,healthy,0,12.5,16.9,18.8,200091,0.0,91,91,69,0,0,0
stress_20pct,threshold_d6_a010,threshold_alpha,6,0.1,0,0,0,dynamic_stress_100d_20pct_hdd,100,44,1000000,5000,1.0,health_ec,15.0,19,950000,1000000,80,healthy,90,healthy,0,12.5,16.8,18.9,200026,0.0,26,26,23,0,0,0
stress_20pct,threshold_d8_a010,threshold_alpha,8,0.1,0,0,0,dynamic_stress_100d_20pct_hdd,100,44,1000000,5000,1.0,health_ec,15.0,0,0,50000,80,healthy,90,healthy,0,12.5,16.8,18.8,200000,0.0,0,0,0,0,0,0
stress_20pct,threshold_d8_a010,threshold_alpha,8,0.1,0,0,0,dynamic_stress_100d_20pct_hdd,100,44,1000000,5000,1.0,health_ec,15.0,1,50000,100000,80,healthy,90,healthy,0,12.5,16.8,18.7,200000,0.0,0,0,0,0,0,0
stress_20pct,threshold_d8_a010,threshold_alpha,8,0.1,0,0,0,dynamic_stress_100d_20pct_hdd,100,44,1000000,5000,1.0,health_ec,15.0,2,100000,150000,80,healthy,90,healthy,0,12.5,16.8,18.8,200000,0.0,0,0,0,0,0,0
stress_20pct,threshold_d8_a010,threshold_alpha,8,0.1,0,0,0,dynamic_stress_100d_20pct_hdd,100,44,1000000,5000,1.0,health_ec,15.0,3,150000,200000,80,mild_slow,90,healthy,10,12.7,26.4,36.6,201553,0.8,1553,1553,1249,10,10,0
stress_20pct,threshold_d8_a010,threshold_alpha,8,0.1,0,0,0,dynamic_stress_100d_20pct_hdd,100,44,1000000,5000,1.0,health_ec,15.0,4,200000,250000,80,mild_slow,90,healthy,10,12.7,23.5,34.6,201852,0.9,1852,1852,1557,2,2,0
stress_20pct,threshold_d8_a010,threshold_alpha,8,0.1,0,0,0,dynamic_stress_100d_20pct_hdd,100,44,1000000,5000,1.0,health_ec,15.0,5,250000,300000,80,mild_slow,90,healthy,10,12.7,23.7,34.5,202050,1.0,2050,2050,1710,0,0,0
stress_20pct,threshold_d8_a010,threshold_alpha,8,0.1,0,0,0,dynamic_stress_100d_20pct_hdd,100,44,1000000,5000,1.0,health_ec,15.0,6,300000,350000,80,severe_slow,90,healthy,10,12.7,50.4,75.8,202546,1.3,2546,2546,2115,4,4,0
stress_20pct,threshold_d8_a010,threshold_alpha,8,0.1,0,0,0,dynamic_stress_100d_20pct_hdd,100,44,1000000,5000,1.0,health_ec,15.0,7,350000,400000,80,severe_slow,90,healthy,10,12.7,49.8,75.4,202798,1.4,2798,2798,2332,0,0,0
stress_20pct,threshold_d8_a010,threshold_alpha,8,0.1,0,0,0,dynamic_stress_100d_20pct_hdd,100,44,1000000,5000,1.0,health_ec,15.0,8,400000,450000,80,severe_slow,90,healthy,10,12.7,49.4,74.0,202842,1.4,2842,2842,2382,0,0,0
stress_20pct,threshold_d8_a010,threshold_alpha,8,0.1,0,0,0,dynamic_stress_100d_20pct_hdd,100,44,1000000,5000,1.0,health_ec,15.0,9,450000,500000,80,recovery,90,mild_slow,10,12.9,25.7,36.3,203751,1.9,3751,3751,2716,10,10,0
stress_20pct,threshold_d8_a010,threshold_alpha,8,0.1,0,0,0,dynamic_stress_100d_20pct_hdd,100,44,1000000,5000,1.0,health_ec,15.0,10,500000,550000,80,recovery,90,mild_slow,10,12.9,24.2,34.7,203518,1.8,3518,3518,2711,1,1,0
stress_20pct,threshold_d8_a010,threshold_alpha,8,0.1,0,0,0,dynamic_stress_100d_20pct_hdd,100,44,1000000,5000,1.0,health_ec,15.0,11,550000,600000,80,healthy,90,severe_slow,10,12.7,53.0,77.2,203253,1.6,3253,3253,2595,6,6,0
stress_20pct,threshold_d8_a010,threshold_alpha,8,0.1,0,0,0,dynamic_stress_100d_20pct_hdd,100,44,1000000,5000,1.0,health_ec,15.0,12,600000,650000,80,healthy,90,severe_slow,10,12.7,50.0,75.8,202943,1.5,2943,2943,2425,1,1,0
stress_20pct,threshold_d8_a010,threshold_alpha,8,0.1,0,0,0,dynamic_stress_100d_20pct_hdd,100,44,1000000,5000,1.0,health_ec,15.0,13,650000,700000,80,healthy,90,severe_slow,10,12.7,49.6,74.6,202937,1.5,2937,2937,2457,0,0,0
stress_20pct,threshold_d8_a010,threshold_alpha,8,0.1,0,0,0,dynamic_stress_100d_20pct_hdd,100,44,1000000,5000,1.0,health_ec,15.0,14,700000,750000,80,mild_slow,90,recovery,10,12.8,23.0,35.6,203221,1.6,3221,3221,2796,0,0,0
stress_20pct,threshold_d8_a010,threshold_alpha,8,0.1,0,0,0,dynamic_stress_100d_20pct_hdd,100,44,1000000,5000,1.0,health_ec,15.0,15,750000,800000,80,recovery,90,recovery,0,12.8,18.3,22.2,202922,1.5,2922,2922,2453,0,0,0
stress_20pct,threshold_d8_a010,threshold_alpha,8,0.1,0,0,0,dynamic_stress_100d_20pct_hdd,100,44,1000000,5000,1.0,health_ec,15.0,16,800000,850000,80,healthy,90,healthy,0,12.4,16.8,18.8,201200,0.6,1200,1200,976,0,0,0
stress_20pct,threshold_d8_a010,threshold_alpha,8,0.1,0,0,0,dynamic_stress_100d_20pct_hdd,100,44,1000000,5000,1.0,health_ec,15.0,17,850000,900000,80,healthy,90,healthy,0,12.5,16.8,18.8,200328,0.2,328,328,251,0,0,0
stress_20pct,threshold_d8_a010,threshold_alpha,8,0.1,0,0,0,dynamic_stress_100d_20pct_hdd,100,44,1000000,5000,1.0,health_ec,15.0,18,900000,950000,80,healthy,90,healthy,0,12.5,16.9,18.8,200090,0.0,90,90,69,0,0,0
stress_20pct,threshold_d8_a010,threshold_alpha,8,0.1,0,0,0,dynamic_stress_100d_20pct_hdd,100,44,1000000,5000,1.0,health_ec,15.0,19,950000,1000000,80,healthy,90,healthy,0,12.5,16.9,18.9,200025,0.0,25,25,22,0,0,0
stress_20pct,evidence_w2_d4,window_evidence,4,0.1,2,0,0,dynamic_stress_100d_20pct_hdd,100,44,1000000,5000,1.0,health_ec,15.0,0,0,50000,80,healthy,90,healthy,0,12.5,16.8,18.8,200000,0.0,0,0,0,0,0,0
stress_20pct,evidence_w2_d4,window_evidence,4,0.1,2,0,0,dynamic_stress_100d_20pct_hdd,100,44,1000000,5000,1.0,health_ec,15.0,1,50000,100000,80,healthy,90,healthy,0,12.5,16.8,18.7,200000,0.0,0,0,0,0,0,0
stress_20pct,evidence_w2_d4,window_evidence,4,0.1,2,0,0,dynamic_stress_100d_20pct_hdd,100,44,1000000,5000,1.0,health_ec,15.0,2,100000,150000,80,healthy,90,healthy,0,12.5,16.8,18.8,200000,0.0,0,0,0,0,0,0
stress_20pct,evidence_w2_d4,window_evidence,4,0.1,2,0,0,dynamic_stress_100d_20pct_hdd,100,44,1000000,5000,1.0,health_ec,15.0,3,150000,200000,80,mild_slow,90,healthy,10,12.8,27.5,36.7,201871,0.9,1871,1871,1527,0,0,0
stress_20pct,evidence_w2_d4,window_evidence,4,0.1,2,0,0,dynamic_stress_100d_20pct_hdd,100,44,1000000,5000,1.0,health_ec,15.0,4,200000,250000,80,mild_slow,90,healthy,10,12.7,23.1,34.6,201764,0.9,1764,1764,1414,22,22,0
stress_20pct,evidence_w2_d4,window_evidence,4,0.1,2,0,0,dynamic_stress_100d_20pct_hdd,100,44,1000000,5000,1.0,health_ec,15.0,5,250000,300000,80,mild_slow,90,healthy,10,12.7,22.2,34.2,201742,0.9,1742,1742,1441,0,0,0
stress_20pct,evidence_w2_d4,window_evidence,4,0.1,2,0,0,dynamic_stress_100d_20pct_hdd,100,44,1000000,5000,1.0,health_ec,15.0,6,300000,350000,80,severe_slow,90,healthy,10,12.7,43.1,75.1,202165,1.1,2165,2165,1812,9,9,0
stress_20pct,evidence_w2_d4,window_evidence,4,0.1,2,0,0,dynamic_stress_100d_20pct_hdd,100,44,1000000,5000,1.0,health_ec,15.0,7,350000,400000,80,severe_slow,90,healthy,10,12.7,41.8,74.7,202445,1.2,2445,2445,2023,4,4,0
stress_20pct,evidence_w2_d4,window_evidence,4,0.1,2,0,0,dynamic_stress_100d_20pct_hdd,100,44,1000000,5000,1.0,health_ec,15.0,8,400000,450000,80,severe_slow,90,healthy,10,12.7,35.3,73.0,202379,1.2,2379,2379,1976,2,2,0
stress_20pct,evidence_w2_d4,window_evidence,4,0.1,2,0,0,dynamic_stress_100d_20pct_hdd,100,44,1000000,5000,1.0,health_ec,15.0,9,450000,500000,80,recovery,90,mild_slow,10,12.9,26.9,36.3,204327,2.2,4327,4327,3337,0,0,0
stress_20pct,evidence_w2_d4,window_evidence,4,0.1,2,0,0,dynamic_stress_100d_20pct_hdd,100,44,1000000,5000,1.0,health_ec,15.0,10,500000,550000,80,recovery,90,mild_slow,10,12.8,23.5,34.5,203165,1.6,3165,3165,2394,23,23,0
stress_20pct,evidence_w2_d4,window_evidence,4,0.1,2,0,0,dynamic_stress_100d_20pct_hdd,100,44,1000000,5000,1.0,health_ec,15.0,11,550000,600000,80,healthy,90,severe_slow,10,12.7,47.3,76.4,202775,1.4,2775,2775,2179,15,15,0
stress_20pct,evidence_w2_d4,window_evidence,4,0.1,2,0,0,dynamic_stress_100d_20pct_hdd,100,44,1000000,5000,1.0,health_ec,15.0,12,600000,650000,80,healthy,90,severe_slow,10,12.7,38.9,74.5,202461,1.2,2461,2461,2006,3,3,0
stress_20pct,evidence_w2_d4,window_evidence,4,0.1,2,0,0,dynamic_stress_100d_20pct_hdd,100,44,1000000,5000,1.0,health_ec,15.0,13,650000,700000,80,healthy,90,severe_slow,10,12.7,35.8,73.1,202435,1.2,2435,2435,2015,1,1,0
stress_20pct,evidence_w2_d4,window_evidence,4,0.1,2,0,0,dynamic_stress_100d_20pct_hdd,100,44,1000000,5000,1.0,health_ec,15.0,14,700000,750000,80,mild_slow,90,recovery,10,12.8,21.0,34.8,202968,1.5,2968,2968,2566,0,0,0
stress_20pct,evidence_w2_d4,window_evidence,4,0.1,2,0,0,dynamic_stress_100d_20pct_hdd,100,44,1000000,5000,1.0,health_ec,15.0,15,750000,800000,80,recovery,90,recovery,0,12.7,18.1,21.9,202454,1.2,2454,2454,2039,0,0,0
stress_20pct,evidence_w2_d4,window_evidence,4,0.1,2,0,0,dynamic_stress_100d_20pct_hdd,100,44,1000000,5000,1.0,health_ec,15.0,16,800000,850000,80,healthy,90,healthy,0,12.4,16.8,18.8,201064,0.5,1064,1064,861,0,0,0
stress_20pct,evidence_w2_d4,window_evidence,4,0.1,2,0,0,dynamic_stress_100d_20pct_hdd,100,44,1000000,5000,1.0,health_ec,15.0,17,850000,900000,80,healthy,90,healthy,0,12.5,16.8,18.8,200314,0.2,314,314,245,0,0,0
stress_20pct,evidence_w2_d4,window_evidence,4,0.1,2,0,0,dynamic_stress_100d_20pct_hdd,100,44,1000000,5000,1.0,health_ec,15.0,18,900000,950000,80,healthy,90,healthy,0,12.5,16.8,18.8,200088,0.0,88,88,67,0,0,0
stress_20pct,evidence_w2_d4,window_evidence,4,0.1,2,0,0,dynamic_stress_100d_20pct_hdd,100,44,1000000,5000,1.0,health_ec,15.0,19,950000,1000000,80,healthy,90,healthy,0,12.5,16.9,18.9,200026,0.0,26,26,22,0,0,0
stress_20pct,evidence_w2_d6,window_evidence,6,0.1,2,0,0,dynamic_stress_100d_20pct_hdd,100,44,1000000,5000,1.0,health_ec,15.0,0,0,50000,80,healthy,90,healthy,0,12.5,16.8,18.8,200000,0.0,0,0,0,0,0,0
stress_20pct,evidence_w2_d6,window_evidence,6,0.1,2,0,0,dynamic_stress_100d_20pct_hdd,100,44,1000000,5000,1.0,health_ec,15.0,1,50000,100000,80,healthy,90,healthy,0,12.5,16.8,18.7,200000,0.0,0,0,0,0,0,0
stress_20pct,evidence_w2_d6,window_evidence,6,0.1,2,0,0,dynamic_stress_100d_20pct_hdd,100,44,1000000,5000,1.0,health_ec,15.0,2,100000,150000,80,healthy,90,healthy,0,12.5,16.8,18.8,200000,0.0,0,0,0,0,0,0
stress_20pct,evidence_w2_d6,window_evidence,6,0.1,2,0,0,dynamic_stress_100d_20pct_hdd,100,44,1000000,5000,1.0,health_ec,15.0,3,150000,200000,80,mild_slow,90,healthy,10,12.8,27.5,36.7,201871,0.9,1871,1871,1527,0,0,0
stress_20pct,evidence_w2_d6,window_evidence,6,0.1,2,0,0,dynamic_stress_100d_20pct_hdd,100,44,1000000,5000,1.0,health_ec,15.0,4,200000,250000,80,mild_slow,90,healthy,10,12.7,24.0,34.7,201959,1.0,1959,1959,1597,13,13,0
stress_20pct,evidence_w2_d6,window_evidence,6,0.1,2,0,0,dynamic_stress_100d_20pct_hdd,100,44,1000000,5000,1.0,health_ec,15.0,5,250000,300000,80,mild_slow,90,healthy,10,12.7,23.5,34.3,202048,1.0,2048,2048,1684,1,1,0
stress_20pct,evidence_w2_d6,window_evidence,6,0.1,2,0,0,dynamic_stress_100d_20pct_hdd,100,44,1000000,5000,1.0,health_ec,15.0,6,300000,350000,80,severe_slow,90,healthy,10,12.7,48.0,75.4,202378,1.2,2378,2378,1975,8,8,0
stress_20pct,evidence_w2_d6,window_evidence,6,0.1,2,0,0,dynamic_stress_100d_20pct_hdd,100,44,1000000,5000,1.0,health_ec,15.0,7,350000,400000,80,severe_slow,90,healthy,10,12.7,47.9,75.0,202737,1.4,2737,2737,2244,1,1,0
stress_20pct,evidence_w2_d6,window_evidence,6,0.1,2,0,0,dynamic_stress_100d_20pct_hdd,100,44,1000000,5000,1.0,health_ec,15.0,8,400000,450000,80,severe_slow,90,healthy,10,12.7,46.6,73.9,202776,1.4,2776,2776,2272,0,0,0
stress_20pct,evidence_w2_d6,window_evidence,6,0.1,2,0,0,dynamic_stress_100d_20pct_hdd,100,44,1000000,5000,1.0,health_ec,15.0,9,450000,500000,80,recovery,90,mild_slow,10,13.0,26.9,36.3,204859,2.4,4859,4859,3826,0,0,0
stress_20pct,evidence_w2_d6,window_evidence,6,0.1,2,0,0,dynamic_stress_100d_20pct_hdd,100,44,1000000,5000,1.0,health_ec,15.0,10,500000,550000,80,recovery,90,mild_slow,10,12.9,24.3,34.7,203561,1.8,3561,3561,2726,15,15,0
stress_20pct,evidence_w2_d6,window_evidence,6,0.1,2,0,0,dynamic_stress_100d_20pct_hdd,100,44,1000000,5000,1.0,health_ec,15.0,11,550000,600000,80,healthy,90,severe_slow,10,12.7,51.0,77.0,203003,1.5,3003,3003,2375,10,9,0
stress_20pct,evidence_w2_d6,window_evidence,6,0.1,2,0,0,dynamic_stress_100d_20pct_hdd,100,44,1000000,5000,1.0,health_ec,15.0,12,600000,650000,80,healthy,90,severe_slow,10,12.7,48.0,75.7,202836,1.4,2836,2836,2309,1,1,0
stress_20pct,evidence_w2_d6,window_evidence,6,0.1,2,0,0,dynamic_stress_100d_20pct_hdd,100,44,1000000,5000,1.0,health_ec,15.0,13,650000,700000,80,healthy,90,severe_slow,10,12.7,46.7,74.0,202730,1.4,2730,2730,2271,1,1,0
stress_20pct,evidence_w2_d6,window_evidence,6,0.1,2,0,0,dynamic_stress_100d_20pct_hdd,100,44,1000000,5000,1.0,health_ec,15.0,14,700000,750000,80,mild_slow,90,recovery,10,12.8,22.3,35.1,203276,1.6,3276,3276,2827,0,0,0
stress_20pct,evidence_w2_d6,window_evidence,6,0.1,2,0,0,dynamic_stress_100d_20pct_hdd,100,44,1000000,5000,1.0,health_ec,15.0,15,750000,800000,80,recovery,90,recovery,0,12.8,18.2,22.1,202779,1.4,2779,2779,2321,0,0,0
stress_20pct,evidence_w2_d6,window_evidence,6,0.1,2,0,0,dynamic_stress_100d_20pct_hdd,100,44,1000000,5000,1.0,health_ec,15.0,16,800000,850000,80,healthy,90,healthy,0,12.4,16.8,18.8,201134,0.6,1134,1134,923,0,0,0
stress_20pct,evidence_w2_d6,window_evidence,6,0.1,2,0,0,dynamic_stress_100d_20pct_hdd,100,44,1000000,5000,1.0,health_ec,15.0,17,850000,900000,80,healthy,90,healthy,0,12.5,16.8,18.8,200330,0.2,330,330,255,0,0,0
stress_20pct,evidence_w2_d6,window_evidence,6,0.1,2,0,0,dynamic_stress_100d_20pct_hdd,100,44,1000000,5000,1.0,health_ec,15.0,18,900000,950000,80,healthy,90,healthy,0,12.5,16.8,18.8,200091,0.0,91,91,69,0,0,0
stress_20pct,evidence_w2_d6,window_evidence,6,0.1,2,0,0,dynamic_stress_100d_20pct_hdd,100,44,1000000,5000,1.0,health_ec,15.0,19,950000,1000000,80,healthy,90,healthy,0,12.5,16.8,18.9,200025,0.0,25,25,22,0,0,0
stress_20pct,evidence_w3_d4,window_evidence,4,0.1,3,0,0,dynamic_stress_100d_20pct_hdd,100,44,1000000,5000,1.0,health_ec,15.0,0,0,50000,80,healthy,90,healthy,0,12.5,16.8,18.8,200000,0.0,0,0,0,0,0,0
stress_20pct,evidence_w3_d4,window_evidence,4,0.1,3,0,0,dynamic_stress_100d_20pct_hdd,100,44,1000000,5000,1.0,health_ec,15.0,1,50000,100000,80,healthy,90,healthy,0,12.5,16.8,18.7,200000,0.0,0,0,0,0,0,0
stress_20pct,evidence_w3_d4,window_evidence,4,0.1,3,0,0,dynamic_stress_100d_20pct_hdd,100,44,1000000,5000,1.0,health_ec,15.0,2,100000,150000,80,healthy,90,healthy,0,12.5,16.8,18.8,200000,0.0,0,0,0,0,0,0
stress_20pct,evidence_w3_d4,window_evidence,4,0.1,3,0,0,dynamic_stress_100d_20pct_hdd,100,44,1000000,5000,1.0,health_ec,15.0,3,150000,200000,80,mild_slow,90,healthy,10,12.8,27.5,36.7,201871,0.9,1871,1871,1527,0,0,0
stress_20pct,evidence_w3_d4,window_evidence,4,0.1,3,0,0,dynamic_stress_100d_20pct_hdd,100,44,1000000,5000,1.0,health_ec,15.0,4,200000,250000,80,mild_slow,90,healthy,10,12.8,26.2,35.1,202814,1.4,2814,2814,2315,0,0,0
stress_20pct,evidence_w3_d4,window_evidence,4,0.1,3,0,0,dynamic_stress_100d_20pct_hdd,100,44,1000000,5000,1.0,health_ec,15.0,5,250000,300000,80,mild_slow,90,healthy,10,12.7,23.1,34.4,202018,1.0,2018,2018,1626,21,21,0
stress_20pct,evidence_w3_d4,window_evidence,4,0.1,3,0,0,dynamic_stress_100d_20pct_hdd,100,44,1000000,5000,1.0,health_ec,15.0,6,300000,350000,80,severe_slow,90,healthy,10,12.7,43.1,75.1,202171,1.1,2171,2171,1817,10,10,0
stress_20pct,evidence_w3_d4,window_evidence,4,0.1,3,0,0,dynamic_stress_100d_20pct_hdd,100,44,1000000,5000,1.0,health_ec,15.0,7,350000,400000,80,severe_slow,90,healthy,10,12.7,41.8,74.7,202445,1.2,2445,2445,2023,4,4,0
stress_20pct,evidence_w3_d4,window_evidence,4,0.1,3,0,0,dynamic_stress_100d_20pct_hdd,100,44,1000000,5000,1.0,health_ec,15.0,8,400000,450000,80,severe_slow,90,healthy,10,12.7,35.3,73.0,202381,1.2,2381,2381,1978,2,2,0
stress_20pct,evidence_w3_d4,window_evidence,4,0.1,3,0,0,dynamic_stress_100d_20pct_hdd,100,44,1000000,5000,1.0,health_ec,15.0,9,450000,500000,80,recovery,90,mild_slow,10,12.9,26.9,36.3,204174,2.1,4174,4174,3201,0,0,0
stress_20pct,evidence_w3_d4,window_evidence,4,0.1,3,0,0,dynamic_stress_100d_20pct_hdd,100,44,1000000,5000,1.0,health_ec,15.0,10,500000,550000,80,recovery,90,mild_slow,10,12.9,26.1,35.2,204245,2.1,4245,4245,3433,0,0,0
stress_20pct,evidence_w3_d4,window_evidence,4,0.1,3,0,0,dynamic_stress_100d_20pct_hdd,100,44,1000000,5000,1.0,health_ec,15.0,11,550000,600000,80,healthy,90,severe_slow,10,12.7,48.3,76.5,202828,1.4,2828,2828,2212,37,19,0
stress_20pct,evidence_w3_d4,window_evidence,4,0.1,3,0,0,dynamic_stress_100d_20pct_hdd,100,44,1000000,5000,1.0,health_ec,15.0,12,600000,650000,80,healthy,90,severe_slow,10,12.7,39.0,74.6,202468,1.2,2468,2468,2019,3,3,0
stress_20pct,evidence_w3_d4,window_evidence,4,0.1,3,0,0,dynamic_stress_100d_20pct_hdd,100,44,1000000,5000,1.0,health_ec,15.0,13,650000,700000,80,healthy,90,severe_slow,10,12.7,36.6,73.1,202435,1.2,2435,2435,2016,1,1,0
stress_20pct,evidence_w3_d4,window_evidence,4,0.1,3,0,0,dynamic_stress_100d_20pct_hdd,100,44,1000000,5000,1.0,health_ec,15.0,14,700000,750000,80,mild_slow,90,recovery,10,12.8,21.0,34.8,202859,1.4,2859,2859,2469,0,0,0
stress_20pct,evidence_w3_d4,window_evidence,4,0.1,3,0,0,dynamic_stress_100d_20pct_hdd,100,44,1000000,5000,1.0,health_ec,15.0,15,750000,800000,80,recovery,90,recovery,0,12.7,18.1,21.9,202426,1.2,2426,2426,2019,0,0,0
stress_20pct,evidence_w3_d4,window_evidence,4,0.1,3,0,0,dynamic_stress_100d_20pct_hdd,100,44,1000000,5000,1.0,health_ec,15.0,16,800000,850000,80,healthy,90,healthy,0,12.4,16.8,18.8,201056,0.5,1056,1056,860,0,0,0
stress_20pct,evidence_w3_d4,window_evidence,4,0.1,3,0,0,dynamic_stress_100d_20pct_hdd,100,44,1000000,5000,1.0,health_ec,15.0,17,850000,900000,80,healthy,90,healthy,0,12.5,16.8,18.8,200320,0.2,320,320,251,0,0,0
stress_20pct,evidence_w3_d4,window_evidence,4,0.1,3,0,0,dynamic_stress_100d_20pct_hdd,100,44,1000000,5000,1.0,health_ec,15.0,18,900000,950000,80,healthy,90,healthy,0,12.5,16.8,18.8,200090,0.0,90,90,70,0,0,0
stress_20pct,evidence_w3_d4,window_evidence,4,0.1,3,0,0,dynamic_stress_100d_20pct_hdd,100,44,1000000,5000,1.0,health_ec,15.0,19,950000,1000000,80,healthy,90,healthy,0,12.5,16.9,18.9,200026,0.0,26,26,22,0,0,0
stress_20pct,evidence_w3_d6,window_evidence,6,0.1,3,0,0,dynamic_stress_100d_20pct_hdd,100,44,1000000,5000,1.0,health_ec,15.0,0,0,50000,80,healthy,90,healthy,0,12.5,16.8,18.8,200000,0.0,0,0,0,0,0,0
stress_20pct,evidence_w3_d6,window_evidence,6,0.1,3,0,0,dynamic_stress_100d_20pct_hdd,100,44,1000000,5000,1.0,health_ec,15.0,1,50000,100000,80,healthy,90,healthy,0,12.5,16.8,18.7,200000,0.0,0,0,0,0,0,0
stress_20pct,evidence_w3_d6,window_evidence,6,0.1,3,0,0,dynamic_stress_100d_20pct_hdd,100,44,1000000,5000,1.0,health_ec,15.0,2,100000,150000,80,healthy,90,healthy,0,12.5,16.8,18.8,200000,0.0,0,0,0,0,0,0
stress_20pct,evidence_w3_d6,window_evidence,6,0.1,3,0,0,dynamic_stress_100d_20pct_hdd,100,44,1000000,5000,1.0,health_ec,15.0,3,150000,200000,80,mild_slow,90,healthy,10,12.8,27.5,36.7,201871,0.9,1871,1871,1527,0,0,0
stress_20pct,evidence_w3_d6,window_evidence,6,0.1,3,0,0,dynamic_stress_100d_20pct_hdd,100,44,1000000,5000,1.0,health_ec,15.0,4,200000,250000,80,mild_slow,90,healthy,10,12.8,26.2,35.1,202814,1.4,2814,2814,2315,0,0,0
stress_20pct,evidence_w3_d6,window_evidence,6,0.1,3,0,0,dynamic_stress_100d_20pct_hdd,100,44,1000000,5000,1.0,health_ec,15.0,5,250000,300000,80,mild_slow,90,healthy,10,12.7,24.0,34.5,202129,1.1,2129,2129,1739,13,13,0
stress_20pct,evidence_w3_d6,window_evidence,6,0.1,3,0,0,dynamic_stress_100d_20pct_hdd,100,44,1000000,5000,1.0,health_ec,15.0,6,300000,350000,80,severe_slow,90,healthy,10,12.7,48.0,75.4,202379,1.2,2379,2379,1976,9,9,0
stress_20pct,evidence_w3_d6,window_evidence,6,0.1,3,0,0,dynamic_stress_100d_20pct_hdd,100,44,1000000,5000,1.0,health_ec,15.0,7,350000,400000,80,severe_slow,90,healthy,10,12.7,47.9,75.0,202737,1.4,2737,2737,2244,1,1,0
stress_20pct,evidence_w3_d6,window_evidence,6,0.1,3,0,0,dynamic_stress_100d_20pct_hdd,100,44,1000000,5000,1.0,health_ec,15.0,8,400000,450000,80,severe_slow,90,healthy,10,12.7,46.6,73.9,202778,1.4,2778,2778,2274,0,0,0
stress_20pct,evidence_w3_d6,window_evidence,6,0.1,3,0,0,dynamic_stress_100d_20pct_hdd,100,44,1000000,5000,1.0,health_ec,15.0,9,450000,500000,80,recovery,90,mild_slow,10,12.9,26.8,36.3,204307,2.2,4307,4307,3293,0,0,0
stress_20pct,evidence_w3_d6,window_evidence,6,0.1,3,0,0,dynamic_stress_100d_20pct_hdd,100,44,1000000,5000,1.0,health_ec,15.0,10,500000,550000,80,recovery,90,mild_slow,10,12.9,25.9,35.2,204394,2.2,4394,4394,3522,0,0,0
stress_20pct,evidence_w3_d6,window_evidence,6,0.1,3,0,0,dynamic_stress_100d_20pct_hdd,100,44,1000000,5000,1.0,health_ec,15.0,11,550000,600000,80,healthy,90,severe_slow,10,12.7,51.2,77.2,203057,1.5,3057,3057,2402,22,12,0
stress_20pct,evidence_w3_d6,window_evidence,6,0.1,3,0,0,dynamic_stress_100d_20pct_hdd,100,44,1000000,5000,1.0,health_ec,15.0,12,600000,650000,80,healthy,90,severe_slow,10,12.7,48.1,75.7,202835,1.4,2835,2835,2309,1,1,0
stress_20pct,evidence_w3_d6,window_evidence,6,0.1,3,0,0,dynamic_stress_100d_20pct_hdd,100,44,1000000,5000,1.0,health_ec,15.0,13,650000,700000,80,healthy,90,severe_slow,10,12.7,46.7,74.0,202730,1.4,2730,2730,2271,1,1,0
stress_20pct,evidence_w3_d6,window_evidence,6,0.1,3,0,0,dynamic_stress_100d_20pct_hdd,100,44,1000000,5000,1.0,health_ec,15.0,14,700000,750000,80,mild_slow,90,recovery,10,12.8,22.4,35.1,203285,1.6,3285,3285,2819,0,0,0
stress_20pct,evidence_w3_d6,window_evidence,6,0.1,3,0,0,dynamic_stress_100d_20pct_hdd,100,44,1000000,5000,1.0,health_ec,15.0,15,750000,800000,80,recovery,90,recovery,0,12.8,18.2,22.1,202775,1.4,2775,2775,2322,0,0,0
stress_20pct,evidence_w3_d6,window_evidence,6,0.1,3,0,0,dynamic_stress_100d_20pct_hdd,100,44,1000000,5000,1.0,health_ec,15.0,16,800000,850000,80,healthy,90,healthy,0,12.4,16.8,18.8,201140,0.6,1140,1140,925,0,0,0
stress_20pct,evidence_w3_d6,window_evidence,6,0.1,3,0,0,dynamic_stress_100d_20pct_hdd,100,44,1000000,5000,1.0,health_ec,15.0,17,850000,900000,80,healthy,90,healthy,0,12.5,16.8,18.8,200332,0.2,332,332,258,0,0,0
stress_20pct,evidence_w3_d6,window_evidence,6,0.1,3,0,0,dynamic_stress_100d_20pct_hdd,100,44,1000000,5000,1.0,health_ec,15.0,18,900000,950000,80,healthy,90,healthy,0,12.5,16.8,18.8,200093,0.0,93,93,71,0,0,0
stress_20pct,evidence_w3_d6,window_evidence,6,0.1,3,0,0,dynamic_stress_100d_20pct_hdd,100,44,1000000,5000,1.0,health_ec,15.0,19,950000,1000000,80,healthy,90,healthy,0,12.5,16.9,18.9,200025,0.0,25,25,22,0,0,0
stress_20pct,topk_k2_d4,topk_budgeted,4,0.1,0,2,0,dynamic_stress_100d_20pct_hdd,100,44,1000000,5000,1.0,health_ec,15.0,0,0,50000,80,healthy,90,healthy,0,12.5,16.8,18.8,200000,0.0,0,0,0,0,0,0
stress_20pct,topk_k2_d4,topk_budgeted,4,0.1,0,2,0,dynamic_stress_100d_20pct_hdd,100,44,1000000,5000,1.0,health_ec,15.0,1,50000,100000,80,healthy,90,healthy,0,12.5,16.8,18.7,200000,0.0,0,0,0,0,0,0
stress_20pct,topk_k2_d4,topk_budgeted,4,0.1,0,2,0,dynamic_stress_100d_20pct_hdd,100,44,1000000,5000,1.0,health_ec,15.0,2,100000,150000,80,healthy,90,healthy,0,12.5,16.8,18.8,200000,0.0,0,0,0,0,0,0
stress_20pct,topk_k2_d4,topk_budgeted,4,0.1,0,2,0,dynamic_stress_100d_20pct_hdd,100,44,1000000,5000,1.0,health_ec,15.0,3,150000,200000,80,mild_slow,90,healthy,10,12.8,27.5,36.7,201871,0.9,1871,1871,1527,0,0,0
stress_20pct,topk_k2_d4,topk_budgeted,4,0.1,0,2,0,dynamic_stress_100d_20pct_hdd,100,44,1000000,5000,1.0,health_ec,15.0,4,200000,250000,80,mild_slow,90,healthy,10,12.8,25.9,34.9,202814,1.4,2814,2814,2297,2,2,0
stress_20pct,topk_k2_d4,topk_budgeted,4,0.1,0,2,0,dynamic_stress_100d_20pct_hdd,100,44,1000000,5000,1.0,health_ec,15.0,5,250000,300000,80,mild_slow,90,healthy,10,12.8,25.6,34.6,203130,1.6,3130,3130,2480,2,2,0
stress_20pct,topk_k2_d4,topk_budgeted,4,0.1,0,2,0,dynamic_stress_100d_20pct_hdd,100,44,1000000,5000,1.0,health_ec,15.0,6,300000,350000,80,severe_slow,90,healthy,10,12.8,56.1,76.9,203634,1.8,3634,3634,2917,2,0,0
stress_20pct,topk_k2_d4,topk_budgeted,4,0.1,0,2,0,dynamic_stress_100d_20pct_hdd,100,44,1000000,5000,1.0,health_ec,15.0,7,350000,400000,80,severe_slow,90,healthy,10,12.7,54.2,75.9,203613,1.8,3613,3613,2907,2,2,0
stress_20pct,topk_k2_d4,topk_budgeted,4,0.1,0,2,0,dynamic_stress_100d_20pct_hdd,100,44,1000000,5000,1.0,health_ec,15.0,8,400000,450000,80,severe_slow,90,healthy,10,12.7,52.0,74.7,203137,1.6,3137,3137,2646,2,2,0
stress_20pct,topk_k2_d4,topk_budgeted,4,0.1,0,2,0,dynamic_stress_100d_20pct_hdd,100,44,1000000,5000,1.0,health_ec,15.0,9,450000,500000,80,recovery,90,mild_slow,10,12.9,26.8,36.3,204443,2.2,4443,4443,3358,2,0,2
stress_20pct,topk_k2_d4,topk_budgeted,4,0.1,0,2,0,dynamic_stress_100d_20pct_hdd,100,44,1000000,5000,1.0,health_ec,15.0,10,500000,550000,80,recovery,90,mild_slow,10,12.9,25.6,35.0,204394,2.2,4394,4394,3495,2,2,0
stress_20pct,topk_k2_d4,topk_budgeted,4,0.1,0,2,0,dynamic_stress_100d_20pct_hdd,100,44,1000000,5000,1.0,health_ec,15.0,11,550000,600000,80,healthy,90,severe_slow,10,12.7,57.1,78.5,203805,1.9,3805,3805,3080,2,0,0
stress_20pct,topk_k2_d4,topk_budgeted,4,0.1,0,2,0,dynamic_stress_100d_20pct_hdd,100,44,1000000,5000,1.0,health_ec,15.0,12,600000,650000,80,healthy,90,severe_slow,10,12.8,55.3,76.6,203695,1.8,3695,3695,3036,2,2,0
stress_20pct,topk_k2_d4,topk_budgeted,4,0.1,0,2,0,dynamic_stress_100d_20pct_hdd,100,44,1000000,5000,1.0,health_ec,15.0,13,650000,700000,80,healthy,90,severe_slow,10,12.7,53.5,75.6,203359,1.7,3359,3359,2833,2,2,0
stress_20pct,topk_k2_d4,topk_budgeted,4,0.1,0,2,0,dynamic_stress_100d_20pct_hdd,100,44,1000000,5000,1.0,health_ec,15.0,14,700000,750000,80,mild_slow,90,recovery,10,12.8,24.0,35.9,203577,1.8,3577,3577,3112,2,0,2
stress_20pct,topk_k2_d4,topk_budgeted,4,0.1,0,2,0,dynamic_stress_100d_20pct_hdd,100,44,1000000,5000,1.0,health_ec,15.0,15,750000,800000,80,recovery,90,recovery,0,12.8,18.4,22.3,203182,1.6,3182,3182,2661,2,0,2
stress_20pct,topk_k2_d4,topk_budgeted,4,0.1,0,2,0,dynamic_stress_100d_20pct_hdd,100,44,1000000,5000,1.0,health_ec,15.0,16,800000,850000,80,healthy,90,healthy,0,12.4,16.8,18.8,201192,0.6,1192,1192,961,2,0,2
stress_20pct,topk_k2_d4,topk_budgeted,4,0.1,0,2,0,dynamic_stress_100d_20pct_hdd,100,44,1000000,5000,1.0,health_ec,15.0,17,850000,900000,80,healthy,90,healthy,0,12.5,16.8,18.8,200329,0.2,329,329,260,0,0,0
stress_20pct,topk_k2_d4,topk_budgeted,4,0.1,0,2,0,dynamic_stress_100d_20pct_hdd,100,44,1000000,5000,1.0,health_ec,15.0,18,900000,950000,80,healthy,90,healthy,0,12.5,16.9,18.8,200090,0.0,90,90,69,0,0,0
stress_20pct,topk_k2_d4,topk_budgeted,4,0.1,0,2,0,dynamic_stress_100d_20pct_hdd,100,44,1000000,5000,1.0,health_ec,15.0,19,950000,1000000,80,healthy,90,healthy,0,12.5,16.8,18.9,200026,0.0,26,26,23,0,0,0
stress_20pct,topk_k2_d6,topk_budgeted,6,0.1,0,2,0,dynamic_stress_100d_20pct_hdd,100,44,1000000,5000,1.0,health_ec,15.0,0,0,50000,80,healthy,90,healthy,0,12.5,16.8,18.8,200000,0.0,0,0,0,0,0,0
stress_20pct,topk_k2_d6,topk_budgeted,6,0.1,0,2,0,dynamic_stress_100d_20pct_hdd,100,44,1000000,5000,1.0,health_ec,15.0,1,50000,100000,80,healthy,90,healthy,0,12.5,16.8,18.7,200000,0.0,0,0,0,0,0,0
stress_20pct,topk_k2_d6,topk_budgeted,6,0.1,0,2,0,dynamic_stress_100d_20pct_hdd,100,44,1000000,5000,1.0,health_ec,15.0,2,100000,150000,80,healthy,90,healthy,0,12.5,16.8,18.8,200000,0.0,0,0,0,0,0,0
stress_20pct,topk_k2_d6,topk_budgeted,6,0.1,0,2,0,dynamic_stress_100d_20pct_hdd,100,44,1000000,5000,1.0,health_ec,15.0,3,150000,200000,80,mild_slow,90,healthy,10,12.8,27.5,36.7,201871,0.9,1871,1871,1527,0,0,0
stress_20pct,topk_k2_d6,topk_budgeted,6,0.1,0,2,0,dynamic_stress_100d_20pct_hdd,100,44,1000000,5000,1.0,health_ec,15.0,4,200000,250000,80,mild_slow,90,healthy,10,12.8,25.9,34.9,202814,1.4,2814,2814,2297,2,2,0
stress_20pct,topk_k2_d6,topk_budgeted,6,0.1,0,2,0,dynamic_stress_100d_20pct_hdd,100,44,1000000,5000,1.0,health_ec,15.0,5,250000,300000,80,mild_slow,90,healthy,10,12.8,25.6,34.6,203130,1.6,3130,3130,2480,2,2,0
stress_20pct,topk_k2_d6,topk_budgeted,6,0.1,0,2,0,dynamic_stress_100d_20pct_hdd,100,44,1000000,5000,1.0,health_ec,15.0,6,300000,350000,80,severe_slow,90,healthy,10,12.8,56.1,76.9,203634,1.8,3634,3634,2917,2,0,0
stress_20pct,topk_k2_d6,topk_budgeted,6,0.1,0,2,0,dynamic_stress_100d_20pct_hdd,100,44,1000000,5000,1.0,health_ec,15.0,7,350000,400000,80,severe_slow,90,healthy,10,12.7,54.2,75.9,203613,1.8,3613,3613,2907,2,2,0
stress_20pct,topk_k2_d6,topk_budgeted,6,0.1,0,2,0,dynamic_stress_100d_20pct_hdd,100,44,1000000,5000,1.0,health_ec,15.0,8,400000,450000,80,severe_slow,90,healthy,10,12.7,52.0,74.7,203137,1.6,3137,3137,2646,2,2,0
stress_20pct,topk_k2_d6,topk_budgeted,6,0.1,0,2,0,dynamic_stress_100d_20pct_hdd,100,44,1000000,5000,1.0,health_ec,15.0,9,450000,500000,80,recovery,90,mild_slow,10,12.9,26.8,36.3,204443,2.2,4443,4443,3358,2,0,2
stress_20pct,topk_k2_d6,topk_budgeted,6,0.1,0,2,0,dynamic_stress_100d_20pct_hdd,100,44,1000000,5000,1.0,health_ec,15.0,10,500000,550000,80,recovery,90,mild_slow,10,12.9,25.6,35.0,204394,2.2,4394,4394,3495,2,2,0
stress_20pct,topk_k2_d6,topk_budgeted,6,0.1,0,2,0,dynamic_stress_100d_20pct_hdd,100,44,1000000,5000,1.0,health_ec,15.0,11,550000,600000,80,healthy,90,severe_slow,10,12.7,57.1,78.5,203805,1.9,3805,3805,3080,2,0,0
stress_20pct,topk_k2_d6,topk_budgeted,6,0.1,0,2,0,dynamic_stress_100d_20pct_hdd,100,44,1000000,5000,1.0,health_ec,15.0,12,600000,650000,80,healthy,90,severe_slow,10,12.8,55.3,76.6,203695,1.8,3695,3695,3036,2,2,0
stress_20pct,topk_k2_d6,topk_budgeted,6,0.1,0,2,0,dynamic_stress_100d_20pct_hdd,100,44,1000000,5000,1.0,health_ec,15.0,13,650000,700000,80,healthy,90,severe_slow,10,12.7,53.5,75.6,203359,1.7,3359,3359,2833,2,2,0
stress_20pct,topk_k2_d6,topk_budgeted,6,0.1,0,2,0,dynamic_stress_100d_20pct_hdd,100,44,1000000,5000,1.0,health_ec,15.0,14,700000,750000,80,mild_slow,90,recovery,10,12.8,24.0,35.9,203577,1.8,3577,3577,3112,2,0,2
stress_20pct,topk_k2_d6,topk_budgeted,6,0.1,0,2,0,dynamic_stress_100d_20pct_hdd,100,44,1000000,5000,1.0,health_ec,15.0,15,750000,800000,80,recovery,90,recovery,0,12.8,18.4,22.3,203182,1.6,3182,3182,2661,2,0,2
stress_20pct,topk_k2_d6,topk_budgeted,6,0.1,0,2,0,dynamic_stress_100d_20pct_hdd,100,44,1000000,5000,1.0,health_ec,15.0,16,800000,850000,80,healthy,90,healthy,0,12.4,16.8,18.8,201192,0.6,1192,1192,959,0,0,0
stress_20pct,topk_k2_d6,topk_budgeted,6,0.1,0,2,0,dynamic_stress_100d_20pct_hdd,100,44,1000000,5000,1.0,health_ec,15.0,17,850000,900000,80,healthy,90,healthy,0,12.5,16.8,18.8,200329,0.2,329,329,260,0,0,0
stress_20pct,topk_k2_d6,topk_budgeted,6,0.1,0,2,0,dynamic_stress_100d_20pct_hdd,100,44,1000000,5000,1.0,health_ec,15.0,18,900000,950000,80,healthy,90,healthy,0,12.5,16.9,18.8,200090,0.0,90,90,69,0,0,0
stress_20pct,topk_k2_d6,topk_budgeted,6,0.1,0,2,0,dynamic_stress_100d_20pct_hdd,100,44,1000000,5000,1.0,health_ec,15.0,19,950000,1000000,80,healthy,90,healthy,0,12.5,16.8,18.9,200026,0.0,26,26,23,0,0,0
stress_20pct,topk_k4_d4,topk_budgeted,4,0.1,0,4,0,dynamic_stress_100d_20pct_hdd,100,44,1000000,5000,1.0,health_ec,15.0,0,0,50000,80,healthy,90,healthy,0,12.5,16.8,18.8,200000,0.0,0,0,0,0,0,0
stress_20pct,topk_k4_d4,topk_budgeted,4,0.1,0,4,0,dynamic_stress_100d_20pct_hdd,100,44,1000000,5000,1.0,health_ec,15.0,1,50000,100000,80,healthy,90,healthy,0,12.5,16.8,18.7,200000,0.0,0,0,0,0,0,0
stress_20pct,topk_k4_d4,topk_budgeted,4,0.1,0,4,0,dynamic_stress_100d_20pct_hdd,100,44,1000000,5000,1.0,health_ec,15.0,2,100000,150000,80,healthy,90,healthy,0,12.5,16.8,18.8,200000,0.0,0,0,0,0,0,0
stress_20pct,topk_k4_d4,topk_budgeted,4,0.1,0,4,0,dynamic_stress_100d_20pct_hdd,100,44,1000000,5000,1.0,health_ec,15.0,3,150000,200000,80,mild_slow,90,healthy,10,12.8,27.5,36.7,201871,0.9,1871,1871,1527,0,0,0
stress_20pct,topk_k4_d4,topk_budgeted,4,0.1,0,4,0,dynamic_stress_100d_20pct_hdd,100,44,1000000,5000,1.0,health_ec,15.0,4,200000,250000,80,mild_slow,90,healthy,10,12.8,25.7,34.9,202814,1.4,2814,2814,2290,4,4,0
stress_20pct,topk_k4_d4,topk_budgeted,4,0.1,0,4,0,dynamic_stress_100d_20pct_hdd,100,44,1000000,5000,1.0,health_ec,15.0,5,250000,300000,80,mild_slow,90,healthy,10,12.7,24.6,34.6,202688,1.3,2688,2688,2172,4,4,0
stress_20pct,topk_k4_d4,topk_budgeted,4,0.1,0,4,0,dynamic_stress_100d_20pct_hdd,100,44,1000000,5000,1.0,health_ec,15.0,6,300000,350000,80,severe_slow,90,healthy,10,12.7,51.6,76.2,202575,1.3,2575,2575,2171,4,0,0
stress_20pct,topk_k4_d4,topk_budgeted,4,0.1,0,4,0,dynamic_stress_100d_20pct_hdd,100,44,1000000,5000,1.0,health_ec,15.0,7,350000,400000,80,severe_slow,90,healthy,10,12.7,49.8,75.4,202796,1.4,2796,2796,2329,4,4,0
stress_20pct,topk_k4_d4,topk_budgeted,4,0.1,0,4,0,dynamic_stress_100d_20pct_hdd,100,44,1000000,5000,1.0,health_ec,15.0,8,400000,450000,80,severe_slow,90,healthy,10,12.7,47.7,74.0,202844,1.4,2844,2844,2367,4,4,0
stress_20pct,topk_k4_d4,topk_budgeted,4,0.1,0,4,0,dynamic_stress_100d_20pct_hdd,100,44,1000000,5000,1.0,health_ec,15.0,9,450000,500000,80,recovery,90,mild_slow,10,12.9,26.8,36.3,204252,2.1,4252,4252,3204,4,0,4
stress_20pct,topk_k4_d4,topk_budgeted,4,0.1,0,4,0,dynamic_stress_100d_20pct_hdd,100,44,1000000,5000,1.0,health_ec,15.0,10,500000,550000,80,recovery,90,mild_slow,10,12.9,25.4,35.0,204000,2.0,4000,4000,3122,4,4,0
stress_20pct,topk_k4_d4,topk_budgeted,4,0.1,0,4,0,dynamic_stress_100d_20pct_hdd,100,44,1000000,5000,1.0,health_ec,15.0,11,550000,600000,80,healthy,90,severe_slow,10,12.7,55.2,77.7,203840,1.9,3840,3840,2979,4,0,0
stress_20pct,topk_k4_d4,topk_budgeted,4,0.1,0,4,0,dynamic_stress_100d_20pct_hdd,100,44,1000000,5000,1.0,health_ec,15.0,12,600000,650000,80,healthy,90,severe_slow,10,12.7,52.7,76.1,203231,1.6,3231,3231,2631,4,4,0
stress_20pct,topk_k4_d4,topk_budgeted,4,0.1,0,4,0,dynamic_stress_100d_20pct_hdd,100,44,1000000,5000,1.0,health_ec,15.0,13,650000,700000,80,healthy,90,severe_slow,10,12.7,50.4,74.7,203061,1.5,3061,3061,2537,4,4,0
stress_20pct,topk_k4_d4,topk_budgeted,4,0.1,0,4,0,dynamic_stress_100d_20pct_hdd,100,44,1000000,5000,1.0,health_ec,15.0,14,700000,750000,80,mild_slow,90,recovery,10,12.8,22.2,35.1,203280,1.6,3280,3280,2803,4,0,4
stress_20pct,topk_k4_d4,topk_budgeted,4,0.1,0,4,0,dynamic_stress_100d_20pct_hdd,100,44,1000000,5000,1.0,health_ec,15.0,15,750000,800000,80,recovery,90,recovery,0,12.8,18.3,22.2,202710,1.4,2710,2710,2259,4,0,4
stress_20pct,topk_k4_d4,topk_budgeted,4,0.1,0,4,0,dynamic_stress_100d_20pct_hdd,100,44,1000000,5000,1.0,health_ec,15.0,16,800000,850000,80,healthy,90,healthy,0,12.4,16.8,18.8,201131,0.6,1131,1131,917,0,0,0
stress_20pct,topk_k4_d4,topk_budgeted,4,0.1,0,4,0,dynamic_stress_100d_20pct_hdd,100,44,1000000,5000,1.0,health_ec,15.0,17,850000,900000,80,healthy,90,healthy,0,12.5,16.8,18.8,200324,0.2,324,324,251,0,0,0
stress_20pct,topk_k4_d4,topk_budgeted,4,0.1,0,4,0,dynamic_stress_100d_20pct_hdd,100,44,1000000,5000,1.0,health_ec,15.0,18,900000,950000,80,healthy,90,healthy,0,12.5,16.8,18.8,200087,0.0,87,87,67,0,0,0
stress_20pct,topk_k4_d4,topk_budgeted,4,0.1,0,4,0,dynamic_stress_100d_20pct_hdd,100,44,1000000,5000,1.0,health_ec,15.0,19,950000,1000000,80,healthy,90,healthy,0,12.5,16.9,18.9,200025,0.0,25,25,22,0,0,0
stress_20pct,topk_k4_d6,topk_budgeted,6,0.1,0,4,0,dynamic_stress_100d_20pct_hdd,100,44,1000000,5000,1.0,health_ec,15.0,0,0,50000,80,healthy,90,healthy,0,12.5,16.8,18.8,200000,0.0,0,0,0,0,0,0
stress_20pct,topk_k4_d6,topk_budgeted,6,0.1,0,4,0,dynamic_stress_100d_20pct_hdd,100,44,1000000,5000,1.0,health_ec,15.0,1,50000,100000,80,healthy,90,healthy,0,12.5,16.8,18.7,200000,0.0,0,0,0,0,0,0
stress_20pct,topk_k4_d6,topk_budgeted,6,0.1,0,4,0,dynamic_stress_100d_20pct_hdd,100,44,1000000,5000,1.0,health_ec,15.0,2,100000,150000,80,healthy,90,healthy,0,12.5,16.8,18.8,200000,0.0,0,0,0,0,0,0
stress_20pct,topk_k4_d6,topk_budgeted,6,0.1,0,4,0,dynamic_stress_100d_20pct_hdd,100,44,1000000,5000,1.0,health_ec,15.0,3,150000,200000,80,mild_slow,90,healthy,10,12.8,27.5,36.7,201871,0.9,1871,1871,1527,0,0,0
stress_20pct,topk_k4_d6,topk_budgeted,6,0.1,0,4,0,dynamic_stress_100d_20pct_hdd,100,44,1000000,5000,1.0,health_ec,15.0,4,200000,250000,80,mild_slow,90,healthy,10,12.8,25.7,34.9,202814,1.4,2814,2814,2290,4,4,0
stress_20pct,topk_k4_d6,topk_budgeted,6,0.1,0,4,0,dynamic_stress_100d_20pct_hdd,100,44,1000000,5000,1.0,health_ec,15.0,5,250000,300000,80,mild_slow,90,healthy,10,12.7,24.6,34.6,202688,1.3,2688,2688,2172,4,4,0
stress_20pct,topk_k4_d6,topk_budgeted,6,0.1,0,4,0,dynamic_stress_100d_20pct_hdd,100,44,1000000,5000,1.0,health_ec,15.0,6,300000,350000,80,severe_slow,90,healthy,10,12.7,51.6,76.2,202575,1.3,2575,2575,2171,4,0,0
stress_20pct,topk_k4_d6,topk_budgeted,6,0.1,0,4,0,dynamic_stress_100d_20pct_hdd,100,44,1000000,5000,1.0,health_ec,15.0,7,350000,400000,80,severe_slow,90,healthy,10,12.7,49.8,75.4,202796,1.4,2796,2796,2329,4,4,0
stress_20pct,topk_k4_d6,topk_budgeted,6,0.1,0,4,0,dynamic_stress_100d_20pct_hdd,100,44,1000000,5000,1.0,health_ec,15.0,8,400000,450000,80,severe_slow,90,healthy,10,12.7,47.7,74.0,202844,1.4,2844,2844,2367,4,4,0
stress_20pct,topk_k4_d6,topk_budgeted,6,0.1,0,4,0,dynamic_stress_100d_20pct_hdd,100,44,1000000,5000,1.0,health_ec,15.0,9,450000,500000,80,recovery,90,mild_slow,10,12.9,26.9,36.3,204291,2.1,4291,4291,3246,1,0,1
stress_20pct,topk_k4_d6,topk_budgeted,6,0.1,0,4,0,dynamic_stress_100d_20pct_hdd,100,44,1000000,5000,1.0,health_ec,15.0,10,500000,550000,80,recovery,90,mild_slow,10,12.9,25.4,35.0,204079,2.0,4079,4079,3180,4,4,0
stress_20pct,topk_k4_d6,topk_budgeted,6,0.1,0,4,0,dynamic_stress_100d_20pct_hdd,100,44,1000000,5000,1.0,health_ec,15.0,11,550000,600000,80,healthy,90,severe_slow,10,12.7,55.2,77.7,203844,1.9,3844,3844,2982,4,0,0
stress_20pct,topk_k4_d6,topk_budgeted,6,0.1,0,4,0,dynamic_stress_100d_20pct_hdd,100,44,1000000,5000,1.0,health_ec,15.0,12,600000,650000,80,healthy,90,severe_slow,10,12.7,52.7,76.1,203231,1.6,3231,3231,2630,4,4,0
stress_20pct,topk_k4_d6,topk_budgeted,6,0.1,0,4,0,dynamic_stress_100d_20pct_hdd,100,44,1000000,5000,1.0,health_ec,15.0,13,650000,700000,80,healthy,90,severe_slow,10,12.7,50.4,74.7,203061,1.5,3061,3061,2537,4,4,0
stress_20pct,topk_k4_d6,topk_budgeted,6,0.1,0,4,0,dynamic_stress_100d_20pct_hdd,100,44,1000000,5000,1.0,health_ec,15.0,14,700000,750000,80,mild_slow,90,recovery,10,12.8,22.5,35.2,203250,1.6,3250,3250,2812,4,0,4
stress_20pct,topk_k4_d6,topk_budgeted,6,0.1,0,4,0,dynamic_stress_100d_20pct_hdd,100,44,1000000,5000,1.0,health_ec,15.0,15,750000,800000,80,recovery,90,recovery,0,12.8,18.3,22.2,202796,1.4,2796,2796,2346,0,0,0
stress_20pct,topk_k4_d6,topk_budgeted,6,0.1,0,4,0,dynamic_stress_100d_20pct_hdd,100,44,1000000,5000,1.0,health_ec,15.0,16,800000,850000,80,healthy,90,healthy,0,12.4,16.8,18.8,201147,0.6,1147,1147,931,0,0,0
stress_20pct,topk_k4_d6,topk_budgeted,6,0.1,0,4,0,dynamic_stress_100d_20pct_hdd,100,44,1000000,5000,1.0,health_ec,15.0,17,850000,900000,80,healthy,90,healthy,0,12.5,16.8,18.8,200329,0.2,329,329,255,0,0,0
stress_20pct,topk_k4_d6,topk_budgeted,6,0.1,0,4,0,dynamic_stress_100d_20pct_hdd,100,44,1000000,5000,1.0,health_ec,15.0,18,900000,950000,80,healthy,90,healthy,0,12.5,16.9,18.8,200088,0.0,88,88,69,0,0,0
stress_20pct,topk_k4_d6,topk_budgeted,6,0.1,0,4,0,dynamic_stress_100d_20pct_hdd,100,44,1000000,5000,1.0,health_ec,15.0,19,950000,1000000,80,healthy,90,healthy,0,12.5,16.9,18.9,200025,0.0,25,25,22,0,0,0
stress_20pct,hybrid_w2_k2_d4_c1,hybrid,4,0.1,2,2,1,dynamic_stress_100d_20pct_hdd,100,44,1000000,5000,1.0,health_ec,15.0,0,0,50000,80,healthy,90,healthy,0,12.5,16.8,18.8,200000,0.0,0,0,0,0,0,0
stress_20pct,hybrid_w2_k2_d4_c1,hybrid,4,0.1,2,2,1,dynamic_stress_100d_20pct_hdd,100,44,1000000,5000,1.0,health_ec,15.0,1,50000,100000,80,healthy,90,healthy,0,12.5,16.8,18.7,200000,0.0,0,0,0,0,0,0
stress_20pct,hybrid_w2_k2_d4_c1,hybrid,4,0.1,2,2,1,dynamic_stress_100d_20pct_hdd,100,44,1000000,5000,1.0,health_ec,15.0,2,100000,150000,80,healthy,90,healthy,0,12.5,16.8,18.8,200000,0.0,0,0,0,0,0,0
stress_20pct,hybrid_w2_k2_d4_c1,hybrid,4,0.1,2,2,1,dynamic_stress_100d_20pct_hdd,100,44,1000000,5000,1.0,health_ec,15.0,3,150000,200000,80,mild_slow,90,healthy,10,12.8,27.5,36.7,201871,0.9,1871,1871,1527,0,0,0
stress_20pct,hybrid_w2_k2_d4_c1,hybrid,4,0.1,2,2,1,dynamic_stress_100d_20pct_hdd,100,44,1000000,5000,1.0,health_ec,15.0,4,200000,250000,80,mild_slow,90,healthy,10,12.8,26.2,35.1,202814,1.4,2814,2814,2315,0,0,0
stress_20pct,hybrid_w2_k2_d4_c1,hybrid,4,0.1,2,2,1,dynamic_stress_100d_20pct_hdd,100,44,1000000,5000,1.0,health_ec,15.0,5,250000,300000,80,mild_slow,90,healthy,10,12.8,26.1,34.8,203104,1.6,3104,3104,2512,2,2,0
stress_20pct,hybrid_w2_k2_d4_c1,hybrid,4,0.1,2,2,1,dynamic_stress_100d_20pct_hdd,100,44,1000000,5000,1.0,health_ec,15.0,6,300000,350000,80,severe_slow,90,healthy,10,12.8,57.4,77.3,203641,1.8,3641,3641,2984,2,0,0
stress_20pct,hybrid_w2_k2_d4_c1,hybrid,4,0.1,2,2,1,dynamic_stress_100d_20pct_hdd,100,44,1000000,5000,1.0,health_ec,15.0,7,350000,400000,80,severe_slow,90,healthy,10,12.8,55.5,76.1,203975,2.0,3975,3975,3114,2,2,0
stress_20pct,hybrid_w2_k2_d4_c1,hybrid,4,0.1,2,2,1,dynamic_stress_100d_20pct_hdd,100,44,1000000,5000,1.0,health_ec,15.0,8,400000,450000,80,severe_slow,90,healthy,10,12.7,52.9,74.7,203326,1.7,3326,3326,2843,2,2,0
stress_20pct,hybrid_w2_k2_d4_c1,hybrid,4,0.1,2,2,1,dynamic_stress_100d_20pct_hdd,100,44,1000000,5000,1.0,health_ec,15.0,9,450000,500000,80,recovery,90,mild_slow,10,12.9,26.8,36.3,204461,2.2,4461,4461,3368,2,0,2
stress_20pct,hybrid_w2_k2_d4_c1,hybrid,4,0.1,2,2,1,dynamic_stress_100d_20pct_hdd,100,44,1000000,5000,1.0,health_ec,15.0,10,500000,550000,80,recovery,90,mild_slow,10,12.9,26.0,35.2,204436,2.2,4436,4436,3529,2,0,2
stress_20pct,hybrid_w2_k2_d4_c1,hybrid,4,0.1,2,2,1,dynamic_stress_100d_20pct_hdd,100,44,1000000,5000,1.0,health_ec,15.0,11,550000,600000,80,healthy,90,severe_slow,10,12.7,57.9,78.6,204129,2.1,4129,4129,3404,2,0,0
stress_20pct,hybrid_w2_k2_d4_c1,hybrid,4,0.1,2,2,1,dynamic_stress_100d_20pct_hdd,100,44,1000000,5000,1.0,health_ec,15.0,12,600000,650000,80,healthy,90,severe_slow,10,12.7,56.6,77.1,203700,1.8,3700,3700,3090,2,2,0
stress_20pct,hybrid_w2_k2_d4_c1,hybrid,4,0.1,2,2,1,dynamic_stress_100d_20pct_hdd,100,44,1000000,5000,1.0,health_ec,15.0,13,650000,700000,80,healthy,90,severe_slow,10,12.7,55.4,75.8,203717,1.9,3717,3717,3067,2,2,0
stress_20pct,hybrid_w2_k2_d4_c1,hybrid,4,0.1,2,2,1,dynamic_stress_100d_20pct_hdd,100,44,1000000,5000,1.0,health_ec,15.0,14,700000,750000,80,mild_slow,90,recovery,10,12.8,24.0,35.8,203701,1.9,3701,3701,3217,2,0,2
stress_20pct,hybrid_w2_k2_d4_c1,hybrid,4,0.1,2,2,1,dynamic_stress_100d_20pct_hdd,100,44,1000000,5000,1.0,health_ec,15.0,15,750000,800000,80,recovery,90,recovery,0,12.8,18.4,22.3,203161,1.6,3161,3161,2648,2,0,2
stress_20pct,hybrid_w2_k2_d4_c1,hybrid,4,0.1,2,2,1,dynamic_stress_100d_20pct_hdd,100,44,1000000,5000,1.0,health_ec,15.0,16,800000,850000,80,healthy,90,healthy,0,12.4,16.8,18.8,201194,0.6,1194,1194,960,0,0,0
stress_20pct,hybrid_w2_k2_d4_c1,hybrid,4,0.1,2,2,1,dynamic_stress_100d_20pct_hdd,100,44,1000000,5000,1.0,health_ec,15.0,17,850000,900000,80,healthy,90,healthy,0,12.5,16.8,18.8,200325,0.2,325,325,256,0,0,0
stress_20pct,hybrid_w2_k2_d4_c1,hybrid,4,0.1,2,2,1,dynamic_stress_100d_20pct_hdd,100,44,1000000,5000,1.0,health_ec,15.0,18,900000,950000,80,healthy,90,healthy,0,12.5,16.9,18.9,200086,0.0,86,86,66,0,0,0
stress_20pct,hybrid_w2_k2_d4_c1,hybrid,4,0.1,2,2,1,dynamic_stress_100d_20pct_hdd,100,44,1000000,5000,1.0,health_ec,15.0,19,950000,1000000,80,healthy,90,healthy,0,12.5,16.9,18.9,200028,0.0,28,28,25,0,0,0
stress_20pct,hybrid_w2_k4_d4_c1,hybrid,4,0.1,2,4,1,dynamic_stress_100d_20pct_hdd,100,44,1000000,5000,1.0,health_ec,15.0,0,0,50000,80,healthy,90,healthy,0,12.5,16.8,18.8,200000,0.0,0,0,0,0,0,0
stress_20pct,hybrid_w2_k4_d4_c1,hybrid,4,0.1,2,4,1,dynamic_stress_100d_20pct_hdd,100,44,1000000,5000,1.0,health_ec,15.0,1,50000,100000,80,healthy,90,healthy,0,12.5,16.8,18.7,200000,0.0,0,0,0,0,0,0
stress_20pct,hybrid_w2_k4_d4_c1,hybrid,4,0.1,2,4,1,dynamic_stress_100d_20pct_hdd,100,44,1000000,5000,1.0,health_ec,15.0,2,100000,150000,80,healthy,90,healthy,0,12.5,16.8,18.8,200000,0.0,0,0,0,0,0,0
stress_20pct,hybrid_w2_k4_d4_c1,hybrid,4,0.1,2,4,1,dynamic_stress_100d_20pct_hdd,100,44,1000000,5000,1.0,health_ec,15.0,3,150000,200000,80,mild_slow,90,healthy,10,12.8,27.5,36.7,201871,0.9,1871,1871,1527,0,0,0
stress_20pct,hybrid_w2_k4_d4_c1,hybrid,4,0.1,2,4,1,dynamic_stress_100d_20pct_hdd,100,44,1000000,5000,1.0,health_ec,15.0,4,200000,250000,80,mild_slow,90,healthy,10,12.8,26.2,35.1,202814,1.4,2814,2814,2315,0,0,0
stress_20pct,hybrid_w2_k4_d4_c1,hybrid,4,0.1,2,4,1,dynamic_stress_100d_20pct_hdd,100,44,1000000,5000,1.0,health_ec,15.0,5,250000,300000,80,mild_slow,90,healthy,10,12.8,25.7,34.8,203065,1.5,3065,3065,2437,4,4,0
stress_20pct,hybrid_w2_k4_d4_c1,hybrid,4,0.1,2,4,1,dynamic_stress_100d_20pct_hdd,100,44,1000000,5000,1.0,health_ec,15.0,6,300000,350000,80,severe_slow,90,healthy,10,12.7,55.2,76.6,203104,1.6,3104,3104,2569,4,0,0
stress_20pct,hybrid_w2_k4_d4_c1,hybrid,4,0.1,2,4,1,dynamic_stress_100d_20pct_hdd,100,44,1000000,5000,1.0,health_ec,15.0,7,350000,400000,80,severe_slow,90,healthy,10,12.7,52.1,75.6,203068,1.5,3068,3068,2563,4,4,0
stress_20pct,hybrid_w2_k4_d4_c1,hybrid,4,0.1,2,4,1,dynamic_stress_100d_20pct_hdd,100,44,1000000,5000,1.0,health_ec,15.0,8,400000,450000,80,severe_slow,90,healthy,10,12.7,49.3,74.0,202846,1.4,2846,2846,2384,4,4,0
stress_20pct,hybrid_w2_k4_d4_c1,hybrid,4,0.1,2,4,1,dynamic_stress_100d_20pct_hdd,100,44,1000000,5000,1.0,health_ec,15.0,9,450000,500000,80,recovery,90,mild_slow,10,12.9,26.9,36.3,204592,2.3,4592,4592,3480,4,0,4
stress_20pct,hybrid_w2_k4_d4_c1,hybrid,4,0.1,2,4,1,dynamic_stress_100d_20pct_hdd,100,44,1000000,5000,1.0,health_ec,15.0,10,500000,550000,80,recovery,90,mild_slow,10,13.0,26.1,35.2,204651,2.3,4651,4651,3686,2,0,2
stress_20pct,hybrid_w2_k4_d4_c1,hybrid,4,0.1,2,4,1,dynamic_stress_100d_20pct_hdd,100,44,1000000,5000,1.0,health_ec,15.0,11,550000,600000,80,healthy,90,severe_slow,10,12.7,57.6,78.5,204100,2.1,4100,4100,3299,4,0,0
stress_20pct,hybrid_w2_k4_d4_c1,hybrid,4,0.1,2,4,1,dynamic_stress_100d_20pct_hdd,100,44,1000000,5000,1.0,health_ec,15.0,12,600000,650000,80,healthy,90,severe_slow,10,12.8,55.0,76.4,203847,1.9,3847,3847,3072,4,4,0
stress_20pct,hybrid_w2_k4_d4_c1,hybrid,4,0.1,2,4,1,dynamic_stress_100d_20pct_hdd,100,44,1000000,5000,1.0,health_ec,15.0,13,650000,700000,80,healthy,90,severe_slow,10,12.7,53.1,75.2,203346,1.7,3346,3346,2726,4,4,0
stress_20pct,hybrid_w2_k4_d4_c1,hybrid,4,0.1,2,4,1,dynamic_stress_100d_20pct_hdd,100,44,1000000,5000,1.0,health_ec,15.0,14,700000,750000,80,mild_slow,90,recovery,10,12.8,22.6,35.4,203302,1.7,3302,3302,2868,4,0,4
stress_20pct,hybrid_w2_k4_d4_c1,hybrid,4,0.1,2,4,1,dynamic_stress_100d_20pct_hdd,100,44,1000000,5000,1.0,health_ec,15.0,15,750000,800000,80,recovery,90,recovery,0,12.8,18.3,22.2,202850,1.4,2850,2850,2394,4,0,4
stress_20pct,hybrid_w2_k4_d4_c1,hybrid,4,0.1,2,4,1,dynamic_stress_100d_20pct_hdd,100,44,1000000,5000,1.0,health_ec,15.0,16,800000,850000,80,healthy,90,healthy,0,12.4,16.8,18.8,201168,0.6,1168,1168,952,0,0,0
stress_20pct,hybrid_w2_k4_d4_c1,hybrid,4,0.1,2,4,1,dynamic_stress_100d_20pct_hdd,100,44,1000000,5000,1.0,health_ec,15.0,17,850000,900000,80,healthy,90,healthy,0,12.5,16.8,18.8,200328,0.2,328,328,255,0,0,0
stress_20pct,hybrid_w2_k4_d4_c1,hybrid,4,0.1,2,4,1,dynamic_stress_100d_20pct_hdd,100,44,1000000,5000,1.0,health_ec,15.0,18,900000,950000,80,healthy,90,healthy,0,12.5,16.8,18.8,200090,0.0,90,90,69,0,0,0
stress_20pct,hybrid_w2_k4_d4_c1,hybrid,4,0.1,2,4,1,dynamic_stress_100d_20pct_hdd,100,44,1000000,5000,1.0,health_ec,15.0,19,950000,1000000,80,healthy,90,healthy,0,12.5,16.9,18.9,200025,0.0,25,25,22,0,0,0
