scenario_id,strategy_id,strategy_kind,health_theta_d,health_alpha_d,health_migration_evidence_windows,health_migration_top_k_per_window,health_migration_cooldown_windows,scenario,num_disks,seed,num_reads,num_stripes,zipf_s,num_windows,window_size,policy,timeout_ms,p50_ms,p95_ms,p99_ms,p99_improvement_pct,post_onset_p95_auc_ms,post_onset_p99_auc_ms,issued_shard_reads,bandwidth_overhead_pct,parity_reads,pre_slowdown_parity_reads,recovery_parity_reads,proactive_or_degraded_reads,decode_count,migration_triggers,migration_true_positives,migration_false_positives,migration_false_negatives,first_detection_latency_reads,first_mitigation_latency_reads,recovery_regret_reads,post_warmup_windowed_p99_ms,severe_window_p99_ms,read_bypass_eligible_events,read_bypass_triggered_events,read_bypass_coverage_pct
realistic_2pct,vanilla_ec,baseline,,,,,,dynamic_realistic_100d_2pct_hdd,100,42,1000000,5000,1.0,20,50000,vanilla_ec,15.0,12.6,17.3,31.2,0.0,12.7,322.2,4000000,0.0,0,0,0,0,0,0,-1,-1,-1,-1,-1,0,27.5,63.8,-1,-1,-1.0
realistic_2pct,late_binding,baseline,,,,,,dynamic_realistic_100d_2pct_hdd,100,42,1000000,5000,1.0,20,50000,late_binding,15.0,10.7,14.1,15.8,49.4,3.0,6.8,5000000,25.0,1000000,150000,5962,1000000,799930,0,-1,-1,-1,-1,12,16404,15.8,15.8,-1,-1,-1.0
realistic_2pct,timeout_degraded_read,baseline,,,,,,dynamic_realistic_100d_2pct_hdd,100,42,1000000,5000,1.0,20,50000,timeout_degraded_read,15.0,12.6,17.3,22.3,28.5,11.9,67.3,4176422,4.4,176422,24130,5095,176422,17044,0,-1,-1,-1,12,94,10559,23.2,25.4,-1,-1,-1.0
realistic_2pct,t28_default,default,12,0.05,0,0,0,dynamic_realistic_100d_2pct_hdd,100,42,1000000,5000,1.0,20,50000,health_ec,15.0,12.5,16.9,19.0,39.0,1.4,4.6,4013126,0.3,13126,0,3908,13126,12804,4,4,0,585,770,1294,7628,18.9,18.9,12047,10734,89.1
realistic_2pct,migration_disabled,disabled,12,0.05,0,0,0,dynamic_realistic_100d_2pct_hdd,100,42,1000000,5000,1.0,20,50000,health_ec,15.0,12.5,16.9,19.0,38.9,1.6,5.2,4018416,0.5,18416,0,5579,18416,18038,0,0,0,593,770,1294,10858,18.9,18.9,16735,15430,92.2
realistic_2pct,threshold_d2_a010,threshold_alpha,2,0.1,0,0,0,dynamic_realistic_100d_2pct_hdd,100,42,1000000,5000,1.0,20,50000,health_ec,15.0,12.5,16.9,19.0,39.0,1.4,4.5,4008421,0.2,8421,0,2551,8421,8160,23,22,1,544,770,1294,5186,18.9,18.9,7994,6591,82.4
realistic_2pct,threshold_d2_a005,threshold_alpha,2,0.05,0,0,0,dynamic_realistic_100d_2pct_hdd,100,42,1000000,5000,1.0,20,50000,health_ec,15.0,12.5,16.9,19.0,39.1,1.3,4.5,4008869,0.2,8869,0,2620,8869,8604,20,20,0,550,770,1294,5304,18.9,18.9,8352,6982,83.6
realistic_2pct,vanilla_ec,baseline,,,,,,dynamic_realistic_100d_2pct_hdd,100,43,1000000,5000,1.0,20,50000,vanilla_ec,15.0,12.6,17.3,31.0,0.0,11.8,320.3,4000000,0.0,0,0,0,0,0,0,-1,-1,-1,-1,-1,0,27.6,63.1,-1,-1,-1.0
realistic_2pct,late_binding,baseline,,,,,,dynamic_realistic_100d_2pct_hdd,100,43,1000000,5000,1.0,20,50000,late_binding,15.0,10.7,14.1,15.8,49.2,2.7,7.1,5000000,25.0,1000000,150000,6037,1000000,799829,0,-1,-1,-1,-1,96,16492,15.7,15.8,-1,-1,-1.0
realistic_2pct,timeout_degraded_read,baseline,,,,,,dynamic_realistic_100d_2pct_hdd,100,43,1000000,5000,1.0,20,50000,timeout_degraded_read,15.0,12.6,17.3,22.3,28.1,11.0,67.4,4176829,4.4,176829,24335,5185,176829,16913,0,-1,-1,-1,96,117,10551,23.2,25.4,-1,-1,-1.0
realistic_2pct,t28_default,default,12,0.05,0,0,0,dynamic_realistic_100d_2pct_hdd,100,43,1000000,5000,1.0,20,50000,health_ec,15.0,12.5,16.9,19.0,38.8,0.9,4.4,4013208,0.3,13208,0,3902,13208,12904,4,4,0,580,634,634,7722,18.9,18.8,12038,10733,89.2
realistic_2pct,migration_disabled,disabled,12,0.05,0,0,0,dynamic_realistic_100d_2pct_hdd,100,43,1000000,5000,1.0,20,50000,health_ec,15.0,12.5,16.9,19.0,38.7,1.2,4.9,4018411,0.5,18411,0,5642,18411,18058,0,0,0,588,634,634,10927,18.9,18.8,16719,15421,92.2
realistic_2pct,threshold_d2_a010,threshold_alpha,2,0.1,0,0,0,dynamic_realistic_100d_2pct_hdd,100,43,1000000,5000,1.0,20,50000,health_ec,15.0,12.5,16.9,19.0,38.8,0.9,4.2,4008476,0.2,8476,0,2548,8476,8229,22,22,0,540,634,634,5247,18.9,18.8,7973,6598,82.8
realistic_2pct,threshold_d2_a005,threshold_alpha,2,0.05,0,0,0,dynamic_realistic_100d_2pct_hdd,100,43,1000000,5000,1.0,20,50000,health_ec,15.0,12.5,16.9,19.0,38.8,0.8,4.3,4008829,0.2,8829,0,2568,8829,8574,21,21,0,544,634,634,5269,18.9,18.8,8299,6915,83.3
realistic_2pct,vanilla_ec,baseline,,,,,,dynamic_realistic_100d_2pct_hdd,100,44,1000000,5000,1.0,20,50000,vanilla_ec,15.0,12.5,17.4,31.3,0.0,12.5,323.0,4000000,0.0,0,0,0,0,0,0,-1,-1,-1,-1,-1,0,27.4,64.1,-1,-1,-1.0
realistic_2pct,late_binding,baseline,,,,,,dynamic_realistic_100d_2pct_hdd,100,44,1000000,5000,1.0,20,50000,late_binding,15.0,10.7,14.1,15.8,49.6,2.6,7.0,5000000,25.0,1000000,150000,5963,1000000,799767,0,-1,-1,-1,-1,43,16522,15.8,15.8,-1,-1,-1.0
realistic_2pct,timeout_degraded_read,baseline,,,,,,dynamic_realistic_100d_2pct_hdd,100,44,1000000,5000,1.0,20,50000,timeout_degraded_read,15.0,12.5,17.3,22.3,28.6,11.6,67.0,4176844,4.4,176844,24274,5130,176844,17030,0,-1,-1,-1,56,56,10678,23.3,25.3,-1,-1,-1.0
realistic_2pct,t28_default,default,12,0.05,0,0,0,dynamic_realistic_100d_2pct_hdd,100,44,1000000,5000,1.0,20,50000,health_ec,15.0,12.5,16.9,19.0,39.3,1.2,3.9,4013483,0.3,13483,0,3931,13483,13145,4,4,0,571,1014,1014,7958,18.9,18.8,12250,11007,89.9
realistic_2pct,migration_disabled,disabled,12,0.05,0,0,0,dynamic_realistic_100d_2pct_hdd,100,44,1000000,5000,1.0,20,50000,health_ec,15.0,12.5,16.9,19.0,39.2,1.4,4.3,4018769,0.5,18769,0,5630,18769,18353,0,0,0,579,1014,1014,11128,19.0,18.8,16905,15691,92.8
realistic_2pct,threshold_d2_a010,threshold_alpha,2,0.1,0,0,0,dynamic_realistic_100d_2pct_hdd,100,44,1000000,5000,1.0,20,50000,health_ec,15.0,12.5,16.9,19.0,39.3,1.1,3.9,4008608,0.2,8608,0,2515,8608,8323,22,21,0,530,1014,1014,5365,18.9,18.8,8093,6724,83.1
realistic_2pct,threshold_d2_a005,threshold_alpha,2,0.05,0,0,0,dynamic_realistic_100d_2pct_hdd,100,44,1000000,5000,1.0,20,50000,health_ec,15.0,12.5,16.9,19.0,39.3,1.1,3.8,4009008,0.2,9008,0,2600,9008,8717,20,19,0,537,1014,1014,5524,18.9,18.8,8433,7086,84.0
realistic_2pct,vanilla_ec,baseline,,,,,,dynamic_realistic_100d_2pct_hdd,100,45,1000000,5000,1.0,20,50000,vanilla_ec,15.0,12.5,17.3,31.0,0.0,12.1,318.8,4000000,0.0,0,0,0,0,0,0,-1,-1,-1,-1,-1,0,27.5,63.2,-1,-1,-1.0
realistic_2pct,late_binding,baseline,,,,,,dynamic_realistic_100d_2pct_hdd,100,45,1000000,5000,1.0,20,50000,late_binding,15.0,10.7,14.1,15.8,49.1,3.1,6.8,5000000,25.0,1000000,150000,6147,1000000,799909,0,-1,-1,-1,-1,30,16403,15.7,15.8,-1,-1,-1.0
realistic_2pct,timeout_degraded_read,baseline,,,,,,dynamic_realistic_100d_2pct_hdd,100,45,1000000,5000,1.0,20,50000,timeout_degraded_read,15.0,12.5,17.3,22.3,27.9,11.4,67.1,4176366,4.4,176366,24045,5283,176366,17072,0,-1,-1,-1,30,30,10564,23.2,25.4,-1,-1,-1.0
realistic_2pct,t28_default,default,12,0.05,0,0,0,dynamic_realistic_100d_2pct_hdd,100,45,1000000,5000,1.0,20,50000,health_ec,15.0,12.5,16.9,19.0,38.7,1.0,3.9,4013306,0.3,13306,0,3999,13306,12976,4,4,0,596,171,171,7755,18.9,18.9,12042,10764,89.4
realistic_2pct,migration_disabled,disabled,12,0.05,0,0,0,dynamic_realistic_100d_2pct_hdd,100,45,1000000,5000,1.0,20,50000,health_ec,15.0,12.5,16.9,19.0,38.7,1.1,4.4,4018864,0.5,18864,0,6007,18864,18469,0,0,0,604,171,171,11239,18.9,18.9,16731,15491,92.6
realistic_2pct,threshold_d2_a010,threshold_alpha,2,0.1,0,0,0,dynamic_realistic_100d_2pct_hdd,100,45,1000000,5000,1.0,20,50000,health_ec,15.0,12.5,16.9,19.0,38.8,0.9,3.7,4008589,0.2,8589,0,2521,8589,8335,22,19,0,556,171,171,5179,18.9,18.9,8080,6747,83.5
realistic_2pct,threshold_d2_a005,threshold_alpha,2,0.05,0,0,0,dynamic_realistic_100d_2pct_hdd,100,45,1000000,5000,1.0,20,50000,health_ec,15.0,12.5,16.9,19.0,38.8,0.9,3.7,4008997,0.2,8997,0,2611,8997,8732,20,18,0,562,171,171,5328,18.9,18.9,8422,7094,84.2
realistic_2pct,vanilla_ec,baseline,,,,,,dynamic_realistic_100d_2pct_hdd,100,46,1000000,5000,1.0,20,50000,vanilla_ec,15.0,12.6,17.3,31.6,0.0,12.3,325.0,4000000,0.0,0,0,0,0,0,0,-1,-1,-1,-1,-1,0,28.1,63.8,-1,-1,-1.0
realistic_2pct,late_binding,baseline,,,,,,dynamic_realistic_100d_2pct_hdd,100,46,1000000,5000,1.0,20,50000,late_binding,15.0,10.7,14.1,15.8,50.1,2.8,6.6,5000000,25.0,1000000,150000,5951,1000000,799651,0,-1,-1,-1,-1,26,16411,15.8,15.7,-1,-1,-1.0
realistic_2pct,timeout_degraded_read,baseline,,,,,,dynamic_realistic_100d_2pct_hdd,100,46,1000000,5000,1.0,20,50000,timeout_degraded_read,15.0,12.6,17.3,22.4,29.2,11.6,66.9,4177141,4.4,177141,24428,5134,177141,17224,0,-1,-1,-1,26,26,10638,23.3,25.3,-1,-1,-1.0
realistic_2pct,t28_default,default,12,0.05,0,0,0,dynamic_realistic_100d_2pct_hdd,100,46,1000000,5000,1.0,20,50000,health_ec,15.0,12.5,16.9,19.0,39.9,1.1,4.1,4013136,0.3,13136,0,3886,13136,12816,4,4,0,593,805,805,7803,18.8,18.8,11961,10609,88.7
realistic_2pct,migration_disabled,disabled,12,0.05,0,0,0,dynamic_realistic_100d_2pct_hdd,100,46,1000000,5000,1.0,20,50000,health_ec,15.0,12.5,16.9,19.0,39.8,1.3,4.6,4018813,0.5,18813,0,5735,18813,18419,0,0,0,602,805,805,11147,18.9,18.8,16961,15615,92.1
realistic_2pct,threshold_d2_a010,threshold_alpha,2,0.1,0,0,0,dynamic_realistic_100d_2pct_hdd,100,46,1000000,5000,1.0,20,50000,health_ec,15.0,12.5,16.8,19.0,39.9,1.0,4.0,4008586,0.2,8586,0,2505,8586,8349,22,21,0,554,805,805,5248,18.9,18.8,8092,6666,82.4
realistic_2pct,threshold_d2_a005,threshold_alpha,2,0.05,0,0,0,dynamic_realistic_100d_2pct_hdd,100,46,1000000,5000,1.0,20,50000,health_ec,15.0,12.5,16.8,19.0,39.9,1.0,4.0,4009000,0.2,9000,0,2546,9000,8757,21,20,0,559,805,805,5359,18.8,18.8,8498,7073,83.2
realistic_2pct,vanilla_ec,baseline,,,,,,dynamic_realistic_100d_2pct_hdd,100,47,1000000,5000,1.0,20,50000,vanilla_ec,15.0,12.6,17.4,30.9,0.0,12.6,325.2,4000000,0.0,0,0,0,0,0,0,-1,-1,-1,-1,-1,0,27.7,63.8,-1,-1,-1.0
realistic_2pct,late_binding,baseline,,,,,,dynamic_realistic_100d_2pct_hdd,100,47,1000000,5000,1.0,20,50000,late_binding,15.0,10.7,14.1,15.8,49.0,2.6,7.1,5000000,25.0,1000000,150000,6106,1000000,799732,0,-1,-1,-1,-1,25,16547,15.8,15.8,-1,-1,-1.0
realistic_2pct,timeout_degraded_read,baseline,,,,,,dynamic_realistic_100d_2pct_hdd,100,47,1000000,5000,1.0,20,50000,timeout_degraded_read,15.0,12.6,17.3,22.3,27.9,11.7,67.5,4176235,4.4,176235,24012,5241,176235,17068,0,-1,-1,-1,25,25,10607,23.3,25.3,-1,-1,-1.0
realistic_2pct,t28_default,default,12,0.05,0,0,0,dynamic_realistic_100d_2pct_hdd,100,47,1000000,5000,1.0,20,50000,health_ec,15.0,12.5,16.9,19.0,38.5,1.5,5.1,4013145,0.3,13145,0,3893,13145,12779,4,4,0,592,501,501,7696,18.9,18.9,12106,10675,88.2
realistic_2pct,migration_disabled,disabled,12,0.05,0,0,0,dynamic_realistic_100d_2pct_hdd,100,47,1000000,5000,1.0,20,50000,health_ec,15.0,12.5,16.9,19.0,38.5,1.7,5.6,4018521,0.5,18521,0,5780,18521,18099,0,0,0,600,501,501,11053,18.9,18.9,16744,15328,91.5
realistic_2pct,threshold_d2_a010,threshold_alpha,2,0.1,0,0,0,dynamic_realistic_100d_2pct_hdd,100,47,1000000,5000,1.0,20,50000,health_ec,15.0,12.5,16.9,19.0,38.6,1.4,4.9,4008343,0.2,8343,0,2588,8343,8040,21,21,0,552,501,501,5222,18.9,18.9,7929,6419,81.0
realistic_2pct,threshold_d2_a005,threshold_alpha,2,0.05,0,0,0,dynamic_realistic_100d_2pct_hdd,100,47,1000000,5000,1.0,20,50000,health_ec,15.0,12.5,16.9,19.0,38.6,1.4,4.9,4008758,0.2,8758,0,2643,8758,8454,20,19,0,558,501,501,5330,18.9,18.9,8303,6812,82.0
realistic_2pct,vanilla_ec,baseline,,,,,,dynamic_realistic_100d_2pct_hdd,100,48,1000000,5000,1.0,20,50000,vanilla_ec,15.0,12.6,17.3,30.7,0.0,11.9,321.9,4000000,0.0,0,0,0,0,0,0,-1,-1,-1,-1,-1,0,27.7,63.4,-1,-1,-1.0
realistic_2pct,late_binding,baseline,,,,,,dynamic_realistic_100d_2pct_hdd,100,48,1000000,5000,1.0,20,50000,late_binding,15.0,10.7,14.1,15.8,48.7,2.8,6.6,5000000,25.0,1000000,150000,6036,1000000,800006,0,-1,-1,-1,-1,19,16320,15.8,15.8,-1,-1,-1.0
realistic_2pct,timeout_degraded_read,baseline,,,,,,dynamic_realistic_100d_2pct_hdd,100,48,1000000,5000,1.0,20,50000,timeout_degraded_read,15.0,12.6,17.3,22.2,27.6,10.9,66.5,4176746,4.4,176746,24350,5217,176746,16901,0,-1,-1,-1,19,19,10533,23.1,25.3,-1,-1,-1.0
realistic_2pct,t28_default,default,12,0.05,0,0,0,dynamic_realistic_100d_2pct_hdd,100,48,1000000,5000,1.0,20,50000,health_ec,15.0,12.5,16.9,19.0,38.1,1.0,4.1,4012786,0.3,12786,0,3933,12786,12465,4,4,0,579,1763,1763,7719,19.0,18.8,11602,10279,88.6
realistic_2pct,migration_disabled,disabled,12,0.05,0,0,0,dynamic_realistic_100d_2pct_hdd,100,48,1000000,5000,1.0,20,50000,health_ec,15.0,12.5,16.9,19.0,38.1,1.2,4.5,4018425,0.5,18425,0,5660,18425,18035,0,0,0,589,1763,1763,10924,19.0,18.8,16597,15298,92.2
realistic_2pct,threshold_d2_a010,threshold_alpha,2,0.1,0,0,0,dynamic_realistic_100d_2pct_hdd,100,48,1000000,5000,1.0,20,50000,health_ec,15.0,12.5,16.9,19.0,38.2,0.9,4.1,4008480,0.2,8480,0,2620,8480,8220,21,20,0,543,1763,1763,5351,18.9,18.8,7999,6546,81.8
realistic_2pct,threshold_d2_a005,threshold_alpha,2,0.05,0,0,0,dynamic_realistic_100d_2pct_hdd,100,48,1000000,5000,1.0,20,50000,health_ec,15.0,12.5,16.9,19.0,38.2,0.9,3.9,4008819,0.2,8819,0,2641,8819,8562,20,20,0,546,1763,1763,5382,18.9,18.8,8285,6877,83.0
realistic_2pct,vanilla_ec,baseline,,,,,,dynamic_realistic_100d_2pct_hdd,100,49,1000000,5000,1.0,20,50000,vanilla_ec,15.0,12.6,17.4,31.4,0.0,12.4,323.4,4000000,0.0,0,0,0,0,0,0,-1,-1,-1,-1,-1,0,27.7,63.6,-1,-1,-1.0
realistic_2pct,late_binding,baseline,,,,,,dynamic_realistic_100d_2pct_hdd,100,49,1000000,5000,1.0,20,50000,late_binding,15.0,10.7,14.1,15.8,49.8,2.7,7.0,5000000,25.0,1000000,150000,6012,1000000,799809,0,-1,-1,-1,-1,13,16633,15.8,15.8,-1,-1,-1.0
realistic_2pct,timeout_degraded_read,baseline,,,,,,dynamic_realistic_100d_2pct_hdd,100,49,1000000,5000,1.0,20,50000,timeout_degraded_read,15.0,12.6,17.3,22.3,28.8,11.6,67.8,4176440,4.4,176440,24215,5164,176440,17325,0,-1,-1,-1,13,32,10711,23.2,25.4,-1,-1,-1.0
realistic_2pct,t28_default,default,12,0.05,0,0,0,dynamic_realistic_100d_2pct_hdd,100,49,1000000,5000,1.0,20,50000,health_ec,15.0,12.5,16.9,19.0,39.5,1.2,4.6,4013314,0.3,13314,0,3880,13314,12964,4,4,0,589,1056,1087,7849,18.9,18.9,12201,10860,89.0
realistic_2pct,migration_disabled,disabled,12,0.05,0,0,0,dynamic_realistic_100d_2pct_hdd,100,49,1000000,5000,1.0,20,50000,health_ec,15.0,12.5,16.9,19.0,39.4,1.4,4.9,4018883,0.5,18883,0,5728,18883,18471,0,0,0,598,1056,1087,11214,18.9,18.9,16977,15657,92.2
realistic_2pct,threshold_d2_a010,threshold_alpha,2,0.1,0,0,0,dynamic_realistic_100d_2pct_hdd,100,49,1000000,5000,1.0,20,50000,health_ec,15.0,12.5,16.9,19.0,39.5,1.1,4.3,4008595,0.2,8595,0,2518,8595,8306,22,22,0,550,1056,1087,5243,18.9,18.9,8073,6682,82.8
realistic_2pct,threshold_d2_a005,threshold_alpha,2,0.05,0,0,0,dynamic_realistic_100d_2pct_hdd,100,49,1000000,5000,1.0,20,50000,health_ec,15.0,12.5,16.9,19.0,39.5,1.1,4.2,4009013,0.2,9013,0,2601,9013,8717,20,20,0,555,1056,1087,5399,18.9,18.9,8430,7059,83.7
realistic_2pct,vanilla_ec,baseline,,,,,,dynamic_realistic_100d_2pct_hdd,100,50,1000000,5000,1.0,20,50000,vanilla_ec,15.0,12.6,17.3,30.4,0.0,11.6,317.8,4000000,0.0,0,0,0,0,0,0,-1,-1,-1,-1,-1,0,27.5,63.2,-1,-1,-1.0
realistic_2pct,late_binding,baseline,,,,,,dynamic_realistic_100d_2pct_hdd,100,50,1000000,5000,1.0,20,50000,late_binding,15.0,10.7,14.1,15.7,48.3,2.9,6.4,5000000,25.0,1000000,150000,5871,1000000,800632,0,-1,-1,-1,-1,9,16166,15.7,15.8,-1,-1,-1.0
realistic_2pct,timeout_degraded_read,baseline,,,,,,dynamic_realistic_100d_2pct_hdd,100,50,1000000,5000,1.0,20,50000,timeout_degraded_read,15.0,12.6,17.3,22.1,27.3,10.8,66.0,4176863,4.4,176863,24316,5030,176863,16805,0,-1,-1,-1,9,122,10304,23.1,25.3,-1,-1,-1.0
realistic_2pct,t28_default,default,12,0.05,0,0,0,dynamic_realistic_100d_2pct_hdd,100,50,1000000,5000,1.0,20,50000,health_ec,15.0,12.5,16.9,19.0,37.6,0.9,4.1,4013142,0.3,13142,0,3805,13142,12828,4,4,0,589,584,749,7550,18.9,18.9,11973,10731,89.6
realistic_2pct,migration_disabled,disabled,12,0.05,0,0,0,dynamic_realistic_100d_2pct_hdd,100,50,1000000,5000,1.0,20,50000,health_ec,15.0,12.5,16.9,19.0,37.5,1.1,4.6,4018219,0.5,18219,0,5408,18219,17851,0,0,0,597,584,749,10585,18.9,18.9,16549,15327,92.6
realistic_2pct,threshold_d2_a010,threshold_alpha,2,0.1,0,0,0,dynamic_realistic_100d_2pct_hdd,100,50,1000000,5000,1.0,20,50000,health_ec,15.0,12.5,16.9,19.0,37.6,0.8,3.9,4008471,0.2,8471,0,2527,8471,8211,21,19,0,550,584,749,5201,18.9,18.9,7907,6606,83.5
realistic_2pct,threshold_d2_a005,threshold_alpha,2,0.05,0,0,0,dynamic_realistic_100d_2pct_hdd,100,50,1000000,5000,1.0,20,50000,health_ec,15.0,12.5,16.9,19.0,37.6,0.8,4.1,4008808,0.2,8808,0,2527,8808,8545,21,21,0,552,584,749,5201,18.9,18.9,8257,6924,83.9
realistic_2pct,vanilla_ec,baseline,,,,,,dynamic_realistic_100d_2pct_hdd,100,51,1000000,5000,1.0,20,50000,vanilla_ec,15.0,12.6,17.3,30.8,0.0,12.1,321.5,4000000,0.0,0,0,0,0,0,0,-1,-1,-1,-1,-1,0,27.8,63.0,-1,-1,-1.0
realistic_2pct,late_binding,baseline,,,,,,dynamic_realistic_100d_2pct_hdd,100,51,1000000,5000,1.0,20,50000,late_binding,15.0,10.7,14.1,15.8,48.8,2.9,6.8,5000000,25.0,1000000,150000,6027,1000000,800206,0,-1,-1,-1,-1,6,16511,15.8,15.8,-1,-1,-1.0
realistic_2pct,timeout_degraded_read,baseline,,,,,,dynamic_realistic_100d_2pct_hdd,100,51,1000000,5000,1.0,20,50000,timeout_degraded_read,15.0,12.6,17.3,22.2,27.9,11.1,67.1,4177030,4.4,177030,24297,5182,177030,16952,0,-1,-1,-1,6,6,10567,23.3,25.2,-1,-1,-1.0
realistic_2pct,t28_default,default,12,0.05,0,0,0,dynamic_realistic_100d_2pct_hdd,100,51,1000000,5000,1.0,20,50000,health_ec,15.0,12.5,16.9,19.0,38.3,1.0,4.9,4013318,0.3,13318,0,3948,13318,12979,4,4,0,581,518,518,7829,18.9,18.9,12066,10792,89.4
realistic_2pct,migration_disabled,disabled,12,0.05,0,0,0,dynamic_realistic_100d_2pct_hdd,100,51,1000000,5000,1.0,20,50000,health_ec,15.0,12.5,16.9,19.0,38.2,1.2,5.5,4018422,0.5,18422,0,5661,18422,18030,0,0,0,589,518,518,10941,18.9,18.9,16601,15347,92.4
realistic_2pct,threshold_d2_a010,threshold_alpha,2,0.1,0,0,0,dynamic_realistic_100d_2pct_hdd,100,51,1000000,5000,1.0,20,50000,health_ec,15.0,12.5,16.9,19.0,38.4,0.9,4.8,4008482,0.2,8482,0,2525,8482,8216,22,22,0,540,518,518,5197,18.9,18.9,7952,6620,83.2
realistic_2pct,threshold_d2_a005,threshold_alpha,2,0.05,0,0,0,dynamic_realistic_100d_2pct_hdd,100,51,1000000,5000,1.0,20,50000,health_ec,15.0,12.5,16.9,19.0,38.4,0.9,4.8,4008928,0.2,8928,0,2563,8928,8655,21,20,0,547,518,518,5295,18.9,18.9,8353,7032,84.2
realistic_2pct,vanilla_ec,baseline,,,,,,dynamic_realistic_100d_2pct_hdd,100,52,1000000,5000,1.0,20,50000,vanilla_ec,15.0,12.6,17.3,30.8,0.0,12.0,325.1,4000000,0.0,0,0,0,0,0,0,-1,-1,-1,-1,-1,0,27.8,63.6,-1,-1,-1.0
realistic_2pct,late_binding,baseline,,,,,,dynamic_realistic_100d_2pct_hdd,100,52,1000000,5000,1.0,20,50000,late_binding,15.0,10.7,14.1,15.8,48.9,2.9,6.6,5000000,25.0,1000000,150000,5919,1000000,800309,0,-1,-1,-1,-1,39,16229,15.7,15.7,-1,-1,-1.0
realistic_2pct,timeout_degraded_read,baseline,,,,,,dynamic_realistic_100d_2pct_hdd,100,52,1000000,5000,1.0,20,50000,timeout_degraded_read,15.0,12.6,17.3,22.2,28.0,11.2,66.3,4176735,4.4,176735,24278,5074,176735,16861,0,-1,-1,-1,39,39,10338,23.2,25.3,-1,-1,-1.0
realistic_2pct,t28_default,default,12,0.05,0,0,0,dynamic_realistic_100d_2pct_hdd,100,52,1000000,5000,1.0,20,50000,health_ec,15.0,12.5,16.9,19.0,38.4,1.2,4.5,4013288,0.3,13288,0,3804,13288,12940,4,4,0,584,436,436,7560,18.9,18.9,12157,10841,89.2
realistic_2pct,migration_disabled,disabled,12,0.05,0,0,0,dynamic_realistic_100d_2pct_hdd,100,52,1000000,5000,1.0,20,50000,health_ec,15.0,12.5,16.9,19.0,38.3,1.4,5.0,4018357,0.5,18357,0,5457,18357,17942,0,0,0,592,436,436,10657,18.9,18.9,16705,15390,92.1
realistic_2pct,threshold_d2_a010,threshold_alpha,2,0.1,0,0,0,dynamic_realistic_100d_2pct_hdd,100,52,1000000,5000,1.0,20,50000,health_ec,15.0,12.5,16.9,19.0,38.4,1.1,4.3,4008448,0.2,8448,0,2416,8448,8175,22,19,0,545,436,436,5054,18.9,18.9,7993,6599,82.6
realistic_2pct,threshold_d2_a005,threshold_alpha,2,0.05,0,0,0,dynamic_realistic_100d_2pct_hdd,100,52,1000000,5000,1.0,20,50000,health_ec,15.0,12.5,16.9,19.0,38.4,1.1,4.5,4008852,0.2,8852,0,2488,8852,8564,20,18,0,550,436,436,5205,18.9,18.9,8382,6935,82.7
realistic_2pct,vanilla_ec,baseline,,,,,,dynamic_realistic_100d_2pct_hdd,100,53,1000000,5000,1.0,20,50000,vanilla_ec,15.0,12.6,17.3,30.9,0.0,12.0,322.1,4000000,0.0,0,0,0,0,0,0,-1,-1,-1,-1,-1,0,27.7,63.6,-1,-1,-1.0
realistic_2pct,late_binding,baseline,,,,,,dynamic_realistic_100d_2pct_hdd,100,53,1000000,5000,1.0,20,50000,late_binding,15.0,10.7,14.1,15.8,49.0,2.5,7.3,5000000,25.0,1000000,150000,5870,1000000,799969,0,-1,-1,-1,-1,47,16199,15.8,15.8,-1,-1,-1.0
realistic_2pct,timeout_degraded_read,baseline,,,,,,dynamic_realistic_100d_2pct_hdd,100,53,1000000,5000,1.0,20,50000,timeout_degraded_read,15.0,12.6,17.3,22.2,28.0,11.2,67.4,4176987,4.4,176987,24278,5083,176987,16978,0,-1,-1,-1,47,47,10351,23.2,25.4,-1,-1,-1.0
realistic_2pct,t28_default,default,12,0.05,0,0,0,dynamic_realistic_100d_2pct_hdd,100,53,1000000,5000,1.0,20,50000,health_ec,15.0,12.5,16.9,19.0,38.5,1.1,4.5,4013106,0.3,13106,0,3838,13106,12763,4,4,0,576,462,462,7590,18.9,18.9,12044,10700,88.8
realistic_2pct,migration_disabled,disabled,12,0.05,0,0,0,dynamic_realistic_100d_2pct_hdd,100,53,1000000,5000,1.0,20,50000,health_ec,15.0,12.5,16.9,19.0,38.4,1.3,4.8,4018383,0.5,18383,0,5522,18383,17977,0,0,0,584,462,462,10694,19.0,18.9,16680,15391,92.3
realistic_2pct,threshold_d2_a010,threshold_alpha,2,0.1,0,0,0,dynamic_realistic_100d_2pct_hdd,100,53,1000000,5000,1.0,20,50000,health_ec,15.0,12.5,16.9,19.0,38.5,1.0,4.3,4008492,0.2,8492,0,2556,8492,8219,22,19,0,537,462,462,5181,18.9,18.9,8057,6644,82.5
realistic_2pct,threshold_d2_a005,threshold_alpha,2,0.05,0,0,0,dynamic_realistic_100d_2pct_hdd,100,53,1000000,5000,1.0,20,50000,health_ec,15.0,12.5,16.9,19.0,38.5,1.0,4.3,4008827,0.2,8827,0,2650,8827,8548,20,19,0,541,462,462,5352,18.9,18.9,8342,6937,83.2
realistic_2pct,vanilla_ec,baseline,,,,,,dynamic_realistic_100d_2pct_hdd,100,54,1000000,5000,1.0,20,50000,vanilla_ec,15.0,12.5,17.3,31.0,0.0,12.0,322.2,4000000,0.0,0,0,0,0,0,0,-1,-1,-1,-1,-1,0,27.8,63.6,-1,-1,-1.0
realistic_2pct,late_binding,baseline,,,,,,dynamic_realistic_100d_2pct_hdd,100,54,1000000,5000,1.0,20,50000,late_binding,15.0,10.7,14.1,15.8,49.2,2.9,6.9,5000000,25.0,1000000,150000,5984,1000000,799402,0,-1,-1,-1,-1,31,16500,15.8,15.8,-1,-1,-1.0
realistic_2pct,timeout_degraded_read,baseline,,,,,,dynamic_realistic_100d_2pct_hdd,100,54,1000000,5000,1.0,20,50000,timeout_degraded_read,15.0,12.5,17.3,22.3,28.2,11.2,66.4,4176518,4.4,176518,24333,5124,176518,17002,0,-1,-1,-1,31,185,10511,23.2,25.4,-1,-1,-1.0
realistic_2pct,t28_default,default,12,0.05,0,0,0,dynamic_realistic_100d_2pct_hdd,100,54,1000000,5000,1.0,20,50000,health_ec,15.0,12.5,16.9,19.0,38.8,1.0,4.5,4013155,0.3,13155,0,3842,13155,12842,4,4,0,591,871,871,7678,19.0,18.9,12043,10699,88.8
realistic_2pct,migration_disabled,disabled,12,0.05,0,0,0,dynamic_realistic_100d_2pct_hdd,100,54,1000000,5000,1.0,20,50000,health_ec,15.0,12.5,16.9,19.0,38.7,1.2,5.0,4018508,0.5,18508,0,5641,18508,18147,0,0,0,599,871,871,10962,19.0,18.9,16736,15413,92.1
realistic_2pct,threshold_d2_a010,threshold_alpha,2,0.1,0,0,0,dynamic_realistic_100d_2pct_hdd,100,54,1000000,5000,1.0,20,50000,health_ec,15.0,12.5,16.9,19.0,38.8,0.9,4.5,4008440,0.2,8440,0,2516,8440,8189,22,21,0,552,871,871,5210,18.9,18.9,8014,6543,81.6
realistic_2pct,threshold_d2_a005,threshold_alpha,2,0.05,0,0,0,dynamic_realistic_100d_2pct_hdd,100,54,1000000,5000,1.0,20,50000,health_ec,15.0,12.5,16.9,19.0,38.8,0.9,4.5,4008828,0.2,8828,0,2585,8828,8570,20,19,0,557,871,871,5342,18.9,18.9,8341,6889,82.6
realistic_2pct,vanilla_ec,baseline,,,,,,dynamic_realistic_100d_2pct_hdd,100,55,1000000,5000,1.0,20,50000,vanilla_ec,15.0,12.5,17.3,30.3,0.0,11.8,320.5,4000000,0.0,0,0,0,0,0,0,-1,-1,-1,-1,-1,0,27.7,63.0,-1,-1,-1.0
realistic_2pct,late_binding,baseline,,,,,,dynamic_realistic_100d_2pct_hdd,100,55,1000000,5000,1.0,20,50000,late_binding,15.0,10.7,14.1,15.8,48.0,2.7,6.9,5000000,25.0,1000000,150000,6015,1000000,800268,0,-1,-1,-1,-1,15,16335,15.8,15.8,-1,-1,-1.0
realistic_2pct,timeout_degraded_read,baseline,,,,,,dynamic_realistic_100d_2pct_hdd,100,55,1000000,5000,1.0,20,50000,timeout_degraded_read,15.0,12.5,17.3,22.2,26.7,11.1,66.7,4177104,4.4,177104,24352,5178,177104,16858,0,-1,-1,-1,15,164,10486,23.3,25.2,-1,-1,-1.0
realistic_2pct,t28_default,default,12,0.05,0,0,0,dynamic_realistic_100d_2pct_hdd,100,55,1000000,5000,1.0,20,50000,health_ec,15.0,12.5,16.9,19.0,37.4,1.1,3.8,4013432,0.3,13432,0,3941,13432,13098,4,4,0,584,231,231,7783,18.9,18.8,12125,10918,90.0
realistic_2pct,migration_disabled,disabled,12,0.05,0,0,0,dynamic_realistic_100d_2pct_hdd,100,55,1000000,5000,1.0,20,50000,health_ec,15.0,12.5,16.9,19.0,37.4,1.2,4.1,4018589,0.5,18589,0,5777,18589,18192,0,0,0,592,231,231,11034,18.9,18.9,16644,15446,92.8
realistic_2pct,threshold_d2_a010,threshold_alpha,2,0.1,0,0,0,dynamic_realistic_100d_2pct_hdd,100,55,1000000,5000,1.0,20,50000,health_ec,15.0,12.5,16.9,19.0,37.5,1.0,3.5,4008474,0.2,8474,0,2561,8474,8202,22,20,0,543,231,231,5224,18.9,18.9,7832,6570,83.9
realistic_2pct,threshold_d2_a005,threshold_alpha,2,0.05,0,0,0,dynamic_realistic_100d_2pct_hdd,100,55,1000000,5000,1.0,20,50000,health_ec,15.0,12.5,16.9,19.0,37.4,1.0,3.6,4008953,0.2,8953,0,2650,8953,8672,20,19,0,549,231,231,5399,18.9,18.9,8279,7003,84.6
realistic_2pct,vanilla_ec,baseline,,,,,,dynamic_realistic_100d_2pct_hdd,100,56,1000000,5000,1.0,20,50000,vanilla_ec,15.0,12.5,17.3,31.0,0.0,12.2,323.3,4000000,0.0,0,0,0,0,0,0,-1,-1,-1,-1,-1,0,27.4,63.9,-1,-1,-1.0
realistic_2pct,late_binding,baseline,,,,,,dynamic_realistic_100d_2pct_hdd,100,56,1000000,5000,1.0,20,50000,late_binding,15.0,10.7,14.1,15.8,49.2,2.4,6.4,5000000,25.0,1000000,150000,5907,1000000,799383,0,-1,-1,-1,-1,46,16386,15.8,15.7,-1,-1,-1.0
realistic_2pct,timeout_degraded_read,baseline,,,,,,dynamic_realistic_100d_2pct_hdd,100,56,1000000,5000,1.0,20,50000,timeout_degraded_read,15.0,12.5,17.3,22.3,28.0,11.6,67.7,4176621,4.4,176621,24156,5059,176621,17043,0,-1,-1,-1,46,46,10488,23.2,25.4,-1,-1,-1.0
realistic_2pct,t28_default,default,12,0.05,0,0,0,dynamic_realistic_100d_2pct_hdd,100,56,1000000,5000,1.0,20,50000,health_ec,15.0,12.5,16.9,19.0,38.8,1.3,5.0,4013314,0.3,13314,0,3799,13314,12997,4,4,0,596,373,373,7709,18.9,18.8,12213,10877,89.1
realistic_2pct,migration_disabled,disabled,12,0.05,0,0,0,dynamic_realistic_100d_2pct_hdd,100,56,1000000,5000,1.0,20,50000,health_ec,15.0,12.5,16.9,19.0,38.7,1.5,5.4,4018571,0.5,18571,0,5595,18571,18193,0,0,0,604,373,373,10934,18.9,18.8,16805,15499,92.2
realistic_2pct,threshold_d2_a010,threshold_alpha,2,0.1,0,0,0,dynamic_realistic_100d_2pct_hdd,100,56,1000000,5000,1.0,20,50000,health_ec,15.0,12.5,16.9,19.0,38.8,1.2,4.9,4008677,0.2,8677,0,2510,8677,8426,21,20,0,556,373,373,5265,18.9,18.8,8177,6759,82.7
realistic_2pct,threshold_d2_a005,threshold_alpha,2,0.05,0,0,0,dynamic_realistic_100d_2pct_hdd,100,56,1000000,5000,1.0,20,50000,health_ec,15.0,12.5,16.9,19.0,38.8,1.2,4.9,4009060,0.2,9060,0,2542,9060,8800,20,19,0,562,373,373,5368,18.9,18.8,8557,7130,83.3
realistic_2pct,vanilla_ec,baseline,,,,,,dynamic_realistic_100d_2pct_hdd,100,57,1000000,5000,1.0,20,50000,vanilla_ec,15.0,12.6,17.3,30.7,0.0,12.0,322.2,4000000,0.0,0,0,0,0,0,0,-1,-1,-1,-1,-1,0,27.8,63.7,-1,-1,-1.0
realistic_2pct,late_binding,baseline,,,,,,dynamic_realistic_100d_2pct_hdd,100,57,1000000,5000,1.0,20,50000,late_binding,15.0,10.7,14.1,15.8,48.7,2.5,6.5,5000000,25.0,1000000,150000,5997,1000000,800070,0,-1,-1,-1,-1,5,16474,15.8,15.8,-1,-1,-1.0
realistic_2pct,timeout_degraded_read,baseline,,,,,,dynamic_realistic_100d_2pct_hdd,100,57,1000000,5000,1.0,20,50000,timeout_degraded_read,15.0,12.6,17.3,22.2,27.7,11.2,66.1,4177013,4.4,177013,24491,5147,177013,16950,0,-1,-1,-1,5,5,10511,23.3,25.2,-1,-1,-1.0
realistic_2pct,t28_default,default,12,0.05,0,0,0,dynamic_realistic_100d_2pct_hdd,100,57,1000000,5000,1.0,20,50000,health_ec,15.0,12.5,16.9,19.0,38.2,1.1,4.7,4013228,0.3,13228,0,3955,13228,12934,4,4,0,580,593,593,7683,18.9,18.9,12184,10833,88.9
realistic_2pct,migration_disabled,disabled,12,0.05,0,0,0,dynamic_realistic_100d_2pct_hdd,100,57,1000000,5000,1.0,20,50000,health_ec,15.0,12.5,16.9,19.0,38.1,1.2,5.0,4018611,0.5,18611,0,5838,18611,18252,0,0,0,588,593,593,11041,18.9,18.9,16766,15425,92.0
realistic_2pct,threshold_d2_a010,threshold_alpha,2,0.1,0,0,0,dynamic_realistic_100d_2pct_hdd,100,57,1000000,5000,1.0,20,50000,health_ec,15.0,12.5,16.9,19.0,38.2,1.0,4.5,4008434,0.2,8434,0,2614,8434,8211,21,21,0,539,593,593,5224,18.9,18.9,8027,6601,82.2
realistic_2pct,threshold_d2_a005,threshold_alpha,2,0.05,0,0,0,dynamic_realistic_100d_2pct_hdd,100,57,1000000,5000,1.0,20,50000,health_ec,15.0,12.5,16.9,19.0,38.2,1.0,4.5,4008874,0.2,8874,0,2668,8874,8649,20,19,0,546,593,593,5335,18.9,18.9,8421,6991,83.0
realistic_2pct,vanilla_ec,baseline,,,,,,dynamic_realistic_100d_2pct_hdd,100,58,1000000,5000,1.0,20,50000,vanilla_ec,15.0,12.6,17.3,30.7,0.0,12.0,318.1,4000000,0.0,0,0,0,0,0,0,-1,-1,-1,-1,-1,0,27.2,63.3,-1,-1,-1.0
realistic_2pct,late_binding,baseline,,,,,,dynamic_realistic_100d_2pct_hdd,100,58,1000000,5000,1.0,20,50000,late_binding,15.0,10.7,14.1,15.7,48.7,2.4,6.0,5000000,25.0,1000000,150000,5847,1000000,800179,0,-1,-1,-1,-1,15,16285,15.8,15.7,-1,-1,-1.0
realistic_2pct,timeout_degraded_read,baseline,,,,,,dynamic_realistic_100d_2pct_hdd,100,58,1000000,5000,1.0,20,50000,timeout_degraded_read,15.0,12.6,17.3,22.3,27.5,11.2,66.4,4176274,4.4,176274,24507,5008,176274,16911,0,-1,-1,-1,175,412,10392,23.0,25.2,-1,-1,-1.0
realistic_2pct,t28_default,default,12,0.05,0,0,0,dynamic_realistic_100d_2pct_hdd,100,58,1000000,5000,1.0,20,50000,health_ec,15.0,12.5,16.9,19.0,38.2,0.9,3.9,4013304,0.3,13304,0,3801,13304,12943,4,4,0,592,738,738,7736,18.9,18.9,12113,10820,89.3
realistic_2pct,migration_disabled,disabled,12,0.05,0,0,0,dynamic_realistic_100d_2pct_hdd,100,58,1000000,5000,1.0,20,50000,health_ec,15.0,12.5,16.9,19.0,38.2,1.1,4.3,4018535,0.5,18535,0,5609,18535,18098,0,0,0,600,738,738,10908,18.9,18.9,16675,15393,92.3
realistic_2pct,threshold_d2_a010,threshold_alpha,2,0.1,0,0,0,dynamic_realistic_100d_2pct_hdd,100,58,1000000,5000,1.0,20,50000,health_ec,15.0,12.5,16.9,19.0,38.2,0.8,3.9,4008518,0.2,8518,0,2436,8518,8237,22,20,0,554,738,738,5232,18.9,18.9,8041,6659,82.8
realistic_2pct,threshold_d2_a005,threshold_alpha,2,0.05,0,0,0,dynamic_realistic_100d_2pct_hdd,100,58,1000000,5000,1.0,20,50000,health_ec,15.0,12.5,16.9,19.0,38.3,0.8,3.8,4008917,0.2,8917,0,2518,8917,8632,20,20,0,558,738,738,5378,18.9,18.9,8389,7036,83.9
realistic_2pct,vanilla_ec,baseline,,,,,,dynamic_realistic_100d_2pct_hdd,100,59,1000000,5000,1.0,20,50000,vanilla_ec,15.0,12.5,17.3,30.8,0.0,11.5,320.5,4000000,0.0,0,0,0,0,0,0,-1,-1,-1,-1,-1,0,27.6,63.3,-1,-1,-1.0
realistic_2pct,late_binding,baseline,,,,,,dynamic_realistic_100d_2pct_hdd,100,59,1000000,5000,1.0,20,50000,late_binding,15.0,10.7,14.1,15.8,48.8,2.4,6.3,5000000,25.0,1000000,150000,5874,1000000,799809,0,-1,-1,-1,-1,14,16285,15.8,15.8,-1,-1,-1.0
realistic_2pct,timeout_degraded_read,baseline,,,,,,dynamic_realistic_100d_2pct_hdd,100,59,1000000,5000,1.0,20,50000,timeout_degraded_read,15.0,12.5,17.3,22.2,27.9,10.6,65.2,4177432,4.4,177432,24873,5053,177432,16872,0,-1,-1,-1,14,14,10387,23.1,25.3,-1,-1,-1.0
realistic_2pct,t28_default,default,12,0.05,0,0,0,dynamic_realistic_100d_2pct_hdd,100,59,1000000,5000,1.0,20,50000,health_ec,15.0,12.5,16.9,19.0,38.3,0.8,4.6,4012738,0.3,12738,0,3835,12738,12413,4,4,0,585,394,394,7637,19.0,18.9,11617,10250,88.2
realistic_2pct,migration_disabled,disabled,12,0.05,0,0,0,dynamic_realistic_100d_2pct_hdd,100,59,1000000,5000,1.0,20,50000,health_ec,15.0,12.5,16.9,19.0,38.2,1.0,5.0,4018240,0.5,18240,0,5535,18240,17848,0,0,0,594,394,394,10749,19.0,18.9,16526,15162,91.7
realistic_2pct,threshold_d2_a010,threshold_alpha,2,0.1,0,0,0,dynamic_realistic_100d_2pct_hdd,100,59,1000000,5000,1.0,20,50000,health_ec,15.0,12.5,16.9,19.0,38.3,0.7,4.5,4008389,0.2,8389,0,2465,8389,8128,22,20,0,547,394,394,5167,18.9,18.9,7985,6539,81.9
realistic_2pct,threshold_d2_a005,threshold_alpha,2,0.05,0,0,0,dynamic_realistic_100d_2pct_hdd,100,59,1000000,5000,1.0,20,50000,health_ec,15.0,12.5,16.9,19.0,38.3,0.7,4.5,4008766,0.2,8766,0,2499,8766,8500,21,21,0,551,394,394,5201,18.9,18.9,8335,6866,82.4
realistic_2pct,vanilla_ec,baseline,,,,,,dynamic_realistic_100d_2pct_hdd,100,60,1000000,5000,1.0,20,50000,vanilla_ec,15.0,12.5,17.3,30.7,0.0,12.0,322.4,4000000,0.0,0,0,0,0,0,0,-1,-1,-1,-1,-1,0,27.5,63.6,-1,-1,-1.0
realistic_2pct,late_binding,baseline,,,,,,dynamic_realistic_100d_2pct_hdd,100,60,1000000,5000,1.0,20,50000,late_binding,15.0,10.7,14.1,15.8,48.7,2.8,7.1,5000000,25.0,1000000,150000,5893,1000000,799969,0,-1,-1,-1,-1,9,16072,15.8,15.8,-1,-1,-1.0
realistic_2pct,timeout_degraded_read,baseline,,,,,,dynamic_realistic_100d_2pct_hdd,100,60,1000000,5000,1.0,20,50000,timeout_degraded_read,15.0,12.5,17.3,22.2,27.6,11.2,66.2,4176922,4.4,176922,24376,5028,176922,16959,0,-1,-1,-1,9,9,10329,23.2,25.2,-1,-1,-1.0
realistic_2pct,t28_default,default,12,0.05,0,0,0,dynamic_realistic_100d_2pct_hdd,100,60,1000000,5000,1.0,20,50000,health_ec,15.0,12.5,16.9,19.0,38.2,1.0,4.3,4013196,0.3,13196,0,3877,13196,12865,4,4,0,587,1258,1258,7665,19.0,18.9,11980,10655,88.9
realistic_2pct,migration_disabled,disabled,12,0.05,0,0,0,dynamic_realistic_100d_2pct_hdd,100,60,1000000,5000,1.0,20,50000,health_ec,15.0,12.5,16.9,19.0,38.1,1.2,4.7,4018511,0.5,18511,0,5595,18511,18100,0,0,0,595,1258,1258,10854,19.0,18.9,16628,15336,92.2
realistic_2pct,threshold_d2_a010,threshold_alpha,2,0.1,0,0,0,dynamic_realistic_100d_2pct_hdd,100,60,1000000,5000,1.0,20,50000,health_ec,15.0,12.5,16.9,19.0,38.2,1.0,4.1,4008423,0.2,8423,0,2494,8423,8153,22,22,0,547,1258,1258,5213,18.9,18.9,7935,6549,82.5
realistic_2pct,threshold_d2_a005,threshold_alpha,2,0.05,0,0,0,dynamic_realistic_100d_2pct_hdd,100,60,1000000,5000,1.0,20,50000,health_ec,15.0,12.5,16.9,19.0,38.2,1.0,4.1,4008808,0.2,8808,0,2576,8808,8533,20,19,0,553,1258,1258,5358,18.9,18.9,8253,6887,83.4
realistic_2pct,vanilla_ec,baseline,,,,,,dynamic_realistic_100d_2pct_hdd,100,61,1000000,5000,1.0,20,50000,vanilla_ec,15.0,12.5,17.3,31.1,0.0,12.0,322.5,4000000,0.0,0,0,0,0,0,0,-1,-1,-1,-1,-1,0,27.6,63.6,-1,-1,-1.0
realistic_2pct,late_binding,baseline,,,,,,dynamic_realistic_100d_2pct_hdd,100,61,1000000,5000,1.0,20,50000,late_binding,15.0,10.7,14.1,15.8,49.4,2.9,6.8,5000000,25.0,1000000,150000,5953,1000000,799751,0,-1,-1,-1,-1,223,16403,15.8,15.7,-1,-1,-1.0
realistic_2pct,timeout_degraded_read,baseline,,,,,,dynamic_realistic_100d_2pct_hdd,100,61,1000000,5000,1.0,20,50000,timeout_degraded_read,15.0,12.5,17.3,22.2,28.6,11.1,66.6,4176269,4.4,176269,24063,5110,176269,17057,0,-1,-1,-1,223,375,10466,23.1,25.3,-1,-1,-1.0
realistic_2pct,t28_default,default,12,0.05,0,0,0,dynamic_realistic_100d_2pct_hdd,100,61,1000000,5000,1.0,20,50000,health_ec,15.0,12.5,16.9,19.0,39.1,1.0,3.8,4013395,0.3,13395,0,3864,13395,13029,4,4,0,588,1589,1589,7700,18.9,18.8,12098,10797,89.2
realistic_2pct,migration_disabled,disabled,12,0.05,0,0,0,dynamic_realistic_100d_2pct_hdd,100,61,1000000,5000,1.0,20,50000,health_ec,15.0,12.5,16.9,19.0,39.0,1.1,4.2,4018831,0.5,18831,0,5724,18831,18400,0,0,0,596,1589,1589,11092,18.9,18.8,16790,15505,92.3
realistic_2pct,threshold_d2_a010,threshold_alpha,2,0.1,0,0,0,dynamic_realistic_100d_2pct_hdd,100,61,1000000,5000,1.0,20,50000,health_ec,15.0,12.5,16.9,19.0,39.1,0.9,3.8,4008493,0.2,8493,0,2480,8493,8216,22,22,0,547,1589,1589,5153,18.9,18.8,7978,6557,82.2
realistic_2pct,threshold_d2_a005,threshold_alpha,2,0.05,0,0,0,dynamic_realistic_100d_2pct_hdd,100,61,1000000,5000,1.0,20,50000,health_ec,15.0,12.5,16.9,19.0,39.1,0.9,3.8,4008881,0.2,8881,0,2565,8881,8598,20,20,0,553,1589,1589,5308,18.9,18.8,8317,6877,82.7
realistic_2pct,vanilla_ec,baseline,,,,,,dynamic_realistic_100d_2pct_hdd,100,62,1000000,5000,1.0,20,50000,vanilla_ec,15.0,12.6,17.3,30.6,0.0,11.9,324.1,4000000,0.0,0,0,0,0,0,0,-1,-1,-1,-1,-1,0,27.9,63.5,-1,-1,-1.0
realistic_2pct,late_binding,baseline,,,,,,dynamic_realistic_100d_2pct_hdd,100,62,1000000,5000,1.0,20,50000,late_binding,15.0,10.7,14.1,15.8,48.5,2.6,6.9,5000000,25.0,1000000,150000,6092,1000000,799983,0,-1,-1,-1,-1,6,16539,15.8,15.8,-1,-1,-1.0
realistic_2pct,timeout_degraded_read,baseline,,,,,,dynamic_realistic_100d_2pct_hdd,100,62,1000000,5000,1.0,20,50000,timeout_degraded_read,15.0,12.6,17.3,22.2,27.4,11.0,67.2,4176614,4.4,176614,24069,5193,176614,16950,0,-1,-1,-1,18,54,10492,23.3,25.3,-1,-1,-1.0
realistic_2pct,t28_default,default,12,0.05,0,0,0,dynamic_realistic_100d_2pct_hdd,100,62,1000000,5000,1.0,20,50000,health_ec,15.0,12.5,16.9,19.0,38.0,1.1,4.8,4013208,0.3,13208,0,3964,13208,12841,4,4,0,583,137,137,7750,18.9,18.9,12099,10752,88.9
realistic_2pct,migration_disabled,disabled,12,0.05,0,0,0,dynamic_realistic_100d_2pct_hdd,100,62,1000000,5000,1.0,20,50000,health_ec,15.0,12.5,16.9,19.0,37.9,1.2,5.2,4018491,0.5,18491,0,5791,18491,18059,0,0,0,591,137,137,10985,18.9,18.9,16701,15377,92.1
realistic_2pct,threshold_d2_a010,threshold_alpha,2,0.1,0,0,0,dynamic_realistic_100d_2pct_hdd,100,62,1000000,5000,1.0,20,50000,health_ec,15.0,12.5,16.9,19.0,38.0,0.9,4.6,4008542,0.2,8542,0,2623,8542,8247,21,21,0,543,137,137,5286,18.9,18.9,7999,6606,82.6
realistic_2pct,threshold_d2_a005,threshold_alpha,2,0.05,0,0,0,dynamic_realistic_100d_2pct_hdd,100,62,1000000,5000,1.0,20,50000,health_ec,15.0,12.5,16.9,19.0,38.0,1.0,4.6,4008913,0.2,8913,0,2622,8913,8618,21,20,0,546,137,137,5282,18.9,18.9,8389,6970,83.1
realistic_2pct,vanilla_ec,baseline,,,,,,dynamic_realistic_100d_2pct_hdd,100,63,1000000,5000,1.0,20,50000,vanilla_ec,15.0,12.6,17.3,30.8,0.0,11.8,322.9,4000000,0.0,0,0,0,0,0,0,-1,-1,-1,-1,-1,0,27.3,64.4,-1,-1,-1.0
realistic_2pct,late_binding,baseline,,,,,,dynamic_realistic_100d_2pct_hdd,100,63,1000000,5000,1.0,20,50000,late_binding,15.0,10.7,14.1,15.8,48.9,2.8,7.0,5000000,25.0,1000000,150000,5988,1000000,800490,0,-1,-1,-1,-1,4,16463,15.8,15.8,-1,-1,-1.0
realistic_2pct,timeout_degraded_read,baseline,,,,,,dynamic_realistic_100d_2pct_hdd,100,63,1000000,5000,1.0,20,50000,timeout_degraded_read,15.0,12.6,17.3,22.3,27.7,11.0,66.0,4176726,4.4,176726,24322,5186,176726,16908,0,-1,-1,-1,4,20,10584,23.1,25.4,-1,-1,-1.0
realistic_2pct,t28_default,default,12,0.05,0,0,0,dynamic_realistic_100d_2pct_hdd,100,63,1000000,5000,1.0,20,50000,health_ec,15.0,12.5,16.9,19.0,38.4,0.9,3.4,4013230,0.3,13230,0,3888,13230,12901,4,4,0,577,2246,2246,7735,18.9,18.9,11993,10744,89.6
realistic_2pct,migration_disabled,disabled,12,0.05,0,0,0,dynamic_realistic_100d_2pct_hdd,100,63,1000000,5000,1.0,20,50000,health_ec,15.0,12.5,16.9,19.0,38.3,1.1,3.9,4018599,0.5,18599,0,5731,18599,18212,0,0,0,586,2246,2246,11051,18.9,18.8,16656,15440,92.7
realistic_2pct,threshold_d2_a010,threshold_alpha,2,0.1,0,0,0,dynamic_realistic_100d_2pct_hdd,100,63,1000000,5000,1.0,20,50000,health_ec,15.0,12.5,16.9,19.0,38.4,0.8,3.3,4008485,0.2,8485,0,2474,8485,8221,22,22,0,538,2246,2246,5168,18.9,18.8,7983,6645,83.2
realistic_2pct,threshold_d2_a005,threshold_alpha,2,0.05,0,0,0,dynamic_realistic_100d_2pct_hdd,100,63,1000000,5000,1.0,20,50000,health_ec,15.0,12.5,16.9,19.0,38.4,0.8,3.3,4008830,0.2,8830,0,2571,8830,8560,20,18,0,543,2246,2246,5341,18.9,18.8,8240,6932,84.1
realistic_2pct,vanilla_ec,baseline,,,,,,dynamic_realistic_100d_2pct_hdd,100,64,1000000,5000,1.0,20,50000,vanilla_ec,15.0,12.6,17.3,31.3,0.0,11.9,323.7,4000000,0.0,0,0,0,0,0,0,-1,-1,-1,-1,-1,0,27.7,64.2,-1,-1,-1.0
realistic_2pct,late_binding,baseline,,,,,,dynamic_realistic_100d_2pct_hdd,100,64,1000000,5000,1.0,20,50000,late_binding,15.0,10.7,14.1,15.8,49.6,2.7,6.9,5000000,25.0,1000000,150000,5945,1000000,799954,0,-1,-1,-1,-1,39,16349,15.8,15.8,-1,-1,-1.0
realistic_2pct,timeout_degraded_read,baseline,,,,,,dynamic_realistic_100d_2pct_hdd,100,64,1000000,5000,1.0,20,50000,timeout_degraded_read,15.0,12.6,17.3,22.3,28.8,11.1,67.5,4177207,4.4,177207,24460,5092,177207,17062,0,-1,-1,-1,39,39,10524,23.2,25.4,-1,-1,-1.0
realistic_2pct,t28_default,default,12,0.05,0,0,0,dynamic_realistic_100d_2pct_hdd,100,64,1000000,5000,1.0,20,50000,health_ec,15.0,12.5,16.9,19.0,39.3,0.9,4.0,4013149,0.3,13149,0,3859,13149,12797,4,4,0,593,685,685,7730,18.9,18.9,11949,10652,89.1
realistic_2pct,migration_disabled,disabled,12,0.05,0,0,0,dynamic_realistic_100d_2pct_hdd,100,64,1000000,5000,1.0,20,50000,health_ec,15.0,12.5,16.9,19.0,39.2,1.1,4.5,4018666,0.5,18666,0,5609,18666,18230,0,0,0,602,685,685,11006,18.9,18.9,16814,15546,92.5
realistic_2pct,threshold_d2_a010,threshold_alpha,2,0.1,0,0,0,dynamic_realistic_100d_2pct_hdd,100,64,1000000,5000,1.0,20,50000,health_ec,15.0,12.5,16.9,19.0,39.4,0.8,3.8,4008614,0.2,8614,0,2494,8614,8333,22,18,0,555,685,685,5203,18.9,18.9,8117,6723,82.8
realistic_2pct,threshold_d2_a005,threshold_alpha,2,0.05,0,0,0,dynamic_realistic_100d_2pct_hdd,100,64,1000000,5000,1.0,20,50000,health_ec,15.0,12.5,16.9,19.0,39.3,0.9,3.9,4008980,0.2,8980,0,2574,8980,8688,20,18,0,560,685,685,5352,18.9,18.9,8451,7045,83.4
realistic_2pct,vanilla_ec,baseline,,,,,,dynamic_realistic_100d_2pct_hdd,100,65,1000000,5000,1.0,20,50000,vanilla_ec,15.0,12.5,17.4,31.1,0.0,12.2,324.1,4000000,0.0,0,0,0,0,0,0,-1,-1,-1,-1,-1,0,27.8,63.8,-1,-1,-1.0
realistic_2pct,late_binding,baseline,,,,,,dynamic_realistic_100d_2pct_hdd,100,65,1000000,5000,1.0,20,50000,late_binding,15.0,10.7,14.1,15.8,49.3,3.0,7.3,5000000,25.0,1000000,150000,5956,1000000,799819,0,-1,-1,-1,-1,40,16372,15.8,15.8,-1,-1,-1.0
realistic_2pct,timeout_degraded_read,baseline,,,,,,dynamic_realistic_100d_2pct_hdd,100,65,1000000,5000,1.0,20,50000,timeout_degraded_read,15.0,12.5,17.3,22.3,28.3,11.4,67.4,4177513,4.4,177513,24141,5119,177513,17077,0,-1,-1,-1,40,40,10527,23.4,25.3,-1,-1,-1.0
realistic_2pct,t28_default,default,12,0.05,0,0,0,dynamic_realistic_100d_2pct_hdd,100,65,1000000,5000,1.0,20,50000,health_ec,15.0,12.5,16.9,19.0,38.9,1.2,4.8,4012905,0.3,12905,0,3865,12905,12588,4,4,0,575,326,326,7696,18.9,18.9,11746,10474,89.2
realistic_2pct,migration_disabled,disabled,12,0.05,0,0,0,dynamic_realistic_100d_2pct_hdd,100,65,1000000,5000,1.0,20,50000,health_ec,15.0,12.5,16.9,19.0,38.8,1.4,5.3,4018454,0.5,18454,0,5435,18454,18075,0,0,0,584,326,326,10753,19.0,18.9,16778,15528,92.5
realistic_2pct,threshold_d2_a010,threshold_alpha,2,0.1,0,0,0,dynamic_realistic_100d_2pct_hdd,100,65,1000000,5000,1.0,20,50000,health_ec,15.0,12.5,16.9,19.0,38.9,1.0,4.6,4008527,0.2,8527,0,2535,8527,8280,22,20,0,537,326,326,5182,18.9,18.9,8035,6678,83.1
realistic_2pct,threshold_d2_a005,threshold_alpha,2,0.05,0,0,0,dynamic_realistic_100d_2pct_hdd,100,65,1000000,5000,1.0,20,50000,health_ec,15.0,12.5,16.9,19.0,38.9,1.1,4.6,4008904,0.2,8904,0,2621,8904,8648,20,20,0,541,326,326,5350,18.9,18.9,8339,6987,83.8
realistic_2pct,vanilla_ec,baseline,,,,,,dynamic_realistic_100d_2pct_hdd,100,66,1000000,5000,1.0,20,50000,vanilla_ec,15.0,12.5,17.4,31.4,0.0,12.0,325.8,4000000,0.0,0,0,0,0,0,0,-1,-1,-1,-1,-1,0,27.8,63.9,-1,-1,-1.0
realistic_2pct,late_binding,baseline,,,,,,dynamic_realistic_100d_2pct_hdd,100,66,1000000,5000,1.0,20,50000,late_binding,15.0,10.7,14.1,15.8,49.8,2.4,6.7,5000000,25.0,1000000,150000,6000,1000000,800010,0,-1,-1,-1,-1,24,16478,15.8,15.8,-1,-1,-1.0
realistic_2pct,timeout_degraded_read,baseline,,,,,,dynamic_realistic_100d_2pct_hdd,100,66,1000000,5000,1.0,20,50000,timeout_degraded_read,15.0,12.5,17.3,22.4,28.6,11.2,68.1,4177423,4.4,177423,24535,5140,177423,17197,0,-1,-1,-1,24,24,10566,23.2,25.4,-1,-1,-1.0
realistic_2pct,t28_default,default,12,0.05,0,0,0,dynamic_realistic_100d_2pct_hdd,100,66,1000000,5000,1.0,20,50000,health_ec,15.0,12.5,16.9,19.0,39.5,1.0,4.8,4013435,0.3,13435,0,3955,13435,13112,4,4,0,600,303,303,7811,19.0,18.9,12194,10838,88.9
realistic_2pct,migration_disabled,disabled,12,0.05,0,0,0,dynamic_realistic_100d_2pct_hdd,100,66,1000000,5000,1.0,20,50000,health_ec,15.0,12.5,16.9,19.0,39.4,1.2,5.3,4018801,0.5,18801,0,5683,18801,18417,0,0,0,608,303,303,11068,19.0,18.9,16891,15555,92.1
realistic_2pct,threshold_d2_a010,threshold_alpha,2,0.1,0,0,0,dynamic_realistic_100d_2pct_hdd,100,66,1000000,5000,1.0,20,50000,health_ec,15.0,12.5,16.9,19.0,39.5,0.9,4.7,4008454,0.2,8454,0,2546,8454,8196,22,22,0,559,303,303,5233,19.0,18.9,7986,6558,82.1
realistic_2pct,threshold_d2_a005,threshold_alpha,2,0.05,0,0,0,dynamic_realistic_100d_2pct_hdd,100,66,1000000,5000,1.0,20,50000,health_ec,15.0,12.5,16.9,19.0,39.5,0.9,4.8,4008967,0.2,8967,0,2606,8967,8695,21,21,0,564,303,303,5297,19.0,18.9,8422,6970,82.8
realistic_2pct,vanilla_ec,baseline,,,,,,dynamic_realistic_100d_2pct_hdd,100,67,1000000,5000,1.0,20,50000,vanilla_ec,15.0,12.5,17.3,30.9,0.0,12.2,321.9,4000000,0.0,0,0,0,0,0,0,-1,-1,-1,-1,-1,0,27.6,63.7,-1,-1,-1.0
realistic_2pct,late_binding,baseline,,,,,,dynamic_realistic_100d_2pct_hdd,100,67,1000000,5000,1.0,20,50000,late_binding,15.0,10.7,14.1,15.7,49.0,2.6,6.8,5000000,25.0,1000000,150000,6129,1000000,799961,0,-1,-1,-1,-1,0,16717,15.8,15.7,-1,-1,-1.0
realistic_2pct,timeout_degraded_read,baseline,,,,,,dynamic_realistic_100d_2pct_hdd,100,67,1000000,5000,1.0,20,50000,timeout_degraded_read,15.0,12.5,17.3,22.3,27.8,11.3,66.5,4176997,4.4,176997,24256,5207,176997,16910,0,-1,-1,-1,0,0,10665,23.2,25.3,-1,-1,-1.0
realistic_2pct,t28_default,default,12,0.05,0,0,0,dynamic_realistic_100d_2pct_hdd,100,67,1000000,5000,1.0,20,50000,health_ec,15.0,12.5,16.9,19.0,38.5,1.3,4.4,4012719,0.3,12719,0,3961,12719,12399,4,4,0,571,243,243,7696,19.0,18.9,11598,10268,88.5
realistic_2pct,migration_disabled,disabled,12,0.05,0,0,0,dynamic_realistic_100d_2pct_hdd,100,67,1000000,5000,1.0,20,50000,health_ec,15.0,12.5,16.9,19.0,38.4,1.5,4.7,4018509,0.5,18509,0,5792,18509,18118,0,0,0,580,243,243,11057,19.0,18.9,16569,15289,92.3
realistic_2pct,threshold_d2_a010,threshold_alpha,2,0.1,0,0,0,dynamic_realistic_100d_2pct_hdd,100,67,1000000,5000,1.0,20,50000,health_ec,15.0,12.5,16.9,19.0,38.5,1.3,4.4,4008575,0.2,8575,0,2630,8575,8306,22,22,0,533,243,243,5235,18.9,18.9,8136,6660,81.9
realistic_2pct,threshold_d2_a005,threshold_alpha,2,0.05,0,0,0,dynamic_realistic_100d_2pct_hdd,100,67,1000000,5000,1.0,20,50000,health_ec,15.0,12.5,16.9,19.0,38.5,1.2,4.2,4008912,0.2,8912,0,2709,8912,8641,20,20,0,537,243,243,5364,18.9,18.9,8351,6965,83.4
realistic_2pct,vanilla_ec,baseline,,,,,,dynamic_realistic_100d_2pct_hdd,100,68,1000000,5000,1.0,20,50000,vanilla_ec,15.0,12.5,17.3,30.7,0.0,12.2,322.2,4000000,0.0,0,0,0,0,0,0,-1,-1,-1,-1,-1,0,27.5,63.9,-1,-1,-1.0
realistic_2pct,late_binding,baseline,,,,,,dynamic_realistic_100d_2pct_hdd,100,68,1000000,5000,1.0,20,50000,late_binding,15.0,10.7,14.1,15.8,48.6,3.0,7.3,5000000,25.0,1000000,150000,6074,1000000,800717,0,-1,-1,-1,-1,48,16481,15.8,15.7,-1,-1,-1.0
realistic_2pct,timeout_degraded_read,baseline,,,,,,dynamic_realistic_100d_2pct_hdd,100,68,1000000,5000,1.0,20,50000,timeout_degraded_read,15.0,12.5,17.3,22.3,27.5,11.5,67.1,4176911,4.4,176911,24112,5213,176911,16862,0,-1,-1,-1,23,48,10580,23.2,25.3,-1,-1,-1.0
realistic_2pct,t28_default,default,12,0.05,0,0,0,dynamic_realistic_100d_2pct_hdd,100,68,1000000,5000,1.0,20,50000,health_ec,15.0,12.5,16.9,19.0,38.1,1.3,5.4,4013196,0.3,13196,0,3947,13196,12846,4,4,0,579,842,842,7760,18.9,18.9,12050,10685,88.7
realistic_2pct,migration_disabled,disabled,12,0.05,0,0,0,dynamic_realistic_100d_2pct_hdd,100,68,1000000,5000,1.0,20,50000,health_ec,15.0,12.5,16.9,19.0,38.1,1.5,5.8,4018605,0.5,18605,0,5870,18605,18203,0,0,0,587,842,842,11124,18.9,18.9,16709,15367,92.0
realistic_2pct,threshold_d2_a010,threshold_alpha,2,0.1,0,0,0,dynamic_realistic_100d_2pct_hdd,100,68,1000000,5000,1.0,20,50000,health_ec,15.0,12.5,16.9,19.0,38.2,1.2,5.2,4008393,0.2,8393,0,2560,8393,8132,22,20,0,540,842,842,5214,18.9,18.9,7939,6513,82.0
realistic_2pct,threshold_d2_a005,threshold_alpha,2,0.05,0,0,0,dynamic_realistic_100d_2pct_hdd,100,68,1000000,5000,1.0,20,50000,health_ec,15.0,12.5,16.9,19.0,38.1,1.2,5.3,4008790,0.2,8790,0,2600,8790,8513,21,21,0,544,842,842,5255,18.9,18.9,8303,6843,82.4
realistic_2pct,vanilla_ec,baseline,,,,,,dynamic_realistic_100d_2pct_hdd,100,69,1000000,5000,1.0,20,50000,vanilla_ec,15.0,12.5,17.3,31.0,0.0,12.6,326.4,4000000,0.0,0,0,0,0,0,0,-1,-1,-1,-1,-1,0,27.8,64.2,-1,-1,-1.0
realistic_2pct,late_binding,baseline,,,,,,dynamic_realistic_100d_2pct_hdd,100,69,1000000,5000,1.0,20,50000,late_binding,15.0,10.7,14.1,15.8,49.2,3.1,7.2,5000000,25.0,1000000,150000,6026,1000000,800038,0,-1,-1,-1,-1,42,16374,15.8,15.8,-1,-1,-1.0
realistic_2pct,timeout_degraded_read,baseline,,,,,,dynamic_realistic_100d_2pct_hdd,100,69,1000000,5000,1.0,20,50000,timeout_degraded_read,15.0,12.5,17.3,22.3,28.2,11.7,67.7,4176287,4.4,176287,24128,5167,176287,17119,0,-1,-1,-1,42,70,10534,23.2,25.3,-1,-1,-1.0
realistic_2pct,t28_default,default,12,0.05,0,0,0,dynamic_realistic_100d_2pct_hdd,100,69,1000000,5000,1.0,20,50000,health_ec,15.0,12.5,16.9,19.0,38.7,1.5,4.9,4013233,0.3,13233,0,3916,13233,12931,4,4,0,599,2668,2668,7706,18.9,18.9,12194,10792,88.5
realistic_2pct,migration_disabled,disabled,12,0.05,0,0,0,dynamic_realistic_100d_2pct_hdd,100,69,1000000,5000,1.0,20,50000,health_ec,15.0,12.5,16.9,19.0,38.7,1.7,5.3,4018557,0.5,18557,0,5760,18557,18185,0,0,0,607,2668,2668,11006,18.9,18.9,16818,15440,91.8
realistic_2pct,threshold_d2_a010,threshold_alpha,2,0.1,0,0,0,dynamic_realistic_100d_2pct_hdd,100,69,1000000,5000,1.0,20,50000,health_ec,15.0,12.5,16.9,19.0,38.8,1.4,4.8,4008557,0.2,8557,0,2620,8557,8321,22,22,0,559,2668,2668,5227,18.9,18.9,8162,6676,81.8
realistic_2pct,threshold_d2_a005,threshold_alpha,2,0.05,0,0,0,dynamic_realistic_100d_2pct_hdd,100,69,1000000,5000,1.0,20,50000,health_ec,15.0,12.5,16.9,19.0,38.8,1.4,4.8,4008947,0.2,8947,0,2671,8947,8701,21,21,0,563,2668,2668,5331,18.9,18.9,8503,7016,82.5
realistic_2pct,vanilla_ec,baseline,,,,,,dynamic_realistic_100d_2pct_hdd,100,70,1000000,5000,1.0,20,50000,vanilla_ec,15.0,12.5,17.3,31.0,0.0,12.0,325.3,4000000,0.0,0,0,0,0,0,0,-1,-1,-1,-1,-1,0,27.5,64.6,-1,-1,-1.0
realistic_2pct,late_binding,baseline,,,,,,dynamic_realistic_100d_2pct_hdd,100,70,1000000,5000,1.0,20,50000,late_binding,15.0,10.7,14.1,15.7,49.1,2.8,6.6,5000000,25.0,1000000,150000,5867,1000000,798980,0,-1,-1,-1,-1,75,16254,15.7,15.8,-1,-1,-1.0
realistic_2pct,timeout_degraded_read,baseline,,,,,,dynamic_realistic_100d_2pct_hdd,100,70,1000000,5000,1.0,20,50000,timeout_degraded_read,15.0,12.5,17.3,22.2,28.3,11.3,65.5,4176331,4.4,176331,24095,5024,176331,16960,0,-1,-1,-1,75,75,10441,23.0,25.4,-1,-1,-1.0
realistic_2pct,t28_default,default,12,0.05,0,0,0,dynamic_realistic_100d_2pct_hdd,100,70,1000000,5000,1.0,20,50000,health_ec,15.0,12.5,16.9,19.0,38.7,1.2,3.4,4013213,0.3,13213,0,3818,13213,12877,4,4,0,575,682,1221,7693,18.9,18.8,11941,10610,88.9
realistic_2pct,migration_disabled,disabled,12,0.05,0,0,0,dynamic_realistic_100d_2pct_hdd,100,70,1000000,5000,1.0,20,50000,health_ec,15.0,12.5,16.9,19.0,38.6,1.4,3.9,4018407,0.5,18407,0,5528,18407,18009,0,0,0,583,682,1221,10851,18.9,18.8,16558,15243,92.1
realistic_2pct,threshold_d2_a010,threshold_alpha,2,0.1,0,0,0,dynamic_realistic_100d_2pct_hdd,100,70,1000000,5000,1.0,20,50000,health_ec,15.0,12.5,16.9,19.0,38.7,1.1,3.5,4008448,0.2,8448,0,2463,8448,8184,22,19,0,537,682,1221,5163,18.9,18.8,7991,6536,81.8
realistic_2pct,threshold_d2_a005,threshold_alpha,2,0.05,0,0,0,dynamic_realistic_100d_2pct_hdd,100,70,1000000,5000,1.0,20,50000,health_ec,15.0,12.5,16.9,19.0,38.7,1.1,3.4,4008765,0.2,8765,0,2477,8765,8502,22,22,0,539,682,1221,5177,18.9,18.8,8270,6835,82.6
realistic_2pct,vanilla_ec,baseline,,,,,,dynamic_realistic_100d_2pct_hdd,100,71,1000000,5000,1.0,20,50000,vanilla_ec,15.0,12.5,17.3,30.4,0.0,11.7,320.7,4000000,0.0,0,0,0,0,0,0,-1,-1,-1,-1,-1,0,27.4,63.2,-1,-1,-1.0
realistic_2pct,late_binding,baseline,,,,,,dynamic_realistic_100d_2pct_hdd,100,71,1000000,5000,1.0,20,50000,late_binding,15.0,10.7,14.1,15.8,48.2,2.7,6.4,5000000,25.0,1000000,150000,5926,1000000,800298,0,-1,-1,-1,-1,120,16448,15.7,15.8,-1,-1,-1.0
realistic_2pct,timeout_degraded_read,baseline,,,,,,dynamic_realistic_100d_2pct_hdd,100,71,1000000,5000,1.0,20,50000,timeout_degraded_read,15.0,12.5,17.3,22.2,27.1,10.9,66.4,4176920,4.4,176920,24431,5092,176920,16847,0,-1,-1,-1,120,120,10485,23.1,25.3,-1,-1,-1.0
realistic_2pct,t28_default,default,12,0.05,0,0,0,dynamic_realistic_100d_2pct_hdd,100,71,1000000,5000,1.0,20,50000,health_ec,15.0,12.5,16.9,19.0,37.6,1.0,4.7,4012791,0.3,12791,0,3843,12791,12479,4,4,0,581,1795,1795,7648,18.9,18.8,11784,10411,88.3
realistic_2pct,migration_disabled,disabled,12,0.05,0,0,0,dynamic_realistic_100d_2pct_hdd,100,71,1000000,5000,1.0,20,50000,health_ec,15.0,12.5,16.9,19.0,37.6,1.2,5.1,4018413,0.5,18413,0,5697,18413,18011,0,0,0,590,1795,1795,11016,19.0,18.8,16580,15235,91.9
realistic_2pct,threshold_d2_a010,threshold_alpha,2,0.1,0,0,0,dynamic_realistic_100d_2pct_hdd,100,71,1000000,5000,1.0,20,50000,health_ec,15.0,12.5,16.9,19.0,37.7,0.9,4.5,4008390,0.2,8390,0,2539,8390,8146,21,21,0,542,1795,1795,5248,18.8,18.8,7996,6557,82.0
realistic_2pct,threshold_d2_a005,threshold_alpha,2,0.05,0,0,0,dynamic_realistic_100d_2pct_hdd,100,71,1000000,5000,1.0,20,50000,health_ec,15.0,12.5,16.9,19.0,37.7,0.9,4.5,4008741,0.2,8741,0,2596,8741,8495,20,20,0,547,1795,1795,5358,18.8,18.8,8320,6884,82.7
overlap_4pct,vanilla_ec,baseline,,,,,,dynamic_overlap_100d_4pct_hdd,100,42,1000000,5000,1.0,20,50000,vanilla_ec,15.0,12.6,17.6,55.3,0.0,18.6,562.3,4000000,0.0,0,0,0,0,0,0,-1,-1,-1,-1,-1,0,63.5,64.7,-1,-1,-1.0
overlap_4pct,late_binding,baseline,,,,,,dynamic_overlap_100d_4pct_hdd,100,42,1000000,5000,1.0,20,50000,late_binding,15.0,10.8,14.4,23.5,57.5,10.2,213.2,5000000,25.0,1000000,150000,10158,1000000,798339,0,-1,-1,-1,-1,12,17374,26.7,27.4,-1,-1,-1.0
overlap_4pct,timeout_degraded_read,baseline,,,,,,dynamic_overlap_100d_4pct_hdd,100,42,1000000,5000,1.0,20,50000,timeout_degraded_read,15.0,12.6,17.5,27.4,50.4,17.8,217.9,4180871,4.5,180871,24130,8685,180871,22910,0,-1,-1,-1,12,94,10549,28.6,28.7,-1,-1,-1.0
overlap_4pct,t28_default,default,12,0.05,0,0,0,dynamic_overlap_100d_4pct_hdd,100,42,1000000,5000,1.0,20,50000,health_ec,15.0,12.5,17.1,21.1,61.8,7.7,135.2,4018454,0.5,18454,0,6728,18454,17298,6,6,0,1189,770,770,8281,22.3,25.8,17344,15426,88.9
overlap_4pct,migration_disabled,disabled,12,0.05,0,0,0,dynamic_overlap_100d_4pct_hdd,100,42,1000000,5000,1.0,20,50000,health_ec,15.0,12.5,17.3,24.4,55.9,11.0,174.2,4023682,0.6,23682,0,9322,23682,22501,0,0,0,1199,770,770,11211,23.5,27.8,22233,20320,91.4
overlap_4pct,threshold_d2_a010,threshold_alpha,2,0.1,0,0,0,dynamic_overlap_100d_4pct_hdd,100,42,1000000,5000,1.0,20,50000,health_ec,15.0,12.5,17.0,20.0,63.9,5.0,74.6,4011936,0.3,11936,0,4365,11936,10966,42,38,0,1129,770,770,5773,20.6,21.1,11596,9466,81.6
overlap_4pct,threshold_d2_a005,threshold_alpha,2,0.05,0,0,0,dynamic_overlap_100d_4pct_hdd,100,42,1000000,5000,1.0,20,50000,health_ec,15.0,12.5,17.0,20.0,63.8,5.1,79.0,4012560,0.3,12560,0,4464,12560,11582,39,35,0,1135,770,770,5804,20.7,21.1,12133,10031,82.7
overlap_4pct,vanilla_ec,baseline,,,,,,dynamic_overlap_100d_4pct_hdd,100,43,1000000,5000,1.0,20,50000,vanilla_ec,15.0,12.6,17.6,55.5,0.0,18.0,560.2,4000000,0.0,0,0,0,0,0,0,-1,-1,-1,-1,-1,0,63.5,64.5,-1,-1,-1.0
overlap_4pct,late_binding,baseline,,,,,,dynamic_overlap_100d_4pct_hdd,100,43,1000000,5000,1.0,20,50000,late_binding,15.0,10.8,14.4,23.8,57.2,10.2,213.0,5000000,25.0,1000000,150000,10134,1000000,798423,0,-1,-1,-1,-1,128,17301,26.4,27.0,-1,-1,-1.0
overlap_4pct,timeout_degraded_read,baseline,,,,,,dynamic_overlap_100d_4pct_hdd,100,43,1000000,5000,1.0,20,50000,timeout_degraded_read,15.0,12.6,17.5,27.5,50.4,17.1,217.6,4181506,4.5,181506,24335,8784,181506,22985,0,-1,-1,-1,128,128,10646,28.2,28.9,-1,-1,-1.0
overlap_4pct,t28_default,default,12,0.05,0,0,0,dynamic_overlap_100d_4pct_hdd,100,43,1000000,5000,1.0,20,50000,health_ec,15.0,12.5,17.1,21.4,61.5,7.2,138.3,4018444,0.5,18444,0,6868,18444,17266,6,6,0,1220,770,770,8561,22.9,25.5,17455,15322,87.8
overlap_4pct,migration_disabled,disabled,12,0.05,0,0,0,dynamic_overlap_100d_4pct_hdd,100,43,1000000,5000,1.0,20,50000,health_ec,15.0,12.5,17.3,24.7,55.4,10.5,175.0,4023529,0.6,23529,0,9275,23529,22332,0,0,0,1230,770,770,11258,24.2,27.4,22321,20238,90.7
overlap_4pct,threshold_d2_a010,threshold_alpha,2,0.1,0,0,0,dynamic_overlap_100d_4pct_hdd,100,43,1000000,5000,1.0,20,50000,health_ec,15.0,12.5,17.0,20.0,63.9,4.5,81.6,4011913,0.3,11913,0,4390,11913,10976,44,43,0,1155,770,770,5840,21.0,21.4,11610,9365,80.7
overlap_4pct,threshold_d2_a005,threshold_alpha,2,0.05,0,0,0,dynamic_overlap_100d_4pct_hdd,100,43,1000000,5000,1.0,20,50000,health_ec,15.0,12.5,17.0,20.1,63.8,4.6,85.3,4012634,0.3,12634,0,4451,12634,11691,42,42,0,1164,770,770,6004,21.0,21.5,12268,10024,81.7
overlap_4pct,vanilla_ec,baseline,,,,,,dynamic_overlap_100d_4pct_hdd,100,44,1000000,5000,1.0,20,50000,vanilla_ec,15.0,12.6,17.6,55.0,0.0,18.4,559.5,4000000,0.0,0,0,0,0,0,0,-1,-1,-1,-1,-1,0,63.2,65.2,-1,-1,-1.0
overlap_4pct,late_binding,baseline,,,,,,dynamic_overlap_100d_4pct_hdd,100,44,1000000,5000,1.0,20,50000,late_binding,15.0,10.8,14.4,23.8,56.8,9.9,212.6,5000000,25.0,1000000,150000,10211,1000000,798472,0,-1,-1,-1,-1,56,17397,26.6,27.6,-1,-1,-1.0
overlap_4pct,timeout_degraded_read,baseline,,,,,,dynamic_overlap_100d_4pct_hdd,100,44,1000000,5000,1.0,20,50000,timeout_degraded_read,15.0,12.6,17.5,27.5,50.0,17.6,216.9,4181302,4.5,181302,24274,8689,181302,22910,0,-1,-1,-1,56,155,10528,28.3,29.1,-1,-1,-1.0
overlap_4pct,t28_default,default,12,0.05,0,0,0,dynamic_overlap_100d_4pct_hdd,100,44,1000000,5000,1.0,20,50000,health_ec,15.0,12.5,17.2,21.3,61.3,7.5,137.7,4018540,0.5,18540,0,6874,18540,17369,6,5,0,1211,971,971,8514,23.0,24.8,17456,15425,88.4
overlap_4pct,migration_disabled,disabled,12,0.05,0,0,0,dynamic_overlap_100d_4pct_hdd,100,44,1000000,5000,1.0,20,50000,health_ec,15.0,12.5,17.3,24.6,55.3,10.8,175.4,4023700,0.6,23700,0,9362,23700,22489,0,0,0,1221,971,971,11298,24.6,27.8,22334,20325,91.0
overlap_4pct,threshold_d2_a010,threshold_alpha,2,0.1,0,0,0,dynamic_overlap_100d_4pct_hdd,100,44,1000000,5000,1.0,20,50000,health_ec,15.0,12.5,17.0,20.0,63.7,4.8,74.2,4011895,0.3,11895,0,4401,11895,10933,44,41,0,1145,971,971,5793,20.7,21.3,11560,9385,81.2
overlap_4pct,threshold_d2_a005,threshold_alpha,2,0.05,0,0,0,dynamic_overlap_100d_4pct_hdd,100,44,1000000,5000,1.0,20,50000,health_ec,15.0,12.5,17.0,20.0,63.6,4.9,76.2,4012520,0.3,12520,0,4423,12520,11544,43,43,0,1152,971,971,5814,20.8,21.6,12128,9962,82.1
overlap_4pct,vanilla_ec,baseline,,,,,,dynamic_overlap_100d_4pct_hdd,100,45,1000000,5000,1.0,20,50000,vanilla_ec,15.0,12.6,17.6,55.0,0.0,18.1,556.9,4000000,0.0,0,0,0,0,0,0,-1,-1,-1,-1,-1,0,63.2,64.3,-1,-1,-1.0
overlap_4pct,late_binding,baseline,,,,,,dynamic_overlap_100d_4pct_hdd,100,45,1000000,5000,1.0,20,50000,late_binding,15.0,10.8,14.4,23.6,57.1,10.4,210.0,5000000,25.0,1000000,150000,10112,1000000,798418,0,-1,-1,-1,-1,19,17326,26.6,27.0,-1,-1,-1.0
overlap_4pct,timeout_degraded_read,baseline,,,,,,dynamic_overlap_100d_4pct_hdd,100,45,1000000,5000,1.0,20,50000,timeout_degraded_read,15.0,12.6,17.5,27.4,50.1,17.3,214.8,4180932,4.5,180932,24045,8706,180932,23105,0,-1,-1,-1,19,19,10621,28.1,28.5,-1,-1,-1.0
overlap_4pct,t28_default,default,12,0.05,0,0,0,dynamic_overlap_100d_4pct_hdd,100,45,1000000,5000,1.0,20,50000,health_ec,15.0,12.5,17.1,21.3,61.3,7.2,134.8,4018543,0.5,18543,0,6752,18543,17402,6,6,0,1224,460,481,8444,22.6,24.4,17413,15432,88.6
overlap_4pct,migration_disabled,disabled,12,0.05,0,0,0,dynamic_overlap_100d_4pct_hdd,100,45,1000000,5000,1.0,20,50000,health_ec,15.0,12.5,17.3,24.4,55.7,10.4,171.6,4023737,0.6,23737,0,9241,23737,22576,0,0,0,1234,460,481,11256,24.3,27.3,22402,20446,91.3
overlap_4pct,threshold_d2_a010,threshold_alpha,2,0.1,0,0,0,dynamic_overlap_100d_4pct_hdd,100,45,1000000,5000,1.0,20,50000,health_ec,15.0,12.5,17.0,20.0,63.6,4.6,76.8,4012054,0.3,12054,0,4329,12054,11131,44,43,0,1162,460,481,5705,20.8,21.2,11833,9604,81.2
overlap_4pct,threshold_d2_a005,threshold_alpha,2,0.05,0,0,0,dynamic_overlap_100d_4pct_hdd,100,45,1000000,5000,1.0,20,50000,health_ec,15.0,12.5,17.0,20.0,63.6,4.6,78.9,4012656,0.3,12656,0,4426,12656,11727,41,41,0,1169,460,481,5872,20.8,21.2,12263,10145,82.7
overlap_4pct,vanilla_ec,baseline,,,,,,dynamic_overlap_100d_4pct_hdd,100,46,1000000,5000,1.0,20,50000,vanilla_ec,15.0,12.6,17.6,54.6,0.0,18.0,556.1,4000000,0.0,0,0,0,0,0,0,-1,-1,-1,-1,-1,0,63.4,64.6,-1,-1,-1.0
overlap_4pct,late_binding,baseline,,,,,,dynamic_overlap_100d_4pct_hdd,100,46,1000000,5000,1.0,20,50000,late_binding,15.0,10.8,14.4,23.6,56.8,10.0,211.6,5000000,25.0,1000000,150000,10141,1000000,798239,0,-1,-1,-1,-1,10,17464,27.0,27.2,-1,-1,-1.0
overlap_4pct,timeout_degraded_read,baseline,,,,,,dynamic_overlap_100d_4pct_hdd,100,46,1000000,5000,1.0,20,50000,timeout_degraded_read,15.0,12.6,17.5,27.5,49.7,17.3,216.1,4181479,4.5,181479,24428,8662,181479,22936,0,-1,-1,-1,10,10,10617,28.5,28.9,-1,-1,-1.0
overlap_4pct,t28_default,default,12,0.05,0,0,0,dynamic_overlap_100d_4pct_hdd,100,46,1000000,5000,1.0,20,50000,health_ec,15.0,12.5,17.1,21.1,61.3,7.2,134.3,4018542,0.5,18542,0,6753,18542,17376,6,6,0,1204,910,910,8415,22.7,25.1,17385,15444,88.8
overlap_4pct,migration_disabled,disabled,12,0.05,0,0,0,dynamic_overlap_100d_4pct_hdd,100,46,1000000,5000,1.0,20,50000,health_ec,15.0,12.5,17.2,24.4,55.4,10.5,173.9,4023606,0.6,23606,0,9138,23606,22414,0,0,0,1214,910,910,11129,23.9,27.8,22269,20344,91.4
overlap_4pct,threshold_d2_a010,threshold_alpha,2,0.1,0,0,0,dynamic_overlap_100d_4pct_hdd,100,46,1000000,5000,1.0,20,50000,health_ec,15.0,12.5,17.0,19.9,63.5,4.5,73.8,4011929,0.3,11929,0,4253,11929,10985,44,42,0,1140,910,910,5674,20.7,21.1,11531,9418,81.7
overlap_4pct,threshold_d2_a005,threshold_alpha,2,0.05,0,0,0,dynamic_overlap_100d_4pct_hdd,100,46,1000000,5000,1.0,20,50000,health_ec,15.0,12.5,17.0,20.0,63.4,4.6,76.9,4012622,0.3,12622,0,4367,12622,11679,41,40,0,1147,910,910,5850,21.1,21.2,12187,10071,82.6
overlap_4pct,vanilla_ec,baseline,,,,,,dynamic_overlap_100d_4pct_hdd,100,47,1000000,5000,1.0,20,50000,vanilla_ec,15.0,12.6,17.6,55.0,0.0,19.0,559.1,4000000,0.0,0,0,0,0,0,0,-1,-1,-1,-1,-1,0,63.3,63.9,-1,-1,-1.0
overlap_4pct,late_binding,baseline,,,,,,dynamic_overlap_100d_4pct_hdd,100,47,1000000,5000,1.0,20,50000,late_binding,15.0,10.8,14.4,23.6,57.1,10.0,214.8,5000000,25.0,1000000,150000,10305,1000000,798327,0,-1,-1,-1,-1,9,17438,26.4,27.1,-1,-1,-1.0
overlap_4pct,timeout_degraded_read,baseline,,,,,,dynamic_overlap_100d_4pct_hdd,100,47,1000000,5000,1.0,20,50000,timeout_degraded_read,15.0,12.6,17.5,27.5,49.9,18.0,220.1,4180870,4.5,180870,24012,8865,180870,23149,0,-1,-1,-1,9,9,10736,28.0,28.8,-1,-1,-1.0
overlap_4pct,t28_default,default,12,0.05,0,0,0,dynamic_overlap_100d_4pct_hdd,100,47,1000000,5000,1.0,20,50000,health_ec,15.0,12.5,17.2,21.2,61.4,7.8,136.7,4018579,0.5,18579,0,6995,18579,17349,6,6,0,1222,81,81,8614,22.4,24.6,17442,15378,88.2
overlap_4pct,migration_disabled,disabled,12,0.05,0,0,0,dynamic_overlap_100d_4pct_hdd,100,47,1000000,5000,1.0,20,50000,health_ec,15.0,12.5,17.3,24.5,55.4,11.2,175.8,4023937,0.6,23937,0,9674,23937,22680,0,0,0,1232,81,81,11634,23.9,27.5,22380,20354,90.9
overlap_4pct,threshold_d2_a010,threshold_alpha,2,0.1,0,0,0,dynamic_overlap_100d_4pct_hdd,100,47,1000000,5000,1.0,20,50000,health_ec,15.0,12.5,17.0,19.9,63.7,5.0,72.7,4011727,0.3,11727,0,4391,11727,10777,44,40,0,1158,81,81,5739,20.6,21.0,11417,9240,80.9
overlap_4pct,threshold_d2_a005,threshold_alpha,2,0.05,0,0,0,dynamic_overlap_100d_4pct_hdd,100,47,1000000,5000,1.0,20,50000,health_ec,15.0,12.5,17.0,20.0,63.6,5.1,78.2,4012416,0.3,12416,0,4519,12416,11457,40,37,0,1166,81,81,5899,20.8,21.1,12062,9880,81.9
overlap_4pct,vanilla_ec,baseline,,,,,,dynamic_overlap_100d_4pct_hdd,100,48,1000000,5000,1.0,20,50000,vanilla_ec,15.0,12.6,17.6,55.2,0.0,18.0,559.5,4000000,0.0,0,0,0,0,0,0,-1,-1,-1,-1,-1,0,63.7,64.3,-1,-1,-1.0
overlap_4pct,late_binding,baseline,,,,,,dynamic_overlap_100d_4pct_hdd,100,48,1000000,5000,1.0,20,50000,late_binding,15.0,10.8,14.4,23.5,57.3,10.1,211.5,5000000,25.0,1000000,150000,10073,1000000,798532,0,-1,-1,-1,-1,19,17219,26.6,27.0,-1,-1,-1.0
overlap_4pct,timeout_degraded_read,baseline,,,,,,dynamic_overlap_100d_4pct_hdd,100,48,1000000,5000,1.0,20,50000,timeout_degraded_read,15.0,12.6,17.5,27.4,50.3,17.1,215.6,4181253,4.5,181253,24350,8583,181253,22880,0,-1,-1,-1,199,199,10462,28.3,28.4,-1,-1,-1.0
overlap_4pct,t28_default,default,12,0.05,0,0,0,dynamic_overlap_100d_4pct_hdd,100,48,1000000,5000,1.0,20,50000,health_ec,15.0,12.5,17.1,21.2,61.5,7.1,136.2,4018050,0.5,18050,0,6643,18050,16928,6,6,0,1193,499,499,8249,22.6,25.4,17109,15092,88.2
overlap_4pct,migration_disabled,disabled,12,0.05,0,0,0,dynamic_overlap_100d_4pct_hdd,100,48,1000000,5000,1.0,20,50000,health_ec,15.0,12.5,17.3,24.4,55.7,10.6,172.9,4023306,0.6,23306,0,9029,23306,22166,0,0,0,1204,499,499,10961,24.1,27.6,22232,20240,91.0
overlap_4pct,threshold_d2_a010,threshold_alpha,2,0.1,0,0,0,dynamic_overlap_100d_4pct_hdd,100,48,1000000,5000,1.0,20,50000,health_ec,15.0,12.5,17.0,20.0,63.8,4.5,74.5,4011855,0.3,11855,0,4246,11855,10933,44,40,0,1131,499,499,5587,20.9,21.0,11608,9459,81.5
overlap_4pct,threshold_d2_a005,threshold_alpha,2,0.05,0,0,0,dynamic_overlap_100d_4pct_hdd,100,48,1000000,5000,1.0,20,50000,health_ec,15.0,12.5,17.0,20.0,63.7,4.6,78.0,4012455,0.3,12455,0,4293,12455,11520,42,41,0,1136,499,499,5638,20.9,21.1,12183,10011,82.2
overlap_4pct,vanilla_ec,baseline,,,,,,dynamic_overlap_100d_4pct_hdd,100,49,1000000,5000,1.0,20,50000,vanilla_ec,15.0,12.6,17.6,55.4,0.0,18.5,563.1,4000000,0.0,0,0,0,0,0,0,-1,-1,-1,-1,-1,0,63.4,64.7,-1,-1,-1.0
overlap_4pct,late_binding,baseline,,,,,,dynamic_overlap_100d_4pct_hdd,100,49,1000000,5000,1.0,20,50000,late_binding,15.0,10.8,14.4,23.6,57.5,10.2,213.2,5000000,25.0,1000000,150000,10150,1000000,798304,0,-1,-1,-1,-1,13,17469,26.5,27.2,-1,-1,-1.0
overlap_4pct,timeout_degraded_read,baseline,,,,,,dynamic_overlap_100d_4pct_hdd,100,49,1000000,5000,1.0,20,50000,timeout_degraded_read,15.0,12.6,17.5,27.4,50.5,17.6,219.0,4180965,4.5,180965,24215,8713,180965,23254,0,-1,-1,-1,13,32,10633,28.3,28.6,-1,-1,-1.0
overlap_4pct,t28_default,default,12,0.05,0,0,0,dynamic_overlap_100d_4pct_hdd,100,49,1000000,5000,1.0,20,50000,health_ec,15.0,12.5,17.2,21.3,61.5,7.7,139.6,4018550,0.5,18550,0,6769,18550,17395,6,6,0,1210,1957,1957,8417,22.9,24.7,17643,15470,87.7
overlap_4pct,migration_disabled,disabled,12,0.05,0,0,0,dynamic_overlap_100d_4pct_hdd,100,49,1000000,5000,1.0,20,50000,health_ec,15.0,12.5,17.3,24.5,55.8,10.9,175.6,4023645,0.6,23645,0,9238,23645,22465,0,0,0,1220,1957,1957,11217,24.2,27.4,22472,20357,90.6
overlap_4pct,threshold_d2_a010,threshold_alpha,2,0.1,0,0,0,dynamic_overlap_100d_4pct_hdd,100,49,1000000,5000,1.0,20,50000,health_ec,15.0,12.5,17.0,20.0,63.9,4.9,79.8,4012008,0.3,12008,0,4390,12008,11044,43,42,0,1148,1957,1957,5844,20.9,21.2,11802,9532,80.8
overlap_4pct,threshold_d2_a005,threshold_alpha,2,0.05,0,0,0,dynamic_overlap_100d_4pct_hdd,100,49,1000000,5000,1.0,20,50000,health_ec,15.0,12.5,17.0,20.0,63.8,5.0,82.4,4012495,0.3,12495,0,4409,12495,11527,42,42,0,1153,1957,1957,5881,20.9,21.2,12248,9980,81.5
overlap_4pct,vanilla_ec,baseline,,,,,,dynamic_overlap_100d_4pct_hdd,100,50,1000000,5000,1.0,20,50000,vanilla_ec,15.0,12.6,17.6,54.6,0.0,17.2,557.9,4000000,0.0,0,0,0,0,0,0,-1,-1,-1,-1,-1,0,63.5,64.3,-1,-1,-1.0
overlap_4pct,late_binding,baseline,,,,,,dynamic_overlap_100d_4pct_hdd,100,50,1000000,5000,1.0,20,50000,late_binding,15.0,10.8,14.4,23.1,57.8,9.9,209.9,5000000,25.0,1000000,150000,10098,1000000,798975,0,-1,-1,-1,-1,2,17337,26.4,26.6,-1,-1,-1.0
overlap_4pct,timeout_degraded_read,baseline,,,,,,dynamic_overlap_100d_4pct_hdd,100,50,1000000,5000,1.0,20,50000,timeout_degraded_read,15.0,12.6,17.5,27.3,50.1,16.4,216.1,4181314,4.5,181314,24316,8656,181314,22645,0,-1,-1,-1,2,51,10537,28.2,28.5,-1,-1,-1.0
overlap_4pct,t28_default,default,12,0.05,0,0,0,dynamic_overlap_100d_4pct_hdd,100,50,1000000,5000,1.0,20,50000,health_ec,15.0,12.5,17.1,21.1,61.4,6.9,132.3,4017993,0.4,17993,0,6782,17993,16829,6,6,0,1214,742,749,8391,22.2,25.1,17124,14919,87.1
overlap_4pct,migration_disabled,disabled,12,0.05,0,0,0,dynamic_overlap_100d_4pct_hdd,100,50,1000000,5000,1.0,20,50000,health_ec,15.0,12.5,17.3,24.0,56.1,10.0,171.1,4023028,0.6,23028,0,9169,23028,21840,0,0,0,1224,742,749,11098,24.3,26.9,21952,19782,90.1
overlap_4pct,threshold_d2_a010,threshold_alpha,2,0.1,0,0,0,dynamic_overlap_100d_4pct_hdd,100,50,1000000,5000,1.0,20,50000,health_ec,15.0,12.5,17.0,20.0,63.4,4.4,73.1,4011533,0.3,11533,0,4382,11533,10570,44,43,0,1150,742,749,5768,20.6,21.0,11374,9006,79.2
overlap_4pct,threshold_d2_a005,threshold_alpha,2,0.05,0,0,0,dynamic_overlap_100d_4pct_hdd,100,50,1000000,5000,1.0,20,50000,health_ec,15.0,12.5,17.0,20.0,63.3,4.5,76.7,4012269,0.3,12269,0,4541,12269,11272,39,38,0,1157,742,749,5960,20.7,21.1,11975,9662,80.7
overlap_4pct,vanilla_ec,baseline,,,,,,dynamic_overlap_100d_4pct_hdd,100,51,1000000,5000,1.0,20,50000,vanilla_ec,15.0,12.6,17.6,55.0,0.0,18.3,558.8,4000000,0.0,0,0,0,0,0,0,-1,-1,-1,-1,-1,0,63.4,64.5,-1,-1,-1.0
overlap_4pct,late_binding,baseline,,,,,,dynamic_overlap_100d_4pct_hdd,100,51,1000000,5000,1.0,20,50000,late_binding,15.0,10.8,14.4,23.5,57.2,10.1,211.6,5000000,25.0,1000000,150000,10107,1000000,798861,0,-1,-1,-1,-1,6,17401,26.6,27.0,-1,-1,-1.0
overlap_4pct,timeout_degraded_read,baseline,,,,,,dynamic_overlap_100d_4pct_hdd,100,51,1000000,5000,1.0,20,50000,timeout_degraded_read,15.0,12.6,17.5,27.4,50.1,17.3,217.6,4181641,4.5,181641,24297,8634,181641,22998,0,-1,-1,-1,6,6,10483,28.2,28.7,-1,-1,-1.0
overlap_4pct,t28_default,default,12,0.05,0,0,0,dynamic_overlap_100d_4pct_hdd,100,51,1000000,5000,1.0,20,50000,health_ec,15.0,12.5,17.2,21.3,61.2,7.4,136.7,4018460,0.5,18460,0,6819,18460,17329,6,6,0,1205,374,374,8457,22.3,25.1,17519,15427,88.1
overlap_4pct,migration_disabled,disabled,12,0.05,0,0,0,dynamic_overlap_100d_4pct_hdd,100,51,1000000,5000,1.0,20,50000,health_ec,15.0,12.6,17.3,24.5,55.5,10.7,174.1,4023467,0.6,23467,0,9164,23467,22315,0,0,0,1215,374,374,11132,23.6,27.7,22299,20238,90.8
overlap_4pct,threshold_d2_a010,threshold_alpha,2,0.1,0,0,0,dynamic_overlap_100d_4pct_hdd,100,51,1000000,5000,1.0,20,50000,health_ec,15.0,12.5,17.0,20.0,63.6,4.6,76.0,4012155,0.3,12155,0,4286,12155,11222,44,39,0,1143,374,374,5689,20.9,21.1,11851,9637,81.3
overlap_4pct,threshold_d2_a005,threshold_alpha,2,0.05,0,0,0,dynamic_overlap_100d_4pct_hdd,100,51,1000000,5000,1.0,20,50000,health_ec,15.0,12.5,17.0,20.1,63.5,4.7,79.0,4012684,0.3,12684,0,4395,12684,11745,41,40,0,1150,374,374,5874,20.9,21.2,12312,10125,82.2
overlap_4pct,vanilla_ec,baseline,,,,,,dynamic_overlap_100d_4pct_hdd,100,52,1000000,5000,1.0,20,50000,vanilla_ec,15.0,12.6,17.6,54.6,0.0,17.8,556.9,4000000,0.0,0,0,0,0,0,0,-1,-1,-1,-1,-1,0,62.4,63.8,-1,-1,-1.0
overlap_4pct,late_binding,baseline,,,,,,dynamic_overlap_100d_4pct_hdd,100,52,1000000,5000,1.0,20,50000,late_binding,15.0,10.8,14.4,23.2,57.5,9.9,211.7,5000000,25.0,1000000,150000,10015,1000000,798796,0,-1,-1,-1,-1,21,17359,26.6,27.0,-1,-1,-1.0
overlap_4pct,timeout_degraded_read,baseline,,,,,,dynamic_overlap_100d_4pct_hdd,100,52,1000000,5000,1.0,20,50000,timeout_degraded_read,15.0,12.6,17.5,27.4,49.9,17.0,216.6,4181181,4.5,181181,24278,8623,181181,22621,0,-1,-1,-1,21,21,10519,28.3,28.8,-1,-1,-1.0
overlap_4pct,t28_default,default,12,0.05,0,0,0,dynamic_overlap_100d_4pct_hdd,100,52,1000000,5000,1.0,20,50000,health_ec,15.0,12.5,17.2,21.2,61.2,7.4,138.5,4018312,0.5,18312,0,6763,18312,17126,6,6,0,1199,759,759,8392,22.8,25.0,17295,15231,88.1
overlap_4pct,migration_disabled,disabled,12,0.05,0,0,0,dynamic_overlap_100d_4pct_hdd,100,52,1000000,5000,1.0,20,50000,health_ec,15.0,12.5,17.3,24.2,55.7,10.5,174.5,4023377,0.6,23377,0,9119,23377,22165,0,0,0,1210,759,759,11075,23.9,27.8,22109,20087,90.9
overlap_4pct,threshold_d2_a010,threshold_alpha,2,0.1,0,0,0,dynamic_overlap_100d_4pct_hdd,100,52,1000000,5000,1.0,20,50000,health_ec,15.0,12.5,17.0,19.9,63.5,4.7,72.3,4011763,0.3,11763,0,4254,11763,10796,44,43,0,1135,759,759,5643,20.8,20.9,11451,9269,80.9
overlap_4pct,threshold_d2_a005,threshold_alpha,2,0.05,0,0,0,dynamic_overlap_100d_4pct_hdd,100,52,1000000,5000,1.0,20,50000,health_ec,15.0,12.5,17.0,20.0,63.4,4.8,75.6,4012350,0.3,12350,0,4369,12350,11376,41,39,0,1141,759,759,5823,21.0,21.0,11991,9815,81.9
overlap_4pct,vanilla_ec,baseline,,,,,,dynamic_overlap_100d_4pct_hdd,100,53,1000000,5000,1.0,20,50000,vanilla_ec,15.0,12.6,17.6,54.7,0.0,17.8,557.1,4000000,0.0,0,0,0,0,0,0,-1,-1,-1,-1,-1,0,62.9,63.8,-1,-1,-1.0
overlap_4pct,late_binding,baseline,,,,,,dynamic_overlap_100d_4pct_hdd,100,53,1000000,5000,1.0,20,50000,late_binding,15.0,10.8,14.4,23.4,57.2,9.6,211.0,5000000,25.0,1000000,150000,9965,1000000,798466,0,-1,-1,-1,-1,1,17219,26.1,26.7,-1,-1,-1.0
overlap_4pct,timeout_degraded_read,baseline,,,,,,dynamic_overlap_100d_4pct_hdd,100,53,1000000,5000,1.0,20,50000,timeout_degraded_read,15.0,12.6,17.5,27.4,50.0,17.0,215.2,4181299,4.5,181299,24278,8484,181299,22675,0,-1,-1,-1,1,164,10316,28.1,28.6,-1,-1,-1.0
overlap_4pct,t28_default,default,12,0.05,0,0,0,dynamic_overlap_100d_4pct_hdd,100,53,1000000,5000,1.0,20,50000,health_ec,15.0,12.5,17.1,21.3,61.1,7.3,135.8,4018229,0.5,18229,0,6695,18229,17077,6,6,0,1193,510,510,8368,22.8,25.0,17199,15125,87.9
overlap_4pct,migration_disabled,disabled,12,0.05,0,0,0,dynamic_overlap_100d_4pct_hdd,100,53,1000000,5000,1.0,20,50000,health_ec,15.0,12.5,17.3,24.3,55.6,10.5,172.8,4023156,0.6,23156,0,8986,23156,21986,0,0,0,1203,510,510,10961,24.0,27.5,21974,19912,90.6
overlap_4pct,threshold_d2_a010,threshold_alpha,2,0.1,0,0,0,dynamic_overlap_100d_4pct_hdd,100,53,1000000,5000,1.0,20,50000,health_ec,15.0,12.5,17.0,20.0,63.5,4.6,79.2,4011786,0.3,11786,0,4315,11786,10840,44,41,0,1129,510,510,5750,20.7,21.1,11439,9262,81.0
overlap_4pct,threshold_d2_a005,threshold_alpha,2,0.05,0,0,0,dynamic_overlap_100d_4pct_hdd,100,53,1000000,5000,1.0,20,50000,health_ec,15.0,12.5,17.0,20.0,63.4,4.7,82.7,4012367,0.3,12367,0,4367,12367,11411,43,42,0,1133,510,510,5911,20.8,21.3,11973,9806,81.9
overlap_4pct,vanilla_ec,baseline,,,,,,dynamic_overlap_100d_4pct_hdd,100,54,1000000,5000,1.0,20,50000,vanilla_ec,15.0,12.6,17.6,55.0,0.0,17.9,559.7,4000000,0.0,0,0,0,0,0,0,-1,-1,-1,-1,-1,0,63.5,64.1,-1,-1,-1.0
overlap_4pct,late_binding,baseline,,,,,,dynamic_overlap_100d_4pct_hdd,100,54,1000000,5000,1.0,20,50000,late_binding,15.0,10.8,14.4,23.6,57.1,10.3,214.5,5000000,25.0,1000000,150000,10245,1000000,797995,0,-1,-1,-1,-1,31,17496,26.8,27.5,-1,-1,-1.0
overlap_4pct,timeout_degraded_read,baseline,,,,,,dynamic_overlap_100d_4pct_hdd,100,54,1000000,5000,1.0,20,50000,timeout_degraded_read,15.0,12.6,17.5,27.5,50.0,17.1,218.4,4181072,4.5,181072,24333,8791,181072,22978,0,-1,-1,-1,31,56,10666,28.4,28.9,-1,-1,-1.0
overlap_4pct,t28_default,default,12,0.05,0,0,0,dynamic_overlap_100d_4pct_hdd,100,54,1000000,5000,1.0,20,50000,health_ec,15.0,12.5,17.1,21.3,61.3,7.3,135.6,4018424,0.5,18424,0,6915,18424,17222,6,6,0,1210,1294,1294,8544,22.4,25.0,17434,15365,88.1
overlap_4pct,migration_disabled,disabled,12,0.05,0,0,0,dynamic_overlap_100d_4pct_hdd,100,54,1000000,5000,1.0,20,50000,health_ec,15.0,12.5,17.3,24.5,55.5,10.5,176.1,4023736,0.6,23736,0,9453,23736,22491,0,0,0,1221,1294,1294,11388,24.3,27.7,22411,20371,90.9
overlap_4pct,threshold_d2_a010,threshold_alpha,2,0.1,0,0,0,dynamic_overlap_100d_4pct_hdd,100,54,1000000,5000,1.0,20,50000,health_ec,15.0,12.5,17.0,20.0,63.6,4.6,77.6,4012097,0.3,12097,0,4412,12097,11136,44,42,0,1148,1294,1294,5768,21.0,21.0,11911,9598,80.6
overlap_4pct,threshold_d2_a005,threshold_alpha,2,0.05,0,0,0,dynamic_overlap_100d_4pct_hdd,100,54,1000000,5000,1.0,20,50000,health_ec,15.0,12.5,17.0,20.0,63.6,4.7,79.7,4012664,0.3,12664,0,4515,12664,11693,41,39,0,1155,1294,1294,5936,21.0,21.2,12368,10117,81.8
overlap_4pct,vanilla_ec,baseline,,,,,,dynamic_overlap_100d_4pct_hdd,100,55,1000000,5000,1.0,20,50000,vanilla_ec,15.0,12.6,17.6,54.6,0.0,17.8,555.0,4000000,0.0,0,0,0,0,0,0,-1,-1,-1,-1,-1,0,63.0,63.9,-1,-1,-1.0
overlap_4pct,late_binding,baseline,,,,,,dynamic_overlap_100d_4pct_hdd,100,55,1000000,5000,1.0,20,50000,late_binding,15.0,10.8,14.4,23.5,57.0,10.1,211.6,5000000,25.0,1000000,150000,10119,1000000,798791,0,-1,-1,-1,-1,4,17293,26.2,27.0,-1,-1,-1.0
overlap_4pct,timeout_degraded_read,baseline,,,,,,dynamic_overlap_100d_4pct_hdd,100,55,1000000,5000,1.0,20,50000,timeout_degraded_read,15.0,12.6,17.5,27.4,49.8,17.2,217.1,4181579,4.5,181579,24352,8605,181579,22786,0,-1,-1,-1,4,4,10507,28.0,29.1,-1,-1,-1.0
overlap_4pct,t28_default,default,12,0.05,0,0,0,dynamic_overlap_100d_4pct_hdd,100,55,1000000,5000,1.0,20,50000,health_ec,15.0,12.5,17.2,21.3,61.1,7.4,135.9,4018393,0.5,18393,0,6786,18393,17216,6,6,0,1208,815,815,8420,22.5,25.0,17300,15339,88.7
overlap_4pct,migration_disabled,disabled,12,0.05,0,0,0,dynamic_overlap_100d_4pct_hdd,100,55,1000000,5000,1.0,20,50000,health_ec,15.0,12.5,17.3,24.3,55.4,10.6,174.0,4023242,0.6,23242,0,9049,23242,22050,0,0,0,1218,815,815,11014,24.4,27.3,22024,20082,91.2
overlap_4pct,threshold_d2_a010,threshold_alpha,2,0.1,0,0,0,dynamic_overlap_100d_4pct_hdd,100,55,1000000,5000,1.0,20,50000,health_ec,15.0,12.5,17.0,20.0,63.4,4.6,74.5,4011939,0.3,11939,0,4429,11939,10968,43,37,0,1146,815,815,5915,20.9,20.9,11531,9439,81.9
overlap_4pct,threshold_d2_a005,threshold_alpha,2,0.05,0,0,0,dynamic_overlap_100d_4pct_hdd,100,55,1000000,5000,1.0,20,50000,health_ec,15.0,12.5,17.0,20.0,63.4,4.7,76.5,4012507,0.3,12507,0,4484,12507,11528,42,40,0,1150,815,815,5937,21.0,21.0,12085,9987,82.6
overlap_4pct,vanilla_ec,baseline,,,,,,dynamic_overlap_100d_4pct_hdd,100,56,1000000,5000,1.0,20,50000,vanilla_ec,15.0,12.6,17.6,54.5,0.0,18.0,555.4,4000000,0.0,0,0,0,0,0,0,-1,-1,-1,-1,-1,0,62.8,63.9,-1,-1,-1.0
overlap_4pct,late_binding,baseline,,,,,,dynamic_overlap_100d_4pct_hdd,100,56,1000000,5000,1.0,20,50000,late_binding,15.0,10.8,14.4,23.3,57.2,9.5,212.0,5000000,25.0,1000000,150000,10174,1000000,797713,0,-1,-1,-1,-1,26,17538,26.3,27.2,-1,-1,-1.0
overlap_4pct,timeout_degraded_read,baseline,,,,,,dynamic_overlap_100d_4pct_hdd,100,56,1000000,5000,1.0,20,50000,timeout_degraded_read,15.0,12.6,17.5,27.3,49.8,17.3,216.0,4180981,4.5,180981,24156,8702,180981,22816,0,-1,-1,-1,26,26,10654,27.9,28.7,-1,-1,-1.0
overlap_4pct,t28_default,default,12,0.05,0,0,0,dynamic_overlap_100d_4pct_hdd,100,56,1000000,5000,1.0,20,50000,health_ec,15.0,12.5,17.1,21.2,61.0,7.5,135.4,4018467,0.5,18467,0,6814,18467,17278,6,6,0,1220,650,650,8507,23.1,24.6,17336,15316,88.3
overlap_4pct,migration_disabled,disabled,12,0.05,0,0,0,dynamic_overlap_100d_4pct_hdd,100,56,1000000,5000,1.0,20,50000,health_ec,15.0,12.5,17.3,24.3,55.5,10.5,174.1,4023376,0.6,23376,0,9172,23376,22181,0,0,0,1230,650,650,11204,24.0,27.6,22068,20105,91.1
overlap_4pct,threshold_d2_a010,threshold_alpha,2,0.1,0,0,0,dynamic_overlap_100d_4pct_hdd,100,56,1000000,5000,1.0,20,50000,health_ec,15.0,12.5,17.0,20.0,63.4,4.9,76.5,4011856,0.3,11856,0,4371,11856,10876,44,41,0,1156,650,650,5825,20.8,21.1,11488,9309,81.0
overlap_4pct,threshold_d2_a005,threshold_alpha,2,0.05,0,0,0,dynamic_overlap_100d_4pct_hdd,100,56,1000000,5000,1.0,20,50000,health_ec,15.0,12.5,17.0,20.0,63.3,4.9,79.7,4012545,0.3,12545,0,4477,12545,11552,41,39,0,1163,650,650,5997,20.8,21.2,12009,9944,82.8
overlap_4pct,vanilla_ec,baseline,,,,,,dynamic_overlap_100d_4pct_hdd,100,57,1000000,5000,1.0,20,50000,vanilla_ec,15.0,12.6,17.6,55.4,0.0,18.3,561.5,4000000,0.0,0,0,0,0,0,0,-1,-1,-1,-1,-1,0,63.6,64.2,-1,-1,-1.0
overlap_4pct,late_binding,baseline,,,,,,dynamic_overlap_100d_4pct_hdd,100,57,1000000,5000,1.0,20,50000,late_binding,15.0,10.8,14.4,23.7,57.3,9.7,212.6,5000000,25.0,1000000,150000,10238,1000000,798647,0,-1,-1,-1,-1,5,17508,26.4,27.5,-1,-1,-1.0
overlap_4pct,timeout_degraded_read,baseline,,,,,,dynamic_overlap_100d_4pct_hdd,100,57,1000000,5000,1.0,20,50000,timeout_degraded_read,15.0,12.6,17.5,27.5,50.4,17.4,216.2,4181521,4.5,181521,24491,8827,181521,22944,0,-1,-1,-1,5,5,10650,27.9,28.9,-1,-1,-1.0
overlap_4pct,t28_default,default,12,0.05,0,0,0,dynamic_overlap_100d_4pct_hdd,100,57,1000000,5000,1.0,20,50000,health_ec,15.0,12.5,17.1,21.3,61.5,7.3,136.1,4018421,0.5,18421,0,6946,18421,17315,6,6,0,1227,266,266,8528,23.1,24.9,17396,15321,88.1
overlap_4pct,migration_disabled,disabled,12,0.05,0,0,0,dynamic_overlap_100d_4pct_hdd,100,57,1000000,5000,1.0,20,50000,health_ec,15.0,12.5,17.3,24.5,55.7,10.6,174.6,4023519,0.6,23519,0,9422,23519,22383,0,0,0,1237,266,266,11319,24.3,27.6,22248,20190,90.7
overlap_4pct,threshold_d2_a010,threshold_alpha,2,0.1,0,0,0,dynamic_overlap_100d_4pct_hdd,100,57,1000000,5000,1.0,20,50000,health_ec,15.0,12.5,17.0,20.0,63.9,4.6,75.7,4011954,0.3,11954,0,4460,11954,11009,43,41,0,1164,266,266,5841,20.8,21.0,11630,9380,80.7
overlap_4pct,threshold_d2_a005,threshold_alpha,2,0.05,0,0,0,dynamic_overlap_100d_4pct_hdd,100,57,1000000,5000,1.0,20,50000,health_ec,15.0,12.5,17.0,20.1,63.8,4.7,78.5,4012603,0.3,12603,0,4495,12603,11648,42,41,0,1170,266,266,5932,20.9,21.2,12183,9978,81.9
overlap_4pct,vanilla_ec,baseline,,,,,,dynamic_overlap_100d_4pct_hdd,100,58,1000000,5000,1.0,20,50000,vanilla_ec,15.0,12.6,17.6,54.3,0.0,17.6,551.3,4000000,0.0,0,0,0,0,0,0,-1,-1,-1,-1,-1,0,62.1,63.7,-1,-1,-1.0
overlap_4pct,late_binding,baseline,,,,,,dynamic_overlap_100d_4pct_hdd,100,58,1000000,5000,1.0,20,50000,late_binding,15.0,10.8,14.4,23.3,57.0,9.5,209.5,5000000,25.0,1000000,150000,9997,1000000,798606,0,-1,-1,-1,-1,73,17272,26.1,26.9,-1,-1,-1.0
overlap_4pct,timeout_degraded_read,baseline,,,,,,dynamic_overlap_100d_4pct_hdd,100,58,1000000,5000,1.0,20,50000,timeout_degraded_read,15.0,12.6,17.5,27.2,49.9,16.9,214.3,4180634,4.5,180634,24507,8539,180634,22588,0,-1,-1,-1,73,73,10405,28.2,28.5,-1,-1,-1.0
overlap_4pct,t28_default,default,12,0.05,0,0,0,dynamic_overlap_100d_4pct_hdd,100,58,1000000,5000,1.0,20,50000,health_ec,15.0,12.5,17.1,21.2,61.0,7.2,134.3,4018163,0.5,18163,0,6736,18163,17027,6,6,0,1228,1494,1494,8285,22.8,24.7,17148,15155,88.4
overlap_4pct,migration_disabled,disabled,12,0.05,0,0,0,dynamic_overlap_100d_4pct_hdd,100,58,1000000,5000,1.0,20,50000,health_ec,15.0,12.5,17.3,24.2,55.5,10.3,171.1,4023255,0.6,23255,0,9073,23255,22102,0,0,0,1238,1494,1494,10980,24.1,27.4,22020,20060,91.1
overlap_4pct,threshold_d2_a010,threshold_alpha,2,0.1,0,0,0,dynamic_overlap_100d_4pct_hdd,100,58,1000000,5000,1.0,20,50000,health_ec,15.0,12.5,17.0,19.9,63.3,4.4,68.9,4011710,0.3,11710,0,4322,11710,10737,43,41,0,1165,1494,1494,5648,20.8,21.4,11318,9225,81.5
overlap_4pct,threshold_d2_a005,threshold_alpha,2,0.05,0,0,0,dynamic_overlap_100d_4pct_hdd,100,58,1000000,5000,1.0,20,50000,health_ec,15.0,12.5,17.0,20.0,63.2,4.6,72.2,4012426,0.3,12426,0,4357,12426,11439,42,42,0,1171,1494,1494,5684,21.0,21.6,11945,9897,82.9
overlap_4pct,vanilla_ec,baseline,,,,,,dynamic_overlap_100d_4pct_hdd,100,59,1000000,5000,1.0,20,50000,vanilla_ec,15.0,12.6,17.6,54.3,0.0,17.1,552.8,4000000,0.0,0,0,0,0,0,0,-1,-1,-1,-1,-1,0,63.1,63.9,-1,-1,-1.0
overlap_4pct,late_binding,baseline,,,,,,dynamic_overlap_100d_4pct_hdd,100,59,1000000,5000,1.0,20,50000,late_binding,15.0,10.8,14.4,23.2,57.4,9.7,210.4,5000000,25.0,1000000,150000,9977,1000000,798226,0,-1,-1,-1,-1,14,17177,26.5,26.6,-1,-1,-1.0
overlap_4pct,timeout_degraded_read,baseline,,,,,,dynamic_overlap_100d_4pct_hdd,100,59,1000000,5000,1.0,20,50000,timeout_degraded_read,15.0,12.6,17.5,27.2,49.9,16.1,214.7,4181672,4.5,181672,24873,8528,181672,22503,0,-1,-1,-1,14,56,10359,28.1,28.5,-1,-1,-1.0
overlap_4pct,t28_default,default,12,0.05,0,0,0,dynamic_overlap_100d_4pct_hdd,100,59,1000000,5000,1.0,20,50000,health_ec,15.0,12.5,17.1,21.2,61.0,6.8,134.5,4018135,0.5,18135,0,6797,18135,16933,6,6,0,1211,356,356,8402,23.1,24.6,17047,15001,88.0
overlap_4pct,migration_disabled,disabled,12,0.05,0,0,0,dynamic_overlap_100d_4pct_hdd,100,59,1000000,5000,1.0,20,50000,health_ec,15.0,12.5,17.3,24.2,55.5,9.9,172.5,4023257,0.6,23257,0,9275,23257,22016,0,0,0,1221,356,356,11191,24.1,27.2,21808,19785,90.7
overlap_4pct,threshold_d2_a010,threshold_alpha,2,0.1,0,0,0,dynamic_overlap_100d_4pct_hdd,100,59,1000000,5000,1.0,20,50000,health_ec,15.0,12.5,17.0,20.0,63.2,4.1,69.9,4011646,0.3,11646,0,4295,11646,10673,44,43,0,1147,356,356,5669,20.8,21.2,11296,9139,80.9
overlap_4pct,threshold_d2_a005,threshold_alpha,2,0.05,0,0,0,dynamic_overlap_100d_4pct_hdd,100,59,1000000,5000,1.0,20,50000,health_ec,15.0,12.5,17.0,20.0,63.2,4.3,73.2,4012329,0.3,12329,0,4399,12329,11347,41,39,0,1156,356,356,5791,20.8,21.4,11914,9779,82.1
overlap_4pct,vanilla_ec,baseline,,,,,,dynamic_overlap_100d_4pct_hdd,100,60,1000000,5000,1.0,20,50000,vanilla_ec,15.0,12.6,17.6,54.6,0.0,17.9,557.2,4000000,0.0,0,0,0,0,0,0,-1,-1,-1,-1,-1,0,63.2,63.6,-1,-1,-1.0
overlap_4pct,late_binding,baseline,,,,,,dynamic_overlap_100d_4pct_hdd,100,60,1000000,5000,1.0,20,50000,late_binding,15.0,10.8,14.4,23.4,57.1,9.8,212.5,5000000,25.0,1000000,150000,9980,1000000,798572,0,-1,-1,-1,-1,38,16968,26.5,27.1,-1,-1,-1.0
overlap_4pct,timeout_degraded_read,baseline,,,,,,dynamic_overlap_100d_4pct_hdd,100,60,1000000,5000,1.0,20,50000,timeout_degraded_read,15.0,12.6,17.5,27.3,49.9,17.0,216.6,4181243,4.5,181243,24376,8561,181243,22745,0,-1,-1,-1,38,38,10422,28.4,28.6,-1,-1,-1.0
overlap_4pct,t28_default,default,12,0.05,0,0,0,dynamic_overlap_100d_4pct_hdd,100,60,1000000,5000,1.0,20,50000,health_ec,15.0,12.5,17.1,21.3,61.0,7.2,135.8,4018173,0.5,18173,0,6692,18173,17040,6,6,0,1207,1427,1427,8312,22.8,25.1,17198,15156,88.1
overlap_4pct,migration_disabled,disabled,12,0.05,0,0,0,dynamic_overlap_100d_4pct_hdd,100,60,1000000,5000,1.0,20,50000,health_ec,15.0,12.5,17.3,24.3,55.4,10.4,173.9,4023325,0.6,23325,0,9147,23325,22155,0,0,0,1217,1427,1427,11109,24.2,27.5,22039,20050,91.0
overlap_4pct,threshold_d2_a010,threshold_alpha,2,0.1,0,0,0,dynamic_overlap_100d_4pct_hdd,100,60,1000000,5000,1.0,20,50000,health_ec,15.0,12.5,17.0,20.0,63.3,4.4,71.7,4011715,0.3,11715,0,4318,11715,10771,44,42,0,1144,1427,1427,5711,20.8,21.1,11436,9240,80.8
overlap_4pct,threshold_d2_a005,threshold_alpha,2,0.05,0,0,0,dynamic_overlap_100d_4pct_hdd,100,60,1000000,5000,1.0,20,50000,health_ec,15.0,12.5,17.0,20.0,63.3,4.6,76.2,4012263,0.3,12263,0,4391,12263,11314,42,40,0,1150,1427,1427,5795,20.9,21.1,11923,9736,81.7
overlap_4pct,vanilla_ec,baseline,,,,,,dynamic_overlap_100d_4pct_hdd,100,61,1000000,5000,1.0,20,50000,vanilla_ec,15.0,12.6,17.6,55.2,0.0,17.9,560.3,4000000,0.0,0,0,0,0,0,0,-1,-1,-1,-1,-1,0,63.6,64.0,-1,-1,-1.0
overlap_4pct,late_binding,baseline,,,,,,dynamic_overlap_100d_4pct_hdd,100,61,1000000,5000,1.0,20,50000,late_binding,15.0,10.8,14.4,23.6,57.2,10.4,214.6,5000000,25.0,1000000,150000,10274,1000000,798433,0,-1,-1,-1,-1,223,17626,26.6,27.2,-1,-1,-1.0
overlap_4pct,timeout_degraded_read,baseline,,,,,,dynamic_overlap_100d_4pct_hdd,100,61,1000000,5000,1.0,20,50000,timeout_degraded_read,15.0,12.6,17.5,27.6,50.1,17.1,219.3,4180675,4.5,180675,24063,8764,180675,22995,0,-1,-1,-1,223,223,10655,28.4,28.9,-1,-1,-1.0
overlap_4pct,t28_default,default,12,0.05,0,0,0,dynamic_overlap_100d_4pct_hdd,100,61,1000000,5000,1.0,20,50000,health_ec,15.0,12.5,17.1,21.3,61.5,7.1,137.2,4018045,0.5,18045,0,6831,18045,16846,6,6,0,1202,1802,1802,8465,22.4,25.3,16987,14952,88.0
overlap_4pct,migration_disabled,disabled,12,0.05,0,0,0,dynamic_overlap_100d_4pct_hdd,100,61,1000000,5000,1.0,20,50000,health_ec,15.0,12.5,17.3,24.4,55.8,10.4,174.4,4023580,0.6,23580,0,9330,23580,22357,0,0,0,1213,1802,1802,11327,23.9,27.5,22304,20296,91.0
overlap_4pct,threshold_d2_a010,threshold_alpha,2,0.1,0,0,0,dynamic_overlap_100d_4pct_hdd,100,61,1000000,5000,1.0,20,50000,health_ec,15.0,12.5,17.0,20.0,63.8,4.4,77.7,4012072,0.3,12072,0,4295,12072,11076,44,41,0,1141,1802,1802,5685,20.8,20.9,11697,9554,81.7
overlap_4pct,threshold_d2_a005,threshold_alpha,2,0.05,0,0,0,dynamic_overlap_100d_4pct_hdd,100,61,1000000,5000,1.0,20,50000,health_ec,15.0,12.5,17.0,20.0,63.7,4.5,82.8,4012609,0.3,12609,0,4400,12609,11603,41,40,0,1147,1802,1802,5871,20.8,21.1,12206,10057,82.4
overlap_4pct,vanilla_ec,baseline,,,,,,dynamic_overlap_100d_4pct_hdd,100,62,1000000,5000,1.0,20,50000,vanilla_ec,15.0,12.6,17.6,54.6,0.0,18.2,556.3,4000000,0.0,0,0,0,0,0,0,-1,-1,-1,-1,-1,0,62.9,63.4,-1,-1,-1.0
overlap_4pct,late_binding,baseline,,,,,,dynamic_overlap_100d_4pct_hdd,100,62,1000000,5000,1.0,20,50000,late_binding,15.0,10.8,14.4,23.5,57.0,9.7,212.8,5000000,25.0,1000000,150000,10243,1000000,798480,0,-1,-1,-1,-1,18,17607,26.6,27.0,-1,-1,-1.0
overlap_4pct,timeout_degraded_read,baseline,,,,,,dynamic_overlap_100d_4pct_hdd,100,62,1000000,5000,1.0,20,50000,timeout_degraded_read,15.0,12.6,17.5,27.4,49.8,17.2,218.1,4181216,4.5,181216,24069,8743,181216,22839,0,-1,-1,-1,18,113,10686,28.3,28.8,-1,-1,-1.0
overlap_4pct,t28_default,default,12,0.05,0,0,0,dynamic_overlap_100d_4pct_hdd,100,62,1000000,5000,1.0,20,50000,health_ec,15.0,12.5,17.1,21.2,61.1,7.2,136.6,4018569,0.5,18569,0,6897,18569,17430,6,6,0,1214,403,535,8544,22.6,25.3,17466,15493,88.7
overlap_4pct,migration_disabled,disabled,12,0.05,0,0,0,dynamic_overlap_100d_4pct_hdd,100,62,1000000,5000,1.0,20,50000,health_ec,15.0,12.5,17.3,24.4,55.4,10.4,175.7,4023577,0.6,23577,0,9230,23577,22416,0,0,0,1225,403,535,11212,24.4,27.6,22276,20329,91.3
overlap_4pct,threshold_d2_a010,threshold_alpha,2,0.1,0,0,0,dynamic_overlap_100d_4pct_hdd,100,62,1000000,5000,1.0,20,50000,health_ec,15.0,12.5,17.0,20.0,63.4,4.6,77.1,4012148,0.3,12148,0,4444,12148,11182,44,41,0,1151,403,535,5873,20.7,21.3,11703,9596,82.0
overlap_4pct,threshold_d2_a005,threshold_alpha,2,0.05,0,0,0,dynamic_overlap_100d_4pct_hdd,100,62,1000000,5000,1.0,20,50000,health_ec,15.0,12.5,17.0,20.0,63.3,4.7,80.8,4012870,0.3,12870,0,4500,12870,11892,42,39,0,1158,403,535,6008,20.8,21.3,12338,10233,82.9
overlap_4pct,vanilla_ec,baseline,,,,,,dynamic_overlap_100d_4pct_hdd,100,63,1000000,5000,1.0,20,50000,vanilla_ec,15.0,12.6,17.6,55.4,0.0,17.9,563.3,4000000,0.0,0,0,0,0,0,0,-1,-1,-1,-1,-1,0,64.0,65.1,-1,-1,-1.0
overlap_4pct,late_binding,baseline,,,,,,dynamic_overlap_100d_4pct_hdd,100,63,1000000,5000,1.0,20,50000,late_binding,15.0,10.8,14.4,23.4,57.8,10.1,211.5,5000000,25.0,1000000,150000,10066,1000000,799079,0,-1,-1,-1,-1,2,17478,26.5,27.2,-1,-1,-1.0
overlap_4pct,timeout_degraded_read,baseline,,,,,,dynamic_overlap_100d_4pct_hdd,100,63,1000000,5000,1.0,20,50000,timeout_degraded_read,15.0,12.6,17.5,27.4,50.5,17.1,214.7,4181268,4.5,181268,24322,8634,181268,22996,0,-1,-1,-1,2,14,10507,28.5,28.9,-1,-1,-1.0
overlap_4pct,t28_default,default,12,0.05,0,0,0,dynamic_overlap_100d_4pct_hdd,100,63,1000000,5000,1.0,20,50000,health_ec,15.0,12.5,17.2,21.4,61.4,7.2,134.9,4018364,0.5,18364,0,6766,18364,17186,6,6,0,1228,221,221,8396,22.6,25.2,17436,15229,87.3
overlap_4pct,migration_disabled,disabled,12,0.05,0,0,0,dynamic_overlap_100d_4pct_hdd,100,63,1000000,5000,1.0,20,50000,health_ec,15.0,12.5,17.3,24.5,55.8,10.4,173.1,4023567,0.6,23567,0,9292,23567,22360,0,0,0,1238,221,221,11280,23.8,27.8,22311,20125,90.2
overlap_4pct,threshold_d2_a010,threshold_alpha,2,0.1,0,0,0,dynamic_overlap_100d_4pct_hdd,100,63,1000000,5000,1.0,20,50000,health_ec,15.0,12.5,17.0,20.0,63.8,4.5,74.4,4011867,0.3,11867,0,4304,11867,10895,44,41,0,1164,221,221,5739,20.9,21.7,11672,9314,79.8
overlap_4pct,threshold_d2_a005,threshold_alpha,2,0.05,0,0,0,dynamic_overlap_100d_4pct_hdd,100,63,1000000,5000,1.0,20,50000,health_ec,15.0,12.5,17.0,20.1,63.8,4.6,77.1,4012486,0.3,12486,0,4384,12486,11504,42,42,0,1171,221,221,5888,21.0,21.9,12174,9893,81.3
overlap_4pct,vanilla_ec,baseline,,,,,,dynamic_overlap_100d_4pct_hdd,100,64,1000000,5000,1.0,20,50000,vanilla_ec,15.0,12.6,17.6,54.8,0.0,18.1,554.9,4000000,0.0,0,0,0,0,0,0,-1,-1,-1,-1,-1,0,62.5,63.8,-1,-1,-1.0
overlap_4pct,late_binding,baseline,,,,,,dynamic_overlap_100d_4pct_hdd,100,64,1000000,5000,1.0,20,50000,late_binding,15.0,10.8,14.4,23.7,56.8,10.3,213.0,5000000,25.0,1000000,150000,10104,1000000,798555,0,-1,-1,-1,-1,121,17294,26.6,27.0,-1,-1,-1.0
overlap_4pct,timeout_degraded_read,baseline,,,,,,dynamic_overlap_100d_4pct_hdd,100,64,1000000,5000,1.0,20,50000,timeout_degraded_read,15.0,12.6,17.5,27.5,49.7,17.2,217.5,4181664,4.5,181664,24460,8667,181664,23009,0,-1,-1,-1,121,121,10500,28.3,28.7,-1,-1,-1.0
overlap_4pct,t28_default,default,12,0.05,0,0,0,dynamic_overlap_100d_4pct_hdd,100,64,1000000,5000,1.0,20,50000,health_ec,15.0,12.5,17.1,21.3,61.1,7.2,138.5,4018485,0.5,18485,0,6804,18485,17320,6,6,0,1243,1051,1051,8387,22.9,24.9,17553,15443,88.0
overlap_4pct,migration_disabled,disabled,12,0.05,0,0,0,dynamic_overlap_100d_4pct_hdd,100,64,1000000,5000,1.0,20,50000,health_ec,15.0,12.6,17.3,24.7,54.9,10.5,175.6,4023582,0.6,23582,0,9234,23582,22390,0,0,0,1253,1051,1051,11199,24.4,27.5,22378,20282,90.6
overlap_4pct,threshold_d2_a010,threshold_alpha,2,0.1,0,0,0,dynamic_overlap_100d_4pct_hdd,100,64,1000000,5000,1.0,20,50000,health_ec,15.0,12.5,17.0,20.0,63.5,4.5,75.5,4012091,0.3,12091,0,4237,12091,11134,44,42,0,1181,1051,1051,5631,20.6,21.1,11816,9589,81.2
overlap_4pct,threshold_d2_a005,threshold_alpha,2,0.05,0,0,0,dynamic_overlap_100d_4pct_hdd,100,64,1000000,5000,1.0,20,50000,health_ec,15.0,12.5,17.0,20.0,63.4,4.6,79.3,4012559,0.3,12559,0,4276,12559,11601,43,41,0,1186,1051,1051,5731,20.8,21.2,12244,10037,82.0
overlap_4pct,vanilla_ec,baseline,,,,,,dynamic_overlap_100d_4pct_hdd,100,65,1000000,5000,1.0,20,50000,vanilla_ec,15.0,12.6,17.6,55.1,0.0,18.2,560.0,4000000,0.0,0,0,0,0,0,0,-1,-1,-1,-1,-1,0,63.4,64.3,-1,-1,-1.0
overlap_4pct,late_binding,baseline,,,,,,dynamic_overlap_100d_4pct_hdd,100,65,1000000,5000,1.0,20,50000,late_binding,15.0,10.8,14.4,23.5,57.4,10.3,211.9,5000000,25.0,1000000,150000,10151,1000000,798540,0,-1,-1,-1,-1,84,17275,26.7,27.1,-1,-1,-1.0
overlap_4pct,timeout_degraded_read,baseline,,,,,,dynamic_overlap_100d_4pct_hdd,100,65,1000000,5000,1.0,20,50000,timeout_degraded_read,15.0,12.6,17.5,27.5,50.2,17.4,216.1,4181950,4.5,181950,24141,8677,181950,23020,0,-1,-1,-1,84,84,10571,28.3,28.6,-1,-1,-1.0
overlap_4pct,t28_default,default,12,0.05,0,0,0,dynamic_overlap_100d_4pct_hdd,100,65,1000000,5000,1.0,20,50000,health_ec,15.0,12.5,17.2,21.2,61.4,7.4,137.1,4018494,0.5,18494,0,6781,18494,17380,6,6,0,1221,902,902,8404,22.8,24.9,17437,15431,88.5
overlap_4pct,migration_disabled,disabled,12,0.05,0,0,0,dynamic_overlap_100d_4pct_hdd,100,65,1000000,5000,1.0,20,50000,health_ec,15.0,12.5,17.3,24.4,55.7,10.7,172.5,4023595,0.6,23595,0,9204,23595,22461,0,0,0,1231,902,902,11182,24.0,27.3,22307,20319,91.1
overlap_4pct,threshold_d2_a010,threshold_alpha,2,0.1,0,0,0,dynamic_overlap_100d_4pct_hdd,100,65,1000000,5000,1.0,20,50000,health_ec,15.0,12.5,17.0,20.0,63.7,4.7,77.1,4012073,0.3,12073,0,4375,12073,11141,43,41,0,1159,902,902,5783,20.7,21.0,11715,9553,81.5
overlap_4pct,threshold_d2_a005,threshold_alpha,2,0.05,0,0,0,dynamic_overlap_100d_4pct_hdd,100,65,1000000,5000,1.0,20,50000,health_ec,15.0,12.5,17.1,20.1,63.6,4.8,80.6,4012678,0.3,12678,0,4419,12678,11738,42,40,0,1165,902,902,5929,20.7,21.3,12303,10132,82.4
overlap_4pct,vanilla_ec,baseline,,,,,,dynamic_overlap_100d_4pct_hdd,100,66,1000000,5000,1.0,20,50000,vanilla_ec,15.0,12.6,17.6,55.4,0.0,18.0,559.4,4000000,0.0,0,0,0,0,0,0,-1,-1,-1,-1,-1,0,63.3,64.4,-1,-1,-1.0
overlap_4pct,late_binding,baseline,,,,,,dynamic_overlap_100d_4pct_hdd,100,66,1000000,5000,1.0,20,50000,late_binding,15.0,10.8,14.4,23.5,57.5,9.8,212.6,5000000,25.0,1000000,150000,10281,1000000,798425,0,-1,-1,-1,-1,24,17581,26.7,27.2,-1,-1,-1.0
overlap_4pct,timeout_degraded_read,baseline,,,,,,dynamic_overlap_100d_4pct_hdd,100,66,1000000,5000,1.0,20,50000,timeout_degraded_read,15.0,12.6,17.5,27.5,50.4,17.1,217.8,4181861,4.5,181861,24535,8819,181861,23082,0,-1,-1,-1,24,51,10703,28.4,28.8,-1,-1,-1.0
overlap_4pct,t28_default,default,12,0.05,0,0,0,dynamic_overlap_100d_4pct_hdd,100,66,1000000,5000,1.0,20,50000,health_ec,15.0,12.5,17.2,21.3,61.5,7.1,135.8,4018545,0.5,18545,0,6877,18545,17374,6,6,0,1231,1719,1719,8560,22.8,25.6,17486,15420,88.2
overlap_4pct,migration_disabled,disabled,12,0.05,0,0,0,dynamic_overlap_100d_4pct_hdd,100,66,1000000,5000,1.0,20,50000,health_ec,15.0,12.5,17.3,24.5,55.8,10.3,174.1,4023698,0.6,23698,0,9371,23698,22495,0,0,0,1241,1719,1719,11393,24.0,27.5,22339,20313,90.9
overlap_4pct,threshold_d2_a010,threshold_alpha,2,0.1,0,0,0,dynamic_overlap_100d_4pct_hdd,100,66,1000000,5000,1.0,20,50000,health_ec,15.0,12.5,17.0,20.0,63.9,4.3,77.3,4012235,0.3,12235,0,4451,12235,11284,44,41,0,1168,1719,1719,5869,20.7,21.2,11846,9660,81.5
overlap_4pct,threshold_d2_a005,threshold_alpha,2,0.05,0,0,0,dynamic_overlap_100d_4pct_hdd,100,66,1000000,5000,1.0,20,50000,health_ec,15.0,12.5,17.0,20.0,63.8,4.5,80.6,4012643,0.3,12643,0,4556,12643,11705,41,41,0,1174,1719,1719,6039,20.8,21.3,12216,10086,82.6
overlap_4pct,vanilla_ec,baseline,,,,,,dynamic_overlap_100d_4pct_hdd,100,67,1000000,5000,1.0,20,50000,vanilla_ec,15.0,12.6,17.6,54.8,0.0,18.3,558.8,4000000,0.0,0,0,0,0,0,0,-1,-1,-1,-1,-1,0,63.1,65.0,-1,-1,-1.0
overlap_4pct,late_binding,baseline,,,,,,dynamic_overlap_100d_4pct_hdd,100,67,1000000,5000,1.0,20,50000,late_binding,15.0,10.8,14.4,23.3,57.5,9.7,212.5,5000000,25.0,1000000,150000,10341,1000000,798651,0,-1,-1,-1,-1,112,17578,26.1,27.3,-1,-1,-1.0
overlap_4pct,timeout_degraded_read,baseline,,,,,,dynamic_overlap_100d_4pct_hdd,100,67,1000000,5000,1.0,20,50000,timeout_degraded_read,15.0,12.6,17.5,27.4,50.1,17.4,216.8,4181487,4.5,181487,24256,8909,181487,22987,0,-1,-1,-1,111,112,10851,27.9,29.0,-1,-1,-1.0
overlap_4pct,t28_default,default,12,0.05,0,0,0,dynamic_overlap_100d_4pct_hdd,100,67,1000000,5000,1.0,20,50000,health_ec,15.0,12.5,17.1,21.1,61.5,7.4,133.6,4018703,0.5,18703,0,6963,18703,17522,6,6,0,1202,1121,1121,8644,22.1,24.8,17488,15561,89.0
overlap_4pct,migration_disabled,disabled,12,0.05,0,0,0,dynamic_overlap_100d_4pct_hdd,100,67,1000000,5000,1.0,20,50000,health_ec,15.0,12.5,17.3,24.1,56.0,10.5,172.3,4023864,0.6,23864,0,9595,23864,22644,0,0,0,1212,1121,1121,11600,24.3,27.5,22289,20410,91.6
overlap_4pct,threshold_d2_a010,threshold_alpha,2,0.1,0,0,0,dynamic_overlap_100d_4pct_hdd,100,67,1000000,5000,1.0,20,50000,health_ec,15.0,12.5,17.0,19.9,63.6,4.7,75.5,4012153,0.3,12153,0,4415,12153,11191,44,43,0,1138,1121,1121,5832,20.7,21.2,11661,9626,82.5
overlap_4pct,threshold_d2_a005,threshold_alpha,2,0.05,0,0,0,dynamic_overlap_100d_4pct_hdd,100,67,1000000,5000,1.0,20,50000,health_ec,15.0,12.5,17.0,20.0,63.5,4.8,79.4,4012766,0.3,12766,0,4557,12766,11791,40,37,0,1148,1121,1121,6008,20.9,21.2,12193,10189,83.6
overlap_4pct,vanilla_ec,baseline,,,,,,dynamic_overlap_100d_4pct_hdd,100,68,1000000,5000,1.0,20,50000,vanilla_ec,15.0,12.6,17.6,55.2,0.0,18.0,560.7,4000000,0.0,0,0,0,0,0,0,-1,-1,-1,-1,-1,0,63.4,65.3,-1,-1,-1.0
overlap_4pct,late_binding,baseline,,,,,,dynamic_overlap_100d_4pct_hdd,100,68,1000000,5000,1.0,20,50000,late_binding,15.0,10.8,14.4,23.6,57.2,10.4,213.3,5000000,25.0,1000000,150000,10093,1000000,799164,0,-1,-1,-1,-1,69,17366,26.3,27.5,-1,-1,-1.0
overlap_4pct,timeout_degraded_read,baseline,,,,,,dynamic_overlap_100d_4pct_hdd,100,68,1000000,5000,1.0,20,50000,timeout_degraded_read,15.0,12.6,17.5,27.5,50.3,17.4,218.3,4181321,4.5,181321,24112,8670,181321,22902,0,-1,-1,-1,69,69,10587,28.1,28.9,-1,-1,-1.0
overlap_4pct,t28_default,default,12,0.05,0,0,0,dynamic_overlap_100d_4pct_hdd,100,68,1000000,5000,1.0,20,50000,health_ec,15.0,12.5,17.1,21.2,61.5,7.4,137.7,4018440,0.5,18440,0,6719,18440,17269,6,6,0,1214,609,609,8426,22.4,25.4,17437,15431,88.5
overlap_4pct,migration_disabled,disabled,12,0.05,0,0,0,dynamic_overlap_100d_4pct_hdd,100,68,1000000,5000,1.0,20,50000,health_ec,15.0,12.5,17.3,24.5,55.6,10.6,175.1,4023500,0.6,23500,0,9127,23500,22310,0,0,0,1224,609,609,11176,24.5,27.7,22263,20301,91.2
overlap_4pct,threshold_d2_a010,threshold_alpha,2,0.1,0,0,0,dynamic_overlap_100d_4pct_hdd,100,68,1000000,5000,1.0,20,50000,health_ec,15.0,12.5,17.0,19.9,63.9,4.7,76.1,4011828,0.3,11828,0,4268,11828,10873,44,42,0,1150,609,609,5701,20.7,21.3,11492,9357,81.4
overlap_4pct,threshold_d2_a005,threshold_alpha,2,0.05,0,0,0,dynamic_overlap_100d_4pct_hdd,100,68,1000000,5000,1.0,20,50000,health_ec,15.0,12.5,17.0,20.0,63.8,4.9,79.8,4012467,0.3,12467,0,4356,12467,11506,41,40,0,1158,609,609,5820,21.0,21.3,12078,9937,82.3
overlap_4pct,vanilla_ec,baseline,,,,,,dynamic_overlap_100d_4pct_hdd,100,69,1000000,5000,1.0,20,50000,vanilla_ec,15.0,12.6,17.6,55.1,0.0,18.6,560.8,4000000,0.0,0,0,0,0,0,0,-1,-1,-1,-1,-1,0,63.5,64.4,-1,-1,-1.0
overlap_4pct,late_binding,baseline,,,,,,dynamic_overlap_100d_4pct_hdd,100,69,1000000,5000,1.0,20,50000,late_binding,15.0,10.8,14.4,23.7,57.1,10.4,213.8,5000000,25.0,1000000,150000,10086,1000000,798606,0,-1,-1,-1,-1,104,17284,26.4,27.4,-1,-1,-1.0
overlap_4pct,timeout_degraded_read,baseline,,,,,,dynamic_overlap_100d_4pct_hdd,100,69,1000000,5000,1.0,20,50000,timeout_degraded_read,15.0,12.6,17.5,27.4,50.2,17.6,217.8,4180727,4.5,180727,24128,8653,180727,23098,0,-1,-1,-1,122,122,10460,28.1,28.7,-1,-1,-1.0
overlap_4pct,t28_default,default,12,0.05,0,0,0,dynamic_overlap_100d_4pct_hdd,100,69,1000000,5000,1.0,20,50000,health_ec,15.0,12.5,17.2,21.3,61.3,7.8,137.3,4018414,0.5,18414,0,6758,18414,17282,6,6,0,1204,2559,2559,8387,23.1,24.8,17497,15378,87.9
overlap_4pct,migration_disabled,disabled,12,0.05,0,0,0,dynamic_overlap_100d_4pct_hdd,100,69,1000000,5000,1.0,20,50000,health_ec,15.0,12.5,17.3,24.6,55.4,11.0,175.1,4023515,0.6,23515,0,9269,23515,22357,0,0,0,1214,2559,2559,11214,24.6,27.5,22297,20190,90.6
overlap_4pct,threshold_d2_a010,threshold_alpha,2,0.1,0,0,0,dynamic_overlap_100d_4pct_hdd,100,69,1000000,5000,1.0,20,50000,health_ec,15.0,12.5,17.0,20.0,63.7,5.1,77.8,4011897,0.3,11897,0,4300,11897,10966,44,42,0,1139,2559,2559,5703,20.6,21.0,11677,9435,80.8
overlap_4pct,threshold_d2_a005,threshold_alpha,2,0.05,0,0,0,dynamic_overlap_100d_4pct_hdd,100,69,1000000,5000,1.0,20,50000,health_ec,15.0,12.5,17.0,20.0,63.6,5.2,80.4,4012525,0.3,12525,0,4379,12525,11594,42,39,0,1148,2559,2559,5858,20.8,21.3,12266,10024,81.7
overlap_4pct,vanilla_ec,baseline,,,,,,dynamic_overlap_100d_4pct_hdd,100,70,1000000,5000,1.0,20,50000,vanilla_ec,15.0,12.6,17.6,54.7,0.0,17.9,555.5,4000000,0.0,0,0,0,0,0,0,-1,-1,-1,-1,-1,0,62.9,63.6,-1,-1,-1.0
overlap_4pct,late_binding,baseline,,,,,,dynamic_overlap_100d_4pct_hdd,100,70,1000000,5000,1.0,20,50000,late_binding,15.0,10.8,14.4,23.4,57.2,10.0,209.8,5000000,25.0,1000000,150000,10060,1000000,797516,0,-1,-1,-1,-1,84,17289,26.1,27.1,-1,-1,-1.0
overlap_4pct,timeout_degraded_read,baseline,,,,,,dynamic_overlap_100d_4pct_hdd,100,70,1000000,5000,1.0,20,50000,timeout_degraded_read,15.0,12.6,17.5,27.4,50.0,17.2,213.1,4180791,4.5,180791,24095,8612,180791,22843,0,-1,-1,-1,84,84,10483,27.9,28.9,-1,-1,-1.0
overlap_4pct,t28_default,default,12,0.05,0,0,0,dynamic_overlap_100d_4pct_hdd,100,70,1000000,5000,1.0,20,50000,health_ec,15.0,12.5,17.1,21.2,61.2,7.3,132.0,4018279,0.5,18279,0,6660,18279,17139,6,6,0,1198,1779,1779,8298,23.0,24.5,17241,15224,88.3
overlap_4pct,migration_disabled,disabled,12,0.05,0,0,0,dynamic_overlap_100d_4pct_hdd,100,70,1000000,5000,1.0,20,50000,health_ec,15.0,12.5,17.3,24.3,55.6,10.6,170.5,4023242,0.6,23242,0,9036,23242,22077,0,0,0,1208,1779,1779,11015,24.3,27.3,22090,20063,90.8
overlap_4pct,threshold_d2_a010,threshold_alpha,2,0.1,0,0,0,dynamic_overlap_100d_4pct_hdd,100,70,1000000,5000,1.0,20,50000,health_ec,15.0,12.5,17.0,19.9,63.5,4.7,71.2,4011987,0.3,11987,0,4344,11987,11020,44,42,0,1135,1779,1779,5752,20.8,21.3,11565,9444,81.7
overlap_4pct,threshold_d2_a005,threshold_alpha,2,0.05,0,0,0,dynamic_overlap_100d_4pct_hdd,100,70,1000000,5000,1.0,20,50000,health_ec,15.0,12.5,17.0,20.0,63.4,4.8,74.4,4012611,0.3,12611,0,4394,12611,11632,42,40,0,1142,1779,1779,5876,21.0,21.5,12109,10017,82.7
overlap_4pct,vanilla_ec,baseline,,,,,,dynamic_overlap_100d_4pct_hdd,100,71,1000000,5000,1.0,20,50000,vanilla_ec,15.0,12.6,17.6,54.9,0.0,17.6,557.5,4000000,0.0,0,0,0,0,0,0,-1,-1,-1,-1,-1,0,63.5,64.0,-1,-1,-1.0
overlap_4pct,late_binding,baseline,,,,,,dynamic_overlap_100d_4pct_hdd,100,71,1000000,5000,1.0,20,50000,late_binding,15.0,10.8,14.4,23.5,57.3,9.8,214.1,5000000,25.0,1000000,150000,10041,1000000,798989,0,-1,-1,-1,-1,120,17336,26.5,27.3,-1,-1,-1.0
overlap_4pct,timeout_degraded_read,baseline,,,,,,dynamic_overlap_100d_4pct_hdd,100,71,1000000,5000,1.0,20,50000,timeout_degraded_read,15.0,12.6,17.5,27.4,50.1,16.8,217.8,4181453,4.5,181453,24431,8640,181453,22785,0,-1,-1,-1,120,120,10508,28.1,29.0,-1,-1,-1.0
overlap_4pct,t28_default,default,12,0.05,0,0,0,dynamic_overlap_100d_4pct_hdd,100,71,1000000,5000,1.0,20,50000,health_ec,15.0,12.5,17.1,21.4,61.1,7.1,136.0,4018417,0.5,18417,0,6761,18417,17218,6,6,0,1216,747,747,8482,23.5,24.7,17370,15255,87.8
overlap_4pct,migration_disabled,disabled,12,0.05,0,0,0,dynamic_overlap_100d_4pct_hdd,100,71,1000000,5000,1.0,20,50000,health_ec,15.0,12.5,17.3,24.4,55.5,10.2,173.8,4023423,0.6,23423,0,9181,23423,22205,0,0,0,1226,747,747,11218,24.6,27.6,22162,20115,90.8
overlap_4pct,threshold_d2_a010,threshold_alpha,2,0.1,0,0,0,dynamic_overlap_100d_4pct_hdd,100,71,1000000,5000,1.0,20,50000,health_ec,15.0,12.5,17.0,20.0,63.6,4.5,77.7,4012007,0.3,12007,0,4292,12007,11025,44,43,0,1153,747,747,5777,21.0,21.3,11648,9420,80.9
overlap_4pct,threshold_d2_a005,threshold_alpha,2,0.05,0,0,0,dynamic_overlap_100d_4pct_hdd,100,71,1000000,5000,1.0,20,50000,health_ec,15.0,12.5,17.0,20.1,63.4,4.6,81.5,4012586,0.3,12586,0,4392,12586,11601,41,40,0,1160,747,747,5936,21.0,21.3,12221,9969,81.6
stress_20pct,vanilla_ec,baseline,,,,,,dynamic_stress_100d_20pct_hdd,100,42,1000000,5000,1.0,20,50000,vanilla_ec,15.0,12.7,23.7,78.9,0.0,398.4,615.6,4000000,0.0,0,0,0,0,0,0,-1,-1,-1,-1,-1,0,39.9,99.4,-1,-1,-1.0
stress_20pct,late_binding,baseline,,,,,,dynamic_stress_100d_20pct_hdd,100,42,1000000,5000,1.0,20,50000,late_binding,15.0,10.9,19.4,64.3,18.5,334.5,469.8,5000000,25.0,1000000,150000,20872,1000000,796275,0,-1,-1,-1,-1,3,65463,32.6,75.9,-1,-1,-1.0
stress_20pct,timeout_degraded_read,baseline,,,,,,dynamic_stress_100d_20pct_hdd,100,42,1000000,5000,1.0,20,50000,timeout_degraded_read,15.0,12.7,22.8,67.1,14.9,332.8,472.0,4216869,5.4,216869,24130,17251,216869,33402,0,-1,-1,-1,3,3,25939,36.2,79.1,-1,-1,-1.0
stress_20pct,t28_default,default,12,0.05,0,0,0,dynamic_stress_100d_20pct_hdd,100,42,1000000,5000,1.0,20,50000,health_ec,15.0,12.7,19.7,63.0,20.1,279.1,451.1,4044050,1.1,44050,0,10338,44050,35650,21,21,0,5888,348,348,14332,35.9,75.6,37673,27199,72.2
stress_20pct,migration_disabled,disabled,12,0.05,0,0,0,dynamic_stress_100d_20pct_hdd,100,42,1000000,5000,1.0,20,50000,health_ec,15.0,12.7,21.3,65.9,16.5,314.1,461.3,4052296,1.3,52296,0,12927,52296,43007,0,0,0,5922,348,348,16916,36.1,77.3,42890,32394,75.5
stress_20pct,threshold_d2_a010,threshold_alpha,2,0.1,0,0,0,dynamic_stress_100d_20pct_hdd,100,42,1000000,5000,1.0,20,50000,health_ec,15.0,12.6,18.2,56.0,29.0,53.6,429.5,4027611,0.7,27611,0,7180,27611,22006,142,139,0,5631,348,348,10160,34.9,72.8,26039,15647,60.1
stress_20pct,threshold_d2_a005,threshold_alpha,2,0.05,0,0,0,dynamic_stress_100d_20pct_hdd,100,42,1000000,5000,1.0,20,50000,health_ec,15.0,12.6,18.3,57.3,27.3,94.9,432.5,4029941,0.7,29941,0,7542,29941,23811,124,120,0,5686,348,348,10593,35.0,73.2,27582,17230,62.5
stress_20pct,vanilla_ec,baseline,,,,,,dynamic_stress_100d_20pct_hdd,100,43,1000000,5000,1.0,20,50000,vanilla_ec,15.0,12.7,23.4,78.4,0.0,394.8,608.4,4000000,0.0,0,0,0,0,0,0,-1,-1,-1,-1,-1,0,39.8,98.1,-1,-1,-1.0
stress_20pct,late_binding,baseline,,,,,,dynamic_stress_100d_20pct_hdd,100,43,1000000,5000,1.0,20,50000,late_binding,15.0,10.9,19.2,64.2,18.2,332.0,467.2,5000000,25.0,1000000,150000,20426,1000000,796041,0,-1,-1,-1,-1,8,64756,32.5,75.4,-1,-1,-1.0
stress_20pct,timeout_degraded_read,baseline,,,,,,dynamic_stress_100d_20pct_hdd,100,43,1000000,5000,1.0,20,50000,timeout_degraded_read,15.0,12.7,22.6,66.9,14.6,330.4,469.2,4216572,5.4,216572,24335,16830,216572,33049,0,-1,-1,-1,8,8,25416,36.0,78.7,-1,-1,-1.0
stress_20pct,t28_default,default,12,0.05,0,0,0,dynamic_stress_100d_20pct_hdd,100,43,1000000,5000,1.0,20,50000,health_ec,15.0,12.7,19.5,62.7,20.0,273.2,448.0,4043052,1.1,43052,0,10272,43052,35162,21,21,0,5863,603,603,14201,36.0,75.7,36831,26729,72.6
stress_20pct,migration_disabled,disabled,12,0.05,0,0,0,dynamic_stress_100d_20pct_hdd,100,43,1000000,5000,1.0,20,50000,health_ec,15.0,12.7,21.2,65.6,16.4,310.9,457.8,4052362,1.3,52362,0,13003,52362,42986,0,0,0,5900,603,603,16970,36.5,77.1,42440,32284,76.1
stress_20pct,threshold_d2_a010,threshold_alpha,2,0.1,0,0,0,dynamic_stress_100d_20pct_hdd,100,43,1000000,5000,1.0,20,50000,health_ec,15.0,12.6,18.1,55.6,29.1,57.2,425.9,4027505,0.7,27505,0,7215,27505,21816,143,139,0,5614,603,603,10274,34.9,72.7,25532,15394,60.3
stress_20pct,threshold_d2_a005,threshold_alpha,2,0.05,0,0,0,dynamic_stress_100d_20pct_hdd,100,43,1000000,5000,1.0,20,50000,health_ec,15.0,12.6,18.3,57.1,27.2,92.2,429.6,4029761,0.7,29761,0,7546,29761,23768,124,124,0,5669,603,603,10687,35.0,73.1,27104,17039,62.9
stress_20pct,vanilla_ec,baseline,,,,,,dynamic_stress_100d_20pct_hdd,100,44,1000000,5000,1.0,20,50000,vanilla_ec,15.0,12.7,23.4,78.7,0.0,395.4,619.6,4000000,0.0,0,0,0,0,0,0,-1,-1,-1,-1,-1,0,39.9,98.6,-1,-1,-1.0
stress_20pct,late_binding,baseline,,,,,,dynamic_stress_100d_20pct_hdd,100,44,1000000,5000,1.0,20,50000,late_binding,15.0,10.9,19.2,64.2,18.4,331.4,467.7,5000000,25.0,1000000,150000,20592,1000000,796048,0,-1,-1,-1,-1,3,65105,32.5,75.7,-1,-1,-1.0
stress_20pct,timeout_degraded_read,baseline,,,,,,dynamic_stress_100d_20pct_hdd,100,44,1000000,5000,1.0,20,50000,timeout_degraded_read,15.0,12.7,22.6,67.0,14.9,330.6,469.7,4216677,5.4,216677,24274,17043,216677,33180,0,-1,-1,-1,3,16,25680,36.0,78.9,-1,-1,-1.0
stress_20pct,t28_default,default,12,0.05,0,0,0,dynamic_stress_100d_20pct_hdd,100,44,1000000,5000,1.0,20,50000,health_ec,15.0,12.7,19.5,62.8,20.2,273.8,447.7,4043323,1.1,43323,0,10647,43323,35419,20,19,0,5828,390,406,14649,35.8,76.1,36800,26587,72.2
stress_20pct,migration_disabled,disabled,12,0.05,0,0,0,dynamic_stress_100d_20pct_hdd,100,44,1000000,5000,1.0,20,50000,health_ec,15.0,12.7,21.2,65.7,16.5,311.6,458.5,4053104,1.3,53104,0,13762,53104,43621,0,0,0,5864,390,406,17818,36.2,77.6,42541,32286,75.9
stress_20pct,threshold_d2_a010,threshold_alpha,2,0.1,0,0,0,dynamic_stress_100d_20pct_hdd,100,44,1000000,5000,1.0,20,50000,health_ec,15.0,12.6,18.1,55.5,29.4,53.7,425.7,4027192,0.7,27192,0,7003,27192,21636,146,142,0,5576,390,406,9916,34.3,73.3,25445,15483,60.8
stress_20pct,threshold_d2_a005,threshold_alpha,2,0.05,0,0,0,dynamic_stress_100d_20pct_hdd,100,44,1000000,5000,1.0,20,50000,health_ec,15.0,12.6,18.2,56.7,27.9,76.1,428.7,4028863,0.7,28863,0,7199,28863,23019,129,127,0,5614,390,406,10152,34.5,73.7,26656,16644,62.4
stress_20pct,vanilla_ec,baseline,,,,,,dynamic_stress_100d_20pct_hdd,100,45,1000000,5000,1.0,20,50000,vanilla_ec,15.0,12.7,23.7,78.5,0.0,396.0,610.9,4000000,0.0,0,0,0,0,0,0,-1,-1,-1,-1,-1,0,39.9,99.2,-1,-1,-1.0
stress_20pct,late_binding,baseline,,,,,,dynamic_stress_100d_20pct_hdd,100,45,1000000,5000,1.0,20,50000,late_binding,15.0,10.9,19.4,64.1,18.4,332.9,467.8,5000000,25.0,1000000,150000,20879,1000000,795843,0,-1,-1,-1,-1,4,65055,32.6,75.6,-1,-1,-1.0
stress_20pct,timeout_degraded_read,baseline,,,,,,dynamic_stress_100d_20pct_hdd,100,45,1000000,5000,1.0,20,50000,timeout_degraded_read,15.0,12.7,22.8,66.9,14.8,331.6,469.0,4216705,5.4,216705,24045,17364,216705,33179,0,-1,-1,-1,4,39,26030,36.0,78.8,-1,-1,-1.0
stress_20pct,t28_default,default,12,0.05,0,0,0,dynamic_stress_100d_20pct_hdd,100,45,1000000,5000,1.0,20,50000,health_ec,15.0,12.7,19.7,63.0,19.8,279.2,449.0,4044640,1.1,44640,0,10935,44640,35978,20,20,0,6032,146,146,14977,35.9,75.7,37658,27051,71.8
stress_20pct,migration_disabled,disabled,12,0.05,0,0,0,dynamic_stress_100d_20pct_hdd,100,45,1000000,5000,1.0,20,50000,health_ec,15.0,12.7,21.4,65.7,16.4,312.8,458.5,4052842,1.3,52842,0,13620,52842,43258,0,0,0,6066,146,146,17717,36.2,77.3,42793,32126,75.1
stress_20pct,threshold_d2_a010,threshold_alpha,2,0.1,0,0,0,dynamic_stress_100d_20pct_hdd,100,45,1000000,5000,1.0,20,50000,health_ec,15.0,12.6,18.2,56.3,28.3,55.7,428.2,4027232,0.7,27232,0,7280,27232,21654,141,134,0,5793,146,146,10284,35.1,73.0,25940,15322,59.1
stress_20pct,threshold_d2_a005,threshold_alpha,2,0.05,0,0,0,dynamic_stress_100d_20pct_hdd,100,45,1000000,5000,1.0,20,50000,health_ec,15.0,12.6,18.3,57.3,27.1,91.6,430.8,4028765,0.7,28765,0,7466,28765,22829,124,124,0,5829,146,146,10475,35.2,73.5,26937,16297,60.5
stress_20pct,vanilla_ec,baseline,,,,,,dynamic_stress_100d_20pct_hdd,100,46,1000000,5000,1.0,20,50000,vanilla_ec,15.0,12.7,23.7,78.7,0.0,396.1,609.9,4000000,0.0,0,0,0,0,0,0,-1,-1,-1,-1,-1,0,39.8,98.0,-1,-1,-1.0
stress_20pct,late_binding,baseline,,,,,,dynamic_stress_100d_20pct_hdd,100,46,1000000,5000,1.0,20,50000,late_binding,15.0,10.9,19.3,64.1,18.6,331.9,467.3,5000000,25.0,1000000,150000,20472,1000000,795818,0,-1,-1,-1,-1,1,64800,32.5,75.6,-1,-1,-1.0
stress_20pct,timeout_degraded_read,baseline,,,,,,dynamic_stress_100d_20pct_hdd,100,46,1000000,5000,1.0,20,50000,timeout_degraded_read,15.0,12.7,22.8,67.0,14.9,331.1,469.1,4217086,5.4,217086,24428,16962,217086,33458,0,-1,-1,-1,1,42,25663,36.1,78.8,-1,-1,-1.0
stress_20pct,t28_default,default,12,0.05,0,0,0,dynamic_stress_100d_20pct_hdd,100,46,1000000,5000,1.0,20,50000,health_ec,15.0,12.7,19.5,62.7,20.3,275.0,447.4,4043719,1.1,43719,0,10600,43719,35646,21,21,0,5931,735,735,14613,36.1,75.7,37194,26888,72.3
stress_20pct,migration_disabled,disabled,12,0.05,0,0,0,dynamic_stress_100d_20pct_hdd,100,46,1000000,5000,1.0,20,50000,health_ec,15.0,12.7,21.3,65.7,16.5,312.5,458.6,4052899,1.3,52899,0,13248,52899,43453,0,0,0,5968,735,735,17311,36.4,77.4,42845,32512,75.9
stress_20pct,threshold_d2_a010,threshold_alpha,2,0.1,0,0,0,dynamic_stress_100d_20pct_hdd,100,46,1000000,5000,1.0,20,50000,health_ec,15.0,12.6,18.2,56.0,28.9,53.3,426.4,4028149,0.7,28149,0,7372,28149,22296,149,142,0,5685,735,735,10612,35.1,72.8,26167,15830,60.5
stress_20pct,threshold_d2_a005,threshold_alpha,2,0.05,0,0,0,dynamic_stress_100d_20pct_hdd,100,46,1000000,5000,1.0,20,50000,health_ec,15.0,12.6,18.3,57.3,27.2,85.0,429.5,4029842,0.7,29842,0,7588,29842,23776,126,121,0,5728,735,735,10635,35.2,73.2,27295,17017,62.3
stress_20pct,vanilla_ec,baseline,,,,,,dynamic_stress_100d_20pct_hdd,100,47,1000000,5000,1.0,20,50000,vanilla_ec,15.0,12.7,23.6,78.7,0.0,395.1,615.2,4000000,0.0,0,0,0,0,0,0,-1,-1,-1,-1,-1,0,39.9,98.4,-1,-1,-1.0
stress_20pct,late_binding,baseline,,,,,,dynamic_stress_100d_20pct_hdd,100,47,1000000,5000,1.0,20,50000,late_binding,15.0,10.9,19.3,64.1,18.5,332.8,467.8,5000000,25.0,1000000,150000,20694,1000000,796126,0,-1,-1,-1,-1,17,65115,32.6,75.3,-1,-1,-1.0
stress_20pct,timeout_degraded_read,baseline,,,,,,dynamic_stress_100d_20pct_hdd,100,47,1000000,5000,1.0,20,50000,timeout_degraded_read,15.0,12.7,22.7,67.0,14.8,331.8,471.0,4216324,5.4,216324,24012,17119,216324,33257,0,-1,-1,-1,17,38,25750,36.3,78.8,-1,-1,-1.0
stress_20pct,t28_default,default,12,0.05,0,0,0,dynamic_stress_100d_20pct_hdd,100,47,1000000,5000,1.0,20,50000,health_ec,15.0,12.7,19.6,62.9,20.0,274.7,448.9,4044355,1.1,44355,0,10623,44355,35871,20,20,0,5933,464,464,14576,36.0,75.6,37362,27170,72.7
stress_20pct,migration_disabled,disabled,12,0.05,0,0,0,dynamic_stress_100d_20pct_hdd,100,47,1000000,5000,1.0,20,50000,health_ec,15.0,12.7,21.2,65.7,16.5,311.6,458.4,4052642,1.3,52642,0,12924,52642,43232,0,0,0,5966,464,464,16995,36.4,77.1,42715,32500,76.1
stress_20pct,threshold_d2_a010,threshold_alpha,2,0.1,0,0,0,dynamic_stress_100d_20pct_hdd,100,47,1000000,5000,1.0,20,50000,health_ec,15.0,12.6,18.2,55.7,29.2,64.4,426.1,4027492,0.7,27492,0,7169,27492,21862,150,145,0,5678,464,464,10285,34.9,72.3,25704,15570,60.6
stress_20pct,threshold_d2_a005,threshold_alpha,2,0.05,0,0,0,dynamic_stress_100d_20pct_hdd,100,47,1000000,5000,1.0,20,50000,health_ec,15.0,12.6,18.3,57.0,27.5,81.9,429.6,4029450,0.7,29450,0,7505,29450,23305,124,121,0,5731,464,464,10456,35.1,72.9,26913,16671,61.9
stress_20pct,vanilla_ec,baseline,,,,,,dynamic_stress_100d_20pct_hdd,100,48,1000000,5000,1.0,20,50000,vanilla_ec,15.0,12.7,23.8,78.7,0.0,396.7,609.4,4000000,0.0,0,0,0,0,0,0,-1,-1,-1,-1,-1,0,39.8,98.2,-1,-1,-1.0
stress_20pct,late_binding,baseline,,,,,,dynamic_stress_100d_20pct_hdd,100,48,1000000,5000,1.0,20,50000,late_binding,15.0,10.9,19.4,64.2,18.5,333.1,469.9,5000000,25.0,1000000,150000,20856,1000000,796252,0,-1,-1,-1,-1,7,65206,32.7,75.6,-1,-1,-1.0
stress_20pct,timeout_degraded_read,baseline,,,,,,dynamic_stress_100d_20pct_hdd,100,48,1000000,5000,1.0,20,50000,timeout_degraded_read,15.0,12.7,22.8,67.1,14.8,331.3,470.4,4217180,5.4,217180,24350,17368,217180,33440,0,-1,-1,-1,7,26,26106,36.2,78.9,-1,-1,-1.0
stress_20pct,t28_default,default,12,0.05,0,0,0,dynamic_stress_100d_20pct_hdd,100,48,1000000,5000,1.0,20,50000,health_ec,15.0,12.7,19.5,62.8,20.2,276.9,450.6,4043354,1.1,43354,0,10638,43354,35422,22,21,0,5941,242,242,14459,36.6,75.7,37456,26887,71.8
stress_20pct,migration_disabled,disabled,12,0.05,0,0,0,dynamic_stress_100d_20pct_hdd,100,48,1000000,5000,1.0,20,50000,health_ec,15.0,12.7,21.3,65.8,16.4,312.6,461.3,4052465,1.3,52465,0,13384,52465,43037,0,0,0,5978,242,242,17279,36.8,77.2,42915,32277,75.2
stress_20pct,threshold_d2_a010,threshold_alpha,2,0.1,0,0,0,dynamic_stress_100d_20pct_hdd,100,48,1000000,5000,1.0,20,50000,health_ec,15.0,12.6,18.2,55.9,29.0,59.8,428.7,4027464,0.7,27464,0,7349,27464,21993,148,134,0,5710,242,242,10376,35.4,72.5,26140,15618,59.7
stress_20pct,threshold_d2_a005,threshold_alpha,2,0.05,0,0,0,dynamic_stress_100d_20pct_hdd,100,48,1000000,5000,1.0,20,50000,health_ec,15.0,12.6,18.3,56.8,27.8,90.2,431.1,4029424,0.7,29424,0,7563,29424,23522,135,131,0,5740,242,242,10505,35.4,72.8,27522,17008,61.8
stress_20pct,vanilla_ec,baseline,,,,,,dynamic_stress_100d_20pct_hdd,100,49,1000000,5000,1.0,20,50000,vanilla_ec,15.0,12.7,23.5,79.1,0.0,396.3,618.5,4000000,0.0,0,0,0,0,0,0,-1,-1,-1,-1,-1,0,39.7,99.8,-1,-1,-1.0
stress_20pct,late_binding,baseline,,,,,,dynamic_stress_100d_20pct_hdd,100,49,1000000,5000,1.0,20,50000,late_binding,15.0,10.9,19.2,64.5,18.4,334.1,469.3,5000000,25.0,1000000,150000,20718,1000000,796114,0,-1,-1,-1,-1,3,65292,32.5,75.8,-1,-1,-1.0
stress_20pct,timeout_degraded_read,baseline,,,,,,dynamic_stress_100d_20pct_hdd,100,49,1000000,5000,1.0,20,50000,timeout_degraded_read,15.0,12.7,22.6,67.3,14.9,333.3,471.7,4216250,5.4,216250,24215,17205,216250,33479,0,-1,-1,-1,3,3,25840,36.0,79.1,-1,-1,-1.0
stress_20pct,t28_default,default,12,0.05,0,0,0,dynamic_stress_100d_20pct_hdd,100,49,1000000,5000,1.0,20,50000,health_ec,15.0,12.7,19.5,63.1,20.1,277.4,449.5,4043192,1.1,43192,0,10437,43192,35387,20,20,0,5926,197,197,14447,36.1,75.7,37003,26674,72.1
stress_20pct,migration_disabled,disabled,12,0.05,0,0,0,dynamic_stress_100d_20pct_hdd,100,49,1000000,5000,1.0,20,50000,health_ec,15.0,12.7,21.2,66.1,16.4,314.5,460.9,4052558,1.3,52558,0,13074,52558,43278,0,0,0,5962,197,197,17237,36.2,77.6,42693,32287,75.6
stress_20pct,threshold_d2_a010,threshold_alpha,2,0.1,0,0,0,dynamic_stress_100d_20pct_hdd,100,49,1000000,5000,1.0,20,50000,health_ec,15.0,12.6,18.1,56.1,29.0,50.5,426.8,4027429,0.7,27429,0,7061,27429,22023,147,139,0,5682,197,197,10197,35.0,72.7,25656,15587,60.8
stress_20pct,threshold_d2_a005,threshold_alpha,2,0.05,0,0,0,dynamic_stress_100d_20pct_hdd,100,49,1000000,5000,1.0,20,50000,health_ec,15.0,12.6,18.2,57.2,27.6,73.5,430.2,4029224,0.7,29224,0,7392,29224,23385,128,124,0,5713,197,197,10493,35.3,73.1,26816,16706,62.3
stress_20pct,vanilla_ec,baseline,,,,,,dynamic_stress_100d_20pct_hdd,100,50,1000000,5000,1.0,20,50000,vanilla_ec,15.0,12.7,23.5,78.7,0.0,393.6,616.1,4000000,0.0,0,0,0,0,0,0,-1,-1,-1,-1,-1,0,39.7,99.7,-1,-1,-1.0
stress_20pct,late_binding,baseline,,,,,,dynamic_stress_100d_20pct_hdd,100,50,1000000,5000,1.0,20,50000,late_binding,15.0,10.9,19.2,64.0,18.7,331.0,468.6,5000000,25.0,1000000,150000,20735,1000000,796958,0,-1,-1,-1,-1,1,65043,32.7,75.7,-1,-1,-1.0
stress_20pct,timeout_degraded_read,baseline,,,,,,dynamic_stress_100d_20pct_hdd,100,50,1000000,5000,1.0,20,50000,timeout_degraded_read,15.0,12.7,22.6,66.8,15.0,329.7,471.9,4217139,5.4,217139,24316,17260,217139,33005,0,-1,-1,-1,1,1,25833,36.1,79.3,-1,-1,-1.0
stress_20pct,t28_default,default,12,0.05,0,0,0,dynamic_stress_100d_20pct_hdd,100,50,1000000,5000,1.0,20,50000,health_ec,15.0,12.7,19.5,62.6,20.4,272.8,448.0,4043423,1.1,43423,0,10516,43423,35484,21,21,0,5965,718,718,14448,36.2,75.5,37238,26756,71.9
stress_20pct,migration_disabled,disabled,12,0.05,0,0,0,dynamic_stress_100d_20pct_hdd,100,50,1000000,5000,1.0,20,50000,health_ec,15.0,12.7,21.2,65.5,16.8,310.7,458.3,4052562,1.3,52562,0,13352,52562,43051,0,0,0,6000,718,718,17405,36.5,77.4,42501,31985,75.3
stress_20pct,threshold_d2_a010,threshold_alpha,2,0.1,0,0,0,dynamic_stress_100d_20pct_hdd,100,50,1000000,5000,1.0,20,50000,health_ec,15.0,12.6,18.2,55.3,29.7,51.9,426.2,4027277,0.7,27277,0,7298,27277,21908,144,138,0,5722,718,718,10239,35.0,72.3,25800,15408,59.7
stress_20pct,threshold_d2_a005,threshold_alpha,2,0.05,0,0,0,dynamic_stress_100d_20pct_hdd,100,50,1000000,5000,1.0,20,50000,health_ec,15.0,12.6,18.3,56.7,28.0,82.8,429.8,4029303,0.7,29303,0,7471,29303,23400,122,120,0,5763,718,718,10429,35.1,72.8,27259,16776,61.5
stress_20pct,vanilla_ec,baseline,,,,,,dynamic_stress_100d_20pct_hdd,100,51,1000000,5000,1.0,20,50000,vanilla_ec,15.0,12.7,23.4,78.7,0.0,394.1,612.0,4000000,0.0,0,0,0,0,0,0,-1,-1,-1,-1,-1,0,39.9,98.7,-1,-1,-1.0
stress_20pct,late_binding,baseline,,,,,,dynamic_stress_100d_20pct_hdd,100,51,1000000,5000,1.0,20,50000,late_binding,15.0,10.9,19.2,64.1,18.5,331.8,466.8,5000000,25.0,1000000,150000,20624,1000000,796511,0,-1,-1,-1,-1,8,64955,32.6,75.3,-1,-1,-1.0
stress_20pct,timeout_degraded_read,baseline,,,,,,dynamic_stress_100d_20pct_hdd,100,51,1000000,5000,1.0,20,50000,timeout_degraded_read,15.0,12.7,22.6,67.0,14.9,330.2,470.4,4217110,5.4,217110,24297,17100,217110,32936,0,-1,-1,-1,8,8,25790,36.2,78.9,-1,-1,-1.0
stress_20pct,t28_default,default,12,0.05,0,0,0,dynamic_stress_100d_20pct_hdd,100,51,1000000,5000,1.0,20,50000,health_ec,15.0,12.7,19.5,62.9,20.1,275.2,447.9,4043730,1.1,43730,0,10696,43730,35783,23,23,0,5766,326,326,14642,35.9,75.4,37104,26842,72.3
stress_20pct,migration_disabled,disabled,12,0.05,0,0,0,dynamic_stress_100d_20pct_hdd,100,51,1000000,5000,1.0,20,50000,health_ec,15.0,12.7,21.2,65.7,16.5,311.5,457.8,4052486,1.3,52486,0,13194,52486,43218,0,0,0,5802,326,326,17234,36.0,76.8,42421,32143,75.8
stress_20pct,threshold_d2_a010,threshold_alpha,2,0.1,0,0,0,dynamic_stress_100d_20pct_hdd,100,51,1000000,5000,1.0,20,50000,health_ec,15.0,12.6,18.1,55.4,29.7,50.0,424.7,4026835,0.7,26835,0,7165,26835,21484,146,140,0,5511,326,326,10159,35.0,72.0,25382,15128,59.6
stress_20pct,threshold_d2_a005,threshold_alpha,2,0.05,0,0,0,dynamic_stress_100d_20pct_hdd,100,51,1000000,5000,1.0,20,50000,health_ec,15.0,12.6,18.3,56.7,28.0,91.1,428.3,4029215,0.7,29215,0,7492,29215,23402,131,128,0,5555,326,326,10526,35.2,72.7,26920,16687,62.0
stress_20pct,vanilla_ec,baseline,,,,,,dynamic_stress_100d_20pct_hdd,100,52,1000000,5000,1.0,20,50000,vanilla_ec,15.0,12.7,23.3,78.4,0.0,393.2,606.1,4000000,0.0,0,0,0,0,0,0,-1,-1,-1,-1,-1,0,39.9,98.1,-1,-1,-1.0
stress_20pct,late_binding,baseline,,,,,,dynamic_stress_100d_20pct_hdd,100,52,1000000,5000,1.0,20,50000,late_binding,15.0,10.9,19.1,64.0,18.4,330.9,468.5,5000000,25.0,1000000,150000,20740,1000000,796546,0,-1,-1,-1,-1,14,65133,32.7,75.6,-1,-1,-1.0
stress_20pct,timeout_degraded_read,baseline,,,,,,dynamic_stress_100d_20pct_hdd,100,52,1000000,5000,1.0,20,50000,timeout_degraded_read,15.0,12.7,22.5,66.8,14.9,329.3,471.4,4216613,5.4,216613,24278,17279,216613,32837,0,-1,-1,-1,14,15,25837,36.2,79.1,-1,-1,-1.0
stress_20pct,t28_default,default,12,0.05,0,0,0,dynamic_stress_100d_20pct_hdd,100,52,1000000,5000,1.0,20,50000,health_ec,15.0,12.7,19.6,62.8,20.0,274.8,449.5,4043271,1.1,43271,0,10142,43271,35069,20,20,0,5856,259,259,13932,35.8,76.1,37237,26796,72.0
stress_20pct,migration_disabled,disabled,12,0.05,0,0,0,dynamic_stress_100d_20pct_hdd,100,52,1000000,5000,1.0,20,50000,health_ec,15.0,12.7,21.2,65.6,16.4,310.2,459.8,4051309,1.3,51309,0,12550,51309,42136,0,0,0,5892,259,259,16491,36.2,77.7,42280,31765,75.1
stress_20pct,threshold_d2_a010,threshold_alpha,2,0.1,0,0,0,dynamic_stress_100d_20pct_hdd,100,52,1000000,5000,1.0,20,50000,health_ec,15.0,12.6,18.1,55.3,29.5,49.4,426.1,4026616,0.7,26616,0,6937,26616,21221,151,146,0,5598,259,259,9791,35.0,72.8,25323,15056,59.5
stress_20pct,threshold_d2_a005,threshold_alpha,2,0.05,0,0,0,dynamic_stress_100d_20pct_hdd,100,52,1000000,5000,1.0,20,50000,health_ec,15.0,12.6,18.2,56.6,27.8,66.9,429.1,4028590,0.7,28590,0,7334,28590,22839,132,131,0,5642,259,259,10244,35.1,73.1,26749,16339,61.1
stress_20pct,vanilla_ec,baseline,,,,,,dynamic_stress_100d_20pct_hdd,100,53,1000000,5000,1.0,20,50000,vanilla_ec,15.0,12.7,23.0,78.4,0.0,390.7,615.3,4000000,0.0,0,0,0,0,0,0,-1,-1,-1,-1,-1,0,39.8,99.7,-1,-1,-1.0
stress_20pct,late_binding,baseline,,,,,,dynamic_stress_100d_20pct_hdd,100,53,1000000,5000,1.0,20,50000,late_binding,15.0,10.9,18.9,63.8,18.6,328.1,467.9,5000000,25.0,1000000,150000,20688,1000000,796015,0,-1,-1,-1,-1,16,64803,32.4,75.5,-1,-1,-1.0
stress_20pct,timeout_degraded_read,baseline,,,,,,dynamic_stress_100d_20pct_hdd,100,53,1000000,5000,1.0,20,50000,timeout_degraded_read,15.0,12.7,22.3,66.7,14.9,327.3,470.0,4216383,5.4,216383,24278,17113,216383,32756,0,-1,-1,-1,16,16,25653,36.1,79.0,-1,-1,-1.0
stress_20pct,t28_default,default,12,0.05,0,0,0,dynamic_stress_100d_20pct_hdd,100,53,1000000,5000,1.0,20,50000,health_ec,15.0,12.7,19.5,62.3,20.5,270.6,448.0,4043263,1.1,43263,0,10482,43263,35022,20,20,0,5811,953,1120,14452,36.0,75.1,36771,26412,71.8
stress_20pct,migration_disabled,disabled,12,0.05,0,0,0,dynamic_stress_100d_20pct_hdd,100,53,1000000,5000,1.0,20,50000,health_ec,15.0,12.7,21.0,65.4,16.6,308.8,459.5,4051111,1.3,51111,0,12851,51111,41957,0,0,0,5846,953,1120,16798,36.4,76.9,41924,31479,75.1
stress_20pct,threshold_d2_a010,threshold_alpha,2,0.1,0,0,0,dynamic_stress_100d_20pct_hdd,100,53,1000000,5000,1.0,20,50000,health_ec,15.0,12.6,18.1,54.9,29.9,55.0,425.6,4026892,0.7,26892,0,7160,26892,21492,150,146,0,5564,953,1120,10019,35.0,72.1,25572,15211,59.5
stress_20pct,threshold_d2_a005,threshold_alpha,2,0.05,0,0,0,dynamic_stress_100d_20pct_hdd,100,53,1000000,5000,1.0,20,50000,health_ec,15.0,12.6,18.3,56.2,28.3,87.3,428.3,4029149,0.7,29149,0,7335,29149,23137,133,130,0,5599,953,1120,10207,35.1,72.5,26983,16676,61.8
stress_20pct,vanilla_ec,baseline,,,,,,dynamic_stress_100d_20pct_hdd,100,54,1000000,5000,1.0,20,50000,vanilla_ec,15.0,12.7,23.5,78.5,0.0,394.0,612.1,4000000,0.0,0,0,0,0,0,0,-1,-1,-1,-1,-1,0,39.6,99.3,-1,-1,-1.0
stress_20pct,late_binding,baseline,,,,,,dynamic_stress_100d_20pct_hdd,100,54,1000000,5000,1.0,20,50000,late_binding,15.0,10.9,19.2,64.0,18.5,331.8,468.9,5000000,25.0,1000000,150000,20672,1000000,795696,0,-1,-1,-1,-1,21,65289,32.5,75.6,-1,-1,-1.0
stress_20pct,timeout_degraded_read,baseline,,,,,,dynamic_stress_100d_20pct_hdd,100,54,1000000,5000,1.0,20,50000,timeout_degraded_read,15.0,12.7,22.7,66.8,14.9,330.4,470.1,4216729,5.4,216729,24333,17209,216729,33239,0,-1,-1,-1,21,28,25753,36.0,79.0,-1,-1,-1.0
stress_20pct,t28_default,default,12,0.05,0,0,0,dynamic_stress_100d_20pct_hdd,100,54,1000000,5000,1.0,20,50000,health_ec,15.0,12.7,19.6,62.7,20.1,276.4,448.7,4043952,1.1,43952,0,10370,43952,35579,20,20,0,5834,376,376,14240,35.7,75.6,37391,27148,72.6
stress_20pct,migration_disabled,disabled,12,0.05,0,0,0,dynamic_stress_100d_20pct_hdd,100,54,1000000,5000,1.0,20,50000,health_ec,15.0,12.7,21.2,65.5,16.5,311.2,458.7,4052747,1.3,52747,0,13353,52747,43302,0,0,0,5868,376,376,17328,35.9,77.3,42569,32313,75.9
stress_20pct,threshold_d2_a010,threshold_alpha,2,0.1,0,0,0,dynamic_stress_100d_20pct_hdd,100,54,1000000,5000,1.0,20,50000,health_ec,15.0,12.6,18.1,55.5,29.3,51.9,425.5,4027080,0.7,27080,0,7034,27080,21539,146,144,0,5578,376,376,10047,34.8,72.2,25557,15282,59.8
stress_20pct,threshold_d2_a005,threshold_alpha,2,0.05,0,0,0,dynamic_stress_100d_20pct_hdd,100,54,1000000,5000,1.0,20,50000,health_ec,15.0,12.6,18.2,56.6,27.9,82.2,428.2,4028491,0.7,28491,0,7214,28491,22815,130,127,0,5623,376,376,10130,34.8,72.4,26562,16354,61.6
stress_20pct,vanilla_ec,baseline,,,,,,dynamic_stress_100d_20pct_hdd,100,55,1000000,5000,1.0,20,50000,vanilla_ec,15.0,12.7,23.5,78.5,0.0,394.7,611.1,4000000,0.0,0,0,0,0,0,0,-1,-1,-1,-1,-1,0,39.8,99.2,-1,-1,-1.0
stress_20pct,late_binding,baseline,,,,,,dynamic_stress_100d_20pct_hdd,100,55,1000000,5000,1.0,20,50000,late_binding,15.0,10.9,19.2,64.1,18.3,332.2,467.6,5000000,25.0,1000000,150000,20869,1000000,796378,0,-1,-1,-1,-1,18,65313,32.5,75.6,-1,-1,-1.0
stress_20pct,timeout_degraded_read,baseline,,,,,,dynamic_stress_100d_20pct_hdd,100,55,1000000,5000,1.0,20,50000,timeout_degraded_read,15.0,12.7,22.7,66.9,14.7,329.5,469.8,4217276,5.4,217276,24352,17213,217276,33138,0,-1,-1,-1,18,18,25887,36.1,79.1,-1,-1,-1.0
stress_20pct,t28_default,default,12,0.05,0,0,0,dynamic_stress_100d_20pct_hdd,100,55,1000000,5000,1.0,20,50000,health_ec,15.0,12.7,19.7,63.1,19.6,278.2,449.0,4045242,1.1,45242,0,11011,45242,36543,21,21,0,5862,1432,1432,15104,36.0,76.0,37531,27531,73.4
stress_20pct,migration_disabled,disabled,12,0.05,0,0,0,dynamic_stress_100d_20pct_hdd,100,55,1000000,5000,1.0,20,50000,health_ec,15.0,12.7,21.2,65.7,16.3,310.9,458.4,4053049,1.3,53049,0,13518,53049,43424,0,0,0,5896,1432,1432,17604,36.3,77.6,42378,32294,76.2
stress_20pct,threshold_d2_a010,threshold_alpha,2,0.1,0,0,0,dynamic_stress_100d_20pct_hdd,100,55,1000000,5000,1.0,20,50000,health_ec,15.0,12.6,18.2,55.8,28.9,53.2,424.9,4028290,0.7,28290,0,7427,28290,22444,147,142,0,5613,1432,1432,10433,35.0,72.4,25821,15919,61.7
stress_20pct,threshold_d2_a005,threshold_alpha,2,0.05,0,0,0,dynamic_stress_100d_20pct_hdd,100,55,1000000,5000,1.0,20,50000,health_ec,15.0,12.6,18.3,57.3,26.9,88.2,429.0,4030459,0.8,30459,0,7947,30459,24232,121,118,0,5668,1432,1432,11092,35.2,72.8,27187,17280,63.6
stress_20pct,vanilla_ec,baseline,,,,,,dynamic_stress_100d_20pct_hdd,100,56,1000000,5000,1.0,20,50000,vanilla_ec,15.0,12.7,23.3,78.7,0.0,394.9,614.1,4000000,0.0,0,0,0,0,0,0,-1,-1,-1,-1,-1,0,40.1,98.6,-1,-1,-1.0
stress_20pct,late_binding,baseline,,,,,,dynamic_stress_100d_20pct_hdd,100,56,1000000,5000,1.0,20,50000,late_binding,15.0,10.9,19.0,64.1,18.6,330.4,467.7,5000000,25.0,1000000,150000,20693,1000000,795604,0,-1,-1,-1,-1,15,64893,32.5,75.6,-1,-1,-1.0
stress_20pct,timeout_degraded_read,baseline,,,,,,dynamic_stress_100d_20pct_hdd,100,56,1000000,5000,1.0,20,50000,timeout_degraded_read,15.0,12.7,22.5,67.0,14.9,329.9,470.7,4216371,5.4,216371,24156,17083,216371,33122,0,-1,-1,-1,15,15,25776,36.0,79.0,-1,-1,-1.0
stress_20pct,t28_default,default,12,0.05,0,0,0,dynamic_stress_100d_20pct_hdd,100,56,1000000,5000,1.0,20,50000,health_ec,15.0,12.7,19.4,62.8,20.3,276.0,449.8,4043151,1.1,43151,0,10718,43151,35273,22,22,0,5902,1823,1823,14683,36.2,76.0,36947,26480,71.7
stress_20pct,migration_disabled,disabled,12,0.05,0,0,0,dynamic_stress_100d_20pct_hdd,100,56,1000000,5000,1.0,20,50000,health_ec,15.0,12.7,21.1,65.8,16.5,310.6,459.7,4052230,1.3,52230,0,13519,52230,42929,0,0,0,5936,1823,1823,17515,36.6,77.5,42360,31839,75.2
stress_20pct,threshold_d2_a010,threshold_alpha,2,0.1,0,0,0,dynamic_stress_100d_20pct_hdd,100,56,1000000,5000,1.0,20,50000,health_ec,15.0,12.6,18.1,55.6,29.4,51.8,428.4,4027337,0.7,27337,0,7182,27337,21778,150,148,0,5647,1823,1823,10189,35.2,72.9,25917,15399,59.4
stress_20pct,threshold_d2_a005,threshold_alpha,2,0.05,0,0,0,dynamic_stress_100d_20pct_hdd,100,56,1000000,5000,1.0,20,50000,health_ec,15.0,12.6,18.2,56.9,27.7,85.2,432.9,4028644,0.7,28644,0,7437,28644,23142,130,128,0,5697,1823,1823,10571,35.4,73.3,27067,16462,60.8
stress_20pct,vanilla_ec,baseline,,,,,,dynamic_stress_100d_20pct_hdd,100,57,1000000,5000,1.0,20,50000,vanilla_ec,15.0,12.7,23.5,78.5,0.0,395.5,610.5,4000000,0.0,0,0,0,0,0,0,-1,-1,-1,-1,-1,0,39.8,98.7,-1,-1,-1.0
stress_20pct,late_binding,baseline,,,,,,dynamic_stress_100d_20pct_hdd,100,57,1000000,5000,1.0,20,50000,late_binding,15.0,10.9,19.3,64.2,18.2,331.7,469.6,5000000,25.0,1000000,150000,20996,1000000,796211,0,-1,-1,-1,-1,6,65385,32.6,75.9,-1,-1,-1.0
stress_20pct,timeout_degraded_read,baseline,,,,,,dynamic_stress_100d_20pct_hdd,100,57,1000000,5000,1.0,20,50000,timeout_degraded_read,15.0,12.7,22.6,67.1,14.5,331.5,471.1,4217249,5.4,217249,24491,17335,217249,32795,0,-1,-1,-1,6,7,25966,36.0,79.2,-1,-1,-1.0
stress_20pct,t28_default,default,12,0.05,0,0,0,dynamic_stress_100d_20pct_hdd,100,57,1000000,5000,1.0,20,50000,health_ec,15.0,12.7,19.5,62.7,20.1,273.1,450.1,4042840,1.1,42840,0,10284,42840,34929,20,20,0,5842,2019,2185,14061,36.1,75.8,36939,26569,71.9
stress_20pct,migration_disabled,disabled,12,0.05,0,0,0,dynamic_stress_100d_20pct_hdd,100,57,1000000,5000,1.0,20,50000,health_ec,15.0,12.7,21.2,65.9,16.0,311.2,460.4,4052026,1.3,52026,0,12961,52026,42655,0,0,0,5878,2019,2185,16809,36.3,77.5,42484,32064,75.5
stress_20pct,threshold_d2_a010,threshold_alpha,2,0.1,0,0,0,dynamic_stress_100d_20pct_hdd,100,57,1000000,5000,1.0,20,50000,health_ec,15.0,12.6,18.2,55.8,28.8,61.7,429.0,4027071,0.7,27071,0,7124,27071,21499,151,146,0,5590,2019,2185,9952,35.1,73.2,25811,15366,59.5
stress_20pct,threshold_d2_a005,threshold_alpha,2,0.05,0,0,0,dynamic_stress_100d_20pct_hdd,100,57,1000000,5000,1.0,20,50000,health_ec,15.0,12.6,18.2,56.8,27.6,88.9,431.4,4028303,0.7,28303,0,7246,28303,22543,126,121,0,5630,2019,2185,9969,35.3,73.3,26579,16280,61.3
stress_20pct,vanilla_ec,baseline,,,,,,dynamic_stress_100d_20pct_hdd,100,58,1000000,5000,1.0,20,50000,vanilla_ec,15.0,12.7,23.4,78.5,0.0,393.7,610.9,4000000,0.0,0,0,0,0,0,0,-1,-1,-1,-1,-1,0,39.7,98.1,-1,-1,-1.0
stress_20pct,late_binding,baseline,,,,,,dynamic_stress_100d_20pct_hdd,100,58,1000000,5000,1.0,20,50000,late_binding,15.0,10.9,19.2,64.0,18.4,332.1,466.0,5000000,25.0,1000000,150000,20566,1000000,796337,0,-1,-1,-1,-1,10,65265,32.5,75.4,-1,-1,-1.0
stress_20pct,timeout_degraded_read,baseline,,,,,,dynamic_stress_100d_20pct_hdd,100,58,1000000,5000,1.0,20,50000,timeout_degraded_read,15.0,12.7,22.6,67.0,14.7,330.4,468.4,4216314,5.4,216314,24507,16951,216314,33030,0,-1,-1,-1,10,68,25652,36.0,78.7,-1,-1,-1.0
stress_20pct,t28_default,default,12,0.05,0,0,0,dynamic_stress_100d_20pct_hdd,100,58,1000000,5000,1.0,20,50000,health_ec,15.0,12.7,19.5,62.7,20.1,274.8,447.0,4042855,1.1,42855,0,10295,42855,35124,20,20,0,5913,1358,1358,14338,36.1,75.5,37027,26630,71.9
stress_20pct,migration_disabled,disabled,12,0.05,0,0,0,dynamic_stress_100d_20pct_hdd,100,58,1000000,5000,1.0,20,50000,health_ec,15.0,12.7,21.2,65.6,16.4,311.3,458.0,4051982,1.3,51982,0,12963,51982,42716,0,0,0,5948,1358,1358,17082,36.3,77.2,42545,32046,75.3
stress_20pct,threshold_d2_a010,threshold_alpha,2,0.1,0,0,0,dynamic_stress_100d_20pct_hdd,100,58,1000000,5000,1.0,20,50000,health_ec,15.0,12.6,18.1,55.8,28.9,50.4,425.6,4026883,0.7,26883,0,6948,26883,21610,145,144,0,5667,1358,1358,10012,35.0,72.7,25738,15429,59.9
stress_20pct,threshold_d2_a005,threshold_alpha,2,0.05,0,0,0,dynamic_stress_100d_20pct_hdd,100,58,1000000,5000,1.0,20,50000,health_ec,15.0,12.6,18.3,57.0,27.3,84.4,428.6,4028812,0.7,28812,0,7109,28812,23033,131,129,0,5705,1358,1358,10342,35.2,73.1,27146,16714,61.6
stress_20pct,vanilla_ec,baseline,,,,,,dynamic_stress_100d_20pct_hdd,100,59,1000000,5000,1.0,20,50000,vanilla_ec,15.0,12.7,23.4,78.7,0.0,394.9,609.0,4000000,0.0,0,0,0,0,0,0,-1,-1,-1,-1,-1,0,39.8,98.5,-1,-1,-1.0
stress_20pct,late_binding,baseline,,,,,,dynamic_stress_100d_20pct_hdd,100,59,1000000,5000,1.0,20,50000,late_binding,15.0,10.9,19.2,64.2,18.4,332.3,468.5,5000000,25.0,1000000,150000,20456,1000000,795931,0,-1,-1,-1,-1,22,64517,32.6,75.6,-1,-1,-1.0
stress_20pct,timeout_degraded_read,baseline,,,,,,dynamic_stress_100d_20pct_hdd,100,59,1000000,5000,1.0,20,50000,timeout_degraded_read,15.0,12.7,22.6,66.9,14.9,330.4,471.2,4217274,5.4,217274,24873,17056,217274,32963,0,-1,-1,-1,6,22,25595,36.2,79.2,-1,-1,-1.0
stress_20pct,t28_default,default,12,0.05,0,0,0,dynamic_stress_100d_20pct_hdd,100,59,1000000,5000,1.0,20,50000,health_ec,15.0,12.7,19.4,62.9,20.1,273.5,448.5,4043227,1.1,43227,0,10383,43227,35204,21,21,0,5880,587,636,14304,35.9,75.6,36798,26571,72.2
stress_20pct,migration_disabled,disabled,12,0.05,0,0,0,dynamic_stress_100d_20pct_hdd,100,59,1000000,5000,1.0,20,50000,health_ec,15.0,12.7,21.2,65.7,16.4,311.3,458.2,4052080,1.3,52080,0,12699,52080,42746,0,0,0,5918,587,636,16760,36.5,77.1,42473,32222,75.9
stress_20pct,threshold_d2_a010,threshold_alpha,2,0.1,0,0,0,dynamic_stress_100d_20pct_hdd,100,59,1000000,5000,1.0,20,50000,health_ec,15.0,12.6,18.2,56.3,28.5,60.3,428.2,4027266,0.7,27266,0,7109,27266,21759,143,136,0,5640,587,636,10149,34.9,73.0,25724,15467,60.1
stress_20pct,threshold_d2_a005,threshold_alpha,2,0.05,0,0,0,dynamic_stress_100d_20pct_hdd,100,59,1000000,5000,1.0,20,50000,health_ec,15.0,12.6,18.3,57.5,26.9,97.0,430.8,4029676,0.7,29676,0,7375,29676,23683,128,122,0,5682,587,636,10434,35.0,73.3,27274,17089,62.7
stress_20pct,vanilla_ec,baseline,,,,,,dynamic_stress_100d_20pct_hdd,100,60,1000000,5000,1.0,20,50000,vanilla_ec,15.0,12.7,23.2,78.5,0.0,393.8,610.7,4000000,0.0,0,0,0,0,0,0,-1,-1,-1,-1,-1,0,39.8,98.1,-1,-1,-1.0
stress_20pct,late_binding,baseline,,,,,,dynamic_stress_100d_20pct_hdd,100,60,1000000,5000,1.0,20,50000,late_binding,15.0,10.9,19.0,64.2,18.3,331.3,468.8,5000000,25.0,1000000,150000,20324,1000000,796104,0,-1,-1,-1,-1,23,64248,32.5,75.6,-1,-1,-1.0
stress_20pct,timeout_degraded_read,baseline,,,,,,dynamic_stress_100d_20pct_hdd,100,60,1000000,5000,1.0,20,50000,timeout_degraded_read,15.0,12.7,22.4,67.0,14.7,330.2,470.5,4216365,5.4,216365,24376,16790,216365,32865,0,-1,-1,-1,7,58,25335,36.1,79.0,-1,-1,-1.0
stress_20pct,t28_default,default,12,0.05,0,0,0,dynamic_stress_100d_20pct_hdd,100,60,1000000,5000,1.0,20,50000,health_ec,15.0,12.7,19.4,62.7,20.2,272.1,449.5,4043012,1.1,43012,0,10592,43012,35005,24,24,0,5623,386,386,14660,36.0,75.8,36654,26106,71.2
stress_20pct,migration_disabled,disabled,12,0.05,0,0,0,dynamic_stress_100d_20pct_hdd,100,60,1000000,5000,1.0,20,50000,health_ec,15.0,12.7,21.0,65.8,16.3,311.1,460.3,4052119,1.3,52119,0,13379,52119,42606,0,0,0,5658,386,386,17413,36.4,77.5,42126,31499,74.8
stress_20pct,threshold_d2_a010,threshold_alpha,2,0.1,0,0,0,dynamic_stress_100d_20pct_hdd,100,60,1000000,5000,1.0,20,50000,health_ec,15.0,12.6,18.1,55.5,29.3,64.9,428.3,4026775,0.7,26775,0,6882,26775,21125,148,144,0,5370,386,386,10008,34.9,73.0,25506,15013,58.9
stress_20pct,threshold_d2_a005,threshold_alpha,2,0.05,0,0,0,dynamic_stress_100d_20pct_hdd,100,60,1000000,5000,1.0,20,50000,health_ec,15.0,12.6,18.3,57.1,27.2,82.3,432.9,4029196,0.7,29196,0,7350,29196,23091,128,126,0,5425,386,386,10372,35.2,73.6,27051,16529,61.1
stress_20pct,vanilla_ec,baseline,,,,,,dynamic_stress_100d_20pct_hdd,100,61,1000000,5000,1.0,20,50000,vanilla_ec,15.0,12.7,23.4,78.3,0.0,394.4,614.0,4000000,0.0,0,0,0,0,0,0,-1,-1,-1,-1,-1,0,39.9,99.7,-1,-1,-1.0
stress_20pct,late_binding,baseline,,,,,,dynamic_stress_100d_20pct_hdd,100,61,1000000,5000,1.0,20,50000,late_binding,15.0,10.9,19.2,64.1,18.2,332.6,466.8,5000000,25.0,1000000,150000,20615,1000000,796118,0,-1,-1,-1,-1,3,65115,32.5,75.5,-1,-1,-1.0
stress_20pct,timeout_degraded_read,baseline,,,,,,dynamic_stress_100d_20pct_hdd,100,61,1000000,5000,1.0,20,50000,timeout_degraded_read,15.0,12.7,22.6,66.9,14.6,329.9,469.6,4216155,5.4,216155,24063,17059,216155,33050,0,-1,-1,-1,3,3,25660,36.3,78.9,-1,-1,-1.0
stress_20pct,t28_default,default,12,0.05,0,0,0,dynamic_stress_100d_20pct_hdd,100,61,1000000,5000,1.0,20,50000,health_ec,15.0,12.7,19.5,62.6,20.1,273.8,446.5,4043881,1.1,43881,0,10582,43881,35672,23,23,0,5802,217,217,14729,35.8,75.6,36937,26764,72.5
stress_20pct,migration_disabled,disabled,12,0.05,0,0,0,dynamic_stress_100d_20pct_hdd,100,61,1000000,5000,1.0,20,50000,health_ec,15.0,12.7,21.2,65.6,16.2,311.9,458.4,4052771,1.3,52771,0,13079,52771,43225,0,0,0,5838,217,217,17289,36.4,77.3,42397,32180,75.9
stress_20pct,threshold_d2_a010,threshold_alpha,2,0.1,0,0,0,dynamic_stress_100d_20pct_hdd,100,61,1000000,5000,1.0,20,50000,health_ec,15.0,12.6,18.2,55.9,28.6,61.7,424.6,4027969,0.7,27969,0,7213,27969,22241,148,142,0,5569,217,217,10208,35.0,73.0,25948,15834,61.0
stress_20pct,threshold_d2_a005,threshold_alpha,2,0.05,0,0,0,dynamic_stress_100d_20pct_hdd,100,61,1000000,5000,1.0,20,50000,health_ec,15.0,12.6,18.2,56.8,27.5,88.1,427.0,4029275,0.7,29275,0,7276,29275,23329,129,127,0,5592,217,217,10242,35.0,73.3,26924,16859,62.6
stress_20pct,vanilla_ec,baseline,,,,,,dynamic_stress_100d_20pct_hdd,100,62,1000000,5000,1.0,20,50000,vanilla_ec,15.0,12.7,23.6,78.9,0.0,395.6,615.7,4000000,0.0,0,0,0,0,0,0,-1,-1,-1,-1,-1,0,40.1,98.9,-1,-1,-1.0
stress_20pct,late_binding,baseline,,,,,,dynamic_stress_100d_20pct_hdd,100,62,1000000,5000,1.0,20,50000,late_binding,15.0,10.9,19.2,64.2,18.7,332.3,469.3,5000000,25.0,1000000,150000,20288,1000000,796383,0,-1,-1,-1,-1,0,64841,32.6,75.7,-1,-1,-1.0
stress_20pct,timeout_degraded_read,baseline,,,,,,dynamic_stress_100d_20pct_hdd,100,62,1000000,5000,1.0,20,50000,timeout_degraded_read,15.0,12.7,22.6,67.0,15.1,331.2,471.1,4216531,5.4,216531,24069,16722,216531,33216,0,-1,-1,-1,0,0,25454,36.2,79.1,-1,-1,-1.0
stress_20pct,t28_default,default,12,0.05,0,0,0,dynamic_stress_100d_20pct_hdd,100,62,1000000,5000,1.0,20,50000,health_ec,15.0,12.7,19.6,63.0,20.2,278.0,451.1,4044433,1.1,44433,0,10612,44433,35991,21,21,0,5913,573,573,14613,36.3,75.9,37484,27148,72.4
stress_20pct,migration_disabled,disabled,12,0.05,0,0,0,dynamic_stress_100d_20pct_hdd,100,62,1000000,5000,1.0,20,50000,health_ec,15.0,12.7,21.2,65.9,16.5,312.1,461.5,4052672,1.3,52672,0,13040,52672,43146,0,0,0,5948,573,573,17149,36.4,77.4,42581,32320,75.9
stress_20pct,threshold_d2_a010,threshold_alpha,2,0.1,0,0,0,dynamic_stress_100d_20pct_hdd,100,62,1000000,5000,1.0,20,50000,health_ec,15.0,12.6,18.2,56.1,29.0,52.3,430.8,4027865,0.7,27865,0,7294,27865,22176,147,141,0,5669,573,573,10512,35.6,73.1,25833,15640,60.5
stress_20pct,threshold_d2_a005,threshold_alpha,2,0.05,0,0,0,dynamic_stress_100d_20pct_hdd,100,62,1000000,5000,1.0,20,50000,health_ec,15.0,12.6,18.3,57.4,27.3,104.5,433.2,4030115,0.8,30115,0,7582,30115,23970,132,130,0,5706,573,573,10727,35.5,73.6,27315,17177,62.9
stress_20pct,vanilla_ec,baseline,,,,,,dynamic_stress_100d_20pct_hdd,100,63,1000000,5000,1.0,20,50000,vanilla_ec,15.0,12.7,23.5,78.8,0.0,395.3,609.3,4000000,0.0,0,0,0,0,0,0,-1,-1,-1,-1,-1,0,40.1,98.3,-1,-1,-1.0
stress_20pct,late_binding,baseline,,,,,,dynamic_stress_100d_20pct_hdd,100,63,1000000,5000,1.0,20,50000,late_binding,15.0,10.9,19.2,64.1,18.6,332.3,468.1,5000000,25.0,1000000,150000,20551,1000000,796545,0,-1,-1,-1,-1,10,65219,32.5,75.4,-1,-1,-1.0
stress_20pct,timeout_degraded_read,baseline,,,,,,dynamic_stress_100d_20pct_hdd,100,63,1000000,5000,1.0,20,50000,timeout_degraded_read,15.0,12.7,22.5,67.0,15.0,329.9,469.0,4216652,5.4,216652,24322,17025,216652,33221,0,-1,-1,-1,10,24,25734,36.1,78.9,-1,-1,-1.0
stress_20pct,t28_default,default,12,0.05,0,0,0,dynamic_stress_100d_20pct_hdd,100,63,1000000,5000,1.0,20,50000,health_ec,15.0,12.7,19.5,62.9,20.2,275.4,448.5,4044562,1.1,44562,0,10737,44562,36081,21,21,0,5924,690,690,14674,36.0,75.7,37448,27227,72.7
stress_20pct,migration_disabled,disabled,12,0.05,0,0,0,dynamic_stress_100d_20pct_hdd,100,63,1000000,5000,1.0,20,50000,health_ec,15.0,12.7,21.1,65.7,16.6,311.4,459.6,4052625,1.3,52625,0,13273,52625,43143,0,0,0,5958,690,690,17322,36.7,77.5,42478,32201,75.8
stress_20pct,threshold_d2_a010,threshold_alpha,2,0.1,0,0,0,dynamic_stress_100d_20pct_hdd,100,63,1000000,5000,1.0,20,50000,health_ec,15.0,12.6,18.1,55.8,29.2,52.8,426.7,4027145,0.7,27145,0,7126,27145,21689,148,144,1,5669,690,690,10202,34.6,72.8,25503,15380,60.3
stress_20pct,threshold_d2_a005,threshold_alpha,2,0.05,0,0,0,dynamic_stress_100d_20pct_hdd,100,63,1000000,5000,1.0,20,50000,health_ec,15.0,12.6,18.2,57.1,27.5,91.3,429.5,4029298,0.7,29298,0,7434,29298,23300,130,130,0,5708,690,690,10530,34.7,73.3,26772,16680,62.3
stress_20pct,vanilla_ec,baseline,,,,,,dynamic_stress_100d_20pct_hdd,100,64,1000000,5000,1.0,20,50000,vanilla_ec,15.0,12.7,23.5,78.5,0.0,394.6,611.8,4000000,0.0,0,0,0,0,0,0,-1,-1,-1,-1,-1,0,39.8,99.5,-1,-1,-1.0
stress_20pct,late_binding,baseline,,,,,,dynamic_stress_100d_20pct_hdd,100,64,1000000,5000,1.0,20,50000,late_binding,15.0,10.9,19.3,64.2,18.3,332.3,467.3,5000000,25.0,1000000,150000,20519,1000000,796144,0,-1,-1,-1,-1,7,64931,32.5,75.6,-1,-1,-1.0
stress_20pct,timeout_degraded_read,baseline,,,,,,dynamic_stress_100d_20pct_hdd,100,64,1000000,5000,1.0,20,50000,timeout_degraded_read,15.0,12.7,22.7,67.0,14.7,330.3,470.5,4217107,5.4,217107,24460,17011,217107,33075,0,-1,-1,-1,7,7,25713,36.1,79.1,-1,-1,-1.0
stress_20pct,t28_default,default,12,0.05,0,0,0,dynamic_stress_100d_20pct_hdd,100,64,1000000,5000,1.0,20,50000,health_ec,15.0,12.7,19.5,62.8,20.1,274.9,449.5,4042903,1.1,42903,0,10756,42903,35046,20,20,0,5773,1506,1506,14761,36.0,75.5,37015,26193,70.8
stress_20pct,migration_disabled,disabled,12,0.05,0,0,0,dynamic_stress_100d_20pct_hdd,100,64,1000000,5000,1.0,20,50000,health_ec,15.0,12.7,21.2,65.8,16.3,311.8,459.7,4052180,1.3,52180,0,13473,52180,42857,0,0,0,5810,1506,1506,17568,36.4,77.0,42592,31736,74.5
stress_20pct,threshold_d2_a010,threshold_alpha,2,0.1,0,0,0,dynamic_stress_100d_20pct_hdd,100,64,1000000,5000,1.0,20,50000,health_ec,15.0,12.6,18.1,55.8,29.0,51.1,426.9,4026345,0.7,26345,0,7157,26345,21124,144,138,0,5523,1506,1506,10051,34.8,72.3,25644,14905,58.1
stress_20pct,threshold_d2_a005,threshold_alpha,2,0.05,0,0,0,dynamic_stress_100d_20pct_hdd,100,64,1000000,5000,1.0,20,50000,health_ec,15.0,12.6,18.3,57.2,27.1,92.3,430.2,4028727,0.7,28727,0,7486,28727,22888,127,123,0,5567,1506,1506,10473,34.9,72.8,27195,16413,60.4
stress_20pct,vanilla_ec,baseline,,,,,,dynamic_stress_100d_20pct_hdd,100,65,1000000,5000,1.0,20,50000,vanilla_ec,15.0,12.7,23.5,78.5,0.0,394.3,610.9,4000000,0.0,0,0,0,0,0,0,-1,-1,-1,-1,-1,0,39.4,98.7,-1,-1,-1.0
stress_20pct,late_binding,baseline,,,,,,dynamic_stress_100d_20pct_hdd,100,65,1000000,5000,1.0,20,50000,late_binding,15.0,10.9,19.2,64.0,18.5,332.6,470.3,5000000,25.0,1000000,150000,20464,1000000,795824,0,-1,-1,-1,-1,2,64611,32.7,75.9,-1,-1,-1.0
stress_20pct,timeout_degraded_read,baseline,,,,,,dynamic_stress_100d_20pct_hdd,100,65,1000000,5000,1.0,20,50000,timeout_degraded_read,15.0,12.7,22.7,67.0,14.7,331.3,470.1,4217122,5.4,217122,24141,16984,217122,32968,0,-1,-1,-1,2,2,25635,36.0,78.7,-1,-1,-1.0
stress_20pct,t28_default,default,12,0.05,0,0,0,dynamic_stress_100d_20pct_hdd,100,65,1000000,5000,1.0,20,50000,health_ec,15.0,12.7,19.5,62.8,19.9,276.2,449.4,4043691,1.1,43691,0,10866,43691,35579,20,20,0,5821,1441,1441,14951,36.1,75.7,36959,26610,72.0
stress_20pct,migration_disabled,disabled,12,0.05,0,0,0,dynamic_stress_100d_20pct_hdd,100,65,1000000,5000,1.0,20,50000,health_ec,15.0,12.7,21.2,65.7,16.3,312.2,459.1,4052872,1.3,52872,0,13516,52872,43308,0,0,0,5856,1441,1441,17717,36.3,77.3,42517,32129,75.6
stress_20pct,threshold_d2_a010,threshold_alpha,2,0.1,0,0,0,dynamic_stress_100d_20pct_hdd,100,65,1000000,5000,1.0,20,50000,health_ec,15.0,12.6,18.2,55.7,29.0,51.8,428.6,4027364,0.7,27364,0,7195,27364,21653,151,144,0,5568,1441,1441,10344,35.3,72.8,25685,15245,59.4
stress_20pct,threshold_d2_a005,threshold_alpha,2,0.05,0,0,0,dynamic_stress_100d_20pct_hdd,100,65,1000000,5000,1.0,20,50000,health_ec,15.0,12.6,18.3,56.9,27.4,67.6,430.6,4028917,0.7,28917,0,7315,28917,23081,132,129,0,5605,1441,1441,10425,35.4,73.1,26787,16508,61.6
stress_20pct,vanilla_ec,baseline,,,,,,dynamic_stress_100d_20pct_hdd,100,66,1000000,5000,1.0,20,50000,vanilla_ec,15.0,12.7,23.8,79.1,0.0,397.4,619.6,4000000,0.0,0,0,0,0,0,0,-1,-1,-1,-1,-1,0,40.0,99.3,-1,-1,-1.0
stress_20pct,late_binding,baseline,,,,,,dynamic_stress_100d_20pct_hdd,100,66,1000000,5000,1.0,20,50000,late_binding,15.0,10.9,19.4,64.3,18.7,333.8,469.4,5000000,25.0,1000000,150000,20753,1000000,796383,0,-1,-1,-1,-1,13,65078,32.7,75.8,-1,-1,-1.0
stress_20pct,timeout_degraded_read,baseline,,,,,,dynamic_stress_100d_20pct_hdd,100,66,1000000,5000,1.0,20,50000,timeout_degraded_read,15.0,12.7,22.9,67.2,15.1,332.0,473.7,4217617,5.4,217617,24535,17206,217617,33146,0,-1,-1,-1,13,13,25708,36.4,79.3,-1,-1,-1.0
stress_20pct,t28_default,default,12,0.05,0,0,0,dynamic_stress_100d_20pct_hdd,100,66,1000000,5000,1.0,20,50000,health_ec,15.0,12.7,19.5,63.1,20.3,277.4,448.7,4044079,1.1,44079,0,10959,44079,35943,21,21,0,5961,422,422,14902,36.1,75.6,37250,26941,72.3
stress_20pct,migration_disabled,disabled,12,0.05,0,0,0,dynamic_stress_100d_20pct_hdd,100,66,1000000,5000,1.0,20,50000,health_ec,15.0,12.7,21.4,65.9,16.7,313.7,459.7,4053303,1.3,53303,0,13624,53303,43712,0,0,0,5996,422,422,17607,36.3,77.5,42896,32559,75.9
stress_20pct,threshold_d2_a010,threshold_alpha,2,0.1,0,0,0,dynamic_stress_100d_20pct_hdd,100,66,1000000,5000,1.0,20,50000,health_ec,15.0,12.6,18.2,56.0,29.2,66.9,427.6,4027682,0.7,27682,0,7267,27682,22169,147,145,0,5710,422,422,10258,35.2,72.6,25781,15686,60.8
stress_20pct,threshold_d2_a005,threshold_alpha,2,0.05,0,0,0,dynamic_stress_100d_20pct_hdd,100,66,1000000,5000,1.0,20,50000,health_ec,15.0,12.6,18.3,57.2,27.7,97.0,430.5,4030068,0.8,30068,0,7701,30068,24080,132,130,0,5753,422,422,10786,35.3,73.1,27395,17282,63.1
stress_20pct,vanilla_ec,baseline,,,,,,dynamic_stress_100d_20pct_hdd,100,67,1000000,5000,1.0,20,50000,vanilla_ec,15.0,12.7,23.4,78.4,0.0,393.4,608.6,4000000,0.0,0,0,0,0,0,0,-1,-1,-1,-1,-1,0,40.0,98.0,-1,-1,-1.0
stress_20pct,late_binding,baseline,,,,,,dynamic_stress_100d_20pct_hdd,100,67,1000000,5000,1.0,20,50000,late_binding,15.0,10.9,19.1,63.8,18.6,330.0,468.0,5000000,25.0,1000000,150000,21035,1000000,796134,0,-1,-1,-1,-1,23,65123,32.7,75.6,-1,-1,-1.0
stress_20pct,timeout_degraded_read,baseline,,,,,,dynamic_stress_100d_20pct_hdd,100,67,1000000,5000,1.0,20,50000,timeout_degraded_read,15.0,12.7,22.6,66.7,15.0,329.1,470.2,4216972,5.4,216972,24256,17489,216972,33027,0,-1,-1,-1,23,23,26273,36.1,78.7,-1,-1,-1.0
stress_20pct,t28_default,default,12,0.05,0,0,0,dynamic_stress_100d_20pct_hdd,100,67,1000000,5000,1.0,20,50000,health_ec,15.0,12.7,19.5,62.6,20.2,274.4,449.1,4044112,1.1,44112,0,10990,44112,35846,20,20,0,5746,191,191,14721,36.2,75.8,37167,26963,72.5
stress_20pct,migration_disabled,disabled,12,0.05,0,0,0,dynamic_stress_100d_20pct_hdd,100,67,1000000,5000,1.0,20,50000,health_ec,15.0,12.7,21.1,65.4,16.6,310.2,457.9,4052529,1.3,52529,0,13648,52529,43170,0,0,0,5778,191,191,17478,36.5,77.1,42339,32080,75.8
stress_20pct,threshold_d2_a010,threshold_alpha,2,0.1,0,0,0,dynamic_stress_100d_20pct_hdd,100,67,1000000,5000,1.0,20,50000,health_ec,15.0,12.6,18.1,55.4,29.4,51.9,426.6,4027769,0.7,27769,0,7387,27769,22143,140,137,0,5497,191,191,10211,34.8,72.6,25792,15709,60.9
stress_20pct,threshold_d2_a005,threshold_alpha,2,0.05,0,0,0,dynamic_stress_100d_20pct_hdd,100,67,1000000,5000,1.0,20,50000,health_ec,15.0,12.6,18.3,56.7,27.7,80.4,429.9,4029722,0.7,29722,0,7692,29722,23720,123,120,0,5539,191,191,10636,35.2,72.9,27151,16997,62.6
stress_20pct,vanilla_ec,baseline,,,,,,dynamic_stress_100d_20pct_hdd,100,68,1000000,5000,1.0,20,50000,vanilla_ec,15.0,12.7,23.5,78.6,0.0,394.2,612.2,4000000,0.0,0,0,0,0,0,0,-1,-1,-1,-1,-1,0,39.8,98.5,-1,-1,-1.0
stress_20pct,late_binding,baseline,,,,,,dynamic_stress_100d_20pct_hdd,100,68,1000000,5000,1.0,20,50000,late_binding,15.0,10.9,19.2,64.0,18.5,332.3,469.1,5000000,25.0,1000000,150000,20714,1000000,796824,0,-1,-1,-1,-1,2,64669,32.6,75.7,-1,-1,-1.0
stress_20pct,timeout_degraded_read,baseline,,,,,,dynamic_stress_100d_20pct_hdd,100,68,1000000,5000,1.0,20,50000,timeout_degraded_read,15.0,12.7,22.7,67.0,14.8,331.2,471.6,4216774,5.4,216774,24112,17178,216774,33102,0,-1,-1,-1,0,16,25611,36.3,79.0,-1,-1,-1.0
stress_20pct,t28_default,default,12,0.05,0,0,0,dynamic_stress_100d_20pct_hdd,100,68,1000000,5000,1.0,20,50000,health_ec,15.0,12.7,19.4,62.6,20.3,273.0,450.0,4043829,1.1,43829,0,10747,43829,35971,21,21,0,5687,491,491,14661,36.0,75.6,36945,26947,72.9
stress_20pct,migration_disabled,disabled,12,0.05,0,0,0,dynamic_stress_100d_20pct_hdd,100,68,1000000,5000,1.0,20,50000,health_ec,15.0,12.7,21.1,65.7,16.5,311.0,461.0,4052983,1.3,52983,0,13375,52983,43678,0,0,0,5722,491,491,17299,36.4,77.3,42594,32532,76.4
stress_20pct,threshold_d2_a010,threshold_alpha,2,0.1,0,0,0,dynamic_stress_100d_20pct_hdd,100,68,1000000,5000,1.0,20,50000,health_ec,15.0,12.6,18.1,55.5,29.4,51.4,427.6,4027219,0.7,27219,0,7162,27219,21888,144,138,0,5437,491,491,10140,35.0,72.8,25462,15415,60.5
stress_20pct,threshold_d2_a005,threshold_alpha,2,0.05,0,0,0,dynamic_stress_100d_20pct_hdd,100,68,1000000,5000,1.0,20,50000,health_ec,15.0,12.6,18.3,56.8,27.7,87.7,431.5,4029648,0.7,29648,0,7427,29648,23728,127,125,0,5489,491,491,10456,35.2,73.3,27168,17079,62.9
stress_20pct,vanilla_ec,baseline,,,,,,dynamic_stress_100d_20pct_hdd,100,69,1000000,5000,1.0,20,50000,vanilla_ec,15.0,12.7,23.4,78.4,0.0,393.6,610.9,4000000,0.0,0,0,0,0,0,0,-1,-1,-1,-1,-1,0,40.2,98.4,-1,-1,-1.0
stress_20pct,late_binding,baseline,,,,,,dynamic_stress_100d_20pct_hdd,100,69,1000000,5000,1.0,20,50000,late_binding,15.0,10.9,19.1,63.9,18.5,330.4,468.2,5000000,25.0,1000000,150000,20556,1000000,796194,0,-1,-1,-1,-1,59,64915,32.7,75.5,-1,-1,-1.0
stress_20pct,timeout_degraded_read,baseline,,,,,,dynamic_stress_100d_20pct_hdd,100,69,1000000,5000,1.0,20,50000,timeout_degraded_read,15.0,12.7,22.6,66.7,14.9,329.3,469.4,4215992,5.4,215992,24128,16969,215992,33101,0,-1,-1,-1,30,152,25689,36.0,78.8,-1,-1,-1.0
stress_20pct,t28_default,default,12,0.05,0,0,0,dynamic_stress_100d_20pct_hdd,100,69,1000000,5000,1.0,20,50000,health_ec,15.0,12.7,19.5,62.7,20.0,274.2,447.8,4043588,1.1,43588,0,10545,43588,35327,21,21,0,5761,587,587,14440,36.3,75.3,37107,26664,71.9
stress_20pct,migration_disabled,disabled,12,0.05,0,0,0,dynamic_stress_100d_20pct_hdd,100,69,1000000,5000,1.0,20,50000,health_ec,15.0,12.7,21.1,65.6,16.3,310.3,459.3,4051963,1.3,51963,0,13155,51963,42717,0,0,0,5794,587,587,17064,36.5,76.9,42306,31894,75.4
stress_20pct,threshold_d2_a010,threshold_alpha,2,0.1,0,0,0,dynamic_stress_100d_20pct_hdd,100,69,1000000,5000,1.0,20,50000,health_ec,15.0,12.6,18.2,55.3,29.4,51.9,425.7,4026908,0.7,26908,0,6948,26908,21478,142,137,0,5510,587,587,9938,35.1,72.0,25640,15332,59.8
stress_20pct,threshold_d2_a005,threshold_alpha,2,0.05,0,0,0,dynamic_stress_100d_20pct_hdd,100,69,1000000,5000,1.0,20,50000,health_ec,15.0,12.6,18.2,56.7,27.7,86.5,428.8,4028714,0.7,28714,0,7247,28714,23054,124,122,0,5554,587,587,10157,35.2,72.6,26763,16612,62.1
stress_20pct,vanilla_ec,baseline,,,,,,dynamic_stress_100d_20pct_hdd,100,70,1000000,5000,1.0,20,50000,vanilla_ec,15.0,12.7,23.4,78.4,0.0,393.6,607.6,4000000,0.0,0,0,0,0,0,0,-1,-1,-1,-1,-1,0,39.6,98.7,-1,-1,-1.0
stress_20pct,late_binding,baseline,,,,,,dynamic_stress_100d_20pct_hdd,100,70,1000000,5000,1.0,20,50000,late_binding,15.0,10.9,19.2,64.0,18.5,331.3,467.6,5000000,25.0,1000000,150000,20560,1000000,795154,0,-1,-1,-1,-1,29,65111,32.5,75.5,-1,-1,-1.0
stress_20pct,timeout_degraded_read,baseline,,,,,,dynamic_stress_100d_20pct_hdd,100,70,1000000,5000,1.0,20,50000,timeout_degraded_read,15.0,12.7,22.6,66.8,14.9,329.7,469.7,4216237,5.4,216237,24095,17048,216237,33025,0,-1,-1,-1,29,29,25685,36.1,79.0,-1,-1,-1.0
stress_20pct,t28_default,default,12,0.05,0,0,0,dynamic_stress_100d_20pct_hdd,100,70,1000000,5000,1.0,20,50000,health_ec,15.0,12.7,19.4,62.5,20.3,272.0,448.1,4043657,1.1,43657,0,10797,43657,35600,20,20,0,5887,398,398,14841,36.0,75.9,36953,26603,72.0
stress_20pct,migration_disabled,disabled,12,0.05,0,0,0,dynamic_stress_100d_20pct_hdd,100,70,1000000,5000,1.0,20,50000,health_ec,15.0,12.7,21.2,65.5,16.5,310.4,458.4,4052505,1.3,52505,0,13167,52505,43059,0,0,0,5924,398,398,17251,36.1,77.4,42548,32147,75.6
stress_20pct,threshold_d2_a010,threshold_alpha,2,0.1,0,0,0,dynamic_stress_100d_20pct_hdd,100,70,1000000,5000,1.0,20,50000,health_ec,15.0,12.6,18.1,55.0,29.9,50.4,425.0,4027035,0.7,27035,0,7071,27035,21480,148,145,0,5627,398,398,10200,35.3,72.7,25520,15220,59.6
stress_20pct,threshold_d2_a005,threshold_alpha,2,0.05,0,0,0,dynamic_stress_100d_20pct_hdd,100,70,1000000,5000,1.0,20,50000,health_ec,15.0,12.6,18.3,56.7,27.7,77.1,429.7,4029389,0.7,29389,0,7459,29389,23326,128,127,0,5687,398,398,10614,35.3,73.5,27152,16769,61.8
stress_20pct,vanilla_ec,baseline,,,,,,dynamic_stress_100d_20pct_hdd,100,71,1000000,5000,1.0,20,50000,vanilla_ec,15.0,12.7,23.2,78.4,0.0,393.1,607.6,4000000,0.0,0,0,0,0,0,0,-1,-1,-1,-1,-1,0,39.9,97.7,-1,-1,-1.0
stress_20pct,late_binding,baseline,,,,,,dynamic_stress_100d_20pct_hdd,100,71,1000000,5000,1.0,20,50000,late_binding,15.0,10.9,19.0,63.9,18.5,331.0,468.7,5000000,25.0,1000000,150000,20790,1000000,796556,0,-1,-1,-1,-1,24,64853,32.6,75.8,-1,-1,-1.0
stress_20pct,timeout_degraded_read,baseline,,,,,,dynamic_stress_100d_20pct_hdd,100,71,1000000,5000,1.0,20,50000,timeout_degraded_read,15.0,12.7,22.5,66.7,14.8,328.7,469.6,4216906,5.4,216906,24431,17258,216906,32961,0,-1,-1,-1,24,24,25797,36.1,78.8,-1,-1,-1.0
stress_20pct,t28_default,default,12,0.05,0,0,0,dynamic_stress_100d_20pct_hdd,100,71,1000000,5000,1.0,20,50000,health_ec,15.0,12.7,19.4,62.5,20.2,271.5,449.4,4043956,1.1,43956,0,10823,43956,35394,21,21,0,5665,290,290,14634,36.3,75.7,36861,26573,72.1
stress_20pct,migration_disabled,disabled,12,0.05,0,0,0,dynamic_stress_100d_20pct_hdd,100,71,1000000,5000,1.0,20,50000,health_ec,15.0,12.7,21.0,65.4,16.6,310.2,459.2,4052412,1.3,52412,0,13403,52412,42968,0,0,0,5704,290,290,17345,36.4,77.1,42233,31957,75.7
stress_20pct,threshold_d2_a010,threshold_alpha,2,0.1,0,0,0,dynamic_stress_100d_20pct_hdd,100,71,1000000,5000,1.0,20,50000,health_ec,15.0,12.6,18.1,55.0,29.9,48.7,426.0,4026830,0.7,26830,0,6924,26830,21304,144,140,0,5414,290,290,9725,34.9,72.8,25308,15193,60.0
stress_20pct,threshold_d2_a005,threshold_alpha,2,0.05,0,0,0,dynamic_stress_100d_20pct_hdd,100,71,1000000,5000,1.0,20,50000,health_ec,15.0,12.6,18.2,56.4,28.1,70.0,430.2,4028460,0.7,28460,0,7255,28460,22735,125,124,0,5463,290,290,10128,35.1,73.1,26432,16314,61.7
