scenario,num_disks,seed,num_reads,num_stripes,zipf_s,policy,timeout_ms,window_id,window_start_read,window_end_read,slow_disk_a_id,slow_disk_a_state,slow_disk_b_id,slow_disk_b_state,active_slow_disks,p50_ms,p95_ms,p99_ms,issued_shard_reads,bandwidth_overhead_pct,parity_reads,proactive_or_degraded_reads,decode_count,migration_triggers,migration_true_positives,migration_false_positives
dynamic_stress_100d_20pct_hdd,100,42,1000000,5000,1.0,vanilla_ec,15.0,0,0,50000,80,healthy,90,healthy,0,12.5,16.8,18.8,200000,0.0,0,0,0,0,0,0
dynamic_stress_100d_20pct_hdd,100,42,1000000,5000,1.0,vanilla_ec,15.0,1,50000,100000,80,healthy,90,healthy,0,12.5,16.8,18.9,200000,0.0,0,0,0,0,0,0
dynamic_stress_100d_20pct_hdd,100,42,1000000,5000,1.0,vanilla_ec,15.0,2,100000,150000,80,healthy,90,healthy,0,12.5,16.8,18.8,200000,0.0,0,0,0,0,0,0
dynamic_stress_100d_20pct_hdd,100,42,1000000,5000,1.0,vanilla_ec,15.0,3,150000,200000,80,mild_slow,90,healthy,10,12.8,29.6,39.1,200000,0.0,0,0,0,0,0,0
dynamic_stress_100d_20pct_hdd,100,42,1000000,5000,1.0,vanilla_ec,15.0,4,200000,250000,80,mild_slow,90,healthy,10,12.8,30.0,39.4,200000,0.0,0,0,0,0,0,0
dynamic_stress_100d_20pct_hdd,100,42,1000000,5000,1.0,vanilla_ec,15.0,5,250000,300000,80,mild_slow,90,healthy,10,12.8,30.3,39.8,200000,0.0,0,0,0,0,0,0
dynamic_stress_100d_20pct_hdd,100,42,1000000,5000,1.0,vanilla_ec,15.0,6,300000,350000,80,severe_slow,90,healthy,10,12.8,70.0,98.5,200000,0.0,0,0,0,0,0,0
dynamic_stress_100d_20pct_hdd,100,42,1000000,5000,1.0,vanilla_ec,15.0,7,350000,400000,80,severe_slow,90,healthy,10,12.8,69.5,101.1,200000,0.0,0,0,0,0,0,0
dynamic_stress_100d_20pct_hdd,100,42,1000000,5000,1.0,vanilla_ec,15.0,8,400000,450000,80,severe_slow,90,healthy,10,12.8,68.6,96.7,200000,0.0,0,0,0,0,0,0
dynamic_stress_100d_20pct_hdd,100,42,1000000,5000,1.0,vanilla_ec,15.0,9,450000,500000,80,recovery,90,mild_slow,10,13.0,30.1,40.0,200000,0.0,0,0,0,0,0,0
dynamic_stress_100d_20pct_hdd,100,42,1000000,5000,1.0,vanilla_ec,15.0,10,500000,550000,80,recovery,90,mild_slow,10,13.0,30.0,39.9,200000,0.0,0,0,0,0,0,0
dynamic_stress_100d_20pct_hdd,100,42,1000000,5000,1.0,vanilla_ec,15.0,11,550000,600000,80,healthy,90,severe_slow,10,12.8,69.1,100.3,200000,0.0,0,0,0,0,0,0
dynamic_stress_100d_20pct_hdd,100,42,1000000,5000,1.0,vanilla_ec,15.0,12,600000,650000,80,healthy,90,severe_slow,10,12.8,69.4,102.1,200000,0.0,0,0,0,0,0,0
dynamic_stress_100d_20pct_hdd,100,42,1000000,5000,1.0,vanilla_ec,15.0,13,650000,700000,80,healthy,90,severe_slow,10,12.8,69.6,98.3,200000,0.0,0,0,0,0,0,0
dynamic_stress_100d_20pct_hdd,100,42,1000000,5000,1.0,vanilla_ec,15.0,14,700000,750000,80,mild_slow,90,recovery,10,13.0,30.4,40.2,200000,0.0,0,0,0,0,0,0
dynamic_stress_100d_20pct_hdd,100,42,1000000,5000,1.0,vanilla_ec,15.0,15,750000,800000,80,recovery,90,recovery,0,13.0,20.2,24.6,200000,0.0,0,0,0,0,0,0
dynamic_stress_100d_20pct_hdd,100,42,1000000,5000,1.0,vanilla_ec,15.0,16,800000,850000,80,healthy,90,healthy,0,12.5,16.8,18.9,200000,0.0,0,0,0,0,0,0
dynamic_stress_100d_20pct_hdd,100,42,1000000,5000,1.0,vanilla_ec,15.0,17,850000,900000,80,healthy,90,healthy,0,12.5,16.8,18.8,200000,0.0,0,0,0,0,0,0
dynamic_stress_100d_20pct_hdd,100,42,1000000,5000,1.0,vanilla_ec,15.0,18,900000,950000,80,healthy,90,healthy,0,12.5,16.8,18.8,200000,0.0,0,0,0,0,0,0
dynamic_stress_100d_20pct_hdd,100,42,1000000,5000,1.0,vanilla_ec,15.0,19,950000,1000000,80,healthy,90,healthy,0,12.5,16.8,18.9,200000,0.0,0,0,0,0,0,0
dynamic_stress_100d_20pct_hdd,100,42,1000000,5000,1.0,late_binding,15.0,0,0,50000,80,healthy,90,healthy,0,10.7,14.0,15.4,250000,25.0,50000,50000,39904,0,0,0
dynamic_stress_100d_20pct_hdd,100,42,1000000,5000,1.0,late_binding,15.0,1,50000,100000,80,healthy,90,healthy,0,10.7,14.0,15.5,250000,25.0,50000,50000,40119,0,0,0
dynamic_stress_100d_20pct_hdd,100,42,1000000,5000,1.0,late_binding,15.0,2,100000,150000,80,healthy,90,healthy,0,10.7,14.0,15.4,250000,25.0,50000,50000,40024,0,0,0
dynamic_stress_100d_20pct_hdd,100,42,1000000,5000,1.0,late_binding,15.0,3,150000,200000,80,mild_slow,90,healthy,10,10.9,24.8,32.3,250000,25.0,50000,50000,39590,0,0,0
dynamic_stress_100d_20pct_hdd,100,42,1000000,5000,1.0,late_binding,15.0,4,200000,250000,80,mild_slow,90,healthy,10,10.9,25.2,32.5,250000,25.0,50000,50000,39728,0,0,0
dynamic_stress_100d_20pct_hdd,100,42,1000000,5000,1.0,late_binding,15.0,5,250000,300000,80,mild_slow,90,healthy,10,10.9,25.5,32.7,250000,25.0,50000,50000,39754,0,0,0
dynamic_stress_100d_20pct_hdd,100,42,1000000,5000,1.0,late_binding,15.0,6,300000,350000,80,severe_slow,90,healthy,10,10.9,58.9,76.3,250000,25.0,50000,50000,39659,0,0,0
dynamic_stress_100d_20pct_hdd,100,42,1000000,5000,1.0,late_binding,15.0,7,350000,400000,80,severe_slow,90,healthy,10,10.9,58.1,75.4,250000,25.0,50000,50000,39707,0,0,0
dynamic_stress_100d_20pct_hdd,100,42,1000000,5000,1.0,late_binding,15.0,8,400000,450000,80,severe_slow,90,healthy,10,11.0,57.7,75.7,250000,25.0,50000,50000,39693,0,0,0
dynamic_stress_100d_20pct_hdd,100,42,1000000,5000,1.0,late_binding,15.0,9,450000,500000,80,recovery,90,mild_slow,10,11.1,25.3,32.6,250000,25.0,50000,50000,39618,0,0,0
dynamic_stress_100d_20pct_hdd,100,42,1000000,5000,1.0,late_binding,15.0,10,500000,550000,80,recovery,90,mild_slow,10,11.2,24.9,32.6,250000,25.0,50000,50000,39592,0,0,0
dynamic_stress_100d_20pct_hdd,100,42,1000000,5000,1.0,late_binding,15.0,11,550000,600000,80,healthy,90,severe_slow,10,11.0,57.5,76.0,250000,25.0,50000,50000,39656,0,0,0
dynamic_stress_100d_20pct_hdd,100,42,1000000,5000,1.0,late_binding,15.0,12,600000,650000,80,healthy,90,severe_slow,10,10.9,57.6,75.7,250000,25.0,50000,50000,39847,0,0,0
dynamic_stress_100d_20pct_hdd,100,42,1000000,5000,1.0,late_binding,15.0,13,650000,700000,80,healthy,90,severe_slow,10,10.9,58.2,76.1,250000,25.0,50000,50000,39649,0,0,0
dynamic_stress_100d_20pct_hdd,100,42,1000000,5000,1.0,late_binding,15.0,14,700000,750000,80,mild_slow,90,recovery,10,11.1,25.4,32.7,250000,25.0,50000,50000,39941,0,0,0
dynamic_stress_100d_20pct_hdd,100,42,1000000,5000,1.0,late_binding,15.0,15,750000,800000,80,recovery,90,recovery,0,11.1,17.0,20.0,250000,25.0,50000,50000,39888,0,0,0
dynamic_stress_100d_20pct_hdd,100,42,1000000,5000,1.0,late_binding,15.0,16,800000,850000,80,healthy,90,healthy,0,10.7,14.0,15.4,250000,25.0,50000,50000,39820,0,0,0
dynamic_stress_100d_20pct_hdd,100,42,1000000,5000,1.0,late_binding,15.0,17,850000,900000,80,healthy,90,healthy,0,10.7,14.0,15.4,250000,25.0,50000,50000,40051,0,0,0
dynamic_stress_100d_20pct_hdd,100,42,1000000,5000,1.0,late_binding,15.0,18,900000,950000,80,healthy,90,healthy,0,10.7,14.0,15.5,250000,25.0,50000,50000,40025,0,0,0
dynamic_stress_100d_20pct_hdd,100,42,1000000,5000,1.0,late_binding,15.0,19,950000,1000000,80,healthy,90,healthy,0,10.7,14.0,15.4,250000,25.0,50000,50000,40010,0,0,0
dynamic_stress_100d_20pct_hdd,100,42,1000000,5000,1.0,timeout_degraded_read,15.0,0,0,50000,80,healthy,90,healthy,0,12.5,16.8,18.7,208081,4.0,8081,8081,182,0,0,0
dynamic_stress_100d_20pct_hdd,100,42,1000000,5000,1.0,timeout_degraded_read,15.0,1,50000,100000,80,healthy,90,healthy,0,12.5,16.8,18.8,207998,4.0,7998,7998,191,0,0,0
dynamic_stress_100d_20pct_hdd,100,42,1000000,5000,1.0,timeout_degraded_read,15.0,2,100000,150000,80,healthy,90,healthy,0,12.5,16.8,18.7,208051,4.0,8051,8051,198,0,0,0
dynamic_stress_100d_20pct_hdd,100,42,1000000,5000,1.0,timeout_degraded_read,15.0,3,150000,200000,80,mild_slow,90,healthy,10,12.8,27.5,35.9,211658,5.8,11658,11658,1851,0,0,0
dynamic_stress_100d_20pct_hdd,100,42,1000000,5000,1.0,timeout_degraded_read,15.0,4,200000,250000,80,mild_slow,90,healthy,10,12.8,27.6,36.2,211697,5.8,11697,11697,1979,0,0,0
dynamic_stress_100d_20pct_hdd,100,42,1000000,5000,1.0,timeout_degraded_read,15.0,5,250000,300000,80,mild_slow,90,healthy,10,12.8,28.1,36.4,211823,5.9,11823,11823,2040,0,0,0
dynamic_stress_100d_20pct_hdd,100,42,1000000,5000,1.0,timeout_degraded_read,15.0,6,300000,350000,80,severe_slow,90,healthy,10,12.8,61.7,79.7,211700,5.9,11700,11700,3020,0,0,0
dynamic_stress_100d_20pct_hdd,100,42,1000000,5000,1.0,timeout_degraded_read,15.0,7,350000,400000,80,severe_slow,90,healthy,10,12.8,61.2,79.0,211721,5.9,11721,11721,3096,0,0,0
dynamic_stress_100d_20pct_hdd,100,42,1000000,5000,1.0,timeout_degraded_read,15.0,8,400000,450000,80,severe_slow,90,healthy,10,12.8,60.4,78.8,211760,5.9,11760,11760,3080,0,0,0
dynamic_stress_100d_20pct_hdd,100,42,1000000,5000,1.0,timeout_degraded_read,15.0,9,450000,500000,80,recovery,90,mild_slow,10,13.0,27.7,35.9,214022,7.0,14022,14022,2298,0,0,0
dynamic_stress_100d_20pct_hdd,100,42,1000000,5000,1.0,timeout_degraded_read,15.0,10,500000,550000,80,recovery,90,mild_slow,10,13.0,27.5,35.9,213919,7.0,13919,13919,2268,0,0,0
dynamic_stress_100d_20pct_hdd,100,42,1000000,5000,1.0,timeout_degraded_read,15.0,11,550000,600000,80,healthy,90,severe_slow,10,12.8,59.7,79.2,211503,5.8,11503,11503,3188,0,0,0
dynamic_stress_100d_20pct_hdd,100,42,1000000,5000,1.0,timeout_degraded_read,15.0,12,600000,650000,80,healthy,90,severe_slow,10,12.8,60.1,79.0,211548,5.8,11548,11548,3203,0,0,0
dynamic_stress_100d_20pct_hdd,100,42,1000000,5000,1.0,timeout_degraded_read,15.0,13,650000,700000,80,healthy,90,severe_slow,10,12.8,60.5,79.1,211633,5.8,11633,11633,3167,0,0,0
dynamic_stress_100d_20pct_hdd,100,42,1000000,5000,1.0,timeout_degraded_read,15.0,14,700000,750000,80,mild_slow,90,recovery,10,13.0,28.8,36.2,214135,7.1,14135,14135,2052,0,0,0
dynamic_stress_100d_20pct_hdd,100,42,1000000,5000,1.0,timeout_degraded_read,15.0,15,750000,800000,80,recovery,90,recovery,0,13.0,20.0,23.9,213282,6.6,13282,13282,797,0,0,0
dynamic_stress_100d_20pct_hdd,100,42,1000000,5000,1.0,timeout_degraded_read,15.0,16,800000,850000,80,healthy,90,healthy,0,12.5,16.8,18.8,208029,4.0,8029,8029,187,0,0,0
dynamic_stress_100d_20pct_hdd,100,42,1000000,5000,1.0,timeout_degraded_read,15.0,17,850000,900000,80,healthy,90,healthy,0,12.5,16.8,18.7,208054,4.0,8054,8054,201,0,0,0
dynamic_stress_100d_20pct_hdd,100,42,1000000,5000,1.0,timeout_degraded_read,15.0,18,900000,950000,80,healthy,90,healthy,0,12.5,16.8,18.8,208085,4.0,8085,8085,211,0,0,0
dynamic_stress_100d_20pct_hdd,100,42,1000000,5000,1.0,timeout_degraded_read,15.0,19,950000,1000000,80,healthy,90,healthy,0,12.5,16.8,18.8,208170,4.1,8170,8170,193,0,0,0
dynamic_stress_100d_20pct_hdd,100,42,1000000,5000,1.0,health_ec,15.0,0,0,50000,80,healthy,90,healthy,0,12.5,16.8,18.8,200000,0.0,0,0,0,0,0,0
dynamic_stress_100d_20pct_hdd,100,42,1000000,5000,1.0,health_ec,15.0,1,50000,100000,80,healthy,90,healthy,0,12.5,16.8,18.9,200000,0.0,0,0,0,0,0,0
dynamic_stress_100d_20pct_hdd,100,42,1000000,5000,1.0,health_ec,15.0,2,100000,150000,80,healthy,90,healthy,0,12.5,16.8,18.8,200000,0.0,0,0,0,0,0,0
dynamic_stress_100d_20pct_hdd,100,42,1000000,5000,1.0,health_ec,15.0,3,150000,200000,80,mild_slow,90,healthy,10,12.8,27.1,36.7,201895,0.9,1895,1895,1527,1,1,0
dynamic_stress_100d_20pct_hdd,100,42,1000000,5000,1.0,health_ec,15.0,4,200000,250000,80,mild_slow,90,healthy,10,12.8,26.1,35.4,202958,1.5,2958,2958,2420,1,1,0
dynamic_stress_100d_20pct_hdd,100,42,1000000,5000,1.0,health_ec,15.0,5,250000,300000,80,mild_slow,90,healthy,10,12.8,26.3,34.8,203265,1.6,3265,3265,2685,0,0,0
dynamic_stress_100d_20pct_hdd,100,42,1000000,5000,1.0,health_ec,15.0,6,300000,350000,80,severe_slow,90,healthy,10,12.7,55.4,78.6,202869,1.4,2869,2869,2392,8,8,0
dynamic_stress_100d_20pct_hdd,100,42,1000000,5000,1.0,health_ec,15.0,7,350000,400000,80,severe_slow,90,healthy,10,12.7,52.7,74.9,203068,1.5,3068,3068,2623,0,0,0
dynamic_stress_100d_20pct_hdd,100,42,1000000,5000,1.0,health_ec,15.0,8,400000,450000,80,severe_slow,90,healthy,10,12.7,51.7,75.1,203163,1.6,3163,3163,2679,0,0,0
dynamic_stress_100d_20pct_hdd,100,42,1000000,5000,1.0,health_ec,15.0,9,450000,500000,80,recovery,90,mild_slow,10,12.9,27.0,36.8,204150,2.1,4150,4150,3081,4,4,0
dynamic_stress_100d_20pct_hdd,100,42,1000000,5000,1.0,health_ec,15.0,10,500000,550000,80,recovery,90,mild_slow,10,12.9,25.8,35.3,204063,2.0,4063,4063,3136,0,0,0
dynamic_stress_100d_20pct_hdd,100,42,1000000,5000,1.0,health_ec,15.0,11,550000,600000,80,healthy,90,severe_slow,10,12.7,55.0,78.9,203500,1.8,3500,3500,2690,6,6,0
dynamic_stress_100d_20pct_hdd,100,42,1000000,5000,1.0,health_ec,15.0,12,600000,650000,80,healthy,90,severe_slow,10,12.7,53.3,76.1,203290,1.6,3290,3290,2642,0,0,0
dynamic_stress_100d_20pct_hdd,100,42,1000000,5000,1.0,health_ec,15.0,13,650000,700000,80,healthy,90,severe_slow,10,12.7,53.6,74.8,203385,1.7,3385,3385,2776,0,0,0
dynamic_stress_100d_20pct_hdd,100,42,1000000,5000,1.0,health_ec,15.0,14,700000,750000,80,mild_slow,90,recovery,10,12.9,24.9,35.9,203878,1.9,3878,3878,3277,1,1,0
dynamic_stress_100d_20pct_hdd,100,42,1000000,5000,1.0,health_ec,15.0,15,750000,800000,80,recovery,90,recovery,0,12.8,18.5,22.4,203056,1.5,3056,3056,2515,0,0,0
dynamic_stress_100d_20pct_hdd,100,42,1000000,5000,1.0,health_ec,15.0,16,800000,850000,80,healthy,90,healthy,0,12.4,16.8,18.9,201095,0.5,1095,1095,872,0,0,0
dynamic_stress_100d_20pct_hdd,100,42,1000000,5000,1.0,health_ec,15.0,17,850000,900000,80,healthy,90,healthy,0,12.5,16.8,18.9,200282,0.1,282,282,227,0,0,0
dynamic_stress_100d_20pct_hdd,100,42,1000000,5000,1.0,health_ec,15.0,18,900000,950000,80,healthy,90,healthy,0,12.5,16.8,18.8,200083,0.0,83,83,68,0,0,0
dynamic_stress_100d_20pct_hdd,100,42,1000000,5000,1.0,health_ec,15.0,19,950000,1000000,80,healthy,90,healthy,0,12.5,16.8,18.9,200050,0.0,50,50,40,0,0,0
dynamic_stress_100d_20pct_hdd,100,43,1000000,5000,1.0,vanilla_ec,15.0,0,0,50000,80,healthy,90,healthy,0,12.5,16.8,18.8,200000,0.0,0,0,0,0,0,0
dynamic_stress_100d_20pct_hdd,100,43,1000000,5000,1.0,vanilla_ec,15.0,1,50000,100000,80,healthy,90,healthy,0,12.5,16.8,18.9,200000,0.0,0,0,0,0,0,0
dynamic_stress_100d_20pct_hdd,100,43,1000000,5000,1.0,vanilla_ec,15.0,2,100000,150000,80,healthy,90,healthy,0,12.5,16.8,18.8,200000,0.0,0,0,0,0,0,0
dynamic_stress_100d_20pct_hdd,100,43,1000000,5000,1.0,vanilla_ec,15.0,3,150000,200000,80,mild_slow,90,healthy,10,12.8,29.9,39.4,200000,0.0,0,0,0,0,0,0
dynamic_stress_100d_20pct_hdd,100,43,1000000,5000,1.0,vanilla_ec,15.0,4,200000,250000,80,mild_slow,90,healthy,10,12.8,29.7,39.4,200000,0.0,0,0,0,0,0,0
dynamic_stress_100d_20pct_hdd,100,43,1000000,5000,1.0,vanilla_ec,15.0,5,250000,300000,80,mild_slow,90,healthy,10,12.8,29.7,39.4,200000,0.0,0,0,0,0,0,0
dynamic_stress_100d_20pct_hdd,100,43,1000000,5000,1.0,vanilla_ec,15.0,6,300000,350000,80,severe_slow,90,healthy,10,12.8,69.1,97.4,200000,0.0,0,0,0,0,0,0
dynamic_stress_100d_20pct_hdd,100,43,1000000,5000,1.0,vanilla_ec,15.0,7,350000,400000,80,severe_slow,90,healthy,10,12.8,69.6,99.1,200000,0.0,0,0,0,0,0,0
dynamic_stress_100d_20pct_hdd,100,43,1000000,5000,1.0,vanilla_ec,15.0,8,400000,450000,80,severe_slow,90,healthy,10,12.8,68.3,97.1,200000,0.0,0,0,0,0,0,0
dynamic_stress_100d_20pct_hdd,100,43,1000000,5000,1.0,vanilla_ec,15.0,9,450000,500000,80,recovery,90,mild_slow,10,13.0,29.9,40.3,200000,0.0,0,0,0,0,0,0
dynamic_stress_100d_20pct_hdd,100,43,1000000,5000,1.0,vanilla_ec,15.0,10,500000,550000,80,recovery,90,mild_slow,10,13.0,29.9,39.8,200000,0.0,0,0,0,0,0,0
dynamic_stress_100d_20pct_hdd,100,43,1000000,5000,1.0,vanilla_ec,15.0,11,550000,600000,80,healthy,90,severe_slow,10,12.8,68.8,97.4,200000,0.0,0,0,0,0,0,0
dynamic_stress_100d_20pct_hdd,100,43,1000000,5000,1.0,vanilla_ec,15.0,12,600000,650000,80,healthy,90,severe_slow,10,12.8,69.2,99.8,200000,0.0,0,0,0,0,0,0
dynamic_stress_100d_20pct_hdd,100,43,1000000,5000,1.0,vanilla_ec,15.0,13,650000,700000,80,healthy,90,severe_slow,10,12.8,69.3,98.7,200000,0.0,0,0,0,0,0,0
dynamic_stress_100d_20pct_hdd,100,43,1000000,5000,1.0,vanilla_ec,15.0,14,700000,750000,80,mild_slow,90,recovery,10,13.0,30.0,40.4,200000,0.0,0,0,0,0,0,0
dynamic_stress_100d_20pct_hdd,100,43,1000000,5000,1.0,vanilla_ec,15.0,15,750000,800000,80,recovery,90,recovery,0,13.0,20.1,24.5,200000,0.0,0,0,0,0,0,0
dynamic_stress_100d_20pct_hdd,100,43,1000000,5000,1.0,vanilla_ec,15.0,16,800000,850000,80,healthy,90,healthy,0,12.5,16.8,18.9,200000,0.0,0,0,0,0,0,0
dynamic_stress_100d_20pct_hdd,100,43,1000000,5000,1.0,vanilla_ec,15.0,17,850000,900000,80,healthy,90,healthy,0,12.5,16.8,18.8,200000,0.0,0,0,0,0,0,0
dynamic_stress_100d_20pct_hdd,100,43,1000000,5000,1.0,vanilla_ec,15.0,18,900000,950000,80,healthy,90,healthy,0,12.5,16.8,18.9,200000,0.0,0,0,0,0,0,0
dynamic_stress_100d_20pct_hdd,100,43,1000000,5000,1.0,vanilla_ec,15.0,19,950000,1000000,80,healthy,90,healthy,0,12.5,16.8,18.7,200000,0.0,0,0,0,0,0,0
dynamic_stress_100d_20pct_hdd,100,43,1000000,5000,1.0,late_binding,15.0,0,0,50000,80,healthy,90,healthy,0,10.7,14.0,15.4,250000,25.0,50000,50000,39871,0,0,0
dynamic_stress_100d_20pct_hdd,100,43,1000000,5000,1.0,late_binding,15.0,1,50000,100000,80,healthy,90,healthy,0,10.7,14.0,15.4,250000,25.0,50000,50000,40011,0,0,0
dynamic_stress_100d_20pct_hdd,100,43,1000000,5000,1.0,late_binding,15.0,2,100000,150000,80,healthy,90,healthy,0,10.7,14.0,15.4,250000,25.0,50000,50000,40100,0,0,0
dynamic_stress_100d_20pct_hdd,100,43,1000000,5000,1.0,late_binding,15.0,3,150000,200000,80,mild_slow,90,healthy,10,10.9,25.1,32.5,250000,25.0,50000,50000,39621,0,0,0
dynamic_stress_100d_20pct_hdd,100,43,1000000,5000,1.0,late_binding,15.0,4,200000,250000,80,mild_slow,90,healthy,10,10.9,25.0,32.5,250000,25.0,50000,50000,39647,0,0,0
dynamic_stress_100d_20pct_hdd,100,43,1000000,5000,1.0,late_binding,15.0,5,250000,300000,80,mild_slow,90,healthy,10,10.9,25.0,32.6,250000,25.0,50000,50000,39708,0,0,0
dynamic_stress_100d_20pct_hdd,100,43,1000000,5000,1.0,late_binding,15.0,6,300000,350000,80,severe_slow,90,healthy,10,10.9,58.0,75.5,250000,25.0,50000,50000,39641,0,0,0
dynamic_stress_100d_20pct_hdd,100,43,1000000,5000,1.0,late_binding,15.0,7,350000,400000,80,severe_slow,90,healthy,10,11.0,57.8,75.5,250000,25.0,50000,50000,39639,0,0,0
dynamic_stress_100d_20pct_hdd,100,43,1000000,5000,1.0,late_binding,15.0,8,400000,450000,80,severe_slow,90,healthy,10,10.9,57.8,74.9,250000,25.0,50000,50000,39665,0,0,0
dynamic_stress_100d_20pct_hdd,100,43,1000000,5000,1.0,late_binding,15.0,9,450000,500000,80,recovery,90,mild_slow,10,11.1,24.9,32.5,250000,25.0,50000,50000,39652,0,0,0
dynamic_stress_100d_20pct_hdd,100,43,1000000,5000,1.0,late_binding,15.0,10,500000,550000,80,recovery,90,mild_slow,10,11.1,24.9,32.4,250000,25.0,50000,50000,39549,0,0,0
dynamic_stress_100d_20pct_hdd,100,43,1000000,5000,1.0,late_binding,15.0,11,550000,600000,80,healthy,90,severe_slow,10,11.0,57.7,75.3,250000,25.0,50000,50000,39810,0,0,0
dynamic_stress_100d_20pct_hdd,100,43,1000000,5000,1.0,late_binding,15.0,12,600000,650000,80,healthy,90,severe_slow,10,10.9,57.7,75.4,250000,25.0,50000,50000,39699,0,0,0
dynamic_stress_100d_20pct_hdd,100,43,1000000,5000,1.0,late_binding,15.0,13,650000,700000,80,healthy,90,severe_slow,10,10.9,57.8,75.9,250000,25.0,50000,50000,39934,0,0,0
dynamic_stress_100d_20pct_hdd,100,43,1000000,5000,1.0,late_binding,15.0,14,700000,750000,80,mild_slow,90,recovery,10,11.1,25.2,32.5,250000,25.0,50000,50000,39842,0,0,0
dynamic_stress_100d_20pct_hdd,100,43,1000000,5000,1.0,late_binding,15.0,15,750000,800000,80,recovery,90,recovery,0,11.1,16.9,20.2,250000,25.0,50000,50000,39853,0,0,0
dynamic_stress_100d_20pct_hdd,100,43,1000000,5000,1.0,late_binding,15.0,16,800000,850000,80,healthy,90,healthy,0,10.7,14.0,15.4,250000,25.0,50000,50000,39910,0,0,0
dynamic_stress_100d_20pct_hdd,100,43,1000000,5000,1.0,late_binding,15.0,17,850000,900000,80,healthy,90,healthy,0,10.7,14.0,15.5,250000,25.0,50000,50000,40032,0,0,0
dynamic_stress_100d_20pct_hdd,100,43,1000000,5000,1.0,late_binding,15.0,18,900000,950000,80,healthy,90,healthy,0,10.7,14.0,15.4,250000,25.0,50000,50000,39985,0,0,0
dynamic_stress_100d_20pct_hdd,100,43,1000000,5000,1.0,late_binding,15.0,19,950000,1000000,80,healthy,90,healthy,0,10.7,14.0,15.4,250000,25.0,50000,50000,39872,0,0,0
dynamic_stress_100d_20pct_hdd,100,43,1000000,5000,1.0,timeout_degraded_read,15.0,0,0,50000,80,healthy,90,healthy,0,12.5,16.8,18.7,208102,4.1,8102,8102,165,0,0,0
dynamic_stress_100d_20pct_hdd,100,43,1000000,5000,1.0,timeout_degraded_read,15.0,1,50000,100000,80,healthy,90,healthy,0,12.5,16.8,18.8,208123,4.1,8123,8123,169,0,0,0
dynamic_stress_100d_20pct_hdd,100,43,1000000,5000,1.0,timeout_degraded_read,15.0,2,100000,150000,80,healthy,90,healthy,0,12.5,16.8,18.7,208110,4.1,8110,8110,198,0,0,0
dynamic_stress_100d_20pct_hdd,100,43,1000000,5000,1.0,timeout_degraded_read,15.0,3,150000,200000,80,mild_slow,90,healthy,10,12.8,27.6,36.3,211715,5.9,11715,11715,1944,0,0,0
dynamic_stress_100d_20pct_hdd,100,43,1000000,5000,1.0,timeout_degraded_read,15.0,4,200000,250000,80,mild_slow,90,healthy,10,12.8,27.6,36.0,211680,5.8,11680,11680,1942,0,0,0
dynamic_stress_100d_20pct_hdd,100,43,1000000,5000,1.0,timeout_degraded_read,15.0,5,250000,300000,80,mild_slow,90,healthy,10,12.8,27.6,36.0,211647,5.8,11647,11647,1869,0,0,0
dynamic_stress_100d_20pct_hdd,100,43,1000000,5000,1.0,timeout_degraded_read,15.0,6,300000,350000,80,severe_slow,90,healthy,10,12.8,60.8,79.1,211636,5.8,11636,11636,3032,0,0,0
dynamic_stress_100d_20pct_hdd,100,43,1000000,5000,1.0,timeout_degraded_read,15.0,7,350000,400000,80,severe_slow,90,healthy,10,12.8,61.0,78.9,211750,5.9,11750,11750,3136,0,0,0
dynamic_stress_100d_20pct_hdd,100,43,1000000,5000,1.0,timeout_degraded_read,15.0,8,400000,450000,80,severe_slow,90,healthy,10,12.8,60.4,78.2,211620,5.8,11620,11620,3096,0,0,0
dynamic_stress_100d_20pct_hdd,100,43,1000000,5000,1.0,timeout_degraded_read,15.0,9,450000,500000,80,recovery,90,mild_slow,10,13.0,27.4,35.9,214015,7.0,14015,14015,2238,0,0,0
dynamic_stress_100d_20pct_hdd,100,43,1000000,5000,1.0,timeout_degraded_read,15.0,10,500000,550000,80,recovery,90,mild_slow,10,13.0,27.4,35.9,213901,7.0,13901,13901,2270,0,0,0
dynamic_stress_100d_20pct_hdd,100,43,1000000,5000,1.0,timeout_degraded_read,15.0,11,550000,600000,80,healthy,90,severe_slow,10,12.8,60.2,78.1,211633,5.8,11633,11633,3191,0,0,0
dynamic_stress_100d_20pct_hdd,100,43,1000000,5000,1.0,timeout_degraded_read,15.0,12,600000,650000,80,healthy,90,severe_slow,10,12.8,59.9,78.5,211564,5.8,11564,11564,3220,0,0,0
dynamic_stress_100d_20pct_hdd,100,43,1000000,5000,1.0,timeout_degraded_read,15.0,13,650000,700000,80,healthy,90,severe_slow,10,12.8,60.4,79.5,211609,5.8,11609,11609,3106,0,0,0
dynamic_stress_100d_20pct_hdd,100,43,1000000,5000,1.0,timeout_degraded_read,15.0,14,700000,750000,80,mild_slow,90,recovery,10,13.0,28.6,36.2,214051,7.0,14051,14051,1949,0,0,0
dynamic_stress_100d_20pct_hdd,100,43,1000000,5000,1.0,timeout_degraded_read,15.0,15,750000,800000,80,recovery,90,recovery,0,13.0,19.9,23.9,213278,6.6,13278,13278,750,0,0,0
dynamic_stress_100d_20pct_hdd,100,43,1000000,5000,1.0,timeout_degraded_read,15.0,16,800000,850000,80,healthy,90,healthy,0,12.5,16.8,18.8,208097,4.0,8097,8097,187,0,0,0
dynamic_stress_100d_20pct_hdd,100,43,1000000,5000,1.0,timeout_degraded_read,15.0,17,850000,900000,80,healthy,90,healthy,0,12.5,16.8,18.7,208029,4.0,8029,8029,173,0,0,0
dynamic_stress_100d_20pct_hdd,100,43,1000000,5000,1.0,timeout_degraded_read,15.0,18,900000,950000,80,healthy,90,healthy,0,12.5,16.8,18.8,208094,4.0,8094,8094,194,0,0,0
dynamic_stress_100d_20pct_hdd,100,43,1000000,5000,1.0,timeout_degraded_read,15.0,19,950000,1000000,80,healthy,90,healthy,0,12.5,16.7,18.7,207918,4.0,7918,7918,220,0,0,0
dynamic_stress_100d_20pct_hdd,100,43,1000000,5000,1.0,health_ec,15.0,0,0,50000,80,healthy,90,healthy,0,12.5,16.8,18.8,200000,0.0,0,0,0,0,0,0
dynamic_stress_100d_20pct_hdd,100,43,1000000,5000,1.0,health_ec,15.0,1,50000,100000,80,healthy,90,healthy,0,12.5,16.8,18.9,200000,0.0,0,0,0,0,0,0
dynamic_stress_100d_20pct_hdd,100,43,1000000,5000,1.0,health_ec,15.0,2,100000,150000,80,healthy,90,healthy,0,12.5,16.8,18.8,200000,0.0,0,0,0,0,0,0
dynamic_stress_100d_20pct_hdd,100,43,1000000,5000,1.0,health_ec,15.0,3,150000,200000,80,mild_slow,90,healthy,10,12.8,27.3,36.7,202115,1.1,2115,2115,1746,0,0,0
dynamic_stress_100d_20pct_hdd,100,43,1000000,5000,1.0,health_ec,15.0,4,200000,250000,80,mild_slow,90,healthy,10,12.8,26.2,35.0,202940,1.5,2940,2940,2433,2,2,0
dynamic_stress_100d_20pct_hdd,100,43,1000000,5000,1.0,health_ec,15.0,5,250000,300000,80,mild_slow,90,healthy,10,12.8,25.9,34.9,203028,1.5,3028,3028,2511,1,1,0
dynamic_stress_100d_20pct_hdd,100,43,1000000,5000,1.0,health_ec,15.0,6,300000,350000,80,severe_slow,90,healthy,10,12.7,53.7,77.5,202881,1.4,2881,2881,2423,7,7,0
dynamic_stress_100d_20pct_hdd,100,43,1000000,5000,1.0,health_ec,15.0,7,350000,400000,80,severe_slow,90,healthy,10,12.7,53.0,75.8,203059,1.5,3059,3059,2564,0,0,0
dynamic_stress_100d_20pct_hdd,100,43,1000000,5000,1.0,health_ec,15.0,8,400000,450000,80,severe_slow,90,healthy,10,12.7,51.9,74.6,203139,1.6,3139,3139,2629,0,0,0
dynamic_stress_100d_20pct_hdd,100,43,1000000,5000,1.0,health_ec,15.0,9,450000,500000,80,recovery,90,mild_slow,10,12.9,26.2,36.6,204019,2.0,4019,4019,2988,5,5,0
dynamic_stress_100d_20pct_hdd,100,43,1000000,5000,1.0,health_ec,15.0,10,500000,550000,80,recovery,90,mild_slow,10,12.9,25.6,35.2,203996,2.0,3996,3996,3061,0,0,0
dynamic_stress_100d_20pct_hdd,100,43,1000000,5000,1.0,health_ec,15.0,11,550000,600000,80,healthy,90,severe_slow,10,12.7,54.2,77.5,203310,1.7,3310,3310,2631,6,6,0
dynamic_stress_100d_20pct_hdd,100,43,1000000,5000,1.0,health_ec,15.0,12,600000,650000,80,healthy,90,severe_slow,10,12.7,52.8,75.6,203222,1.6,3222,3222,2710,0,0,0
dynamic_stress_100d_20pct_hdd,100,43,1000000,5000,1.0,health_ec,15.0,13,650000,700000,80,healthy,90,severe_slow,10,12.7,52.0,74.6,203140,1.6,3140,3140,2587,0,0,0
dynamic_stress_100d_20pct_hdd,100,43,1000000,5000,1.0,health_ec,15.0,14,700000,750000,80,mild_slow,90,recovery,10,12.9,24.5,36.0,203727,1.9,3727,3727,3219,0,0,0
dynamic_stress_100d_20pct_hdd,100,43,1000000,5000,1.0,health_ec,15.0,15,750000,800000,80,recovery,90,recovery,0,12.8,18.5,22.4,202884,1.4,2884,2884,2389,0,0,0
dynamic_stress_100d_20pct_hdd,100,43,1000000,5000,1.0,health_ec,15.0,16,800000,850000,80,healthy,90,healthy,0,12.4,16.8,18.9,201115,0.6,1115,1115,898,0,0,0
dynamic_stress_100d_20pct_hdd,100,43,1000000,5000,1.0,health_ec,15.0,17,850000,900000,80,healthy,90,healthy,0,12.5,16.8,18.8,200343,0.2,343,343,270,0,0,0
dynamic_stress_100d_20pct_hdd,100,43,1000000,5000,1.0,health_ec,15.0,18,900000,950000,80,healthy,90,healthy,0,12.5,16.8,18.9,200102,0.1,102,102,76,0,0,0
dynamic_stress_100d_20pct_hdd,100,43,1000000,5000,1.0,health_ec,15.0,19,950000,1000000,80,healthy,90,healthy,0,12.5,16.8,18.7,200032,0.0,32,32,27,0,0,0
dynamic_stress_100d_20pct_hdd,100,44,1000000,5000,1.0,vanilla_ec,15.0,0,0,50000,80,healthy,90,healthy,0,12.5,16.8,18.8,200000,0.0,0,0,0,0,0,0
dynamic_stress_100d_20pct_hdd,100,44,1000000,5000,1.0,vanilla_ec,15.0,1,50000,100000,80,healthy,90,healthy,0,12.5,16.8,18.7,200000,0.0,0,0,0,0,0,0
dynamic_stress_100d_20pct_hdd,100,44,1000000,5000,1.0,vanilla_ec,15.0,2,100000,150000,80,healthy,90,healthy,0,12.5,16.8,18.8,200000,0.0,0,0,0,0,0,0
dynamic_stress_100d_20pct_hdd,100,44,1000000,5000,1.0,vanilla_ec,15.0,3,150000,200000,80,mild_slow,90,healthy,10,12.8,29.7,38.8,200000,0.0,0,0,0,0,0,0
dynamic_stress_100d_20pct_hdd,100,44,1000000,5000,1.0,vanilla_ec,15.0,4,200000,250000,80,mild_slow,90,healthy,10,12.8,29.6,39.2,200000,0.0,0,0,0,0,0,0
dynamic_stress_100d_20pct_hdd,100,44,1000000,5000,1.0,vanilla_ec,15.0,5,250000,300000,80,mild_slow,90,healthy,10,12.8,30.1,39.9,200000,0.0,0,0,0,0,0,0
dynamic_stress_100d_20pct_hdd,100,44,1000000,5000,1.0,vanilla_ec,15.0,6,300000,350000,80,severe_slow,90,healthy,10,12.8,68.7,97.9,200000,0.0,0,0,0,0,0,0
dynamic_stress_100d_20pct_hdd,100,44,1000000,5000,1.0,vanilla_ec,15.0,7,350000,400000,80,severe_slow,90,healthy,10,12.8,68.8,96.2,200000,0.0,0,0,0,0,0,0
dynamic_stress_100d_20pct_hdd,100,44,1000000,5000,1.0,vanilla_ec,15.0,8,400000,450000,80,severe_slow,90,healthy,10,12.8,69.1,97.5,200000,0.0,0,0,0,0,0,0
dynamic_stress_100d_20pct_hdd,100,44,1000000,5000,1.0,vanilla_ec,15.0,9,450000,500000,80,recovery,90,mild_slow,10,13.1,30.0,40.3,200000,0.0,0,0,0,0,0,0
dynamic_stress_100d_20pct_hdd,100,44,1000000,5000,1.0,vanilla_ec,15.0,10,500000,550000,80,recovery,90,mild_slow,10,13.0,30.0,40.4,200000,0.0,0,0,0,0,0,0
dynamic_stress_100d_20pct_hdd,100,44,1000000,5000,1.0,vanilla_ec,15.0,11,550000,600000,80,healthy,90,severe_slow,10,12.8,69.1,99.4,200000,0.0,0,0,0,0,0,0
dynamic_stress_100d_20pct_hdd,100,44,1000000,5000,1.0,vanilla_ec,15.0,12,600000,650000,80,healthy,90,severe_slow,10,12.8,69.4,106.5,200000,0.0,0,0,0,0,0,0
dynamic_stress_100d_20pct_hdd,100,44,1000000,5000,1.0,vanilla_ec,15.0,13,650000,700000,80,healthy,90,severe_slow,10,12.8,69.5,103.7,200000,0.0,0,0,0,0,0,0
dynamic_stress_100d_20pct_hdd,100,44,1000000,5000,1.0,vanilla_ec,15.0,14,700000,750000,80,mild_slow,90,recovery,10,13.0,29.9,39.8,200000,0.0,0,0,0,0,0,0
dynamic_stress_100d_20pct_hdd,100,44,1000000,5000,1.0,vanilla_ec,15.0,15,750000,800000,80,recovery,90,recovery,0,13.0,20.2,24.6,200000,0.0,0,0,0,0,0,0
dynamic_stress_100d_20pct_hdd,100,44,1000000,5000,1.0,vanilla_ec,15.0,16,800000,850000,80,healthy,90,healthy,0,12.5,16.8,18.8,200000,0.0,0,0,0,0,0,0
dynamic_stress_100d_20pct_hdd,100,44,1000000,5000,1.0,vanilla_ec,15.0,17,850000,900000,80,healthy,90,healthy,0,12.5,16.8,18.8,200000,0.0,0,0,0,0,0,0
dynamic_stress_100d_20pct_hdd,100,44,1000000,5000,1.0,vanilla_ec,15.0,18,900000,950000,80,healthy,90,healthy,0,12.5,16.9,18.8,200000,0.0,0,0,0,0,0,0
dynamic_stress_100d_20pct_hdd,100,44,1000000,5000,1.0,vanilla_ec,15.0,19,950000,1000000,80,healthy,90,healthy,0,12.5,16.9,18.9,200000,0.0,0,0,0,0,0,0
dynamic_stress_100d_20pct_hdd,100,44,1000000,5000,1.0,late_binding,15.0,0,0,50000,80,healthy,90,healthy,0,10.7,14.0,15.4,250000,25.0,50000,50000,39978,0,0,0
dynamic_stress_100d_20pct_hdd,100,44,1000000,5000,1.0,late_binding,15.0,1,50000,100000,80,healthy,90,healthy,0,10.7,14.0,15.4,250000,25.0,50000,50000,40008,0,0,0
dynamic_stress_100d_20pct_hdd,100,44,1000000,5000,1.0,late_binding,15.0,2,100000,150000,80,healthy,90,healthy,0,10.7,14.0,15.5,250000,25.0,50000,50000,39927,0,0,0
dynamic_stress_100d_20pct_hdd,100,44,1000000,5000,1.0,late_binding,15.0,3,150000,200000,80,mild_slow,90,healthy,10,11.0,25.0,32.2,250000,25.0,50000,50000,39774,0,0,0
dynamic_stress_100d_20pct_hdd,100,44,1000000,5000,1.0,late_binding,15.0,4,200000,250000,80,mild_slow,90,healthy,10,11.0,24.8,32.4,250000,25.0,50000,50000,39819,0,0,0
dynamic_stress_100d_20pct_hdd,100,44,1000000,5000,1.0,late_binding,15.0,5,250000,300000,80,mild_slow,90,healthy,10,10.9,25.3,32.5,250000,25.0,50000,50000,39696,0,0,0
dynamic_stress_100d_20pct_hdd,100,44,1000000,5000,1.0,late_binding,15.0,6,300000,350000,80,severe_slow,90,healthy,10,11.0,57.6,75.1,250000,25.0,50000,50000,39577,0,0,0
dynamic_stress_100d_20pct_hdd,100,44,1000000,5000,1.0,late_binding,15.0,7,350000,400000,80,severe_slow,90,healthy,10,11.0,58.1,75.9,250000,25.0,50000,50000,39621,0,0,0
dynamic_stress_100d_20pct_hdd,100,44,1000000,5000,1.0,late_binding,15.0,8,400000,450000,80,severe_slow,90,healthy,10,10.9,58.0,75.5,250000,25.0,50000,50000,39747,0,0,0
dynamic_stress_100d_20pct_hdd,100,44,1000000,5000,1.0,late_binding,15.0,9,450000,500000,80,recovery,90,mild_slow,10,11.1,24.8,32.5,250000,25.0,50000,50000,39652,0,0,0
dynamic_stress_100d_20pct_hdd,100,44,1000000,5000,1.0,late_binding,15.0,10,500000,550000,80,recovery,90,mild_slow,10,11.1,24.7,32.5,250000,25.0,50000,50000,39563,0,0,0
dynamic_stress_100d_20pct_hdd,100,44,1000000,5000,1.0,late_binding,15.0,11,550000,600000,80,healthy,90,severe_slow,10,11.0,57.7,75.6,250000,25.0,50000,50000,39672,0,0,0
dynamic_stress_100d_20pct_hdd,100,44,1000000,5000,1.0,late_binding,15.0,12,600000,650000,80,healthy,90,severe_slow,10,10.9,58.0,75.9,250000,25.0,50000,50000,39748,0,0,0
dynamic_stress_100d_20pct_hdd,100,44,1000000,5000,1.0,late_binding,15.0,13,650000,700000,80,healthy,90,severe_slow,10,10.9,57.7,75.7,250000,25.0,50000,50000,39638,0,0,0
dynamic_stress_100d_20pct_hdd,100,44,1000000,5000,1.0,late_binding,15.0,14,700000,750000,80,mild_slow,90,recovery,10,11.1,24.9,32.2,250000,25.0,50000,50000,39987,0,0,0
dynamic_stress_100d_20pct_hdd,100,44,1000000,5000,1.0,late_binding,15.0,15,750000,800000,80,recovery,90,recovery,0,11.1,16.9,20.2,250000,25.0,50000,50000,39851,0,0,0
dynamic_stress_100d_20pct_hdd,100,44,1000000,5000,1.0,late_binding,15.0,16,800000,850000,80,healthy,90,healthy,0,10.7,14.0,15.5,250000,25.0,50000,50000,40014,0,0,0
dynamic_stress_100d_20pct_hdd,100,44,1000000,5000,1.0,late_binding,15.0,17,850000,900000,80,healthy,90,healthy,0,10.7,14.0,15.4,250000,25.0,50000,50000,39891,0,0,0
dynamic_stress_100d_20pct_hdd,100,44,1000000,5000,1.0,late_binding,15.0,18,900000,950000,80,healthy,90,healthy,0,10.7,14.0,15.5,250000,25.0,50000,50000,39817,0,0,0
dynamic_stress_100d_20pct_hdd,100,44,1000000,5000,1.0,late_binding,15.0,19,950000,1000000,80,healthy,90,healthy,0,10.7,14.0,15.5,250000,25.0,50000,50000,40068,0,0,0
dynamic_stress_100d_20pct_hdd,100,44,1000000,5000,1.0,timeout_degraded_read,15.0,0,0,50000,80,healthy,90,healthy,0,12.5,16.8,18.8,208033,4.0,8033,8033,184,0,0,0
dynamic_stress_100d_20pct_hdd,100,44,1000000,5000,1.0,timeout_degraded_read,15.0,1,50000,100000,80,healthy,90,healthy,0,12.5,16.8,18.7,208137,4.1,8137,8137,165,0,0,0
dynamic_stress_100d_20pct_hdd,100,44,1000000,5000,1.0,timeout_degraded_read,15.0,2,100000,150000,80,healthy,90,healthy,0,12.5,16.8,18.7,208104,4.1,8104,8104,193,0,0,0
dynamic_stress_100d_20pct_hdd,100,44,1000000,5000,1.0,timeout_degraded_read,15.0,3,150000,200000,80,mild_slow,90,healthy,10,12.8,27.8,36.0,211587,5.8,11587,11587,1906,0,0,0
dynamic_stress_100d_20pct_hdd,100,44,1000000,5000,1.0,timeout_degraded_read,15.0,4,200000,250000,80,mild_slow,90,healthy,10,12.8,27.5,35.8,211682,5.8,11682,11682,1864,0,0,0
dynamic_stress_100d_20pct_hdd,100,44,1000000,5000,1.0,timeout_degraded_read,15.0,5,250000,300000,80,mild_slow,90,healthy,10,12.8,28.0,36.3,211606,5.8,11606,11606,1941,0,0,0
dynamic_stress_100d_20pct_hdd,100,44,1000000,5000,1.0,timeout_degraded_read,15.0,6,300000,350000,80,severe_slow,90,healthy,10,12.8,60.3,78.9,211708,5.9,11708,11708,3063,0,0,0
dynamic_stress_100d_20pct_hdd,100,44,1000000,5000,1.0,timeout_degraded_read,15.0,7,350000,400000,80,severe_slow,90,healthy,10,12.8,60.7,79.3,211810,5.9,11810,11810,3053,0,0,0
dynamic_stress_100d_20pct_hdd,100,44,1000000,5000,1.0,timeout_degraded_read,15.0,8,400000,450000,80,severe_slow,90,healthy,10,12.8,60.6,78.9,211838,5.9,11838,11838,3097,0,0,0
dynamic_stress_100d_20pct_hdd,100,44,1000000,5000,1.0,timeout_degraded_read,15.0,9,450000,500000,80,recovery,90,mild_slow,10,13.1,27.5,36.1,214006,7.0,14006,14006,2251,0,0,0
dynamic_stress_100d_20pct_hdd,100,44,1000000,5000,1.0,timeout_degraded_read,15.0,10,500000,550000,80,recovery,90,mild_slow,10,13.0,27.2,35.9,213923,7.0,13923,13923,2312,0,0,0
dynamic_stress_100d_20pct_hdd,100,44,1000000,5000,1.0,timeout_degraded_read,15.0,11,550000,600000,80,healthy,90,severe_slow,10,12.8,60.0,78.5,211637,5.8,11637,11637,3236,0,0,0
dynamic_stress_100d_20pct_hdd,100,44,1000000,5000,1.0,timeout_degraded_read,15.0,12,600000,650000,80,healthy,90,severe_slow,10,12.8,60.4,78.9,211705,5.9,11705,11705,3249,0,0,0
dynamic_stress_100d_20pct_hdd,100,44,1000000,5000,1.0,timeout_degraded_read,15.0,13,650000,700000,80,healthy,90,severe_slow,10,12.8,60.3,78.6,211462,5.7,11462,11462,3245,0,0,0
dynamic_stress_100d_20pct_hdd,100,44,1000000,5000,1.0,timeout_degraded_read,15.0,14,700000,750000,80,mild_slow,90,recovery,10,13.0,28.5,36.0,213821,6.9,13821,13821,1923,0,0,0
dynamic_stress_100d_20pct_hdd,100,44,1000000,5000,1.0,timeout_degraded_read,15.0,15,750000,800000,80,recovery,90,recovery,0,13.0,20.0,23.8,213248,6.6,13248,13248,773,0,0,0
dynamic_stress_100d_20pct_hdd,100,44,1000000,5000,1.0,timeout_degraded_read,15.0,16,800000,850000,80,healthy,90,healthy,0,12.5,16.8,18.8,208040,4.0,8040,8040,191,0,0,0
dynamic_stress_100d_20pct_hdd,100,44,1000000,5000,1.0,timeout_degraded_read,15.0,17,850000,900000,80,healthy,90,healthy,0,12.5,16.8,18.7,208057,4.0,8057,8057,162,0,0,0
dynamic_stress_100d_20pct_hdd,100,44,1000000,5000,1.0,timeout_degraded_read,15.0,18,900000,950000,80,healthy,90,healthy,0,12.5,16.8,18.8,208090,4.0,8090,8090,175,0,0,0
dynamic_stress_100d_20pct_hdd,100,44,1000000,5000,1.0,timeout_degraded_read,15.0,19,950000,1000000,80,healthy,90,healthy,0,12.5,16.8,18.8,208183,4.1,8183,8183,197,0,0,0
dynamic_stress_100d_20pct_hdd,100,44,1000000,5000,1.0,health_ec,15.0,0,0,50000,80,healthy,90,healthy,0,12.5,16.8,18.8,200000,0.0,0,0,0,0,0,0
dynamic_stress_100d_20pct_hdd,100,44,1000000,5000,1.0,health_ec,15.0,1,50000,100000,80,healthy,90,healthy,0,12.5,16.8,18.7,200000,0.0,0,0,0,0,0,0
dynamic_stress_100d_20pct_hdd,100,44,1000000,5000,1.0,health_ec,15.0,2,100000,150000,80,healthy,90,healthy,0,12.5,16.8,18.8,200000,0.0,0,0,0,0,0,0
dynamic_stress_100d_20pct_hdd,100,44,1000000,5000,1.0,health_ec,15.0,3,150000,200000,80,mild_slow,90,healthy,10,12.8,27.5,36.7,201871,0.9,1871,1871,1527,0,0,0
dynamic_stress_100d_20pct_hdd,100,44,1000000,5000,1.0,health_ec,15.0,4,200000,250000,80,mild_slow,90,healthy,10,12.8,26.1,35.1,202814,1.4,2814,2814,2309,1,1,0
dynamic_stress_100d_20pct_hdd,100,44,1000000,5000,1.0,health_ec,15.0,5,250000,300000,80,mild_slow,90,healthy,10,12.8,26.4,34.9,203106,1.6,3106,3106,2545,1,1,0
dynamic_stress_100d_20pct_hdd,100,44,1000000,5000,1.0,health_ec,15.0,6,300000,350000,80,severe_slow,90,healthy,10,12.7,53.0,76.4,202784,1.4,2784,2784,2356,8,8,0
dynamic_stress_100d_20pct_hdd,100,44,1000000,5000,1.0,health_ec,15.0,7,350000,400000,80,severe_slow,90,healthy,10,12.7,52.7,75.9,203068,1.5,3068,3068,2569,0,0,0
dynamic_stress_100d_20pct_hdd,100,44,1000000,5000,1.0,health_ec,15.0,8,400000,450000,80,severe_slow,90,healthy,10,12.7,52.0,74.7,203135,1.6,3135,3135,2643,0,0,0
dynamic_stress_100d_20pct_hdd,100,44,1000000,5000,1.0,health_ec,15.0,9,450000,500000,80,recovery,90,mild_slow,10,12.9,26.3,36.3,204235,2.1,4235,4235,3138,4,4,0
dynamic_stress_100d_20pct_hdd,100,44,1000000,5000,1.0,health_ec,15.0,10,500000,550000,80,recovery,90,mild_slow,10,12.9,25.4,35.0,204089,2.0,4089,4089,3192,0,0,0
dynamic_stress_100d_20pct_hdd,100,44,1000000,5000,1.0,health_ec,15.0,11,550000,600000,80,healthy,90,severe_slow,10,12.7,54.4,77.6,203367,1.7,3367,3367,2685,6,5,0
dynamic_stress_100d_20pct_hdd,100,44,1000000,5000,1.0,health_ec,15.0,12,600000,650000,80,healthy,90,severe_slow,10,12.7,52.8,76.2,203175,1.6,3175,3175,2624,0,0,0
dynamic_stress_100d_20pct_hdd,100,44,1000000,5000,1.0,health_ec,15.0,13,650000,700000,80,healthy,90,severe_slow,10,12.7,52.9,75.5,203176,1.6,3176,3176,2650,0,0,0
dynamic_stress_100d_20pct_hdd,100,44,1000000,5000,1.0,health_ec,15.0,14,700000,750000,80,mild_slow,90,recovery,10,12.8,24.2,35.8,203646,1.8,3646,3646,3175,0,0,0
dynamic_stress_100d_20pct_hdd,100,44,1000000,5000,1.0,health_ec,15.0,15,750000,800000,80,recovery,90,recovery,0,12.8,18.4,22.3,203207,1.6,3207,3207,2687,0,0,0
dynamic_stress_100d_20pct_hdd,100,44,1000000,5000,1.0,health_ec,15.0,16,800000,850000,80,healthy,90,healthy,0,12.4,16.8,18.8,201205,0.6,1205,1205,969,0,0,0
dynamic_stress_100d_20pct_hdd,100,44,1000000,5000,1.0,health_ec,15.0,17,850000,900000,80,healthy,90,healthy,0,12.5,16.8,18.8,200332,0.2,332,332,261,0,0,0
dynamic_stress_100d_20pct_hdd,100,44,1000000,5000,1.0,health_ec,15.0,18,900000,950000,80,healthy,90,healthy,0,12.5,16.8,18.8,200087,0.0,87,87,66,0,0,0
dynamic_stress_100d_20pct_hdd,100,44,1000000,5000,1.0,health_ec,15.0,19,950000,1000000,80,healthy,90,healthy,0,12.5,16.9,18.9,200026,0.0,26,26,23,0,0,0
dynamic_stress_100d_20pct_hdd,100,45,1000000,5000,1.0,vanilla_ec,15.0,0,0,50000,80,healthy,90,healthy,0,12.5,16.8,18.9,200000,0.0,0,0,0,0,0,0
dynamic_stress_100d_20pct_hdd,100,45,1000000,5000,1.0,vanilla_ec,15.0,1,50000,100000,80,healthy,90,healthy,0,12.5,16.8,18.8,200000,0.0,0,0,0,0,0,0
dynamic_stress_100d_20pct_hdd,100,45,1000000,5000,1.0,vanilla_ec,15.0,2,100000,150000,80,healthy,90,healthy,0,12.5,16.8,18.7,200000,0.0,0,0,0,0,0,0
dynamic_stress_100d_20pct_hdd,100,45,1000000,5000,1.0,vanilla_ec,15.0,3,150000,200000,80,mild_slow,90,healthy,10,12.8,29.8,39.5,200000,0.0,0,0,0,0,0,0
dynamic_stress_100d_20pct_hdd,100,45,1000000,5000,1.0,vanilla_ec,15.0,4,200000,250000,80,mild_slow,90,healthy,10,12.8,29.8,39.6,200000,0.0,0,0,0,0,0,0
dynamic_stress_100d_20pct_hdd,100,45,1000000,5000,1.0,vanilla_ec,15.0,5,250000,300000,80,mild_slow,90,healthy,10,12.8,29.9,39.1,200000,0.0,0,0,0,0,0,0
dynamic_stress_100d_20pct_hdd,100,45,1000000,5000,1.0,vanilla_ec,15.0,6,300000,350000,80,severe_slow,90,healthy,10,12.8,69.2,99.0,200000,0.0,0,0,0,0,0,0
dynamic_stress_100d_20pct_hdd,100,45,1000000,5000,1.0,vanilla_ec,15.0,7,350000,400000,80,severe_slow,90,healthy,10,12.8,69.1,96.6,200000,0.0,0,0,0,0,0,0
dynamic_stress_100d_20pct_hdd,100,45,1000000,5000,1.0,vanilla_ec,15.0,8,400000,450000,80,severe_slow,90,healthy,10,12.8,68.6,97.0,200000,0.0,0,0,0,0,0,0
dynamic_stress_100d_20pct_hdd,100,45,1000000,5000,1.0,vanilla_ec,15.0,9,450000,500000,80,recovery,90,mild_slow,10,13.0,30.2,39.9,200000,0.0,0,0,0,0,0,0
dynamic_stress_100d_20pct_hdd,100,45,1000000,5000,1.0,vanilla_ec,15.0,10,500000,550000,80,recovery,90,mild_slow,10,13.0,30.1,40.0,200000,0.0,0,0,0,0,0,0
dynamic_stress_100d_20pct_hdd,100,45,1000000,5000,1.0,vanilla_ec,15.0,11,550000,600000,80,healthy,90,severe_slow,10,12.8,68.7,99.3,200000,0.0,0,0,0,0,0,0
dynamic_stress_100d_20pct_hdd,100,45,1000000,5000,1.0,vanilla_ec,15.0,12,600000,650000,80,healthy,90,severe_slow,10,12.8,69.4,101.1,200000,0.0,0,0,0,0,0,0
dynamic_stress_100d_20pct_hdd,100,45,1000000,5000,1.0,vanilla_ec,15.0,13,650000,700000,80,healthy,90,severe_slow,10,12.8,69.3,100.1,200000,0.0,0,0,0,0,0,0
dynamic_stress_100d_20pct_hdd,100,45,1000000,5000,1.0,vanilla_ec,15.0,14,700000,750000,80,mild_slow,90,recovery,10,13.0,30.1,40.0,200000,0.0,0,0,0,0,0,0
dynamic_stress_100d_20pct_hdd,100,45,1000000,5000,1.0,vanilla_ec,15.0,15,750000,800000,80,recovery,90,recovery,0,13.0,20.4,24.8,200000,0.0,0,0,0,0,0,0
dynamic_stress_100d_20pct_hdd,100,45,1000000,5000,1.0,vanilla_ec,15.0,16,800000,850000,80,healthy,90,healthy,0,12.5,16.8,18.9,200000,0.0,0,0,0,0,0,0
dynamic_stress_100d_20pct_hdd,100,45,1000000,5000,1.0,vanilla_ec,15.0,17,850000,900000,80,healthy,90,healthy,0,12.5,16.8,18.9,200000,0.0,0,0,0,0,0,0
dynamic_stress_100d_20pct_hdd,100,45,1000000,5000,1.0,vanilla_ec,15.0,18,900000,950000,80,healthy,90,healthy,0,12.5,16.8,18.8,200000,0.0,0,0,0,0,0,0
dynamic_stress_100d_20pct_hdd,100,45,1000000,5000,1.0,vanilla_ec,15.0,19,950000,1000000,80,healthy,90,healthy,0,12.5,16.8,18.8,200000,0.0,0,0,0,0,0,0
dynamic_stress_100d_20pct_hdd,100,45,1000000,5000,1.0,late_binding,15.0,0,0,50000,80,healthy,90,healthy,0,10.7,14.0,15.5,250000,25.0,50000,50000,39903,0,0,0
dynamic_stress_100d_20pct_hdd,100,45,1000000,5000,1.0,late_binding,15.0,1,50000,100000,80,healthy,90,healthy,0,10.7,14.0,15.4,250000,25.0,50000,50000,40015,0,0,0
dynamic_stress_100d_20pct_hdd,100,45,1000000,5000,1.0,late_binding,15.0,2,100000,150000,80,healthy,90,healthy,0,10.7,14.0,15.5,250000,25.0,50000,50000,39897,0,0,0
dynamic_stress_100d_20pct_hdd,100,45,1000000,5000,1.0,late_binding,15.0,3,150000,200000,80,mild_slow,90,healthy,10,11.0,25.0,32.5,250000,25.0,50000,50000,39682,0,0,0
dynamic_stress_100d_20pct_hdd,100,45,1000000,5000,1.0,late_binding,15.0,4,200000,250000,80,mild_slow,90,healthy,10,10.9,25.1,32.6,250000,25.0,50000,50000,39691,0,0,0
dynamic_stress_100d_20pct_hdd,100,45,1000000,5000,1.0,late_binding,15.0,5,250000,300000,80,mild_slow,90,healthy,10,10.9,25.1,32.6,250000,25.0,50000,50000,39815,0,0,0
dynamic_stress_100d_20pct_hdd,100,45,1000000,5000,1.0,late_binding,15.0,6,300000,350000,80,severe_slow,90,healthy,10,11.0,58.1,75.5,250000,25.0,50000,50000,39675,0,0,0
dynamic_stress_100d_20pct_hdd,100,45,1000000,5000,1.0,late_binding,15.0,7,350000,400000,80,severe_slow,90,healthy,10,10.9,58.0,75.8,250000,25.0,50000,50000,39665,0,0,0
dynamic_stress_100d_20pct_hdd,100,45,1000000,5000,1.0,late_binding,15.0,8,400000,450000,80,severe_slow,90,healthy,10,10.9,57.4,75.3,250000,25.0,50000,50000,39746,0,0,0
dynamic_stress_100d_20pct_hdd,100,45,1000000,5000,1.0,late_binding,15.0,9,450000,500000,80,recovery,90,mild_slow,10,11.1,25.3,32.6,250000,25.0,50000,50000,39604,0,0,0
dynamic_stress_100d_20pct_hdd,100,45,1000000,5000,1.0,late_binding,15.0,10,500000,550000,80,recovery,90,mild_slow,10,11.1,25.2,32.4,250000,25.0,50000,50000,39520,0,0,0
dynamic_stress_100d_20pct_hdd,100,45,1000000,5000,1.0,late_binding,15.0,11,550000,600000,80,healthy,90,severe_slow,10,11.0,57.2,75.6,250000,25.0,50000,50000,39615,0,0,0
dynamic_stress_100d_20pct_hdd,100,45,1000000,5000,1.0,late_binding,15.0,12,600000,650000,80,healthy,90,severe_slow,10,11.0,58.0,75.0,250000,25.0,50000,50000,39656,0,0,0
dynamic_stress_100d_20pct_hdd,100,45,1000000,5000,1.0,late_binding,15.0,13,650000,700000,80,healthy,90,severe_slow,10,10.9,57.8,76.0,250000,25.0,50000,50000,39879,0,0,0
dynamic_stress_100d_20pct_hdd,100,45,1000000,5000,1.0,late_binding,15.0,14,700000,750000,80,mild_slow,90,recovery,10,11.2,25.1,32.6,250000,25.0,50000,50000,39794,0,0,0
dynamic_stress_100d_20pct_hdd,100,45,1000000,5000,1.0,late_binding,15.0,15,750000,800000,80,recovery,90,recovery,0,11.1,17.0,20.3,250000,25.0,50000,50000,39894,0,0,0
dynamic_stress_100d_20pct_hdd,100,45,1000000,5000,1.0,late_binding,15.0,16,800000,850000,80,healthy,90,healthy,0,10.7,14.0,15.5,250000,25.0,50000,50000,39994,0,0,0
dynamic_stress_100d_20pct_hdd,100,45,1000000,5000,1.0,late_binding,15.0,17,850000,900000,80,healthy,90,healthy,0,10.7,14.0,15.4,250000,25.0,50000,50000,39908,0,0,0
dynamic_stress_100d_20pct_hdd,100,45,1000000,5000,1.0,late_binding,15.0,18,900000,950000,80,healthy,90,healthy,0,10.7,14.0,15.5,250000,25.0,50000,50000,39847,0,0,0
dynamic_stress_100d_20pct_hdd,100,45,1000000,5000,1.0,late_binding,15.0,19,950000,1000000,80,healthy,90,healthy,0,10.7,14.0,15.4,250000,25.0,50000,50000,40043,0,0,0
dynamic_stress_100d_20pct_hdd,100,45,1000000,5000,1.0,timeout_degraded_read,15.0,0,0,50000,80,healthy,90,healthy,0,12.5,16.8,18.8,208098,4.0,8098,8098,186,0,0,0
dynamic_stress_100d_20pct_hdd,100,45,1000000,5000,1.0,timeout_degraded_read,15.0,1,50000,100000,80,healthy,90,healthy,0,12.5,16.8,18.8,207978,4.0,7978,7978,172,0,0,0
dynamic_stress_100d_20pct_hdd,100,45,1000000,5000,1.0,timeout_degraded_read,15.0,2,100000,150000,80,healthy,90,healthy,0,12.5,16.8,18.6,207969,4.0,7969,7969,182,0,0,0
dynamic_stress_100d_20pct_hdd,100,45,1000000,5000,1.0,timeout_degraded_read,15.0,3,150000,200000,80,mild_slow,90,healthy,10,12.8,27.7,36.0,211671,5.8,11671,11671,1962,0,0,0
dynamic_stress_100d_20pct_hdd,100,45,1000000,5000,1.0,timeout_degraded_read,15.0,4,200000,250000,80,mild_slow,90,healthy,10,12.8,27.7,36.3,211682,5.8,11682,11682,1954,0,0,0
dynamic_stress_100d_20pct_hdd,100,45,1000000,5000,1.0,timeout_degraded_read,15.0,5,250000,300000,80,mild_slow,90,healthy,10,12.8,27.8,35.9,211643,5.8,11643,11643,1916,0,0,0
dynamic_stress_100d_20pct_hdd,100,45,1000000,5000,1.0,timeout_degraded_read,15.0,6,300000,350000,80,severe_slow,90,healthy,10,12.8,61.0,78.8,211623,5.8,11623,11623,3029,0,0,0
dynamic_stress_100d_20pct_hdd,100,45,1000000,5000,1.0,timeout_degraded_read,15.0,7,350000,400000,80,severe_slow,90,healthy,10,12.8,60.7,79.1,211542,5.8,11542,11542,3089,0,0,0
dynamic_stress_100d_20pct_hdd,100,45,1000000,5000,1.0,timeout_degraded_read,15.0,8,400000,450000,80,severe_slow,90,healthy,10,12.8,60.1,78.5,211745,5.9,11745,11745,3090,0,0,0
dynamic_stress_100d_20pct_hdd,100,45,1000000,5000,1.0,timeout_degraded_read,15.0,9,450000,500000,80,recovery,90,mild_slow,10,13.0,27.8,35.8,213955,7.0,13955,13955,2336,0,0,0
dynamic_stress_100d_20pct_hdd,100,45,1000000,5000,1.0,timeout_degraded_read,15.0,10,500000,550000,80,recovery,90,mild_slow,10,13.0,27.6,36.0,213924,7.0,13924,13924,2271,0,0,0
dynamic_stress_100d_20pct_hdd,100,45,1000000,5000,1.0,timeout_degraded_read,15.0,11,550000,600000,80,healthy,90,severe_slow,10,12.8,59.6,78.8,211601,5.8,11601,11601,3067,0,0,0
dynamic_stress_100d_20pct_hdd,100,45,1000000,5000,1.0,timeout_degraded_read,15.0,12,600000,650000,80,healthy,90,severe_slow,10,12.8,60.6,78.5,211670,5.8,11670,11670,3194,0,0,0
dynamic_stress_100d_20pct_hdd,100,45,1000000,5000,1.0,timeout_degraded_read,15.0,13,650000,700000,80,healthy,90,severe_slow,10,12.8,60.4,78.9,211768,5.9,11768,11768,3170,0,0,0
dynamic_stress_100d_20pct_hdd,100,45,1000000,5000,1.0,timeout_degraded_read,15.0,14,700000,750000,80,mild_slow,90,recovery,10,13.0,28.5,36.2,214003,7.0,14003,14003,1955,0,0,0
dynamic_stress_100d_20pct_hdd,100,45,1000000,5000,1.0,timeout_degraded_read,15.0,15,750000,800000,80,recovery,90,recovery,0,13.0,20.2,24.0,213483,6.7,13483,13483,820,0,0,0
dynamic_stress_100d_20pct_hdd,100,45,1000000,5000,1.0,timeout_degraded_read,15.0,16,800000,850000,80,healthy,90,healthy,0,12.5,16.8,18.8,207967,4.0,7967,7967,182,0,0,0
dynamic_stress_100d_20pct_hdd,100,45,1000000,5000,1.0,timeout_degraded_read,15.0,17,850000,900000,80,healthy,90,healthy,0,12.5,16.8,18.8,208055,4.0,8055,8055,220,0,0,0
dynamic_stress_100d_20pct_hdd,100,45,1000000,5000,1.0,timeout_degraded_read,15.0,18,900000,950000,80,healthy,90,healthy,0,12.5,16.8,18.8,208154,4.1,8154,8154,174,0,0,0
dynamic_stress_100d_20pct_hdd,100,45,1000000,5000,1.0,timeout_degraded_read,15.0,19,950000,1000000,80,healthy,90,healthy,0,12.5,16.8,18.7,208174,4.1,8174,8174,210,0,0,0
dynamic_stress_100d_20pct_hdd,100,45,1000000,5000,1.0,health_ec,15.0,0,0,50000,80,healthy,90,healthy,0,12.5,16.8,18.9,200000,0.0,0,0,0,0,0,0
dynamic_stress_100d_20pct_hdd,100,45,1000000,5000,1.0,health_ec,15.0,1,50000,100000,80,healthy,90,healthy,0,12.5,16.8,18.8,200000,0.0,0,0,0,0,0,0
dynamic_stress_100d_20pct_hdd,100,45,1000000,5000,1.0,health_ec,15.0,2,100000,150000,80,healthy,90,healthy,0,12.5,16.8,18.7,200000,0.0,0,0,0,0,0,0
dynamic_stress_100d_20pct_hdd,100,45,1000000,5000,1.0,health_ec,15.0,3,150000,200000,80,mild_slow,90,healthy,10,12.8,27.6,36.7,201972,1.0,1972,1972,1584,0,0,0
dynamic_stress_100d_20pct_hdd,100,45,1000000,5000,1.0,health_ec,15.0,4,200000,250000,80,mild_slow,90,healthy,10,12.8,26.5,35.8,202754,1.4,2754,2754,2254,1,1,0
dynamic_stress_100d_20pct_hdd,100,45,1000000,5000,1.0,health_ec,15.0,5,250000,300000,80,mild_slow,90,healthy,10,12.8,26.2,34.8,203063,1.5,3063,3063,2547,1,1,0
dynamic_stress_100d_20pct_hdd,100,45,1000000,5000,1.0,health_ec,15.0,6,300000,350000,80,severe_slow,90,healthy,10,12.7,55.0,77.2,202912,1.5,2912,2912,2434,8,8,0
dynamic_stress_100d_20pct_hdd,100,45,1000000,5000,1.0,health_ec,15.0,7,350000,400000,80,severe_slow,90,healthy,10,12.7,53.0,75.6,203088,1.5,3088,3088,2587,0,0,0
dynamic_stress_100d_20pct_hdd,100,45,1000000,5000,1.0,health_ec,15.0,8,400000,450000,80,severe_slow,90,healthy,10,12.7,51.5,74.8,203135,1.6,3135,3135,2630,0,0,0
dynamic_stress_100d_20pct_hdd,100,45,1000000,5000,1.0,health_ec,15.0,9,450000,500000,80,recovery,90,mild_slow,10,12.9,27.0,36.4,204405,2.2,4405,4405,3202,4,4,0
dynamic_stress_100d_20pct_hdd,100,45,1000000,5000,1.0,health_ec,15.0,10,500000,550000,80,recovery,90,mild_slow,10,12.9,25.9,35.3,204128,2.1,4128,4128,3144,0,0,0
dynamic_stress_100d_20pct_hdd,100,45,1000000,5000,1.0,health_ec,15.0,11,550000,600000,80,healthy,90,severe_slow,10,12.7,54.1,77.5,203576,1.8,3576,3576,2753,6,6,0
dynamic_stress_100d_20pct_hdd,100,45,1000000,5000,1.0,health_ec,15.0,12,600000,650000,80,healthy,90,severe_slow,10,12.8,54.6,75.5,203475,1.7,3475,3475,2756,0,0,0
dynamic_stress_100d_20pct_hdd,100,45,1000000,5000,1.0,health_ec,15.0,13,650000,700000,80,healthy,90,severe_slow,10,12.7,53.3,75.8,203352,1.7,3352,3352,2718,0,0,0
dynamic_stress_100d_20pct_hdd,100,45,1000000,5000,1.0,health_ec,15.0,14,700000,750000,80,mild_slow,90,recovery,10,12.8,24.5,35.9,204008,2.0,4008,4008,3432,0,0,0
dynamic_stress_100d_20pct_hdd,100,45,1000000,5000,1.0,health_ec,15.0,15,750000,800000,80,recovery,90,recovery,0,12.8,18.5,22.6,203278,1.6,3278,3278,2746,0,0,0
dynamic_stress_100d_20pct_hdd,100,45,1000000,5000,1.0,health_ec,15.0,16,800000,850000,80,healthy,90,healthy,0,12.4,16.8,18.9,201084,0.5,1084,1084,862,0,0,0
dynamic_stress_100d_20pct_hdd,100,45,1000000,5000,1.0,health_ec,15.0,17,850000,900000,80,healthy,90,healthy,0,12.5,16.8,18.9,200282,0.1,282,282,224,0,0,0
dynamic_stress_100d_20pct_hdd,100,45,1000000,5000,1.0,health_ec,15.0,18,900000,950000,80,healthy,90,healthy,0,12.5,16.8,18.8,200096,0.0,96,96,81,0,0,0
dynamic_stress_100d_20pct_hdd,100,45,1000000,5000,1.0,health_ec,15.0,19,950000,1000000,80,healthy,90,healthy,0,12.5,16.8,18.8,200032,0.0,32,32,24,0,0,0
dynamic_stress_100d_20pct_hdd,100,46,1000000,5000,1.0,vanilla_ec,15.0,0,0,50000,80,healthy,90,healthy,0,12.5,16.8,18.9,200000,0.0,0,0,0,0,0,0
dynamic_stress_100d_20pct_hdd,100,46,1000000,5000,1.0,vanilla_ec,15.0,1,50000,100000,80,healthy,90,healthy,0,12.5,16.8,18.9,200000,0.0,0,0,0,0,0,0
dynamic_stress_100d_20pct_hdd,100,46,1000000,5000,1.0,vanilla_ec,15.0,2,100000,150000,80,healthy,90,healthy,0,12.5,16.8,18.7,200000,0.0,0,0,0,0,0,0
dynamic_stress_100d_20pct_hdd,100,46,1000000,5000,1.0,vanilla_ec,15.0,3,150000,200000,80,mild_slow,90,healthy,10,12.8,29.8,39.2,200000,0.0,0,0,0,0,0,0
dynamic_stress_100d_20pct_hdd,100,46,1000000,5000,1.0,vanilla_ec,15.0,4,200000,250000,80,mild_slow,90,healthy,10,12.8,29.7,39.6,200000,0.0,0,0,0,0,0,0
dynamic_stress_100d_20pct_hdd,100,46,1000000,5000,1.0,vanilla_ec,15.0,5,250000,300000,80,mild_slow,90,healthy,10,12.8,29.8,39.4,200000,0.0,0,0,0,0,0,0
dynamic_stress_100d_20pct_hdd,100,46,1000000,5000,1.0,vanilla_ec,15.0,6,300000,350000,80,severe_slow,90,healthy,10,12.8,69.4,99.4,200000,0.0,0,0,0,0,0,0
dynamic_stress_100d_20pct_hdd,100,46,1000000,5000,1.0,vanilla_ec,15.0,7,350000,400000,80,severe_slow,90,healthy,10,12.8,69.1,96.3,200000,0.0,0,0,0,0,0,0
dynamic_stress_100d_20pct_hdd,100,46,1000000,5000,1.0,vanilla_ec,15.0,8,400000,450000,80,severe_slow,90,healthy,10,12.8,69.0,98.7,200000,0.0,0,0,0,0,0,0
dynamic_stress_100d_20pct_hdd,100,46,1000000,5000,1.0,vanilla_ec,15.0,9,450000,500000,80,recovery,90,mild_slow,10,13.0,29.7,39.8,200000,0.0,0,0,0,0,0,0
dynamic_stress_100d_20pct_hdd,100,46,1000000,5000,1.0,vanilla_ec,15.0,10,500000,550000,80,recovery,90,mild_slow,10,13.0,30.2,40.3,200000,0.0,0,0,0,0,0,0
dynamic_stress_100d_20pct_hdd,100,46,1000000,5000,1.0,vanilla_ec,15.0,11,550000,600000,80,healthy,90,severe_slow,10,12.8,68.4,97.4,200000,0.0,0,0,0,0,0,0
dynamic_stress_100d_20pct_hdd,100,46,1000000,5000,1.0,vanilla_ec,15.0,12,600000,650000,80,healthy,90,severe_slow,10,12.8,69.4,102.5,200000,0.0,0,0,0,0,0,0
dynamic_stress_100d_20pct_hdd,100,46,1000000,5000,1.0,vanilla_ec,15.0,13,650000,700000,80,healthy,90,severe_slow,10,12.8,69.5,97.3,200000,0.0,0,0,0,0,0,0
dynamic_stress_100d_20pct_hdd,100,46,1000000,5000,1.0,vanilla_ec,15.0,14,700000,750000,80,mild_slow,90,recovery,10,13.0,30.1,40.4,200000,0.0,0,0,0,0,0,0
dynamic_stress_100d_20pct_hdd,100,46,1000000,5000,1.0,vanilla_ec,15.0,15,750000,800000,80,recovery,90,recovery,0,13.0,20.2,24.6,200000,0.0,0,0,0,0,0,0
dynamic_stress_100d_20pct_hdd,100,46,1000000,5000,1.0,vanilla_ec,15.0,16,800000,850000,80,healthy,90,healthy,0,12.5,16.8,18.9,200000,0.0,0,0,0,0,0,0
dynamic_stress_100d_20pct_hdd,100,46,1000000,5000,1.0,vanilla_ec,15.0,17,850000,900000,80,healthy,90,healthy,0,12.5,16.8,18.8,200000,0.0,0,0,0,0,0,0
dynamic_stress_100d_20pct_hdd,100,46,1000000,5000,1.0,vanilla_ec,15.0,18,900000,950000,80,healthy,90,healthy,0,12.5,16.9,18.8,200000,0.0,0,0,0,0,0,0
dynamic_stress_100d_20pct_hdd,100,46,1000000,5000,1.0,vanilla_ec,15.0,19,950000,1000000,80,healthy,90,healthy,0,12.5,16.8,18.8,200000,0.0,0,0,0,0,0,0
dynamic_stress_100d_20pct_hdd,100,46,1000000,5000,1.0,late_binding,15.0,0,0,50000,80,healthy,90,healthy,0,10.7,14.0,15.5,250000,25.0,50000,50000,39857,0,0,0
dynamic_stress_100d_20pct_hdd,100,46,1000000,5000,1.0,late_binding,15.0,1,50000,100000,80,healthy,90,healthy,0,10.7,14.0,15.4,250000,25.0,50000,50000,39845,0,0,0
dynamic_stress_100d_20pct_hdd,100,46,1000000,5000,1.0,late_binding,15.0,2,100000,150000,80,healthy,90,healthy,0,10.7,14.0,15.5,250000,25.0,50000,50000,39966,0,0,0
dynamic_stress_100d_20pct_hdd,100,46,1000000,5000,1.0,late_binding,15.0,3,150000,200000,80,mild_slow,90,healthy,10,10.9,25.1,32.3,250000,25.0,50000,50000,39695,0,0,0
dynamic_stress_100d_20pct_hdd,100,46,1000000,5000,1.0,late_binding,15.0,4,200000,250000,80,mild_slow,90,healthy,10,10.9,24.9,32.3,250000,25.0,50000,50000,39597,0,0,0
dynamic_stress_100d_20pct_hdd,100,46,1000000,5000,1.0,late_binding,15.0,5,250000,300000,80,mild_slow,90,healthy,10,10.9,25.3,32.7,250000,25.0,50000,50000,39752,0,0,0
dynamic_stress_100d_20pct_hdd,100,46,1000000,5000,1.0,late_binding,15.0,6,300000,350000,80,severe_slow,90,healthy,10,10.9,57.6,75.9,250000,25.0,50000,50000,39783,0,0,0
dynamic_stress_100d_20pct_hdd,100,46,1000000,5000,1.0,late_binding,15.0,7,350000,400000,80,severe_slow,90,healthy,10,10.9,58.1,75.4,250000,25.0,50000,50000,39578,0,0,0
dynamic_stress_100d_20pct_hdd,100,46,1000000,5000,1.0,late_binding,15.0,8,400000,450000,80,severe_slow,90,healthy,10,10.9,58.0,75.3,250000,25.0,50000,50000,39783,0,0,0
dynamic_stress_100d_20pct_hdd,100,46,1000000,5000,1.0,late_binding,15.0,9,450000,500000,80,recovery,90,mild_slow,10,11.1,24.6,32.5,250000,25.0,50000,50000,39490,0,0,0
dynamic_stress_100d_20pct_hdd,100,46,1000000,5000,1.0,late_binding,15.0,10,500000,550000,80,recovery,90,mild_slow,10,11.2,25.1,32.6,250000,25.0,50000,50000,39552,0,0,0
dynamic_stress_100d_20pct_hdd,100,46,1000000,5000,1.0,late_binding,15.0,11,550000,600000,80,healthy,90,severe_slow,10,11.0,57.2,74.9,250000,25.0,50000,50000,39815,0,0,0
dynamic_stress_100d_20pct_hdd,100,46,1000000,5000,1.0,late_binding,15.0,12,600000,650000,80,healthy,90,severe_slow,10,11.0,58.1,76.0,250000,25.0,50000,50000,39688,0,0,0
dynamic_stress_100d_20pct_hdd,100,46,1000000,5000,1.0,late_binding,15.0,13,650000,700000,80,healthy,90,severe_slow,10,10.9,57.8,75.8,250000,25.0,50000,50000,39736,0,0,0
dynamic_stress_100d_20pct_hdd,100,46,1000000,5000,1.0,late_binding,15.0,14,700000,750000,80,mild_slow,90,recovery,10,11.1,25.1,32.5,250000,25.0,50000,50000,39988,0,0,0
dynamic_stress_100d_20pct_hdd,100,46,1000000,5000,1.0,late_binding,15.0,15,750000,800000,80,recovery,90,recovery,0,11.1,16.8,20.0,250000,25.0,50000,50000,39932,0,0,0
dynamic_stress_100d_20pct_hdd,100,46,1000000,5000,1.0,late_binding,15.0,16,800000,850000,80,healthy,90,healthy,0,10.7,14.0,15.5,250000,25.0,50000,50000,39931,0,0,0
dynamic_stress_100d_20pct_hdd,100,46,1000000,5000,1.0,late_binding,15.0,17,850000,900000,80,healthy,90,healthy,0,10.7,14.0,15.4,250000,25.0,50000,50000,39821,0,0,0
dynamic_stress_100d_20pct_hdd,100,46,1000000,5000,1.0,late_binding,15.0,18,900000,950000,80,healthy,90,healthy,0,10.7,14.0,15.4,250000,25.0,50000,50000,40064,0,0,0
dynamic_stress_100d_20pct_hdd,100,46,1000000,5000,1.0,late_binding,15.0,19,950000,1000000,80,healthy,90,healthy,0,10.7,14.0,15.4,250000,25.0,50000,50000,39945,0,0,0
dynamic_stress_100d_20pct_hdd,100,46,1000000,5000,1.0,timeout_degraded_read,15.0,0,0,50000,80,healthy,90,healthy,0,12.5,16.8,18.8,208254,4.1,8254,8254,187,0,0,0
dynamic_stress_100d_20pct_hdd,100,46,1000000,5000,1.0,timeout_degraded_read,15.0,1,50000,100000,80,healthy,90,healthy,0,12.5,16.8,18.8,208067,4.0,8067,8067,198,0,0,0
dynamic_stress_100d_20pct_hdd,100,46,1000000,5000,1.0,timeout_degraded_read,15.0,2,100000,150000,80,healthy,90,healthy,0,12.5,16.8,18.7,208107,4.1,8107,8107,194,0,0,0
dynamic_stress_100d_20pct_hdd,100,46,1000000,5000,1.0,timeout_degraded_read,15.0,3,150000,200000,80,mild_slow,90,healthy,10,12.8,27.6,35.9,211753,5.9,11753,11753,1953,0,0,0
dynamic_stress_100d_20pct_hdd,100,46,1000000,5000,1.0,timeout_degraded_read,15.0,4,200000,250000,80,mild_slow,90,healthy,10,12.8,27.6,35.9,211631,5.8,11631,11631,1901,0,0,0
dynamic_stress_100d_20pct_hdd,100,46,1000000,5000,1.0,timeout_degraded_read,15.0,5,250000,300000,80,mild_slow,90,healthy,10,12.8,27.9,36.1,211615,5.8,11615,11615,1966,0,0,0
dynamic_stress_100d_20pct_hdd,100,46,1000000,5000,1.0,timeout_degraded_read,15.0,6,300000,350000,80,severe_slow,90,healthy,10,12.8,60.5,79.2,211664,5.8,11664,11664,3128,0,0,0
dynamic_stress_100d_20pct_hdd,100,46,1000000,5000,1.0,timeout_degraded_read,15.0,7,350000,400000,80,severe_slow,90,healthy,10,12.8,60.8,78.4,211764,5.9,11764,11764,3082,0,0,0
dynamic_stress_100d_20pct_hdd,100,46,1000000,5000,1.0,timeout_degraded_read,15.0,8,400000,450000,80,severe_slow,90,healthy,10,12.8,60.6,79.0,211693,5.8,11693,11693,3165,0,0,0
dynamic_stress_100d_20pct_hdd,100,46,1000000,5000,1.0,timeout_degraded_read,15.0,9,450000,500000,80,recovery,90,mild_slow,10,13.0,27.4,35.7,213811,6.9,13811,13811,2246,0,0,0
dynamic_stress_100d_20pct_hdd,100,46,1000000,5000,1.0,timeout_degraded_read,15.0,10,500000,550000,80,recovery,90,mild_slow,10,13.0,27.7,36.1,213922,7.0,13922,13922,2315,0,0,0
dynamic_stress_100d_20pct_hdd,100,46,1000000,5000,1.0,timeout_degraded_read,15.0,11,550000,600000,80,healthy,90,severe_slow,10,12.8,59.6,78.4,211656,5.8,11656,11656,3157,0,0,0
dynamic_stress_100d_20pct_hdd,100,46,1000000,5000,1.0,timeout_degraded_read,15.0,12,600000,650000,80,healthy,90,severe_slow,10,12.8,60.4,79.1,211764,5.9,11764,11764,3213,0,0,0
dynamic_stress_100d_20pct_hdd,100,46,1000000,5000,1.0,timeout_degraded_read,15.0,13,650000,700000,80,healthy,90,severe_slow,10,12.8,60.4,78.6,211683,5.8,11683,11683,3204,0,0,0
dynamic_stress_100d_20pct_hdd,100,46,1000000,5000,1.0,timeout_degraded_read,15.0,14,700000,750000,80,mild_slow,90,recovery,10,13.0,28.5,36.5,214007,7.0,14007,14007,2012,0,0,0
dynamic_stress_100d_20pct_hdd,100,46,1000000,5000,1.0,timeout_degraded_read,15.0,15,750000,800000,80,recovery,90,recovery,0,13.0,20.0,23.9,213245,6.6,13245,13245,775,0,0,0
dynamic_stress_100d_20pct_hdd,100,46,1000000,5000,1.0,timeout_degraded_read,15.0,16,800000,850000,80,healthy,90,healthy,0,12.5,16.8,18.8,208129,4.1,8129,8129,193,0,0,0
dynamic_stress_100d_20pct_hdd,100,46,1000000,5000,1.0,timeout_degraded_read,15.0,17,850000,900000,80,healthy,90,healthy,0,12.5,16.8,18.7,208072,4.0,8072,8072,212,0,0,0
dynamic_stress_100d_20pct_hdd,100,46,1000000,5000,1.0,timeout_degraded_read,15.0,18,900000,950000,80,healthy,90,healthy,0,12.5,16.8,18.7,208138,4.1,8138,8138,172,0,0,0
dynamic_stress_100d_20pct_hdd,100,46,1000000,5000,1.0,timeout_degraded_read,15.0,19,950000,1000000,80,healthy,90,healthy,0,12.5,16.8,18.7,208111,4.1,8111,8111,185,0,0,0
dynamic_stress_100d_20pct_hdd,100,46,1000000,5000,1.0,health_ec,15.0,0,0,50000,80,healthy,90,healthy,0,12.5,16.8,18.9,200000,0.0,0,0,0,0,0,0
dynamic_stress_100d_20pct_hdd,100,46,1000000,5000,1.0,health_ec,15.0,1,50000,100000,80,healthy,90,healthy,0,12.5,16.8,18.9,200000,0.0,0,0,0,0,0,0
dynamic_stress_100d_20pct_hdd,100,46,1000000,5000,1.0,health_ec,15.0,2,100000,150000,80,healthy,90,healthy,0,12.5,16.8,18.7,200000,0.0,0,0,0,0,0,0
dynamic_stress_100d_20pct_hdd,100,46,1000000,5000,1.0,health_ec,15.0,3,150000,200000,80,mild_slow,90,healthy,10,12.8,27.3,36.5,202055,1.0,2055,2055,1669,1,1,0
dynamic_stress_100d_20pct_hdd,100,46,1000000,5000,1.0,health_ec,15.0,4,200000,250000,80,mild_slow,90,healthy,10,12.8,26.1,35.1,202813,1.4,2813,2813,2311,2,2,0
dynamic_stress_100d_20pct_hdd,100,46,1000000,5000,1.0,health_ec,15.0,5,250000,300000,80,mild_slow,90,healthy,10,12.8,26.2,34.6,203062,1.5,3062,3062,2516,0,0,0
dynamic_stress_100d_20pct_hdd,100,46,1000000,5000,1.0,health_ec,15.0,6,300000,350000,80,severe_slow,90,healthy,10,12.7,53.8,78.0,202813,1.4,2813,2813,2376,7,7,0
dynamic_stress_100d_20pct_hdd,100,46,1000000,5000,1.0,health_ec,15.0,7,350000,400000,80,severe_slow,90,healthy,10,12.7,52.6,75.5,203047,1.5,3047,3047,2543,0,0,0
dynamic_stress_100d_20pct_hdd,100,46,1000000,5000,1.0,health_ec,15.0,8,400000,450000,80,severe_slow,90,healthy,10,12.7,53.0,74.7,203163,1.6,3163,3163,2691,0,0,0
dynamic_stress_100d_20pct_hdd,100,46,1000000,5000,1.0,health_ec,15.0,9,450000,500000,80,recovery,90,mild_slow,10,12.9,25.9,36.3,204218,2.1,4218,4218,3119,5,5,0
dynamic_stress_100d_20pct_hdd,100,46,1000000,5000,1.0,health_ec,15.0,10,500000,550000,80,recovery,90,mild_slow,10,12.9,25.8,35.1,204149,2.1,4149,4149,3233,0,0,0
dynamic_stress_100d_20pct_hdd,100,46,1000000,5000,1.0,health_ec,15.0,11,550000,600000,80,healthy,90,severe_slow,10,12.7,53.6,77.0,203288,1.6,3288,3288,2576,6,6,0
dynamic_stress_100d_20pct_hdd,100,46,1000000,5000,1.0,health_ec,15.0,12,600000,650000,80,healthy,90,severe_slow,10,12.7,53.4,75.9,203231,1.6,3231,3231,2642,0,0,0
dynamic_stress_100d_20pct_hdd,100,46,1000000,5000,1.0,health_ec,15.0,13,650000,700000,80,healthy,90,severe_slow,10,12.7,52.3,75.4,203180,1.6,3180,3180,2655,0,0,0
dynamic_stress_100d_20pct_hdd,100,46,1000000,5000,1.0,health_ec,15.0,14,700000,750000,80,mild_slow,90,recovery,10,12.8,24.8,36.1,203829,1.9,3829,3829,3340,0,0,0
dynamic_stress_100d_20pct_hdd,100,46,1000000,5000,1.0,health_ec,15.0,15,750000,800000,80,recovery,90,recovery,0,12.8,18.4,22.3,203207,1.6,3207,3207,2671,0,0,0
dynamic_stress_100d_20pct_hdd,100,46,1000000,5000,1.0,health_ec,15.0,16,800000,850000,80,healthy,90,healthy,0,12.4,16.8,18.8,201211,0.6,1211,1211,938,0,0,0
dynamic_stress_100d_20pct_hdd,100,46,1000000,5000,1.0,health_ec,15.0,17,850000,900000,80,healthy,90,healthy,0,12.5,16.8,18.8,200310,0.2,310,310,255,0,0,0
dynamic_stress_100d_20pct_hdd,100,46,1000000,5000,1.0,health_ec,15.0,18,900000,950000,80,healthy,90,healthy,0,12.5,16.8,18.8,200111,0.1,111,111,83,0,0,0
dynamic_stress_100d_20pct_hdd,100,46,1000000,5000,1.0,health_ec,15.0,19,950000,1000000,80,healthy,90,healthy,0,12.5,16.8,18.8,200032,0.0,32,32,28,0,0,0
dynamic_stress_100d_20pct_hdd,100,47,1000000,5000,1.0,vanilla_ec,15.0,0,0,50000,80,healthy,90,healthy,0,12.5,16.8,18.9,200000,0.0,0,0,0,0,0,0
dynamic_stress_100d_20pct_hdd,100,47,1000000,5000,1.0,vanilla_ec,15.0,1,50000,100000,80,healthy,90,healthy,0,12.5,16.8,18.8,200000,0.0,0,0,0,0,0,0
dynamic_stress_100d_20pct_hdd,100,47,1000000,5000,1.0,vanilla_ec,15.0,2,100000,150000,80,healthy,90,healthy,0,12.5,16.8,18.8,200000,0.0,0,0,0,0,0,0
dynamic_stress_100d_20pct_hdd,100,47,1000000,5000,1.0,vanilla_ec,15.0,3,150000,200000,80,mild_slow,90,healthy,10,12.8,30.1,39.6,200000,0.0,0,0,0,0,0,0
dynamic_stress_100d_20pct_hdd,100,47,1000000,5000,1.0,vanilla_ec,15.0,4,200000,250000,80,mild_slow,90,healthy,10,12.8,30.2,39.7,200000,0.0,0,0,0,0,0,0
dynamic_stress_100d_20pct_hdd,100,47,1000000,5000,1.0,vanilla_ec,15.0,5,250000,300000,80,mild_slow,90,healthy,10,12.8,29.7,39.1,200000,0.0,0,0,0,0,0,0
dynamic_stress_100d_20pct_hdd,100,47,1000000,5000,1.0,vanilla_ec,15.0,6,300000,350000,80,severe_slow,90,healthy,10,12.8,68.3,98.0,200000,0.0,0,0,0,0,0,0
dynamic_stress_100d_20pct_hdd,100,47,1000000,5000,1.0,vanilla_ec,15.0,7,350000,400000,80,severe_slow,90,healthy,10,12.8,69.6,102.5,200000,0.0,0,0,0,0,0,0
dynamic_stress_100d_20pct_hdd,100,47,1000000,5000,1.0,vanilla_ec,15.0,8,400000,450000,80,severe_slow,90,healthy,10,12.8,68.4,97.3,200000,0.0,0,0,0,0,0,0
dynamic_stress_100d_20pct_hdd,100,47,1000000,5000,1.0,vanilla_ec,15.0,9,450000,500000,80,recovery,90,mild_slow,10,13.0,29.9,39.9,200000,0.0,0,0,0,0,0,0
dynamic_stress_100d_20pct_hdd,100,47,1000000,5000,1.0,vanilla_ec,15.0,10,500000,550000,80,recovery,90,mild_slow,10,13.0,30.1,40.7,200000,0.0,0,0,0,0,0,0
dynamic_stress_100d_20pct_hdd,100,47,1000000,5000,1.0,vanilla_ec,15.0,11,550000,600000,80,healthy,90,severe_slow,10,12.8,69.8,101.4,200000,0.0,0,0,0,0,0,0
dynamic_stress_100d_20pct_hdd,100,47,1000000,5000,1.0,vanilla_ec,15.0,12,600000,650000,80,healthy,90,severe_slow,10,12.8,68.4,98.8,200000,0.0,0,0,0,0,0,0
dynamic_stress_100d_20pct_hdd,100,47,1000000,5000,1.0,vanilla_ec,15.0,13,650000,700000,80,healthy,90,severe_slow,10,12.8,68.9,97.1,200000,0.0,0,0,0,0,0,0
dynamic_stress_100d_20pct_hdd,100,47,1000000,5000,1.0,vanilla_ec,15.0,14,700000,750000,80,mild_slow,90,recovery,10,13.0,30.0,40.4,200000,0.0,0,0,0,0,0,0
dynamic_stress_100d_20pct_hdd,100,47,1000000,5000,1.0,vanilla_ec,15.0,15,750000,800000,80,recovery,90,recovery,0,13.0,20.1,24.8,200000,0.0,0,0,0,0,0,0
dynamic_stress_100d_20pct_hdd,100,47,1000000,5000,1.0,vanilla_ec,15.0,16,800000,850000,80,healthy,90,healthy,0,12.5,16.8,18.9,200000,0.0,0,0,0,0,0,0
dynamic_stress_100d_20pct_hdd,100,47,1000000,5000,1.0,vanilla_ec,15.0,17,850000,900000,80,healthy,90,healthy,0,12.5,16.8,18.8,200000,0.0,0,0,0,0,0,0
dynamic_stress_100d_20pct_hdd,100,47,1000000,5000,1.0,vanilla_ec,15.0,18,900000,950000,80,healthy,90,healthy,0,12.5,16.8,18.8,200000,0.0,0,0,0,0,0,0
dynamic_stress_100d_20pct_hdd,100,47,1000000,5000,1.0,vanilla_ec,15.0,19,950000,1000000,80,healthy,90,healthy,0,12.5,16.8,18.9,200000,0.0,0,0,0,0,0,0
dynamic_stress_100d_20pct_hdd,100,47,1000000,5000,1.0,late_binding,15.0,0,0,50000,80,healthy,90,healthy,0,10.7,14.0,15.4,250000,25.0,50000,50000,39876,0,0,0
dynamic_stress_100d_20pct_hdd,100,47,1000000,5000,1.0,late_binding,15.0,1,50000,100000,80,healthy,90,healthy,0,10.7,14.0,15.5,250000,25.0,50000,50000,40030,0,0,0
dynamic_stress_100d_20pct_hdd,100,47,1000000,5000,1.0,late_binding,15.0,2,100000,150000,80,healthy,90,healthy,0,10.7,14.0,15.4,250000,25.0,50000,50000,39945,0,0,0
dynamic_stress_100d_20pct_hdd,100,47,1000000,5000,1.0,late_binding,15.0,3,150000,200000,80,mild_slow,90,healthy,10,11.0,25.3,32.8,250000,25.0,50000,50000,39766,0,0,0
dynamic_stress_100d_20pct_hdd,100,47,1000000,5000,1.0,late_binding,15.0,4,200000,250000,80,mild_slow,90,healthy,10,10.9,25.4,32.7,250000,25.0,50000,50000,39637,0,0,0
dynamic_stress_100d_20pct_hdd,100,47,1000000,5000,1.0,late_binding,15.0,5,250000,300000,80,mild_slow,90,healthy,10,10.9,25.1,32.5,250000,25.0,50000,50000,39765,0,0,0
dynamic_stress_100d_20pct_hdd,100,47,1000000,5000,1.0,late_binding,15.0,6,300000,350000,80,severe_slow,90,healthy,10,10.9,57.5,75.2,250000,25.0,50000,50000,39762,0,0,0
dynamic_stress_100d_20pct_hdd,100,47,1000000,5000,1.0,late_binding,15.0,7,350000,400000,80,severe_slow,90,healthy,10,10.9,58.5,75.7,250000,25.0,50000,50000,39600,0,0,0
dynamic_stress_100d_20pct_hdd,100,47,1000000,5000,1.0,late_binding,15.0,8,400000,450000,80,severe_slow,90,healthy,10,10.9,57.9,75.1,250000,25.0,50000,50000,39629,0,0,0
dynamic_stress_100d_20pct_hdd,100,47,1000000,5000,1.0,late_binding,15.0,9,450000,500000,80,recovery,90,mild_slow,10,11.1,25.0,32.6,250000,25.0,50000,50000,39450,0,0,0
dynamic_stress_100d_20pct_hdd,100,47,1000000,5000,1.0,late_binding,15.0,10,500000,550000,80,recovery,90,mild_slow,10,11.1,25.0,32.6,250000,25.0,50000,50000,39644,0,0,0
dynamic_stress_100d_20pct_hdd,100,47,1000000,5000,1.0,late_binding,15.0,11,550000,600000,80,healthy,90,severe_slow,10,11.0,58.3,76.1,250000,25.0,50000,50000,39622,0,0,0
dynamic_stress_100d_20pct_hdd,100,47,1000000,5000,1.0,late_binding,15.0,12,600000,650000,80,healthy,90,severe_slow,10,10.9,57.2,75.0,250000,25.0,50000,50000,39747,0,0,0
dynamic_stress_100d_20pct_hdd,100,47,1000000,5000,1.0,late_binding,15.0,13,650000,700000,80,healthy,90,severe_slow,10,10.9,57.6,75.4,250000,25.0,50000,50000,39564,0,0,0
dynamic_stress_100d_20pct_hdd,100,47,1000000,5000,1.0,late_binding,15.0,14,700000,750000,80,mild_slow,90,recovery,10,11.1,25.0,32.6,250000,25.0,50000,50000,39783,0,0,0
dynamic_stress_100d_20pct_hdd,100,47,1000000,5000,1.0,late_binding,15.0,15,750000,800000,80,recovery,90,recovery,0,11.1,17.0,20.2,250000,25.0,50000,50000,39960,0,0,0
dynamic_stress_100d_20pct_hdd,100,47,1000000,5000,1.0,late_binding,15.0,16,800000,850000,80,healthy,90,healthy,0,10.7,14.0,15.4,250000,25.0,50000,50000,40085,0,0,0
dynamic_stress_100d_20pct_hdd,100,47,1000000,5000,1.0,late_binding,15.0,17,850000,900000,80,healthy,90,healthy,0,10.7,14.0,15.5,250000,25.0,50000,50000,40057,0,0,0
dynamic_stress_100d_20pct_hdd,100,47,1000000,5000,1.0,late_binding,15.0,18,900000,950000,80,healthy,90,healthy,0,10.7,14.0,15.4,250000,25.0,50000,50000,40222,0,0,0
dynamic_stress_100d_20pct_hdd,100,47,1000000,5000,1.0,late_binding,15.0,19,950000,1000000,80,healthy,90,healthy,0,10.7,14.0,15.4,250000,25.0,50000,50000,39982,0,0,0
dynamic_stress_100d_20pct_hdd,100,47,1000000,5000,1.0,timeout_degraded_read,15.0,0,0,50000,80,healthy,90,healthy,0,12.5,16.8,18.8,207972,4.0,7972,7972,203,0,0,0
dynamic_stress_100d_20pct_hdd,100,47,1000000,5000,1.0,timeout_degraded_read,15.0,1,50000,100000,80,healthy,90,healthy,0,12.5,16.8,18.7,208045,4.0,8045,8045,166,0,0,0
dynamic_stress_100d_20pct_hdd,100,47,1000000,5000,1.0,timeout_degraded_read,15.0,2,100000,150000,80,healthy,90,healthy,0,12.5,16.8,18.7,207995,4.0,7995,7995,180,0,0,0
dynamic_stress_100d_20pct_hdd,100,47,1000000,5000,1.0,timeout_degraded_read,15.0,3,150000,200000,80,mild_slow,90,healthy,10,12.8,27.9,36.4,211622,5.8,11622,11622,1960,0,0,0
dynamic_stress_100d_20pct_hdd,100,47,1000000,5000,1.0,timeout_degraded_read,15.0,4,200000,250000,80,mild_slow,90,healthy,10,12.8,28.2,36.4,211727,5.9,11727,11727,1957,0,0,0
dynamic_stress_100d_20pct_hdd,100,47,1000000,5000,1.0,timeout_degraded_read,15.0,5,250000,300000,80,mild_slow,90,healthy,10,12.8,27.7,35.8,211630,5.8,11630,11630,1903,0,0,0
dynamic_stress_100d_20pct_hdd,100,47,1000000,5000,1.0,timeout_degraded_read,15.0,6,300000,350000,80,severe_slow,90,healthy,10,12.8,60.4,78.8,211806,5.9,11806,11806,2970,0,0,0
dynamic_stress_100d_20pct_hdd,100,47,1000000,5000,1.0,timeout_degraded_read,15.0,7,350000,400000,80,severe_slow,90,healthy,10,12.8,61.4,79.4,211676,5.8,11676,11676,3172,0,0,0
dynamic_stress_100d_20pct_hdd,100,47,1000000,5000,1.0,timeout_degraded_read,15.0,8,400000,450000,80,severe_slow,90,healthy,10,12.8,60.4,78.7,211588,5.8,11588,11588,3015,0,0,0
dynamic_stress_100d_20pct_hdd,100,47,1000000,5000,1.0,timeout_degraded_read,15.0,9,450000,500000,80,recovery,90,mild_slow,10,13.0,27.6,35.9,213960,7.0,13960,13960,2315,0,0,0
dynamic_stress_100d_20pct_hdd,100,47,1000000,5000,1.0,timeout_degraded_read,15.0,10,500000,550000,80,recovery,90,mild_slow,10,13.0,27.7,36.0,214016,7.0,14016,14016,2353,0,0,0
dynamic_stress_100d_20pct_hdd,100,47,1000000,5000,1.0,timeout_degraded_read,15.0,11,550000,600000,80,healthy,90,severe_slow,10,12.8,61.0,79.6,211487,5.7,11487,11487,3247,0,0,0
dynamic_stress_100d_20pct_hdd,100,47,1000000,5000,1.0,timeout_degraded_read,15.0,12,600000,650000,80,healthy,90,severe_slow,10,12.8,59.5,78.4,211688,5.8,11688,11688,3092,0,0,0
dynamic_stress_100d_20pct_hdd,100,47,1000000,5000,1.0,timeout_degraded_read,15.0,13,650000,700000,80,healthy,90,severe_slow,10,12.8,60.0,78.8,211503,5.8,11503,11503,3176,0,0,0
dynamic_stress_100d_20pct_hdd,100,47,1000000,5000,1.0,timeout_degraded_read,15.0,14,700000,750000,80,mild_slow,90,recovery,10,13.0,28.4,36.3,213934,7.0,13934,13934,1938,0,0,0
dynamic_stress_100d_20pct_hdd,100,47,1000000,5000,1.0,timeout_degraded_read,15.0,15,750000,800000,80,recovery,90,recovery,0,13.0,19.9,24.1,213248,6.6,13248,13248,791,0,0,0
dynamic_stress_100d_20pct_hdd,100,47,1000000,5000,1.0,timeout_degraded_read,15.0,16,800000,850000,80,healthy,90,healthy,0,12.5,16.8,18.8,208114,4.1,8114,8114,205,0,0,0
dynamic_stress_100d_20pct_hdd,100,47,1000000,5000,1.0,timeout_degraded_read,15.0,17,850000,900000,80,healthy,90,healthy,0,12.5,16.8,18.7,208017,4.0,8017,8017,198,0,0,0
dynamic_stress_100d_20pct_hdd,100,47,1000000,5000,1.0,timeout_degraded_read,15.0,18,900000,950000,80,healthy,90,healthy,0,12.5,16.8,18.7,208191,4.1,8191,8191,208,0,0,0
dynamic_stress_100d_20pct_hdd,100,47,1000000,5000,1.0,timeout_degraded_read,15.0,19,950000,1000000,80,healthy,90,healthy,0,12.5,16.8,18.7,208105,4.1,8105,8105,208,0,0,0
dynamic_stress_100d_20pct_hdd,100,47,1000000,5000,1.0,health_ec,15.0,0,0,50000,80,healthy,90,healthy,0,12.5,16.8,18.9,200000,0.0,0,0,0,0,0,0
dynamic_stress_100d_20pct_hdd,100,47,1000000,5000,1.0,health_ec,15.0,1,50000,100000,80,healthy,90,healthy,0,12.5,16.8,18.8,200000,0.0,0,0,0,0,0,0
dynamic_stress_100d_20pct_hdd,100,47,1000000,5000,1.0,health_ec,15.0,2,100000,150000,80,healthy,90,healthy,0,12.5,16.8,18.8,200000,0.0,0,0,0,0,0,0
dynamic_stress_100d_20pct_hdd,100,47,1000000,5000,1.0,health_ec,15.0,3,150000,200000,80,mild_slow,90,healthy,10,12.8,27.4,36.7,202149,1.1,2149,2149,1771,0,0,0
dynamic_stress_100d_20pct_hdd,100,47,1000000,5000,1.0,health_ec,15.0,4,200000,250000,80,mild_slow,90,healthy,10,12.8,26.6,35.6,202989,1.5,2989,2989,2445,0,0,0
dynamic_stress_100d_20pct_hdd,100,47,1000000,5000,1.0,health_ec,15.0,5,250000,300000,80,mild_slow,90,healthy,10,12.8,26.1,34.8,203096,1.5,3096,3096,2530,1,1,0
dynamic_stress_100d_20pct_hdd,100,47,1000000,5000,1.0,health_ec,15.0,6,300000,350000,80,severe_slow,90,healthy,10,12.7,53.5,77.3,202810,1.4,2810,2810,2349,9,9,0
dynamic_stress_100d_20pct_hdd,100,47,1000000,5000,1.0,health_ec,15.0,7,350000,400000,80,severe_slow,90,healthy,10,12.7,52.8,75.6,203050,1.5,3050,3050,2571,0,0,0
dynamic_stress_100d_20pct_hdd,100,47,1000000,5000,1.0,health_ec,15.0,8,400000,450000,80,severe_slow,90,healthy,10,12.7,51.3,74.6,203009,1.5,3009,3009,2562,0,0,0
dynamic_stress_100d_20pct_hdd,100,47,1000000,5000,1.0,health_ec,15.0,9,450000,500000,80,recovery,90,mild_slow,10,12.9,26.1,36.4,204214,2.1,4214,4214,3076,4,4,0
dynamic_stress_100d_20pct_hdd,100,47,1000000,5000,1.0,health_ec,15.0,10,500000,550000,80,recovery,90,mild_slow,10,12.9,25.8,35.3,204140,2.1,4140,4140,3184,0,0,0
dynamic_stress_100d_20pct_hdd,100,47,1000000,5000,1.0,health_ec,15.0,11,550000,600000,80,healthy,90,severe_slow,10,12.7,55.4,77.9,203660,1.8,3660,3660,2858,6,6,0
dynamic_stress_100d_20pct_hdd,100,47,1000000,5000,1.0,health_ec,15.0,12,600000,650000,80,healthy,90,severe_slow,10,12.7,52.9,75.5,203259,1.6,3259,3259,2619,0,0,0
dynamic_stress_100d_20pct_hdd,100,47,1000000,5000,1.0,health_ec,15.0,13,650000,700000,80,healthy,90,severe_slow,10,12.7,52.6,75.3,203254,1.6,3254,3254,2660,0,0,0
dynamic_stress_100d_20pct_hdd,100,47,1000000,5000,1.0,health_ec,15.0,14,700000,750000,80,mild_slow,90,recovery,10,12.8,24.2,36.0,203828,1.9,3828,3828,3233,0,0,0
dynamic_stress_100d_20pct_hdd,100,47,1000000,5000,1.0,health_ec,15.0,15,750000,800000,80,recovery,90,recovery,0,12.8,18.4,22.3,203287,1.6,3287,3287,2714,0,0,0
dynamic_stress_100d_20pct_hdd,100,47,1000000,5000,1.0,health_ec,15.0,16,800000,850000,80,healthy,90,healthy,0,12.5,16.8,18.9,201177,0.6,1177,1177,941,0,0,0
dynamic_stress_100d_20pct_hdd,100,47,1000000,5000,1.0,health_ec,15.0,17,850000,900000,80,healthy,90,healthy,0,12.5,16.8,18.7,200284,0.1,284,284,230,0,0,0
dynamic_stress_100d_20pct_hdd,100,47,1000000,5000,1.0,health_ec,15.0,18,900000,950000,80,healthy,90,healthy,0,12.5,16.8,18.8,200107,0.1,107,107,94,0,0,0
dynamic_stress_100d_20pct_hdd,100,47,1000000,5000,1.0,health_ec,15.0,19,950000,1000000,80,healthy,90,healthy,0,12.5,16.8,18.9,200042,0.0,42,42,34,0,0,0
dynamic_stress_100d_20pct_hdd,100,48,1000000,5000,1.0,vanilla_ec,15.0,0,0,50000,80,healthy,90,healthy,0,12.5,16.8,18.8,200000,0.0,0,0,0,0,0,0
dynamic_stress_100d_20pct_hdd,100,48,1000000,5000,1.0,vanilla_ec,15.0,1,50000,100000,80,healthy,90,healthy,0,12.5,16.8,18.8,200000,0.0,0,0,0,0,0,0
dynamic_stress_100d_20pct_hdd,100,48,1000000,5000,1.0,vanilla_ec,15.0,2,100000,150000,80,healthy,90,healthy,0,12.5,16.9,18.9,200000,0.0,0,0,0,0,0,0
dynamic_stress_100d_20pct_hdd,100,48,1000000,5000,1.0,vanilla_ec,15.0,3,150000,200000,80,mild_slow,90,healthy,10,12.8,30.1,39.8,200000,0.0,0,0,0,0,0,0
dynamic_stress_100d_20pct_hdd,100,48,1000000,5000,1.0,vanilla_ec,15.0,4,200000,250000,80,mild_slow,90,healthy,10,12.8,30.0,39.3,200000,0.0,0,0,0,0,0,0
dynamic_stress_100d_20pct_hdd,100,48,1000000,5000,1.0,vanilla_ec,15.0,5,250000,300000,80,mild_slow,90,healthy,10,12.8,30.0,39.6,200000,0.0,0,0,0,0,0,0
dynamic_stress_100d_20pct_hdd,100,48,1000000,5000,1.0,vanilla_ec,15.0,6,300000,350000,80,severe_slow,90,healthy,10,12.8,69.1,98.2,200000,0.0,0,0,0,0,0,0
dynamic_stress_100d_20pct_hdd,100,48,1000000,5000,1.0,vanilla_ec,15.0,7,350000,400000,80,severe_slow,90,healthy,10,12.8,69.2,103.0,200000,0.0,0,0,0,0,0,0
dynamic_stress_100d_20pct_hdd,100,48,1000000,5000,1.0,vanilla_ec,15.0,8,400000,450000,80,severe_slow,90,healthy,10,12.8,69.3,98.5,200000,0.0,0,0,0,0,0,0
dynamic_stress_100d_20pct_hdd,100,48,1000000,5000,1.0,vanilla_ec,15.0,9,450000,500000,80,recovery,90,mild_slow,10,13.1,30.1,39.8,200000,0.0,0,0,0,0,0,0
dynamic_stress_100d_20pct_hdd,100,48,1000000,5000,1.0,vanilla_ec,15.0,10,500000,550000,80,recovery,90,mild_slow,10,13.0,30.2,40.4,200000,0.0,0,0,0,0,0,0
dynamic_stress_100d_20pct_hdd,100,48,1000000,5000,1.0,vanilla_ec,15.0,11,550000,600000,80,healthy,90,severe_slow,10,12.8,69.3,97.2,200000,0.0,0,0,0,0,0,0
dynamic_stress_100d_20pct_hdd,100,48,1000000,5000,1.0,vanilla_ec,15.0,12,600000,650000,80,healthy,90,severe_slow,10,12.8,68.4,98.1,200000,0.0,0,0,0,0,0,0
dynamic_stress_100d_20pct_hdd,100,48,1000000,5000,1.0,vanilla_ec,15.0,13,650000,700000,80,healthy,90,severe_slow,10,12.8,69.0,95.7,200000,0.0,0,0,0,0,0,0
dynamic_stress_100d_20pct_hdd,100,48,1000000,5000,1.0,vanilla_ec,15.0,14,700000,750000,80,mild_slow,90,recovery,10,13.0,30.5,40.3,200000,0.0,0,0,0,0,0,0
dynamic_stress_100d_20pct_hdd,100,48,1000000,5000,1.0,vanilla_ec,15.0,15,750000,800000,80,recovery,90,recovery,0,13.0,20.2,24.6,200000,0.0,0,0,0,0,0,0
dynamic_stress_100d_20pct_hdd,100,48,1000000,5000,1.0,vanilla_ec,15.0,16,800000,850000,80,healthy,90,healthy,0,12.5,16.9,18.8,200000,0.0,0,0,0,0,0,0
dynamic_stress_100d_20pct_hdd,100,48,1000000,5000,1.0,vanilla_ec,15.0,17,850000,900000,80,healthy,90,healthy,0,12.5,16.8,18.9,200000,0.0,0,0,0,0,0,0
dynamic_stress_100d_20pct_hdd,100,48,1000000,5000,1.0,vanilla_ec,15.0,18,900000,950000,80,healthy,90,healthy,0,12.5,16.8,18.8,200000,0.0,0,0,0,0,0,0
dynamic_stress_100d_20pct_hdd,100,48,1000000,5000,1.0,vanilla_ec,15.0,19,950000,1000000,80,healthy,90,healthy,0,12.5,16.8,18.8,200000,0.0,0,0,0,0,0,0
dynamic_stress_100d_20pct_hdd,100,48,1000000,5000,1.0,late_binding,15.0,0,0,50000,80,healthy,90,healthy,0,10.7,14.0,15.4,250000,25.0,50000,50000,40052,0,0,0
dynamic_stress_100d_20pct_hdd,100,48,1000000,5000,1.0,late_binding,15.0,1,50000,100000,80,healthy,90,healthy,0,10.7,14.0,15.5,250000,25.0,50000,50000,39921,0,0,0
dynamic_stress_100d_20pct_hdd,100,48,1000000,5000,1.0,late_binding,15.0,2,100000,150000,80,healthy,90,healthy,0,10.7,14.0,15.5,250000,25.0,50000,50000,40033,0,0,0
dynamic_stress_100d_20pct_hdd,100,48,1000000,5000,1.0,late_binding,15.0,3,150000,200000,80,mild_slow,90,healthy,10,10.9,25.1,32.9,250000,25.0,50000,50000,39717,0,0,0
dynamic_stress_100d_20pct_hdd,100,48,1000000,5000,1.0,late_binding,15.0,4,200000,250000,80,mild_slow,90,healthy,10,10.9,25.2,32.6,250000,25.0,50000,50000,39660,0,0,0
dynamic_stress_100d_20pct_hdd,100,48,1000000,5000,1.0,late_binding,15.0,5,250000,300000,80,mild_slow,90,healthy,10,10.9,25.2,32.9,250000,25.0,50000,50000,39835,0,0,0
dynamic_stress_100d_20pct_hdd,100,48,1000000,5000,1.0,late_binding,15.0,6,300000,350000,80,severe_slow,90,healthy,10,11.0,57.7,76.6,250000,25.0,50000,50000,39839,0,0,0
dynamic_stress_100d_20pct_hdd,100,48,1000000,5000,1.0,late_binding,15.0,7,350000,400000,80,severe_slow,90,healthy,10,10.9,57.9,75.6,250000,25.0,50000,50000,39802,0,0,0
dynamic_stress_100d_20pct_hdd,100,48,1000000,5000,1.0,late_binding,15.0,8,400000,450000,80,severe_slow,90,healthy,10,10.9,57.8,75.7,250000,25.0,50000,50000,39538,0,0,0
dynamic_stress_100d_20pct_hdd,100,48,1000000,5000,1.0,late_binding,15.0,9,450000,500000,80,recovery,90,mild_slow,10,11.2,25.2,32.5,250000,25.0,50000,50000,39583,0,0,0
dynamic_stress_100d_20pct_hdd,100,48,1000000,5000,1.0,late_binding,15.0,10,500000,550000,80,recovery,90,mild_slow,10,11.1,25.2,32.6,250000,25.0,50000,50000,39652,0,0,0
dynamic_stress_100d_20pct_hdd,100,48,1000000,5000,1.0,late_binding,15.0,11,550000,600000,80,healthy,90,severe_slow,10,11.0,57.8,75.7,250000,25.0,50000,50000,39759,0,0,0
dynamic_stress_100d_20pct_hdd,100,48,1000000,5000,1.0,late_binding,15.0,12,600000,650000,80,healthy,90,severe_slow,10,10.9,57.4,75.6,250000,25.0,50000,50000,39443,0,0,0
dynamic_stress_100d_20pct_hdd,100,48,1000000,5000,1.0,late_binding,15.0,13,650000,700000,80,healthy,90,severe_slow,10,10.9,58.1,75.3,250000,25.0,50000,50000,39697,0,0,0
dynamic_stress_100d_20pct_hdd,100,48,1000000,5000,1.0,late_binding,15.0,14,700000,750000,80,mild_slow,90,recovery,10,11.2,25.4,32.7,250000,25.0,50000,50000,39781,0,0,0
dynamic_stress_100d_20pct_hdd,100,48,1000000,5000,1.0,late_binding,15.0,15,750000,800000,80,recovery,90,recovery,0,11.1,17.0,20.1,250000,25.0,50000,50000,39863,0,0,0
dynamic_stress_100d_20pct_hdd,100,48,1000000,5000,1.0,late_binding,15.0,16,800000,850000,80,healthy,90,healthy,0,10.7,14.0,15.4,250000,25.0,50000,50000,40097,0,0,0
dynamic_stress_100d_20pct_hdd,100,48,1000000,5000,1.0,late_binding,15.0,17,850000,900000,80,healthy,90,healthy,0,10.7,14.0,15.5,250000,25.0,50000,50000,39930,0,0,0
dynamic_stress_100d_20pct_hdd,100,48,1000000,5000,1.0,late_binding,15.0,18,900000,950000,80,healthy,90,healthy,0,10.7,14.0,15.4,250000,25.0,50000,50000,40113,0,0,0
dynamic_stress_100d_20pct_hdd,100,48,1000000,5000,1.0,late_binding,15.0,19,950000,1000000,80,healthy,90,healthy,0,10.7,14.0,15.4,250000,25.0,50000,50000,39937,0,0,0
dynamic_stress_100d_20pct_hdd,100,48,1000000,5000,1.0,timeout_degraded_read,15.0,0,0,50000,80,healthy,90,healthy,0,12.5,16.8,18.8,208083,4.0,8083,8083,174,0,0,0
dynamic_stress_100d_20pct_hdd,100,48,1000000,5000,1.0,timeout_degraded_read,15.0,1,50000,100000,80,healthy,90,healthy,0,12.5,16.8,18.7,208137,4.1,8137,8137,174,0,0,0
dynamic_stress_100d_20pct_hdd,100,48,1000000,5000,1.0,timeout_degraded_read,15.0,2,100000,150000,80,healthy,90,healthy,0,12.5,16.8,18.8,208130,4.1,8130,8130,215,0,0,0
dynamic_stress_100d_20pct_hdd,100,48,1000000,5000,1.0,timeout_degraded_read,15.0,3,150000,200000,80,mild_slow,90,healthy,10,12.8,27.8,36.2,211814,5.9,11814,11814,1930,0,0,0
dynamic_stress_100d_20pct_hdd,100,48,1000000,5000,1.0,timeout_degraded_read,15.0,4,200000,250000,80,mild_slow,90,healthy,10,12.8,27.9,36.1,211550,5.8,11550,11550,1953,0,0,0
dynamic_stress_100d_20pct_hdd,100,48,1000000,5000,1.0,timeout_degraded_read,15.0,5,250000,300000,80,mild_slow,90,healthy,10,12.8,27.8,36.3,211686,5.8,11686,11686,1959,0,0,0
dynamic_stress_100d_20pct_hdd,100,48,1000000,5000,1.0,timeout_degraded_read,15.0,6,300000,350000,80,severe_slow,90,healthy,10,12.8,60.7,79.6,211794,5.9,11794,11794,3115,0,0,0
dynamic_stress_100d_20pct_hdd,100,48,1000000,5000,1.0,timeout_degraded_read,15.0,7,350000,400000,80,severe_slow,90,healthy,10,12.8,60.8,79.3,211667,5.8,11667,11667,3068,0,0,0
dynamic_stress_100d_20pct_hdd,100,48,1000000,5000,1.0,timeout_degraded_read,15.0,8,400000,450000,80,severe_slow,90,healthy,10,12.8,60.8,79.2,211634,5.8,11634,11634,3109,0,0,0
dynamic_stress_100d_20pct_hdd,100,48,1000000,5000,1.0,timeout_degraded_read,15.0,9,450000,500000,80,recovery,90,mild_slow,10,13.1,27.7,35.8,214137,7.1,14137,14137,2339,0,0,0
dynamic_stress_100d_20pct_hdd,100,48,1000000,5000,1.0,timeout_degraded_read,15.0,10,500000,550000,80,recovery,90,mild_slow,10,13.0,27.6,36.1,213896,6.9,13896,13896,2285,0,0,0
dynamic_stress_100d_20pct_hdd,100,48,1000000,5000,1.0,timeout_degraded_read,15.0,11,550000,600000,80,healthy,90,severe_slow,10,12.8,59.7,78.5,211690,5.8,11690,11690,3271,0,0,0
dynamic_stress_100d_20pct_hdd,100,48,1000000,5000,1.0,timeout_degraded_read,15.0,12,600000,650000,80,healthy,90,severe_slow,10,12.8,59.9,78.4,211495,5.7,11495,11495,3136,0,0,0
dynamic_stress_100d_20pct_hdd,100,48,1000000,5000,1.0,timeout_degraded_read,15.0,13,650000,700000,80,healthy,90,severe_slow,10,12.8,60.2,78.2,211602,5.8,11602,11602,3144,0,0,0
dynamic_stress_100d_20pct_hdd,100,48,1000000,5000,1.0,timeout_degraded_read,15.0,14,700000,750000,80,mild_slow,90,recovery,10,13.0,28.7,36.4,213991,7.0,13991,13991,2091,0,0,0
dynamic_stress_100d_20pct_hdd,100,48,1000000,5000,1.0,timeout_degraded_read,15.0,15,750000,800000,80,recovery,90,recovery,0,13.0,20.1,24.1,213403,6.7,13403,13403,784,0,0,0
dynamic_stress_100d_20pct_hdd,100,48,1000000,5000,1.0,timeout_degraded_read,15.0,16,800000,850000,80,healthy,90,healthy,0,12.5,16.8,18.8,208093,4.0,8093,8093,176,0,0,0
dynamic_stress_100d_20pct_hdd,100,48,1000000,5000,1.0,timeout_degraded_read,15.0,17,850000,900000,80,healthy,90,healthy,0,12.5,16.8,18.8,208212,4.1,8212,8212,172,0,0,0
dynamic_stress_100d_20pct_hdd,100,48,1000000,5000,1.0,timeout_degraded_read,15.0,18,900000,950000,80,healthy,90,healthy,0,12.5,16.8,18.8,208031,4.0,8031,8031,185,0,0,0
dynamic_stress_100d_20pct_hdd,100,48,1000000,5000,1.0,timeout_degraded_read,15.0,19,950000,1000000,80,healthy,90,healthy,0,12.5,16.8,18.7,208135,4.1,8135,8135,160,0,0,0
dynamic_stress_100d_20pct_hdd,100,48,1000000,5000,1.0,health_ec,15.0,0,0,50000,80,healthy,90,healthy,0,12.5,16.8,18.8,200000,0.0,0,0,0,0,0,0
dynamic_stress_100d_20pct_hdd,100,48,1000000,5000,1.0,health_ec,15.0,1,50000,100000,80,healthy,90,healthy,0,12.5,16.8,18.8,200000,0.0,0,0,0,0,0,0
dynamic_stress_100d_20pct_hdd,100,48,1000000,5000,1.0,health_ec,15.0,2,100000,150000,80,healthy,90,healthy,0,12.5,16.9,18.9,200000,0.0,0,0,0,0,0,0
dynamic_stress_100d_20pct_hdd,100,48,1000000,5000,1.0,health_ec,15.0,3,150000,200000,80,mild_slow,90,healthy,10,12.8,27.1,36.9,202203,1.1,2203,2203,1808,3,3,0
dynamic_stress_100d_20pct_hdd,100,48,1000000,5000,1.0,health_ec,15.0,4,200000,250000,80,mild_slow,90,healthy,10,12.7,26.0,35.2,202900,1.5,2900,2900,2385,0,0,0
dynamic_stress_100d_20pct_hdd,100,48,1000000,5000,1.0,health_ec,15.0,5,250000,300000,80,mild_slow,90,healthy,10,12.7,26.1,35.3,203133,1.6,3133,3133,2608,0,0,0
dynamic_stress_100d_20pct_hdd,100,48,1000000,5000,1.0,health_ec,15.0,6,300000,350000,80,severe_slow,90,healthy,10,12.7,54.2,78.3,202886,1.4,2886,2886,2432,7,6,0
dynamic_stress_100d_20pct_hdd,100,48,1000000,5000,1.0,health_ec,15.0,7,350000,400000,80,severe_slow,90,healthy,10,12.7,52.6,75.9,203021,1.5,3021,3021,2584,0,0,0
dynamic_stress_100d_20pct_hdd,100,48,1000000,5000,1.0,health_ec,15.0,8,400000,450000,80,severe_slow,90,healthy,10,12.7,53.0,75.3,203113,1.6,3113,3113,2666,0,0,0
dynamic_stress_100d_20pct_hdd,100,48,1000000,5000,1.0,health_ec,15.0,9,450000,500000,80,recovery,90,mild_slow,10,12.9,26.8,36.6,204064,2.0,4064,4064,2982,4,4,0
dynamic_stress_100d_20pct_hdd,100,48,1000000,5000,1.0,health_ec,15.0,10,500000,550000,80,recovery,90,mild_slow,10,12.9,25.9,35.6,203973,2.0,3973,3973,3009,1,1,0
dynamic_stress_100d_20pct_hdd,100,48,1000000,5000,1.0,health_ec,15.0,11,550000,600000,80,healthy,90,severe_slow,10,12.7,54.2,77.9,203214,1.6,3214,3214,2539,5,5,0
dynamic_stress_100d_20pct_hdd,100,48,1000000,5000,1.0,health_ec,15.0,12,600000,650000,80,healthy,90,severe_slow,10,12.7,52.6,75.5,203166,1.6,3166,3166,2622,0,0,0
dynamic_stress_100d_20pct_hdd,100,48,1000000,5000,1.0,health_ec,15.0,13,650000,700000,80,healthy,90,severe_slow,10,12.7,53.3,74.3,203149,1.6,3149,3149,2612,0,0,0
dynamic_stress_100d_20pct_hdd,100,48,1000000,5000,1.0,health_ec,15.0,14,700000,750000,80,mild_slow,90,recovery,10,12.8,25.2,36.6,203972,2.0,3972,3972,3451,2,2,0
dynamic_stress_100d_20pct_hdd,100,48,1000000,5000,1.0,health_ec,15.0,15,750000,800000,80,recovery,90,recovery,0,12.8,18.6,22.3,203079,1.5,3079,3079,2549,0,0,0
dynamic_stress_100d_20pct_hdd,100,48,1000000,5000,1.0,health_ec,15.0,16,800000,850000,80,healthy,90,healthy,0,12.4,16.8,18.8,201077,0.5,1077,1077,852,0,0,0
dynamic_stress_100d_20pct_hdd,100,48,1000000,5000,1.0,health_ec,15.0,17,850000,900000,80,healthy,90,healthy,0,12.5,16.8,18.8,200261,0.1,261,261,215,0,0,0
dynamic_stress_100d_20pct_hdd,100,48,1000000,5000,1.0,health_ec,15.0,18,900000,950000,80,healthy,90,healthy,0,12.5,16.8,18.8,200103,0.1,103,103,75,0,0,0
dynamic_stress_100d_20pct_hdd,100,48,1000000,5000,1.0,health_ec,15.0,19,950000,1000000,80,healthy,90,healthy,0,12.5,16.8,18.8,200040,0.0,40,40,33,0,0,0
dynamic_stress_100d_20pct_hdd,100,49,1000000,5000,1.0,vanilla_ec,15.0,0,0,50000,80,healthy,90,healthy,0,12.5,16.8,18.9,200000,0.0,0,0,0,0,0,0
dynamic_stress_100d_20pct_hdd,100,49,1000000,5000,1.0,vanilla_ec,15.0,1,50000,100000,80,healthy,90,healthy,0,12.5,16.8,18.8,200000,0.0,0,0,0,0,0,0
dynamic_stress_100d_20pct_hdd,100,49,1000000,5000,1.0,vanilla_ec,15.0,2,100000,150000,80,healthy,90,healthy,0,12.5,16.8,18.7,200000,0.0,0,0,0,0,0,0
dynamic_stress_100d_20pct_hdd,100,49,1000000,5000,1.0,vanilla_ec,15.0,3,150000,200000,80,mild_slow,90,healthy,10,12.8,29.6,38.9,200000,0.0,0,0,0,0,0,0
dynamic_stress_100d_20pct_hdd,100,49,1000000,5000,1.0,vanilla_ec,15.0,4,200000,250000,80,mild_slow,90,healthy,10,12.8,29.6,39.6,200000,0.0,0,0,0,0,0,0
dynamic_stress_100d_20pct_hdd,100,49,1000000,5000,1.0,vanilla_ec,15.0,5,250000,300000,80,mild_slow,90,healthy,10,12.8,29.6,39.2,200000,0.0,0,0,0,0,0,0
dynamic_stress_100d_20pct_hdd,100,49,1000000,5000,1.0,vanilla_ec,15.0,6,300000,350000,80,severe_slow,90,healthy,10,12.8,69.6,100.1,200000,0.0,0,0,0,0,0,0
dynamic_stress_100d_20pct_hdd,100,49,1000000,5000,1.0,vanilla_ec,15.0,7,350000,400000,80,severe_slow,90,healthy,10,12.8,69.5,99.5,200000,0.0,0,0,0,0,0,0
dynamic_stress_100d_20pct_hdd,100,49,1000000,5000,1.0,vanilla_ec,15.0,8,400000,450000,80,severe_slow,90,healthy,10,12.8,69.6,98.6,200000,0.0,0,0,0,0,0,0
dynamic_stress_100d_20pct_hdd,100,49,1000000,5000,1.0,vanilla_ec,15.0,9,450000,500000,80,recovery,90,mild_slow,10,13.0,29.8,39.7,200000,0.0,0,0,0,0,0,0
dynamic_stress_100d_20pct_hdd,100,49,1000000,5000,1.0,vanilla_ec,15.0,10,500000,550000,80,recovery,90,mild_slow,10,13.0,30.1,40.6,200000,0.0,0,0,0,0,0,0
dynamic_stress_100d_20pct_hdd,100,49,1000000,5000,1.0,vanilla_ec,15.0,11,550000,600000,80,healthy,90,severe_slow,10,12.8,68.8,100.5,200000,0.0,0,0,0,0,0,0
dynamic_stress_100d_20pct_hdd,100,49,1000000,5000,1.0,vanilla_ec,15.0,12,600000,650000,80,healthy,90,severe_slow,10,12.8,69.1,97.6,200000,0.0,0,0,0,0,0,0
dynamic_stress_100d_20pct_hdd,100,49,1000000,5000,1.0,vanilla_ec,15.0,13,650000,700000,80,healthy,90,severe_slow,10,12.8,69.6,103.8,200000,0.0,0,0,0,0,0,0
dynamic_stress_100d_20pct_hdd,100,49,1000000,5000,1.0,vanilla_ec,15.0,14,700000,750000,80,mild_slow,90,recovery,10,13.0,29.8,40.0,200000,0.0,0,0,0,0,0,0
dynamic_stress_100d_20pct_hdd,100,49,1000000,5000,1.0,vanilla_ec,15.0,15,750000,800000,80,recovery,90,recovery,0,13.0,20.2,24.7,200000,0.0,0,0,0,0,0,0
dynamic_stress_100d_20pct_hdd,100,49,1000000,5000,1.0,vanilla_ec,15.0,16,800000,850000,80,healthy,90,healthy,0,12.5,16.8,18.9,200000,0.0,0,0,0,0,0,0
dynamic_stress_100d_20pct_hdd,100,49,1000000,5000,1.0,vanilla_ec,15.0,17,850000,900000,80,healthy,90,healthy,0,12.5,16.8,18.8,200000,0.0,0,0,0,0,0,0
dynamic_stress_100d_20pct_hdd,100,49,1000000,5000,1.0,vanilla_ec,15.0,18,900000,950000,80,healthy,90,healthy,0,12.5,16.8,18.8,200000,0.0,0,0,0,0,0,0
dynamic_stress_100d_20pct_hdd,100,49,1000000,5000,1.0,vanilla_ec,15.0,19,950000,1000000,80,healthy,90,healthy,0,12.5,16.8,18.9,200000,0.0,0,0,0,0,0,0
dynamic_stress_100d_20pct_hdd,100,49,1000000,5000,1.0,late_binding,15.0,0,0,50000,80,healthy,90,healthy,0,10.7,14.0,15.5,250000,25.0,50000,50000,39956,0,0,0
dynamic_stress_100d_20pct_hdd,100,49,1000000,5000,1.0,late_binding,15.0,1,50000,100000,80,healthy,90,healthy,0,10.7,14.0,15.4,250000,25.0,50000,50000,39977,0,0,0
dynamic_stress_100d_20pct_hdd,100,49,1000000,5000,1.0,late_binding,15.0,2,100000,150000,80,healthy,90,healthy,0,10.7,14.0,15.4,250000,25.0,50000,50000,40049,0,0,0
dynamic_stress_100d_20pct_hdd,100,49,1000000,5000,1.0,late_binding,15.0,3,150000,200000,80,mild_slow,90,healthy,10,10.9,25.0,32.5,250000,25.0,50000,50000,39624,0,0,0
dynamic_stress_100d_20pct_hdd,100,49,1000000,5000,1.0,late_binding,15.0,4,200000,250000,80,mild_slow,90,healthy,10,10.9,25.0,32.4,250000,25.0,50000,50000,39842,0,0,0
dynamic_stress_100d_20pct_hdd,100,49,1000000,5000,1.0,late_binding,15.0,5,250000,300000,80,mild_slow,90,healthy,10,10.9,24.9,32.5,250000,25.0,50000,50000,39687,0,0,0
dynamic_stress_100d_20pct_hdd,100,49,1000000,5000,1.0,late_binding,15.0,6,300000,350000,80,severe_slow,90,healthy,10,11.0,58.5,76.3,250000,25.0,50000,50000,39625,0,0,0
dynamic_stress_100d_20pct_hdd,100,49,1000000,5000,1.0,late_binding,15.0,7,350000,400000,80,severe_slow,90,healthy,10,10.9,58.5,75.8,250000,25.0,50000,50000,39609,0,0,0
dynamic_stress_100d_20pct_hdd,100,49,1000000,5000,1.0,late_binding,15.0,8,400000,450000,80,severe_slow,90,healthy,10,11.0,58.3,76.1,250000,25.0,50000,50000,39765,0,0,0
dynamic_stress_100d_20pct_hdd,100,49,1000000,5000,1.0,late_binding,15.0,9,450000,500000,80,recovery,90,mild_slow,10,11.1,24.8,32.3,250000,25.0,50000,50000,39524,0,0,0
dynamic_stress_100d_20pct_hdd,100,49,1000000,5000,1.0,late_binding,15.0,10,500000,550000,80,recovery,90,mild_slow,10,11.1,25.1,32.5,250000,25.0,50000,50000,39601,0,0,0
dynamic_stress_100d_20pct_hdd,100,49,1000000,5000,1.0,late_binding,15.0,11,550000,600000,80,healthy,90,severe_slow,10,10.9,58.0,75.7,250000,25.0,50000,50000,39467,0,0,0
dynamic_stress_100d_20pct_hdd,100,49,1000000,5000,1.0,late_binding,15.0,12,600000,650000,80,healthy,90,severe_slow,10,10.9,57.7,75.6,250000,25.0,50000,50000,39645,0,0,0
dynamic_stress_100d_20pct_hdd,100,49,1000000,5000,1.0,late_binding,15.0,13,650000,700000,80,healthy,90,severe_slow,10,11.0,58.4,75.7,250000,25.0,50000,50000,39772,0,0,0
dynamic_stress_100d_20pct_hdd,100,49,1000000,5000,1.0,late_binding,15.0,14,700000,750000,80,mild_slow,90,recovery,10,11.1,25.0,32.3,250000,25.0,50000,50000,40003,0,0,0
dynamic_stress_100d_20pct_hdd,100,49,1000000,5000,1.0,late_binding,15.0,15,750000,800000,80,recovery,90,recovery,0,11.1,16.9,20.2,250000,25.0,50000,50000,40027,0,0,0
dynamic_stress_100d_20pct_hdd,100,49,1000000,5000,1.0,late_binding,15.0,16,800000,850000,80,healthy,90,healthy,0,10.7,14.0,15.5,250000,25.0,50000,50000,40111,0,0,0
dynamic_stress_100d_20pct_hdd,100,49,1000000,5000,1.0,late_binding,15.0,17,850000,900000,80,healthy,90,healthy,0,10.7,14.0,15.5,250000,25.0,50000,50000,39912,0,0,0
dynamic_stress_100d_20pct_hdd,100,49,1000000,5000,1.0,late_binding,15.0,18,900000,950000,80,healthy,90,healthy,0,10.7,14.0,15.5,250000,25.0,50000,50000,39851,0,0,0
dynamic_stress_100d_20pct_hdd,100,49,1000000,5000,1.0,late_binding,15.0,19,950000,1000000,80,healthy,90,healthy,0,10.7,14.0,15.4,250000,25.0,50000,50000,40067,0,0,0
dynamic_stress_100d_20pct_hdd,100,49,1000000,5000,1.0,timeout_degraded_read,15.0,0,0,50000,80,healthy,90,healthy,0,12.5,16.8,18.8,208173,4.1,8173,8173,186,0,0,0
dynamic_stress_100d_20pct_hdd,100,49,1000000,5000,1.0,timeout_degraded_read,15.0,1,50000,100000,80,healthy,90,healthy,0,12.5,16.8,18.7,208067,4.0,8067,8067,214,0,0,0
dynamic_stress_100d_20pct_hdd,100,49,1000000,5000,1.0,timeout_degraded_read,15.0,2,100000,150000,80,healthy,90,healthy,0,12.5,16.8,18.6,207975,4.0,7975,7975,190,0,0,0
dynamic_stress_100d_20pct_hdd,100,49,1000000,5000,1.0,timeout_degraded_read,15.0,3,150000,200000,80,mild_slow,90,healthy,10,12.8,27.6,35.8,211486,5.7,11486,11486,1911,0,0,0
dynamic_stress_100d_20pct_hdd,100,49,1000000,5000,1.0,timeout_degraded_read,15.0,4,200000,250000,80,mild_slow,90,healthy,10,12.8,27.6,36.1,211601,5.8,11601,11601,1875,0,0,0
dynamic_stress_100d_20pct_hdd,100,49,1000000,5000,1.0,timeout_degraded_read,15.0,5,250000,300000,80,mild_slow,90,healthy,10,12.8,27.5,35.8,211631,5.8,11631,11631,1831,0,0,0
dynamic_stress_100d_20pct_hdd,100,49,1000000,5000,1.0,timeout_degraded_read,15.0,6,300000,350000,80,severe_slow,90,healthy,10,12.8,61.5,79.3,211779,5.9,11779,11779,3127,0,0,0
dynamic_stress_100d_20pct_hdd,100,49,1000000,5000,1.0,timeout_degraded_read,15.0,7,350000,400000,80,severe_slow,90,healthy,10,12.8,61.3,79.9,211740,5.9,11740,11740,3121,0,0,0
dynamic_stress_100d_20pct_hdd,100,49,1000000,5000,1.0,timeout_degraded_read,15.0,8,400000,450000,80,severe_slow,90,healthy,10,12.8,61.2,79.3,211646,5.8,11646,11646,3130,0,0,0
dynamic_stress_100d_20pct_hdd,100,49,1000000,5000,1.0,timeout_degraded_read,15.0,9,450000,500000,80,recovery,90,mild_slow,10,13.0,27.3,35.6,213829,6.9,13829,13829,2285,0,0,0
dynamic_stress_100d_20pct_hdd,100,49,1000000,5000,1.0,timeout_degraded_read,15.0,10,500000,550000,80,recovery,90,mild_slow,10,13.0,27.7,36.0,214016,7.0,14016,14016,2273,0,0,0
dynamic_stress_100d_20pct_hdd,100,49,1000000,5000,1.0,timeout_degraded_read,15.0,11,550000,600000,80,healthy,90,severe_slow,10,12.8,60.3,78.9,211530,5.8,11530,11530,3160,0,0,0
dynamic_stress_100d_20pct_hdd,100,49,1000000,5000,1.0,timeout_degraded_read,15.0,12,600000,650000,80,healthy,90,severe_slow,10,12.8,60.3,78.8,211557,5.8,11557,11557,3197,0,0,0
dynamic_stress_100d_20pct_hdd,100,49,1000000,5000,1.0,timeout_degraded_read,15.0,13,650000,700000,80,healthy,90,severe_slow,10,12.8,60.8,79.0,211787,5.9,11787,11787,3336,0,0,0
dynamic_stress_100d_20pct_hdd,100,49,1000000,5000,1.0,timeout_degraded_read,15.0,14,700000,750000,80,mild_slow,90,recovery,10,13.0,28.5,36.1,213993,7.0,13993,13993,2033,0,0,0
dynamic_stress_100d_20pct_hdd,100,49,1000000,5000,1.0,timeout_degraded_read,15.0,15,750000,800000,80,recovery,90,recovery,0,13.0,20.0,24.0,213143,6.6,13143,13143,816,0,0,0
dynamic_stress_100d_20pct_hdd,100,49,1000000,5000,1.0,timeout_degraded_read,15.0,16,800000,850000,80,healthy,90,healthy,0,12.5,16.8,18.8,208065,4.0,8065,8065,208,0,0,0
dynamic_stress_100d_20pct_hdd,100,49,1000000,5000,1.0,timeout_degraded_read,15.0,17,850000,900000,80,healthy,90,healthy,0,12.5,16.8,18.7,208082,4.0,8082,8082,181,0,0,0
dynamic_stress_100d_20pct_hdd,100,49,1000000,5000,1.0,timeout_degraded_read,15.0,18,900000,950000,80,healthy,90,healthy,0,12.5,16.8,18.8,208011,4.0,8011,8011,191,0,0,0
dynamic_stress_100d_20pct_hdd,100,49,1000000,5000,1.0,timeout_degraded_read,15.0,19,950000,1000000,80,healthy,90,healthy,0,12.5,16.8,18.8,208139,4.1,8139,8139,214,0,0,0
dynamic_stress_100d_20pct_hdd,100,49,1000000,5000,1.0,health_ec,15.0,0,0,50000,80,healthy,90,healthy,0,12.5,16.8,18.9,200000,0.0,0,0,0,0,0,0
dynamic_stress_100d_20pct_hdd,100,49,1000000,5000,1.0,health_ec,15.0,1,50000,100000,80,healthy,90,healthy,0,12.5,16.8,18.8,200000,0.0,0,0,0,0,0,0
dynamic_stress_100d_20pct_hdd,100,49,1000000,5000,1.0,health_ec,15.0,2,100000,150000,80,healthy,90,healthy,0,12.5,16.8,18.7,200000,0.0,0,0,0,0,0,0
dynamic_stress_100d_20pct_hdd,100,49,1000000,5000,1.0,health_ec,15.0,3,150000,200000,80,mild_slow,90,healthy,10,12.8,27.2,36.2,202038,1.0,2038,2038,1678,0,0,0
dynamic_stress_100d_20pct_hdd,100,49,1000000,5000,1.0,health_ec,15.0,4,200000,250000,80,mild_slow,90,healthy,10,12.8,26.1,35.3,202804,1.4,2804,2804,2301,2,2,0
dynamic_stress_100d_20pct_hdd,100,49,1000000,5000,1.0,health_ec,15.0,5,250000,300000,80,mild_slow,90,healthy,10,12.8,25.9,34.8,202989,1.5,2989,2989,2465,0,0,0
dynamic_stress_100d_20pct_hdd,100,49,1000000,5000,1.0,health_ec,15.0,6,300000,350000,80,severe_slow,90,healthy,10,12.7,54.5,77.6,202832,1.4,2832,2832,2393,8,8,0
dynamic_stress_100d_20pct_hdd,100,49,1000000,5000,1.0,health_ec,15.0,7,350000,400000,80,severe_slow,90,healthy,10,12.7,53.2,75.6,203054,1.5,3054,3054,2561,0,0,0
dynamic_stress_100d_20pct_hdd,100,49,1000000,5000,1.0,health_ec,15.0,8,400000,450000,80,severe_slow,90,healthy,10,12.7,53.6,75.8,203198,1.6,3198,3198,2694,0,0,0
dynamic_stress_100d_20pct_hdd,100,49,1000000,5000,1.0,health_ec,15.0,9,450000,500000,80,recovery,90,mild_slow,10,12.9,26.2,36.1,203956,2.0,3956,3956,2975,4,4,0
dynamic_stress_100d_20pct_hdd,100,49,1000000,5000,1.0,health_ec,15.0,10,500000,550000,80,recovery,90,mild_slow,10,12.9,25.7,35.2,203981,2.0,3981,3981,3118,0,0,0
dynamic_stress_100d_20pct_hdd,100,49,1000000,5000,1.0,health_ec,15.0,11,550000,600000,80,healthy,90,severe_slow,10,12.7,54.1,77.6,203327,1.7,3327,3327,2637,6,6,0
dynamic_stress_100d_20pct_hdd,100,49,1000000,5000,1.0,health_ec,15.0,12,600000,650000,80,healthy,90,severe_slow,10,12.7,52.9,75.6,203155,1.6,3155,3155,2602,0,0,0
dynamic_stress_100d_20pct_hdd,100,49,1000000,5000,1.0,health_ec,15.0,13,650000,700000,80,healthy,90,severe_slow,10,12.7,53.5,75.2,203275,1.6,3275,3275,2763,0,0,0
dynamic_stress_100d_20pct_hdd,100,49,1000000,5000,1.0,health_ec,15.0,14,700000,750000,80,mild_slow,90,recovery,10,12.8,24.4,36.4,203759,1.9,3759,3759,3279,0,0,0
dynamic_stress_100d_20pct_hdd,100,49,1000000,5000,1.0,health_ec,15.0,15,750000,800000,80,recovery,90,recovery,0,12.8,18.5,22.2,203104,1.6,3104,3104,2586,0,0,0
dynamic_stress_100d_20pct_hdd,100,49,1000000,5000,1.0,health_ec,15.0,16,800000,850000,80,healthy,90,healthy,0,12.5,16.8,18.9,201272,0.6,1272,1272,985,0,0,0
dynamic_stress_100d_20pct_hdd,100,49,1000000,5000,1.0,health_ec,15.0,17,850000,900000,80,healthy,90,healthy,0,12.4,16.8,18.8,200291,0.1,291,291,228,0,0,0
dynamic_stress_100d_20pct_hdd,100,49,1000000,5000,1.0,health_ec,15.0,18,900000,950000,80,healthy,90,healthy,0,12.5,16.8,18.8,200125,0.1,125,125,96,0,0,0
dynamic_stress_100d_20pct_hdd,100,49,1000000,5000,1.0,health_ec,15.0,19,950000,1000000,80,healthy,90,healthy,0,12.5,16.8,18.9,200032,0.0,32,32,26,0,0,0
dynamic_stress_100d_20pct_hdd,100,50,1000000,5000,1.0,vanilla_ec,15.0,0,0,50000,80,healthy,90,healthy,0,12.5,16.8,18.8,200000,0.0,0,0,0,0,0,0
dynamic_stress_100d_20pct_hdd,100,50,1000000,5000,1.0,vanilla_ec,15.0,1,50000,100000,80,healthy,90,healthy,0,12.5,16.9,18.8,200000,0.0,0,0,0,0,0,0
dynamic_stress_100d_20pct_hdd,100,50,1000000,5000,1.0,vanilla_ec,15.0,2,100000,150000,80,healthy,90,healthy,0,12.5,16.8,18.8,200000,0.0,0,0,0,0,0,0
dynamic_stress_100d_20pct_hdd,100,50,1000000,5000,1.0,vanilla_ec,15.0,3,150000,200000,80,mild_slow,90,healthy,10,12.8,29.8,39.5,200000,0.0,0,0,0,0,0,0
dynamic_stress_100d_20pct_hdd,100,50,1000000,5000,1.0,vanilla_ec,15.0,4,200000,250000,80,mild_slow,90,healthy,10,12.8,29.9,39.2,200000,0.0,0,0,0,0,0,0
dynamic_stress_100d_20pct_hdd,100,50,1000000,5000,1.0,vanilla_ec,15.0,5,250000,300000,80,mild_slow,90,healthy,10,12.8,29.9,39.3,200000,0.0,0,0,0,0,0,0
dynamic_stress_100d_20pct_hdd,100,50,1000000,5000,1.0,vanilla_ec,15.0,6,300000,350000,80,severe_slow,90,healthy,10,12.7,68.9,97.9,200000,0.0,0,0,0,0,0,0
dynamic_stress_100d_20pct_hdd,100,50,1000000,5000,1.0,vanilla_ec,15.0,7,350000,400000,80,severe_slow,90,healthy,10,12.8,69.1,98.9,200000,0.0,0,0,0,0,0,0
dynamic_stress_100d_20pct_hdd,100,50,1000000,5000,1.0,vanilla_ec,15.0,8,400000,450000,80,severe_slow,90,healthy,10,12.8,69.1,100.5,200000,0.0,0,0,0,0,0,0
dynamic_stress_100d_20pct_hdd,100,50,1000000,5000,1.0,vanilla_ec,15.0,9,450000,500000,80,recovery,90,mild_slow,10,13.0,29.9,39.7,200000,0.0,0,0,0,0,0,0
dynamic_stress_100d_20pct_hdd,100,50,1000000,5000,1.0,vanilla_ec,15.0,10,500000,550000,80,recovery,90,mild_slow,10,13.0,30.3,40.3,200000,0.0,0,0,0,0,0,0
dynamic_stress_100d_20pct_hdd,100,50,1000000,5000,1.0,vanilla_ec,15.0,11,550000,600000,80,healthy,90,severe_slow,10,12.8,68.5,99.5,200000,0.0,0,0,0,0,0,0
dynamic_stress_100d_20pct_hdd,100,50,1000000,5000,1.0,vanilla_ec,15.0,12,600000,650000,80,healthy,90,severe_slow,10,12.8,68.1,100.6,200000,0.0,0,0,0,0,0,0
dynamic_stress_100d_20pct_hdd,100,50,1000000,5000,1.0,vanilla_ec,15.0,13,650000,700000,80,healthy,90,severe_slow,10,12.8,68.6,100.0,200000,0.0,0,0,0,0,0,0
dynamic_stress_100d_20pct_hdd,100,50,1000000,5000,1.0,vanilla_ec,15.0,14,700000,750000,80,mild_slow,90,recovery,10,13.0,30.2,40.6,200000,0.0,0,0,0,0,0,0
dynamic_stress_100d_20pct_hdd,100,50,1000000,5000,1.0,vanilla_ec,15.0,15,750000,800000,80,recovery,90,recovery,0,13.0,20.2,24.8,200000,0.0,0,0,0,0,0,0
dynamic_stress_100d_20pct_hdd,100,50,1000000,5000,1.0,vanilla_ec,15.0,16,800000,850000,80,healthy,90,healthy,0,12.5,16.8,18.8,200000,0.0,0,0,0,0,0,0
dynamic_stress_100d_20pct_hdd,100,50,1000000,5000,1.0,vanilla_ec,15.0,17,850000,900000,80,healthy,90,healthy,0,12.5,16.8,18.9,200000,0.0,0,0,0,0,0,0
dynamic_stress_100d_20pct_hdd,100,50,1000000,5000,1.0,vanilla_ec,15.0,18,900000,950000,80,healthy,90,healthy,0,12.5,16.8,18.9,200000,0.0,0,0,0,0,0,0
dynamic_stress_100d_20pct_hdd,100,50,1000000,5000,1.0,vanilla_ec,15.0,19,950000,1000000,80,healthy,90,healthy,0,12.5,16.8,18.8,200000,0.0,0,0,0,0,0,0
dynamic_stress_100d_20pct_hdd,100,50,1000000,5000,1.0,late_binding,15.0,0,0,50000,80,healthy,90,healthy,0,10.7,14.0,15.4,250000,25.0,50000,50000,40022,0,0,0
dynamic_stress_100d_20pct_hdd,100,50,1000000,5000,1.0,late_binding,15.0,1,50000,100000,80,healthy,90,healthy,0,10.7,14.0,15.5,250000,25.0,50000,50000,40187,0,0,0
dynamic_stress_100d_20pct_hdd,100,50,1000000,5000,1.0,late_binding,15.0,2,100000,150000,80,healthy,90,healthy,0,10.7,14.0,15.5,250000,25.0,50000,50000,39949,0,0,0
dynamic_stress_100d_20pct_hdd,100,50,1000000,5000,1.0,late_binding,15.0,3,150000,200000,80,mild_slow,90,healthy,10,11.0,25.1,32.5,250000,25.0,50000,50000,39756,0,0,0
dynamic_stress_100d_20pct_hdd,100,50,1000000,5000,1.0,late_binding,15.0,4,200000,250000,80,mild_slow,90,healthy,10,10.9,25.2,32.5,250000,25.0,50000,50000,39805,0,0,0
dynamic_stress_100d_20pct_hdd,100,50,1000000,5000,1.0,late_binding,15.0,5,250000,300000,80,mild_slow,90,healthy,10,11.0,25.1,32.7,250000,25.0,50000,50000,39688,0,0,0
dynamic_stress_100d_20pct_hdd,100,50,1000000,5000,1.0,late_binding,15.0,6,300000,350000,80,severe_slow,90,healthy,10,10.9,57.5,75.7,250000,25.0,50000,50000,39697,0,0,0
dynamic_stress_100d_20pct_hdd,100,50,1000000,5000,1.0,late_binding,15.0,7,350000,400000,80,severe_slow,90,healthy,10,11.0,58.1,75.7,250000,25.0,50000,50000,39593,0,0,0
dynamic_stress_100d_20pct_hdd,100,50,1000000,5000,1.0,late_binding,15.0,8,400000,450000,80,severe_slow,90,healthy,10,11.0,57.7,75.6,250000,25.0,50000,50000,39966,0,0,0
dynamic_stress_100d_20pct_hdd,100,50,1000000,5000,1.0,late_binding,15.0,9,450000,500000,80,recovery,90,mild_slow,10,11.1,24.8,32.2,250000,25.0,50000,50000,39556,0,0,0
dynamic_stress_100d_20pct_hdd,100,50,1000000,5000,1.0,late_binding,15.0,10,500000,550000,80,recovery,90,mild_slow,10,11.1,25.3,32.8,250000,25.0,50000,50000,39420,0,0,0
dynamic_stress_100d_20pct_hdd,100,50,1000000,5000,1.0,late_binding,15.0,11,550000,600000,80,healthy,90,severe_slow,10,10.9,57.1,75.7,250000,25.0,50000,50000,39597,0,0,0
dynamic_stress_100d_20pct_hdd,100,50,1000000,5000,1.0,late_binding,15.0,12,600000,650000,80,healthy,90,severe_slow,10,10.9,56.7,75.2,250000,25.0,50000,50000,39769,0,0,0
dynamic_stress_100d_20pct_hdd,100,50,1000000,5000,1.0,late_binding,15.0,13,650000,700000,80,healthy,90,severe_slow,10,10.9,57.7,76.1,250000,25.0,50000,50000,39820,0,0,0
dynamic_stress_100d_20pct_hdd,100,50,1000000,5000,1.0,late_binding,15.0,14,700000,750000,80,mild_slow,90,recovery,10,11.1,25.3,32.8,250000,25.0,50000,50000,40058,0,0,0
dynamic_stress_100d_20pct_hdd,100,50,1000000,5000,1.0,late_binding,15.0,15,750000,800000,80,recovery,90,recovery,0,11.1,17.0,20.0,250000,25.0,50000,50000,39928,0,0,0
dynamic_stress_100d_20pct_hdd,100,50,1000000,5000,1.0,late_binding,15.0,16,800000,850000,80,healthy,90,healthy,0,10.7,14.0,15.4,250000,25.0,50000,50000,40032,0,0,0
dynamic_stress_100d_20pct_hdd,100,50,1000000,5000,1.0,late_binding,15.0,17,850000,900000,80,healthy,90,healthy,0,10.7,14.0,15.4,250000,25.0,50000,50000,40040,0,0,0
dynamic_stress_100d_20pct_hdd,100,50,1000000,5000,1.0,late_binding,15.0,18,900000,950000,80,healthy,90,healthy,0,10.7,14.0,15.5,250000,25.0,50000,50000,39949,0,0,0
dynamic_stress_100d_20pct_hdd,100,50,1000000,5000,1.0,late_binding,15.0,19,950000,1000000,80,healthy,90,healthy,0,10.7,14.0,15.4,250000,25.0,50000,50000,40126,0,0,0
dynamic_stress_100d_20pct_hdd,100,50,1000000,5000,1.0,timeout_degraded_read,15.0,0,0,50000,80,healthy,90,healthy,0,12.5,16.8,18.7,207959,4.0,7959,7959,188,0,0,0
dynamic_stress_100d_20pct_hdd,100,50,1000000,5000,1.0,timeout_degraded_read,15.0,1,50000,100000,80,healthy,90,healthy,0,12.5,16.8,18.7,208245,4.1,8245,8245,202,0,0,0
dynamic_stress_100d_20pct_hdd,100,50,1000000,5000,1.0,timeout_degraded_read,15.0,2,100000,150000,80,healthy,90,healthy,0,12.5,16.8,18.7,208112,4.1,8112,8112,202,0,0,0
dynamic_stress_100d_20pct_hdd,100,50,1000000,5000,1.0,timeout_degraded_read,15.0,3,150000,200000,80,mild_slow,90,healthy,10,12.8,27.7,36.0,211790,5.9,11790,11790,1933,0,0,0
dynamic_stress_100d_20pct_hdd,100,50,1000000,5000,1.0,timeout_degraded_read,15.0,4,200000,250000,80,mild_slow,90,healthy,10,12.8,27.8,36.1,211665,5.8,11665,11665,1941,0,0,0
dynamic_stress_100d_20pct_hdd,100,50,1000000,5000,1.0,timeout_degraded_read,15.0,5,250000,300000,80,mild_slow,90,healthy,10,12.8,27.9,36.1,211772,5.9,11772,11772,1898,0,0,0
dynamic_stress_100d_20pct_hdd,100,50,1000000,5000,1.0,timeout_degraded_read,15.0,6,300000,350000,80,severe_slow,90,healthy,10,12.7,60.5,79.3,211572,5.8,11572,11572,3039,0,0,0
dynamic_stress_100d_20pct_hdd,100,50,1000000,5000,1.0,timeout_degraded_read,15.0,7,350000,400000,80,severe_slow,90,healthy,10,12.8,61.0,79.2,211859,5.9,11859,11859,3085,0,0,0
dynamic_stress_100d_20pct_hdd,100,50,1000000,5000,1.0,timeout_degraded_read,15.0,8,400000,450000,80,severe_slow,90,healthy,10,12.8,60.5,79.3,211680,5.8,11680,11680,3091,0,0,0
dynamic_stress_100d_20pct_hdd,100,50,1000000,5000,1.0,timeout_degraded_read,15.0,9,450000,500000,80,recovery,90,mild_slow,10,13.0,27.5,36.0,213852,6.9,13852,13852,2230,0,0,0
dynamic_stress_100d_20pct_hdd,100,50,1000000,5000,1.0,timeout_degraded_read,15.0,10,500000,550000,80,recovery,90,mild_slow,10,13.0,27.9,36.3,213929,7.0,13929,13929,2246,0,0,0
dynamic_stress_100d_20pct_hdd,100,50,1000000,5000,1.0,timeout_degraded_read,15.0,11,550000,600000,80,healthy,90,severe_slow,10,12.8,59.3,78.6,211646,5.8,11646,11646,3120,0,0,0
dynamic_stress_100d_20pct_hdd,100,50,1000000,5000,1.0,timeout_degraded_read,15.0,12,600000,650000,80,healthy,90,severe_slow,10,12.8,59.4,78.5,211564,5.8,11564,11564,3129,0,0,0
dynamic_stress_100d_20pct_hdd,100,50,1000000,5000,1.0,timeout_degraded_read,15.0,13,650000,700000,80,healthy,90,severe_slow,10,12.8,60.1,79.6,211598,5.8,11598,11598,3095,0,0,0
dynamic_stress_100d_20pct_hdd,100,50,1000000,5000,1.0,timeout_degraded_read,15.0,14,700000,750000,80,mild_slow,90,recovery,10,13.0,28.7,36.3,214039,7.0,14039,14039,2024,0,0,0
dynamic_stress_100d_20pct_hdd,100,50,1000000,5000,1.0,timeout_degraded_read,15.0,15,750000,800000,80,recovery,90,recovery,0,13.0,20.0,24.0,213325,6.7,13325,13325,841,0,0,0
dynamic_stress_100d_20pct_hdd,100,50,1000000,5000,1.0,timeout_degraded_read,15.0,16,800000,850000,80,healthy,90,healthy,0,12.5,16.8,18.7,208096,4.0,8096,8096,178,0,0,0
dynamic_stress_100d_20pct_hdd,100,50,1000000,5000,1.0,timeout_degraded_read,15.0,17,850000,900000,80,healthy,90,healthy,0,12.5,16.8,18.8,208157,4.1,8157,8157,187,0,0,0
dynamic_stress_100d_20pct_hdd,100,50,1000000,5000,1.0,timeout_degraded_read,15.0,18,900000,950000,80,healthy,90,healthy,0,12.5,16.8,18.8,208097,4.0,8097,8097,187,0,0,0
dynamic_stress_100d_20pct_hdd,100,50,1000000,5000,1.0,timeout_degraded_read,15.0,19,950000,1000000,80,healthy,90,healthy,0,12.5,16.8,18.7,208182,4.1,8182,8182,189,0,0,0
dynamic_stress_100d_20pct_hdd,100,50,1000000,5000,1.0,health_ec,15.0,0,0,50000,80,healthy,90,healthy,0,12.5,16.8,18.8,200000,0.0,0,0,0,0,0,0
dynamic_stress_100d_20pct_hdd,100,50,1000000,5000,1.0,health_ec,15.0,1,50000,100000,80,healthy,90,healthy,0,12.5,16.9,18.8,200000,0.0,0,0,0,0,0,0
dynamic_stress_100d_20pct_hdd,100,50,1000000,5000,1.0,health_ec,15.0,2,100000,150000,80,healthy,90,healthy,0,12.5,16.8,18.8,200000,0.0,0,0,0,0,0,0
dynamic_stress_100d_20pct_hdd,100,50,1000000,5000,1.0,health_ec,15.0,3,150000,200000,80,mild_slow,90,healthy,10,12.8,27.7,36.9,201907,1.0,1907,1907,1577,1,1,0
dynamic_stress_100d_20pct_hdd,100,50,1000000,5000,1.0,health_ec,15.0,4,200000,250000,80,mild_slow,90,healthy,10,12.8,26.4,35.2,202820,1.4,2820,2820,2333,1,1,0
dynamic_stress_100d_20pct_hdd,100,50,1000000,5000,1.0,health_ec,15.0,5,250000,300000,80,mild_slow,90,healthy,10,12.8,25.9,34.7,203218,1.6,3218,3218,2666,0,0,0
dynamic_stress_100d_20pct_hdd,100,50,1000000,5000,1.0,health_ec,15.0,6,300000,350000,80,severe_slow,90,healthy,10,12.7,53.9,77.2,202839,1.4,2839,2839,2415,8,8,0
dynamic_stress_100d_20pct_hdd,100,50,1000000,5000,1.0,health_ec,15.0,7,350000,400000,80,severe_slow,90,healthy,10,12.7,52.8,75.4,203091,1.5,3091,3091,2563,0,0,0
dynamic_stress_100d_20pct_hdd,100,50,1000000,5000,1.0,health_ec,15.0,8,400000,450000,80,severe_slow,90,healthy,10,12.7,51.9,75.0,203116,1.6,3116,3116,2631,0,0,0
dynamic_stress_100d_20pct_hdd,100,50,1000000,5000,1.0,health_ec,15.0,9,450000,500000,80,recovery,90,mild_slow,10,12.9,26.3,36.4,203984,2.0,3984,3984,2960,5,5,0
dynamic_stress_100d_20pct_hdd,100,50,1000000,5000,1.0,health_ec,15.0,10,500000,550000,80,recovery,90,mild_slow,10,12.9,26.1,35.4,203926,2.0,3926,3926,3043,0,0,0
dynamic_stress_100d_20pct_hdd,100,50,1000000,5000,1.0,health_ec,15.0,11,550000,600000,80,healthy,90,severe_slow,10,12.7,53.6,77.0,203366,1.7,3366,3366,2637,6,6,0
dynamic_stress_100d_20pct_hdd,100,50,1000000,5000,1.0,health_ec,15.0,12,600000,650000,80,healthy,90,severe_slow,10,12.7,51.8,75.6,203073,1.5,3073,3073,2523,0,0,0
dynamic_stress_100d_20pct_hdd,100,50,1000000,5000,1.0,health_ec,15.0,13,650000,700000,80,healthy,90,severe_slow,10,12.7,52.0,75.4,203094,1.5,3094,3094,2569,0,0,0
dynamic_stress_100d_20pct_hdd,100,50,1000000,5000,1.0,health_ec,15.0,14,700000,750000,80,mild_slow,90,recovery,10,12.9,24.6,36.2,204052,2.0,4052,4052,3500,0,0,0
dynamic_stress_100d_20pct_hdd,100,50,1000000,5000,1.0,health_ec,15.0,15,750000,800000,80,recovery,90,recovery,0,12.8,18.5,22.3,203328,1.7,3328,3328,2769,0,0,0
dynamic_stress_100d_20pct_hdd,100,50,1000000,5000,1.0,health_ec,15.0,16,800000,850000,80,healthy,90,healthy,0,12.4,16.8,18.8,201209,0.6,1209,1209,985,0,0,0
dynamic_stress_100d_20pct_hdd,100,50,1000000,5000,1.0,health_ec,15.0,17,850000,900000,80,healthy,90,healthy,0,12.5,16.8,18.9,200256,0.1,256,256,206,0,0,0
dynamic_stress_100d_20pct_hdd,100,50,1000000,5000,1.0,health_ec,15.0,18,900000,950000,80,healthy,90,healthy,0,12.5,16.8,18.9,200103,0.1,103,103,80,0,0,0
dynamic_stress_100d_20pct_hdd,100,50,1000000,5000,1.0,health_ec,15.0,19,950000,1000000,80,healthy,90,healthy,0,12.5,16.8,18.8,200041,0.0,41,41,27,0,0,0
dynamic_stress_100d_20pct_hdd,100,51,1000000,5000,1.0,vanilla_ec,15.0,0,0,50000,80,healthy,90,healthy,0,12.5,16.8,18.8,200000,0.0,0,0,0,0,0,0
dynamic_stress_100d_20pct_hdd,100,51,1000000,5000,1.0,vanilla_ec,15.0,1,50000,100000,80,healthy,90,healthy,0,12.5,16.8,18.9,200000,0.0,0,0,0,0,0,0
dynamic_stress_100d_20pct_hdd,100,51,1000000,5000,1.0,vanilla_ec,15.0,2,100000,150000,80,healthy,90,healthy,0,12.5,16.8,18.8,200000,0.0,0,0,0,0,0,0
dynamic_stress_100d_20pct_hdd,100,51,1000000,5000,1.0,vanilla_ec,15.0,3,150000,200000,80,mild_slow,90,healthy,10,12.7,29.5,39.3,200000,0.0,0,0,0,0,0,0
dynamic_stress_100d_20pct_hdd,100,51,1000000,5000,1.0,vanilla_ec,15.0,4,200000,250000,80,mild_slow,90,healthy,10,12.8,30.0,39.3,200000,0.0,0,0,0,0,0,0
dynamic_stress_100d_20pct_hdd,100,51,1000000,5000,1.0,vanilla_ec,15.0,5,250000,300000,80,mild_slow,90,healthy,10,12.8,29.8,39.3,200000,0.0,0,0,0,0,0,0
dynamic_stress_100d_20pct_hdd,100,51,1000000,5000,1.0,vanilla_ec,15.0,6,300000,350000,80,severe_slow,90,healthy,10,12.8,69.0,100.5,200000,0.0,0,0,0,0,0,0
dynamic_stress_100d_20pct_hdd,100,51,1000000,5000,1.0,vanilla_ec,15.0,7,350000,400000,80,severe_slow,90,healthy,10,12.8,68.9,97.9,200000,0.0,0,0,0,0,0,0
dynamic_stress_100d_20pct_hdd,100,51,1000000,5000,1.0,vanilla_ec,15.0,8,400000,450000,80,severe_slow,90,healthy,10,12.8,68.5,98.3,200000,0.0,0,0,0,0,0,0
dynamic_stress_100d_20pct_hdd,100,51,1000000,5000,1.0,vanilla_ec,15.0,9,450000,500000,80,recovery,90,mild_slow,10,13.0,30.2,39.9,200000,0.0,0,0,0,0,0,0
dynamic_stress_100d_20pct_hdd,100,51,1000000,5000,1.0,vanilla_ec,15.0,10,500000,550000,80,recovery,90,mild_slow,10,13.0,29.9,40.1,200000,0.0,0,0,0,0,0,0
dynamic_stress_100d_20pct_hdd,100,51,1000000,5000,1.0,vanilla_ec,15.0,11,550000,600000,80,healthy,90,severe_slow,10,12.8,69.0,99.1,200000,0.0,0,0,0,0,0,0
dynamic_stress_100d_20pct_hdd,100,51,1000000,5000,1.0,vanilla_ec,15.0,12,600000,650000,80,healthy,90,severe_slow,10,12.8,68.5,99.3,200000,0.0,0,0,0,0,0,0
dynamic_stress_100d_20pct_hdd,100,51,1000000,5000,1.0,vanilla_ec,15.0,13,650000,700000,80,healthy,90,severe_slow,10,12.8,69.2,98.2,200000,0.0,0,0,0,0,0,0
dynamic_stress_100d_20pct_hdd,100,51,1000000,5000,1.0,vanilla_ec,15.0,14,700000,750000,80,mild_slow,90,recovery,10,13.0,30.2,40.4,200000,0.0,0,0,0,0,0,0
dynamic_stress_100d_20pct_hdd,100,51,1000000,5000,1.0,vanilla_ec,15.0,15,750000,800000,80,recovery,90,recovery,0,13.0,20.2,24.5,200000,0.0,0,0,0,0,0,0
dynamic_stress_100d_20pct_hdd,100,51,1000000,5000,1.0,vanilla_ec,15.0,16,800000,850000,80,healthy,90,healthy,0,12.5,16.8,18.8,200000,0.0,0,0,0,0,0,0
dynamic_stress_100d_20pct_hdd,100,51,1000000,5000,1.0,vanilla_ec,15.0,17,850000,900000,80,healthy,90,healthy,0,12.5,16.9,18.9,200000,0.0,0,0,0,0,0,0
dynamic_stress_100d_20pct_hdd,100,51,1000000,5000,1.0,vanilla_ec,15.0,18,900000,950000,80,healthy,90,healthy,0,12.5,16.8,18.9,200000,0.0,0,0,0,0,0,0
dynamic_stress_100d_20pct_hdd,100,51,1000000,5000,1.0,vanilla_ec,15.0,19,950000,1000000,80,healthy,90,healthy,0,12.5,16.8,18.8,200000,0.0,0,0,0,0,0,0
dynamic_stress_100d_20pct_hdd,100,51,1000000,5000,1.0,late_binding,15.0,0,0,50000,80,healthy,90,healthy,0,10.7,14.0,15.4,250000,25.0,50000,50000,39979,0,0,0
dynamic_stress_100d_20pct_hdd,100,51,1000000,5000,1.0,late_binding,15.0,1,50000,100000,80,healthy,90,healthy,0,10.7,14.0,15.5,250000,25.0,50000,50000,39968,0,0,0
dynamic_stress_100d_20pct_hdd,100,51,1000000,5000,1.0,late_binding,15.0,2,100000,150000,80,healthy,90,healthy,0,10.7,14.0,15.5,250000,25.0,50000,50000,39965,0,0,0
dynamic_stress_100d_20pct_hdd,100,51,1000000,5000,1.0,late_binding,15.0,3,150000,200000,80,mild_slow,90,healthy,10,10.9,24.6,32.7,250000,25.0,50000,50000,39631,0,0,0
dynamic_stress_100d_20pct_hdd,100,51,1000000,5000,1.0,late_binding,15.0,4,200000,250000,80,mild_slow,90,healthy,10,10.9,25.1,32.5,250000,25.0,50000,50000,39705,0,0,0
dynamic_stress_100d_20pct_hdd,100,51,1000000,5000,1.0,late_binding,15.0,5,250000,300000,80,mild_slow,90,healthy,10,10.9,25.2,32.6,250000,25.0,50000,50000,39800,0,0,0
dynamic_stress_100d_20pct_hdd,100,51,1000000,5000,1.0,late_binding,15.0,6,300000,350000,80,severe_slow,90,healthy,10,10.9,58.3,76.1,250000,25.0,50000,50000,39603,0,0,0
dynamic_stress_100d_20pct_hdd,100,51,1000000,5000,1.0,late_binding,15.0,7,350000,400000,80,severe_slow,90,healthy,10,10.9,57.8,74.8,250000,25.0,50000,50000,39762,0,0,0
dynamic_stress_100d_20pct_hdd,100,51,1000000,5000,1.0,late_binding,15.0,8,400000,450000,80,severe_slow,90,healthy,10,10.9,57.4,75.2,250000,25.0,50000,50000,39796,0,0,0
dynamic_stress_100d_20pct_hdd,100,51,1000000,5000,1.0,late_binding,15.0,9,450000,500000,80,recovery,90,mild_slow,10,11.1,24.9,32.4,250000,25.0,50000,50000,39598,0,0,0
dynamic_stress_100d_20pct_hdd,100,51,1000000,5000,1.0,late_binding,15.0,10,500000,550000,80,recovery,90,mild_slow,10,11.1,25.0,32.5,250000,25.0,50000,50000,39633,0,0,0
dynamic_stress_100d_20pct_hdd,100,51,1000000,5000,1.0,late_binding,15.0,11,550000,600000,80,healthy,90,severe_slow,10,10.9,57.8,75.7,250000,25.0,50000,50000,39702,0,0,0
dynamic_stress_100d_20pct_hdd,100,51,1000000,5000,1.0,late_binding,15.0,12,600000,650000,80,healthy,90,severe_slow,10,10.9,57.9,75.3,250000,25.0,50000,50000,39507,0,0,0
dynamic_stress_100d_20pct_hdd,100,51,1000000,5000,1.0,late_binding,15.0,13,650000,700000,80,healthy,90,severe_slow,10,10.9,57.6,75.3,250000,25.0,50000,50000,39817,0,0,0
dynamic_stress_100d_20pct_hdd,100,51,1000000,5000,1.0,late_binding,15.0,14,700000,750000,80,mild_slow,90,recovery,10,11.1,25.1,32.6,250000,25.0,50000,50000,39952,0,0,0
dynamic_stress_100d_20pct_hdd,100,51,1000000,5000,1.0,late_binding,15.0,15,750000,800000,80,recovery,90,recovery,0,11.1,16.9,20.1,250000,25.0,50000,50000,40006,0,0,0
dynamic_stress_100d_20pct_hdd,100,51,1000000,5000,1.0,late_binding,15.0,16,800000,850000,80,healthy,90,healthy,0,10.7,14.0,15.5,250000,25.0,50000,50000,40078,0,0,0
dynamic_stress_100d_20pct_hdd,100,51,1000000,5000,1.0,late_binding,15.0,17,850000,900000,80,healthy,90,healthy,0,10.7,14.0,15.5,250000,25.0,50000,50000,40097,0,0,0
dynamic_stress_100d_20pct_hdd,100,51,1000000,5000,1.0,late_binding,15.0,18,900000,950000,80,healthy,90,healthy,0,10.7,14.0,15.4,250000,25.0,50000,50000,40014,0,0,0
dynamic_stress_100d_20pct_hdd,100,51,1000000,5000,1.0,late_binding,15.0,19,950000,1000000,80,healthy,90,healthy,0,10.7,14.0,15.4,250000,25.0,50000,50000,39898,0,0,0
dynamic_stress_100d_20pct_hdd,100,51,1000000,5000,1.0,timeout_degraded_read,15.0,0,0,50000,80,healthy,90,healthy,0,12.5,16.8,18.7,208142,4.1,8142,8142,193,0,0,0
dynamic_stress_100d_20pct_hdd,100,51,1000000,5000,1.0,timeout_degraded_read,15.0,1,50000,100000,80,healthy,90,healthy,0,12.5,16.8,18.8,208148,4.1,8148,8148,197,0,0,0
dynamic_stress_100d_20pct_hdd,100,51,1000000,5000,1.0,timeout_degraded_read,15.0,2,100000,150000,80,healthy,90,healthy,0,12.5,16.8,18.7,208007,4.0,8007,8007,167,0,0,0
dynamic_stress_100d_20pct_hdd,100,51,1000000,5000,1.0,timeout_degraded_read,15.0,3,150000,200000,80,mild_slow,90,healthy,10,12.7,27.4,36.2,211465,5.7,11465,11465,1867,0,0,0
dynamic_stress_100d_20pct_hdd,100,51,1000000,5000,1.0,timeout_degraded_read,15.0,4,200000,250000,80,mild_slow,90,healthy,10,12.8,27.8,35.9,211597,5.8,11597,11597,1909,0,0,0
dynamic_stress_100d_20pct_hdd,100,51,1000000,5000,1.0,timeout_degraded_read,15.0,5,250000,300000,80,mild_slow,90,healthy,10,12.8,27.7,36.3,211770,5.9,11770,11770,1892,0,0,0
dynamic_stress_100d_20pct_hdd,100,51,1000000,5000,1.0,timeout_degraded_read,15.0,6,300000,350000,80,severe_slow,90,healthy,10,12.8,61.1,79.6,211589,5.8,11589,11589,3038,0,0,0
dynamic_stress_100d_20pct_hdd,100,51,1000000,5000,1.0,timeout_degraded_read,15.0,7,350000,400000,80,severe_slow,90,healthy,10,12.8,60.6,78.5,211720,5.9,11720,11720,3047,0,0,0
dynamic_stress_100d_20pct_hdd,100,51,1000000,5000,1.0,timeout_degraded_read,15.0,8,400000,450000,80,severe_slow,90,healthy,10,12.8,60.3,79.1,211744,5.9,11744,11744,3027,0,0,0
dynamic_stress_100d_20pct_hdd,100,51,1000000,5000,1.0,timeout_degraded_read,15.0,9,450000,500000,80,recovery,90,mild_slow,10,13.0,27.6,35.6,213895,6.9,13895,13895,2301,0,0,0
dynamic_stress_100d_20pct_hdd,100,51,1000000,5000,1.0,timeout_degraded_read,15.0,10,500000,550000,80,recovery,90,mild_slow,10,13.0,27.6,35.9,213963,7.0,13963,13963,2206,0,0,0
dynamic_stress_100d_20pct_hdd,100,51,1000000,5000,1.0,timeout_degraded_read,15.0,11,550000,600000,80,healthy,90,severe_slow,10,12.8,59.9,79.2,211652,5.8,11652,11652,3189,0,0,0
dynamic_stress_100d_20pct_hdd,100,51,1000000,5000,1.0,timeout_degraded_read,15.0,12,600000,650000,80,healthy,90,severe_slow,10,12.8,59.9,78.5,211759,5.9,11759,11759,3173,0,0,0
dynamic_stress_100d_20pct_hdd,100,51,1000000,5000,1.0,timeout_degraded_read,15.0,13,650000,700000,80,healthy,90,severe_slow,10,12.8,60.1,78.6,211661,5.8,11661,11661,3216,0,0,0
dynamic_stress_100d_20pct_hdd,100,51,1000000,5000,1.0,timeout_degraded_read,15.0,14,700000,750000,80,mild_slow,90,recovery,10,13.0,28.5,36.2,214066,7.0,14066,14066,1983,0,0,0
dynamic_stress_100d_20pct_hdd,100,51,1000000,5000,1.0,timeout_degraded_read,15.0,15,750000,800000,80,recovery,90,recovery,0,13.0,20.0,23.9,213330,6.7,13330,13330,736,0,0,0
dynamic_stress_100d_20pct_hdd,100,51,1000000,5000,1.0,timeout_degraded_read,15.0,16,800000,850000,80,healthy,90,healthy,0,12.5,16.8,18.7,208127,4.1,8127,8127,198,0,0,0
dynamic_stress_100d_20pct_hdd,100,51,1000000,5000,1.0,timeout_degraded_read,15.0,17,850000,900000,80,healthy,90,healthy,0,12.5,16.8,18.9,208244,4.1,8244,8244,204,0,0,0
dynamic_stress_100d_20pct_hdd,100,51,1000000,5000,1.0,timeout_degraded_read,15.0,18,900000,950000,80,healthy,90,healthy,0,12.5,16.8,18.8,208149,4.1,8149,8149,191,0,0,0
dynamic_stress_100d_20pct_hdd,100,51,1000000,5000,1.0,timeout_degraded_read,15.0,19,950000,1000000,80,healthy,90,healthy,0,12.5,16.7,18.7,208082,4.0,8082,8082,202,0,0,0
dynamic_stress_100d_20pct_hdd,100,51,1000000,5000,1.0,health_ec,15.0,0,0,50000,80,healthy,90,healthy,0,12.5,16.8,18.8,200000,0.0,0,0,0,0,0,0
dynamic_stress_100d_20pct_hdd,100,51,1000000,5000,1.0,health_ec,15.0,1,50000,100000,80,healthy,90,healthy,0,12.5,16.8,18.9,200000,0.0,0,0,0,0,0,0
dynamic_stress_100d_20pct_hdd,100,51,1000000,5000,1.0,health_ec,15.0,2,100000,150000,80,healthy,90,healthy,0,12.5,16.8,18.8,200000,0.0,0,0,0,0,0,0
dynamic_stress_100d_20pct_hdd,100,51,1000000,5000,1.0,health_ec,15.0,3,150000,200000,80,mild_slow,90,healthy,10,12.7,26.9,36.5,202009,1.0,2009,2009,1645,1,1,0
dynamic_stress_100d_20pct_hdd,100,51,1000000,5000,1.0,health_ec,15.0,4,200000,250000,80,mild_slow,90,healthy,10,12.8,26.3,35.1,202870,1.4,2870,2870,2374,1,1,0
dynamic_stress_100d_20pct_hdd,100,51,1000000,5000,1.0,health_ec,15.0,5,250000,300000,80,mild_slow,90,healthy,10,12.8,26.1,35.2,203073,1.5,3073,3073,2545,0,0,0
dynamic_stress_100d_20pct_hdd,100,51,1000000,5000,1.0,health_ec,15.0,6,300000,350000,80,severe_slow,90,healthy,10,12.7,54.2,77.5,202861,1.4,2861,2861,2381,8,8,0
dynamic_stress_100d_20pct_hdd,100,51,1000000,5000,1.0,health_ec,15.0,7,350000,400000,80,severe_slow,90,healthy,10,12.7,52.7,74.9,203016,1.5,3016,3016,2512,0,0,0
dynamic_stress_100d_20pct_hdd,100,51,1000000,5000,1.0,health_ec,15.0,8,400000,450000,80,severe_slow,90,healthy,10,12.7,52.4,75.0,203188,1.6,3188,3188,2658,0,0,0
dynamic_stress_100d_20pct_hdd,100,51,1000000,5000,1.0,health_ec,15.0,9,450000,500000,80,recovery,90,mild_slow,10,12.9,26.5,35.9,204191,2.1,4191,4191,3170,7,7,0
dynamic_stress_100d_20pct_hdd,100,51,1000000,5000,1.0,health_ec,15.0,10,500000,550000,80,recovery,90,mild_slow,10,12.9,25.6,35.1,203971,2.0,3971,3971,3140,0,0,0
dynamic_stress_100d_20pct_hdd,100,51,1000000,5000,1.0,health_ec,15.0,11,550000,600000,80,healthy,90,severe_slow,10,12.7,54.9,78.8,203447,1.7,3447,3447,2763,6,6,0
dynamic_stress_100d_20pct_hdd,100,51,1000000,5000,1.0,health_ec,15.0,12,600000,650000,80,healthy,90,severe_slow,10,12.7,52.9,75.7,203207,1.6,3207,3207,2635,0,0,0
dynamic_stress_100d_20pct_hdd,100,51,1000000,5000,1.0,health_ec,15.0,13,650000,700000,80,healthy,90,severe_slow,10,12.7,52.6,74.4,203168,1.6,3168,3168,2665,0,0,0
dynamic_stress_100d_20pct_hdd,100,51,1000000,5000,1.0,health_ec,15.0,14,700000,750000,80,mild_slow,90,recovery,10,12.9,24.3,35.9,203923,2.0,3923,3923,3383,0,0,0
dynamic_stress_100d_20pct_hdd,100,51,1000000,5000,1.0,health_ec,15.0,15,750000,800000,80,recovery,90,recovery,0,12.8,18.4,22.2,203228,1.6,3228,3228,2698,0,0,0
dynamic_stress_100d_20pct_hdd,100,51,1000000,5000,1.0,health_ec,15.0,16,800000,850000,80,healthy,90,healthy,0,12.5,16.8,18.8,201174,0.6,1174,1174,910,0,0,0
dynamic_stress_100d_20pct_hdd,100,51,1000000,5000,1.0,health_ec,15.0,17,850000,900000,80,healthy,90,healthy,0,12.5,16.8,18.9,200268,0.1,268,268,202,0,0,0
dynamic_stress_100d_20pct_hdd,100,51,1000000,5000,1.0,health_ec,15.0,18,900000,950000,80,healthy,90,healthy,0,12.5,16.8,18.8,200090,0.0,90,90,64,0,0,0
dynamic_stress_100d_20pct_hdd,100,51,1000000,5000,1.0,health_ec,15.0,19,950000,1000000,80,healthy,90,healthy,0,12.5,16.8,18.8,200046,0.0,46,46,38,0,0,0
dynamic_stress_100d_20pct_hdd,100,52,1000000,5000,1.0,vanilla_ec,15.0,0,0,50000,80,healthy,90,healthy,0,12.5,16.8,18.9,200000,0.0,0,0,0,0,0,0
dynamic_stress_100d_20pct_hdd,100,52,1000000,5000,1.0,vanilla_ec,15.0,1,50000,100000,80,healthy,90,healthy,0,12.5,16.8,18.8,200000,0.0,0,0,0,0,0,0
dynamic_stress_100d_20pct_hdd,100,52,1000000,5000,1.0,vanilla_ec,15.0,2,100000,150000,80,healthy,90,healthy,0,12.5,16.8,18.8,200000,0.0,0,0,0,0,0,0
dynamic_stress_100d_20pct_hdd,100,52,1000000,5000,1.0,vanilla_ec,15.0,3,150000,200000,80,mild_slow,90,healthy,10,12.8,29.7,39.2,200000,0.0,0,0,0,0,0,0
dynamic_stress_100d_20pct_hdd,100,52,1000000,5000,1.0,vanilla_ec,15.0,4,200000,250000,80,mild_slow,90,healthy,10,12.8,30.0,39.6,200000,0.0,0,0,0,0,0,0
dynamic_stress_100d_20pct_hdd,100,52,1000000,5000,1.0,vanilla_ec,15.0,5,250000,300000,80,mild_slow,90,healthy,10,12.8,29.7,39.3,200000,0.0,0,0,0,0,0,0
dynamic_stress_100d_20pct_hdd,100,52,1000000,5000,1.0,vanilla_ec,15.0,6,300000,350000,80,severe_slow,90,healthy,10,12.8,68.4,97.8,200000,0.0,0,0,0,0,0,0
dynamic_stress_100d_20pct_hdd,100,52,1000000,5000,1.0,vanilla_ec,15.0,7,350000,400000,80,severe_slow,90,healthy,10,12.8,68.9,98.5,200000,0.0,0,0,0,0,0,0
dynamic_stress_100d_20pct_hdd,100,52,1000000,5000,1.0,vanilla_ec,15.0,8,400000,450000,80,severe_slow,90,healthy,10,12.8,68.9,96.9,200000,0.0,0,0,0,0,0,0
dynamic_stress_100d_20pct_hdd,100,52,1000000,5000,1.0,vanilla_ec,15.0,9,450000,500000,80,recovery,90,mild_slow,10,13.1,29.8,39.9,200000,0.0,0,0,0,0,0,0
dynamic_stress_100d_20pct_hdd,100,52,1000000,5000,1.0,vanilla_ec,15.0,10,500000,550000,80,recovery,90,mild_slow,10,13.1,30.2,40.3,200000,0.0,0,0,0,0,0,0
dynamic_stress_100d_20pct_hdd,100,52,1000000,5000,1.0,vanilla_ec,15.0,11,550000,600000,80,healthy,90,severe_slow,10,12.8,68.8,98.7,200000,0.0,0,0,0,0,0,0
dynamic_stress_100d_20pct_hdd,100,52,1000000,5000,1.0,vanilla_ec,15.0,12,600000,650000,80,healthy,90,severe_slow,10,12.8,68.7,99.3,200000,0.0,0,0,0,0,0,0
dynamic_stress_100d_20pct_hdd,100,52,1000000,5000,1.0,vanilla_ec,15.0,13,650000,700000,80,healthy,90,severe_slow,10,12.8,68.1,96.2,200000,0.0,0,0,0,0,0,0
dynamic_stress_100d_20pct_hdd,100,52,1000000,5000,1.0,vanilla_ec,15.0,14,700000,750000,80,mild_slow,90,recovery,10,13.0,30.2,40.0,200000,0.0,0,0,0,0,0,0
dynamic_stress_100d_20pct_hdd,100,52,1000000,5000,1.0,vanilla_ec,15.0,15,750000,800000,80,recovery,90,recovery,0,13.0,20.1,24.5,200000,0.0,0,0,0,0,0,0
dynamic_stress_100d_20pct_hdd,100,52,1000000,5000,1.0,vanilla_ec,15.0,16,800000,850000,80,healthy,90,healthy,0,12.5,16.8,18.8,200000,0.0,0,0,0,0,0,0
dynamic_stress_100d_20pct_hdd,100,52,1000000,5000,1.0,vanilla_ec,15.0,17,850000,900000,80,healthy,90,healthy,0,12.5,16.9,18.9,200000,0.0,0,0,0,0,0,0
dynamic_stress_100d_20pct_hdd,100,52,1000000,5000,1.0,vanilla_ec,15.0,18,900000,950000,80,healthy,90,healthy,0,12.5,16.9,18.9,200000,0.0,0,0,0,0,0,0
dynamic_stress_100d_20pct_hdd,100,52,1000000,5000,1.0,vanilla_ec,15.0,19,950000,1000000,80,healthy,90,healthy,0,12.5,16.8,18.8,200000,0.0,0,0,0,0,0,0
dynamic_stress_100d_20pct_hdd,100,52,1000000,5000,1.0,late_binding,15.0,0,0,50000,80,healthy,90,healthy,0,10.7,14.0,15.5,250000,25.0,50000,50000,40257,0,0,0
dynamic_stress_100d_20pct_hdd,100,52,1000000,5000,1.0,late_binding,15.0,1,50000,100000,80,healthy,90,healthy,0,10.7,14.0,15.4,250000,25.0,50000,50000,39969,0,0,0
dynamic_stress_100d_20pct_hdd,100,52,1000000,5000,1.0,late_binding,15.0,2,100000,150000,80,healthy,90,healthy,0,10.7,14.0,15.5,250000,25.0,50000,50000,40012,0,0,0
dynamic_stress_100d_20pct_hdd,100,52,1000000,5000,1.0,late_binding,15.0,3,150000,200000,80,mild_slow,90,healthy,10,11.0,25.0,32.3,250000,25.0,50000,50000,39653,0,0,0
dynamic_stress_100d_20pct_hdd,100,52,1000000,5000,1.0,late_binding,15.0,4,200000,250000,80,mild_slow,90,healthy,10,10.9,25.1,32.7,250000,25.0,50000,50000,39836,0,0,0
dynamic_stress_100d_20pct_hdd,100,52,1000000,5000,1.0,late_binding,15.0,5,250000,300000,80,mild_slow,90,healthy,10,10.9,25.2,32.7,250000,25.0,50000,50000,39742,0,0,0
dynamic_stress_100d_20pct_hdd,100,52,1000000,5000,1.0,late_binding,15.0,6,300000,350000,80,severe_slow,90,healthy,10,10.9,57.7,76.0,250000,25.0,50000,50000,39428,0,0,0
dynamic_stress_100d_20pct_hdd,100,52,1000000,5000,1.0,late_binding,15.0,7,350000,400000,80,severe_slow,90,healthy,10,11.0,58.2,75.8,250000,25.0,50000,50000,39576,0,0,0
dynamic_stress_100d_20pct_hdd,100,52,1000000,5000,1.0,late_binding,15.0,8,400000,450000,80,severe_slow,90,healthy,10,11.0,57.4,75.3,250000,25.0,50000,50000,39732,0,0,0
dynamic_stress_100d_20pct_hdd,100,52,1000000,5000,1.0,late_binding,15.0,9,450000,500000,80,recovery,90,mild_slow,10,11.1,25.0,32.5,250000,25.0,50000,50000,39665,0,0,0
dynamic_stress_100d_20pct_hdd,100,52,1000000,5000,1.0,late_binding,15.0,10,500000,550000,80,recovery,90,mild_slow,10,11.2,25.0,32.4,250000,25.0,50000,50000,39664,0,0,0
dynamic_stress_100d_20pct_hdd,100,52,1000000,5000,1.0,late_binding,15.0,11,550000,600000,80,healthy,90,severe_slow,10,10.9,57.6,75.4,250000,25.0,50000,50000,39676,0,0,0
dynamic_stress_100d_20pct_hdd,100,52,1000000,5000,1.0,late_binding,15.0,12,600000,650000,80,healthy,90,severe_slow,10,10.9,57.2,76.0,250000,25.0,50000,50000,39640,0,0,0
dynamic_stress_100d_20pct_hdd,100,52,1000000,5000,1.0,late_binding,15.0,13,650000,700000,80,healthy,90,severe_slow,10,10.9,57.1,75.4,250000,25.0,50000,50000,39752,0,0,0
dynamic_stress_100d_20pct_hdd,100,52,1000000,5000,1.0,late_binding,15.0,14,700000,750000,80,mild_slow,90,recovery,10,11.1,25.4,32.8,250000,25.0,50000,50000,39918,0,0,0
dynamic_stress_100d_20pct_hdd,100,52,1000000,5000,1.0,late_binding,15.0,15,750000,800000,80,recovery,90,recovery,0,11.1,17.0,20.0,250000,25.0,50000,50000,40014,0,0,0
dynamic_stress_100d_20pct_hdd,100,52,1000000,5000,1.0,late_binding,15.0,16,800000,850000,80,healthy,90,healthy,0,10.7,14.0,15.4,250000,25.0,50000,50000,39945,0,0,0
dynamic_stress_100d_20pct_hdd,100,52,1000000,5000,1.0,late_binding,15.0,17,850000,900000,80,healthy,90,healthy,0,10.7,14.0,15.4,250000,25.0,50000,50000,40105,0,0,0
dynamic_stress_100d_20pct_hdd,100,52,1000000,5000,1.0,late_binding,15.0,18,900000,950000,80,healthy,90,healthy,0,10.7,14.0,15.5,250000,25.0,50000,50000,39958,0,0,0
dynamic_stress_100d_20pct_hdd,100,52,1000000,5000,1.0,late_binding,15.0,19,950000,1000000,80,healthy,90,healthy,0,10.7,14.0,15.4,250000,25.0,50000,50000,40004,0,0,0
dynamic_stress_100d_20pct_hdd,100,52,1000000,5000,1.0,timeout_degraded_read,15.0,0,0,50000,80,healthy,90,healthy,0,12.5,16.8,18.8,208118,4.1,8118,8118,186,0,0,0
dynamic_stress_100d_20pct_hdd,100,52,1000000,5000,1.0,timeout_degraded_read,15.0,1,50000,100000,80,healthy,90,healthy,0,12.5,16.8,18.8,208060,4.0,8060,8060,184,0,0,0
dynamic_stress_100d_20pct_hdd,100,52,1000000,5000,1.0,timeout_degraded_read,15.0,2,100000,150000,80,healthy,90,healthy,0,12.5,16.8,18.7,208100,4.0,8100,8100,181,0,0,0
dynamic_stress_100d_20pct_hdd,100,52,1000000,5000,1.0,timeout_degraded_read,15.0,3,150000,200000,80,mild_slow,90,healthy,10,12.8,27.6,36.1,211609,5.8,11609,11609,1911,0,0,0
dynamic_stress_100d_20pct_hdd,100,52,1000000,5000,1.0,timeout_degraded_read,15.0,4,200000,250000,80,mild_slow,90,healthy,10,12.8,27.7,36.2,211652,5.8,11652,11652,1914,0,0,0
dynamic_stress_100d_20pct_hdd,100,52,1000000,5000,1.0,timeout_degraded_read,15.0,5,250000,300000,80,mild_slow,90,healthy,10,12.8,27.8,36.2,211773,5.9,11773,11773,1926,0,0,0
dynamic_stress_100d_20pct_hdd,100,52,1000000,5000,1.0,timeout_degraded_read,15.0,6,300000,350000,80,severe_slow,90,healthy,10,12.8,60.2,79.2,211528,5.8,11528,11528,3001,0,0,0
dynamic_stress_100d_20pct_hdd,100,52,1000000,5000,1.0,timeout_degraded_read,15.0,7,350000,400000,80,severe_slow,90,healthy,10,12.8,61.0,79.5,211764,5.9,11764,11764,3043,0,0,0
dynamic_stress_100d_20pct_hdd,100,52,1000000,5000,1.0,timeout_degraded_read,15.0,8,400000,450000,80,severe_slow,90,healthy,10,12.8,60.1,79.1,211761,5.9,11761,11761,3095,0,0,0
dynamic_stress_100d_20pct_hdd,100,52,1000000,5000,1.0,timeout_degraded_read,15.0,9,450000,500000,80,recovery,90,mild_slow,10,13.1,27.5,35.7,214133,7.1,14133,14133,2337,0,0,0
dynamic_stress_100d_20pct_hdd,100,52,1000000,5000,1.0,timeout_degraded_read,15.0,10,500000,550000,80,recovery,90,mild_slow,10,13.1,27.7,36.1,214027,7.0,14027,14027,2266,0,0,0
dynamic_stress_100d_20pct_hdd,100,52,1000000,5000,1.0,timeout_degraded_read,15.0,11,550000,600000,80,healthy,90,severe_slow,10,12.8,60.1,79.0,211456,5.7,11456,11456,3064,0,0,0
dynamic_stress_100d_20pct_hdd,100,52,1000000,5000,1.0,timeout_degraded_read,15.0,12,600000,650000,80,healthy,90,severe_slow,10,12.8,59.8,79.0,211409,5.7,11409,11409,3077,0,0,0
dynamic_stress_100d_20pct_hdd,100,52,1000000,5000,1.0,timeout_degraded_read,15.0,13,650000,700000,80,healthy,90,severe_slow,10,12.8,59.5,78.8,211508,5.8,11508,11508,3082,0,0,0
dynamic_stress_100d_20pct_hdd,100,52,1000000,5000,1.0,timeout_degraded_read,15.0,14,700000,750000,80,mild_slow,90,recovery,10,13.0,28.7,36.2,214035,7.0,14035,14035,2065,0,0,0
dynamic_stress_100d_20pct_hdd,100,52,1000000,5000,1.0,timeout_degraded_read,15.0,15,750000,800000,80,recovery,90,recovery,0,13.0,20.0,24.0,213321,6.7,13321,13321,750,0,0,0
dynamic_stress_100d_20pct_hdd,100,52,1000000,5000,1.0,timeout_degraded_read,15.0,16,800000,850000,80,healthy,90,healthy,0,12.5,16.8,18.7,208086,4.0,8086,8086,192,0,0,0
dynamic_stress_100d_20pct_hdd,100,52,1000000,5000,1.0,timeout_degraded_read,15.0,17,850000,900000,80,healthy,90,healthy,0,12.5,16.8,18.8,208108,4.1,8108,8108,183,0,0,0
dynamic_stress_100d_20pct_hdd,100,52,1000000,5000,1.0,timeout_degraded_read,15.0,18,900000,950000,80,healthy,90,healthy,0,12.5,16.8,18.8,208091,4.0,8091,8091,204,0,0,0
dynamic_stress_100d_20pct_hdd,100,52,1000000,5000,1.0,timeout_degraded_read,15.0,19,950000,1000000,80,healthy,90,healthy,0,12.5,16.8,18.7,208074,4.0,8074,8074,176,0,0,0
dynamic_stress_100d_20pct_hdd,100,52,1000000,5000,1.0,health_ec,15.0,0,0,50000,80,healthy,90,healthy,0,12.5,16.8,18.9,200000,0.0,0,0,0,0,0,0
dynamic_stress_100d_20pct_hdd,100,52,1000000,5000,1.0,health_ec,15.0,1,50000,100000,80,healthy,90,healthy,0,12.5,16.8,18.8,200000,0.0,0,0,0,0,0,0
dynamic_stress_100d_20pct_hdd,100,52,1000000,5000,1.0,health_ec,15.0,2,100000,150000,80,healthy,90,healthy,0,12.5,16.8,18.8,200000,0.0,0,0,0,0,0,0
dynamic_stress_100d_20pct_hdd,100,52,1000000,5000,1.0,health_ec,15.0,3,150000,200000,80,mild_slow,90,healthy,10,12.8,27.2,36.7,201974,1.0,1974,1974,1611,1,1,0
dynamic_stress_100d_20pct_hdd,100,52,1000000,5000,1.0,health_ec,15.0,4,200000,250000,80,mild_slow,90,healthy,10,12.7,26.1,35.8,202722,1.4,2722,2722,2263,2,2,0
dynamic_stress_100d_20pct_hdd,100,52,1000000,5000,1.0,health_ec,15.0,5,250000,300000,80,mild_slow,90,healthy,10,12.8,25.8,34.9,203005,1.5,3005,3005,2489,1,1,0
dynamic_stress_100d_20pct_hdd,100,52,1000000,5000,1.0,health_ec,15.0,6,300000,350000,80,severe_slow,90,healthy,10,12.7,52.9,77.3,202733,1.4,2733,2733,2306,6,6,0
dynamic_stress_100d_20pct_hdd,100,52,1000000,5000,1.0,health_ec,15.0,7,350000,400000,80,severe_slow,90,healthy,10,12.7,53.2,76.1,203009,1.5,3009,3009,2519,0,0,0
dynamic_stress_100d_20pct_hdd,100,52,1000000,5000,1.0,health_ec,15.0,8,400000,450000,80,severe_slow,90,healthy,10,12.7,51.5,74.8,203028,1.5,3028,3028,2578,0,0,0
dynamic_stress_100d_20pct_hdd,100,52,1000000,5000,1.0,health_ec,15.0,9,450000,500000,80,recovery,90,mild_slow,10,12.9,26.6,36.2,204334,2.2,4334,4334,3206,4,4,0
dynamic_stress_100d_20pct_hdd,100,52,1000000,5000,1.0,health_ec,15.0,10,500000,550000,80,recovery,90,mild_slow,10,12.9,25.8,35.1,204218,2.1,4218,4218,3253,0,0,0
dynamic_stress_100d_20pct_hdd,100,52,1000000,5000,1.0,health_ec,15.0,11,550000,600000,80,healthy,90,severe_slow,10,12.7,55.2,77.5,203506,1.8,3506,3506,2726,6,6,0
dynamic_stress_100d_20pct_hdd,100,52,1000000,5000,1.0,health_ec,15.0,12,600000,650000,80,healthy,90,severe_slow,10,12.7,53.2,76.2,203292,1.6,3292,3292,2619,0,0,0
dynamic_stress_100d_20pct_hdd,100,52,1000000,5000,1.0,health_ec,15.0,13,650000,700000,80,healthy,90,severe_slow,10,12.7,52.5,74.9,203280,1.6,3280,3280,2678,0,0,0
dynamic_stress_100d_20pct_hdd,100,52,1000000,5000,1.0,health_ec,15.0,14,700000,750000,80,mild_slow,90,recovery,10,12.8,24.7,35.8,203842,1.9,3842,3842,3296,0,0,0
dynamic_stress_100d_20pct_hdd,100,52,1000000,5000,1.0,health_ec,15.0,15,750000,800000,80,recovery,90,recovery,0,12.8,18.6,22.5,202827,1.4,2827,2827,2331,0,0,0
dynamic_stress_100d_20pct_hdd,100,52,1000000,5000,1.0,health_ec,15.0,16,800000,850000,80,healthy,90,healthy,0,12.5,16.8,18.8,201073,0.5,1073,1073,862,0,0,0
dynamic_stress_100d_20pct_hdd,100,52,1000000,5000,1.0,health_ec,15.0,17,850000,900000,80,healthy,90,healthy,0,12.5,16.8,18.8,200285,0.1,285,285,224,0,0,0
dynamic_stress_100d_20pct_hdd,100,52,1000000,5000,1.0,health_ec,15.0,18,900000,950000,80,healthy,90,healthy,0,12.5,16.8,18.9,200111,0.1,111,111,81,0,0,0
dynamic_stress_100d_20pct_hdd,100,52,1000000,5000,1.0,health_ec,15.0,19,950000,1000000,80,healthy,90,healthy,0,12.5,16.8,18.8,200032,0.0,32,32,27,0,0,0
dynamic_stress_100d_20pct_hdd,100,53,1000000,5000,1.0,vanilla_ec,15.0,0,0,50000,80,healthy,90,healthy,0,12.5,16.8,18.8,200000,0.0,0,0,0,0,0,0
dynamic_stress_100d_20pct_hdd,100,53,1000000,5000,1.0,vanilla_ec,15.0,1,50000,100000,80,healthy,90,healthy,0,12.5,16.9,18.8,200000,0.0,0,0,0,0,0,0
dynamic_stress_100d_20pct_hdd,100,53,1000000,5000,1.0,vanilla_ec,15.0,2,100000,150000,80,healthy,90,healthy,0,12.5,16.8,18.8,200000,0.0,0,0,0,0,0,0
dynamic_stress_100d_20pct_hdd,100,53,1000000,5000,1.0,vanilla_ec,15.0,3,150000,200000,80,mild_slow,90,healthy,10,12.8,29.8,39.4,200000,0.0,0,0,0,0,0,0
dynamic_stress_100d_20pct_hdd,100,53,1000000,5000,1.0,vanilla_ec,15.0,4,200000,250000,80,mild_slow,90,healthy,10,12.8,29.4,39.2,200000,0.0,0,0,0,0,0,0
dynamic_stress_100d_20pct_hdd,100,53,1000000,5000,1.0,vanilla_ec,15.0,5,250000,300000,80,mild_slow,90,healthy,10,12.8,29.5,39.5,200000,0.0,0,0,0,0,0,0
dynamic_stress_100d_20pct_hdd,100,53,1000000,5000,1.0,vanilla_ec,15.0,6,300000,350000,80,severe_slow,90,healthy,10,12.8,68.5,99.8,200000,0.0,0,0,0,0,0,0
dynamic_stress_100d_20pct_hdd,100,53,1000000,5000,1.0,vanilla_ec,15.0,7,350000,400000,80,severe_slow,90,healthy,10,12.8,67.9,99.9,200000,0.0,0,0,0,0,0,0
dynamic_stress_100d_20pct_hdd,100,53,1000000,5000,1.0,vanilla_ec,15.0,8,400000,450000,80,severe_slow,90,healthy,10,12.8,68.6,100.7,200000,0.0,0,0,0,0,0,0
dynamic_stress_100d_20pct_hdd,100,53,1000000,5000,1.0,vanilla_ec,15.0,9,450000,500000,80,recovery,90,mild_slow,10,13.0,29.8,40.0,200000,0.0,0,0,0,0,0,0
dynamic_stress_100d_20pct_hdd,100,53,1000000,5000,1.0,vanilla_ec,15.0,10,500000,550000,80,recovery,90,mild_slow,10,13.0,29.8,39.8,200000,0.0,0,0,0,0,0,0
dynamic_stress_100d_20pct_hdd,100,53,1000000,5000,1.0,vanilla_ec,15.0,11,550000,600000,80,healthy,90,severe_slow,10,12.8,68.5,99.2,200000,0.0,0,0,0,0,0,0
dynamic_stress_100d_20pct_hdd,100,53,1000000,5000,1.0,vanilla_ec,15.0,12,600000,650000,80,healthy,90,severe_slow,10,12.8,68.6,97.9,200000,0.0,0,0,0,0,0,0
dynamic_stress_100d_20pct_hdd,100,53,1000000,5000,1.0,vanilla_ec,15.0,13,650000,700000,80,healthy,90,severe_slow,10,12.8,68.4,99.6,200000,0.0,0,0,0,0,0,0
dynamic_stress_100d_20pct_hdd,100,53,1000000,5000,1.0,vanilla_ec,15.0,14,700000,750000,80,mild_slow,90,recovery,10,13.0,30.2,40.6,200000,0.0,0,0,0,0,0,0
dynamic_stress_100d_20pct_hdd,100,53,1000000,5000,1.0,vanilla_ec,15.0,15,750000,800000,80,recovery,90,recovery,0,13.0,20.1,24.6,200000,0.0,0,0,0,0,0,0
dynamic_stress_100d_20pct_hdd,100,53,1000000,5000,1.0,vanilla_ec,15.0,16,800000,850000,80,healthy,90,healthy,0,12.5,16.8,18.8,200000,0.0,0,0,0,0,0,0
dynamic_stress_100d_20pct_hdd,100,53,1000000,5000,1.0,vanilla_ec,15.0,17,850000,900000,80,healthy,90,healthy,0,12.5,16.8,18.8,200000,0.0,0,0,0,0,0,0
dynamic_stress_100d_20pct_hdd,100,53,1000000,5000,1.0,vanilla_ec,15.0,18,900000,950000,80,healthy,90,healthy,0,12.5,16.8,19.0,200000,0.0,0,0,0,0,0,0
dynamic_stress_100d_20pct_hdd,100,53,1000000,5000,1.0,vanilla_ec,15.0,19,950000,1000000,80,healthy,90,healthy,0,12.5,16.8,18.8,200000,0.0,0,0,0,0,0,0
dynamic_stress_100d_20pct_hdd,100,53,1000000,5000,1.0,late_binding,15.0,0,0,50000,80,healthy,90,healthy,0,10.7,14.0,15.4,250000,25.0,50000,50000,39791,0,0,0
dynamic_stress_100d_20pct_hdd,100,53,1000000,5000,1.0,late_binding,15.0,1,50000,100000,80,healthy,90,healthy,0,10.7,14.0,15.5,250000,25.0,50000,50000,40053,0,0,0
dynamic_stress_100d_20pct_hdd,100,53,1000000,5000,1.0,late_binding,15.0,2,100000,150000,80,healthy,90,healthy,0,10.7,14.0,15.4,250000,25.0,50000,50000,40011,0,0,0
dynamic_stress_100d_20pct_hdd,100,53,1000000,5000,1.0,late_binding,15.0,3,150000,200000,80,mild_slow,90,healthy,10,11.0,25.1,32.3,250000,25.0,50000,50000,39641,0,0,0
dynamic_stress_100d_20pct_hdd,100,53,1000000,5000,1.0,late_binding,15.0,4,200000,250000,80,mild_slow,90,healthy,10,10.9,24.9,32.4,250000,25.0,50000,50000,39567,0,0,0
dynamic_stress_100d_20pct_hdd,100,53,1000000,5000,1.0,late_binding,15.0,5,250000,300000,80,mild_slow,90,healthy,10,11.0,24.8,32.4,250000,25.0,50000,50000,39722,0,0,0
dynamic_stress_100d_20pct_hdd,100,53,1000000,5000,1.0,late_binding,15.0,6,300000,350000,80,severe_slow,90,healthy,10,10.9,57.5,75.5,250000,25.0,50000,50000,39740,0,0,0
dynamic_stress_100d_20pct_hdd,100,53,1000000,5000,1.0,late_binding,15.0,7,350000,400000,80,severe_slow,90,healthy,10,10.9,57.1,75.5,250000,25.0,50000,50000,39768,0,0,0
dynamic_stress_100d_20pct_hdd,100,53,1000000,5000,1.0,late_binding,15.0,8,400000,450000,80,severe_slow,90,healthy,10,10.9,57.5,75.5,250000,25.0,50000,50000,39575,0,0,0
dynamic_stress_100d_20pct_hdd,100,53,1000000,5000,1.0,late_binding,15.0,9,450000,500000,80,recovery,90,mild_slow,10,11.1,24.9,32.3,250000,25.0,50000,50000,39582,0,0,0
dynamic_stress_100d_20pct_hdd,100,53,1000000,5000,1.0,late_binding,15.0,10,500000,550000,80,recovery,90,mild_slow,10,11.1,24.9,32.5,250000,25.0,50000,50000,39689,0,0,0
dynamic_stress_100d_20pct_hdd,100,53,1000000,5000,1.0,late_binding,15.0,11,550000,600000,80,healthy,90,severe_slow,10,10.9,57.3,76.0,250000,25.0,50000,50000,39673,0,0,0
dynamic_stress_100d_20pct_hdd,100,53,1000000,5000,1.0,late_binding,15.0,12,600000,650000,80,healthy,90,severe_slow,10,10.9,57.1,75.2,250000,25.0,50000,50000,39737,0,0,0
dynamic_stress_100d_20pct_hdd,100,53,1000000,5000,1.0,late_binding,15.0,13,650000,700000,80,healthy,90,severe_slow,10,10.9,57.1,75.6,250000,25.0,50000,50000,39769,0,0,0
dynamic_stress_100d_20pct_hdd,100,53,1000000,5000,1.0,late_binding,15.0,14,700000,750000,80,mild_slow,90,recovery,10,11.1,25.4,32.7,250000,25.0,50000,50000,39869,0,0,0
dynamic_stress_100d_20pct_hdd,100,53,1000000,5000,1.0,late_binding,15.0,15,750000,800000,80,recovery,90,recovery,0,11.1,16.9,20.0,250000,25.0,50000,50000,39958,0,0,0
dynamic_stress_100d_20pct_hdd,100,53,1000000,5000,1.0,late_binding,15.0,16,800000,850000,80,healthy,90,healthy,0,10.7,14.0,15.5,250000,25.0,50000,50000,39931,0,0,0
dynamic_stress_100d_20pct_hdd,100,53,1000000,5000,1.0,late_binding,15.0,17,850000,900000,80,healthy,90,healthy,0,10.7,14.0,15.4,250000,25.0,50000,50000,40081,0,0,0
dynamic_stress_100d_20pct_hdd,100,53,1000000,5000,1.0,late_binding,15.0,18,900000,950000,80,healthy,90,healthy,0,10.7,14.0,15.5,250000,25.0,50000,50000,39907,0,0,0
dynamic_stress_100d_20pct_hdd,100,53,1000000,5000,1.0,late_binding,15.0,19,950000,1000000,80,healthy,90,healthy,0,10.7,14.0,15.4,250000,25.0,50000,50000,39951,0,0,0
dynamic_stress_100d_20pct_hdd,100,53,1000000,5000,1.0,timeout_degraded_read,15.0,0,0,50000,80,healthy,90,healthy,0,12.5,16.8,18.7,208035,4.0,8035,8035,213,0,0,0
dynamic_stress_100d_20pct_hdd,100,53,1000000,5000,1.0,timeout_degraded_read,15.0,1,50000,100000,80,healthy,90,healthy,0,12.5,16.8,18.8,208196,4.1,8196,8196,204,0,0,0
dynamic_stress_100d_20pct_hdd,100,53,1000000,5000,1.0,timeout_degraded_read,15.0,2,100000,150000,80,healthy,90,healthy,0,12.5,16.8,18.8,208047,4.0,8047,8047,189,0,0,0
dynamic_stress_100d_20pct_hdd,100,53,1000000,5000,1.0,timeout_degraded_read,15.0,3,150000,200000,80,mild_slow,90,healthy,10,12.8,27.7,35.8,211788,5.9,11788,11788,1877,0,0,0
dynamic_stress_100d_20pct_hdd,100,53,1000000,5000,1.0,timeout_degraded_read,15.0,4,200000,250000,80,mild_slow,90,healthy,10,12.8,27.4,36.1,211516,5.8,11516,11516,1931,0,0,0
dynamic_stress_100d_20pct_hdd,100,53,1000000,5000,1.0,timeout_degraded_read,15.0,5,250000,300000,80,mild_slow,90,healthy,10,12.8,27.4,36.1,211831,5.9,11831,11831,1920,0,0,0
dynamic_stress_100d_20pct_hdd,100,53,1000000,5000,1.0,timeout_degraded_read,15.0,6,300000,350000,80,severe_slow,90,healthy,10,12.8,60.2,79.2,211517,5.8,11517,11517,3015,0,0,0
dynamic_stress_100d_20pct_hdd,100,53,1000000,5000,1.0,timeout_degraded_read,15.0,7,350000,400000,80,severe_slow,90,healthy,10,12.8,59.8,79.0,211618,5.8,11618,11618,3019,0,0,0
dynamic_stress_100d_20pct_hdd,100,53,1000000,5000,1.0,timeout_degraded_read,15.0,8,400000,450000,80,severe_slow,90,healthy,10,12.8,60.6,79.0,211592,5.8,11592,11592,3038,0,0,0
dynamic_stress_100d_20pct_hdd,100,53,1000000,5000,1.0,timeout_degraded_read,15.0,9,450000,500000,80,recovery,90,mild_slow,10,13.0,27.4,36.1,214149,7.1,14149,14149,2283,0,0,0
dynamic_stress_100d_20pct_hdd,100,53,1000000,5000,1.0,timeout_degraded_read,15.0,10,500000,550000,80,recovery,90,mild_slow,10,13.0,27.3,35.6,213902,7.0,13902,13902,2202,0,0,0
dynamic_stress_100d_20pct_hdd,100,53,1000000,5000,1.0,timeout_degraded_read,15.0,11,550000,600000,80,healthy,90,severe_slow,10,12.8,59.7,79.1,211560,5.8,11560,11560,3151,0,0,0
dynamic_stress_100d_20pct_hdd,100,53,1000000,5000,1.0,timeout_degraded_read,15.0,12,600000,650000,80,healthy,90,severe_slow,10,12.8,59.6,78.6,211484,5.7,11484,11484,3099,0,0,0
dynamic_stress_100d_20pct_hdd,100,53,1000000,5000,1.0,timeout_degraded_read,15.0,13,650000,700000,80,healthy,90,severe_slow,10,12.8,59.6,78.6,211539,5.8,11539,11539,3082,0,0,0
dynamic_stress_100d_20pct_hdd,100,53,1000000,5000,1.0,timeout_degraded_read,15.0,14,700000,750000,80,mild_slow,90,recovery,10,13.0,28.8,36.5,214033,7.0,14033,14033,1988,0,0,0
dynamic_stress_100d_20pct_hdd,100,53,1000000,5000,1.0,timeout_degraded_read,15.0,15,750000,800000,80,recovery,90,recovery,0,13.0,20.0,23.9,213276,6.6,13276,13276,777,0,0,0
dynamic_stress_100d_20pct_hdd,100,53,1000000,5000,1.0,timeout_degraded_read,15.0,16,800000,850000,80,healthy,90,healthy,0,12.5,16.8,18.7,207950,4.0,7950,7950,206,0,0,0
dynamic_stress_100d_20pct_hdd,100,53,1000000,5000,1.0,timeout_degraded_read,15.0,17,850000,900000,80,healthy,90,healthy,0,12.5,16.8,18.7,208043,4.0,8043,8043,191,0,0,0
dynamic_stress_100d_20pct_hdd,100,53,1000000,5000,1.0,timeout_degraded_read,15.0,18,900000,950000,80,healthy,90,healthy,0,12.5,16.8,18.9,208180,4.1,8180,8180,179,0,0,0
dynamic_stress_100d_20pct_hdd,100,53,1000000,5000,1.0,timeout_degraded_read,15.0,19,950000,1000000,80,healthy,90,healthy,0,12.5,16.8,18.7,208127,4.1,8127,8127,192,0,0,0
dynamic_stress_100d_20pct_hdd,100,53,1000000,5000,1.0,health_ec,15.0,0,0,50000,80,healthy,90,healthy,0,12.5,16.8,18.8,200000,0.0,0,0,0,0,0,0
dynamic_stress_100d_20pct_hdd,100,53,1000000,5000,1.0,health_ec,15.0,1,50000,100000,80,healthy,90,healthy,0,12.5,16.9,18.8,200000,0.0,0,0,0,0,0,0
dynamic_stress_100d_20pct_hdd,100,53,1000000,5000,1.0,health_ec,15.0,2,100000,150000,80,healthy,90,healthy,0,12.5,16.8,18.8,200000,0.0,0,0,0,0,0,0
dynamic_stress_100d_20pct_hdd,100,53,1000000,5000,1.0,health_ec,15.0,3,150000,200000,80,mild_slow,90,healthy,10,12.8,27.4,36.4,202092,1.0,2092,2092,1708,2,2,0
dynamic_stress_100d_20pct_hdd,100,53,1000000,5000,1.0,health_ec,15.0,4,200000,250000,80,mild_slow,90,healthy,10,12.8,26.0,35.0,202825,1.4,2825,2825,2311,0,0,0
dynamic_stress_100d_20pct_hdd,100,53,1000000,5000,1.0,health_ec,15.0,5,250000,300000,80,mild_slow,90,healthy,10,12.8,25.8,35.1,202930,1.5,2930,2930,2420,1,1,0
dynamic_stress_100d_20pct_hdd,100,53,1000000,5000,1.0,health_ec,15.0,6,300000,350000,80,severe_slow,90,healthy,10,12.7,53.6,78.4,202840,1.4,2840,2840,2363,7,7,0
dynamic_stress_100d_20pct_hdd,100,53,1000000,5000,1.0,health_ec,15.0,7,350000,400000,80,severe_slow,90,healthy,10,12.7,50.6,74.9,202922,1.5,2922,2922,2468,0,0,0
dynamic_stress_100d_20pct_hdd,100,53,1000000,5000,1.0,health_ec,15.0,8,400000,450000,80,severe_slow,90,healthy,10,12.7,50.8,74.8,203078,1.5,3078,3078,2575,0,0,0
dynamic_stress_100d_20pct_hdd,100,53,1000000,5000,1.0,health_ec,15.0,9,450000,500000,80,recovery,90,mild_slow,10,12.9,26.5,36.4,204320,2.2,4320,4320,3178,4,4,0
dynamic_stress_100d_20pct_hdd,100,53,1000000,5000,1.0,health_ec,15.0,10,500000,550000,80,recovery,90,mild_slow,10,12.9,25.7,35.2,204022,2.0,4022,4022,3076,0,0,0
dynamic_stress_100d_20pct_hdd,100,53,1000000,5000,1.0,health_ec,15.0,11,550000,600000,80,healthy,90,severe_slow,10,12.7,54.4,77.9,203471,1.7,3471,3471,2699,6,6,0
dynamic_stress_100d_20pct_hdd,100,53,1000000,5000,1.0,health_ec,15.0,12,600000,650000,80,healthy,90,severe_slow,10,12.7,52.5,74.7,203225,1.6,3225,3225,2612,0,0,0
dynamic_stress_100d_20pct_hdd,100,53,1000000,5000,1.0,health_ec,15.0,13,650000,700000,80,healthy,90,severe_slow,10,12.7,52.6,75.2,203270,1.6,3270,3270,2687,0,0,0
dynamic_stress_100d_20pct_hdd,100,53,1000000,5000,1.0,health_ec,15.0,14,700000,750000,80,mild_slow,90,recovery,10,12.9,24.7,36.0,203795,1.9,3795,3795,3247,0,0,0
dynamic_stress_100d_20pct_hdd,100,53,1000000,5000,1.0,health_ec,15.0,15,750000,800000,80,recovery,90,recovery,0,12.8,18.6,22.5,202879,1.4,2879,2879,2395,0,0,0
dynamic_stress_100d_20pct_hdd,100,53,1000000,5000,1.0,health_ec,15.0,16,800000,850000,80,healthy,90,healthy,0,12.4,16.8,18.7,201179,0.6,1179,1179,951,0,0,0
dynamic_stress_100d_20pct_hdd,100,53,1000000,5000,1.0,health_ec,15.0,17,850000,900000,80,healthy,90,healthy,0,12.5,16.8,18.8,200284,0.1,284,284,229,0,0,0
dynamic_stress_100d_20pct_hdd,100,53,1000000,5000,1.0,health_ec,15.0,18,900000,950000,80,healthy,90,healthy,0,12.5,16.8,18.9,200096,0.0,96,96,79,0,0,0
dynamic_stress_100d_20pct_hdd,100,53,1000000,5000,1.0,health_ec,15.0,19,950000,1000000,80,healthy,90,healthy,0,12.5,16.8,18.8,200035,0.0,35,35,24,0,0,0
dynamic_stress_100d_20pct_hdd,100,54,1000000,5000,1.0,vanilla_ec,15.0,0,0,50000,80,healthy,90,healthy,0,12.5,16.8,18.8,200000,0.0,0,0,0,0,0,0
dynamic_stress_100d_20pct_hdd,100,54,1000000,5000,1.0,vanilla_ec,15.0,1,50000,100000,80,healthy,90,healthy,0,12.5,16.8,18.8,200000,0.0,0,0,0,0,0,0
dynamic_stress_100d_20pct_hdd,100,54,1000000,5000,1.0,vanilla_ec,15.0,2,100000,150000,80,healthy,90,healthy,0,12.5,16.9,18.9,200000,0.0,0,0,0,0,0,0
dynamic_stress_100d_20pct_hdd,100,54,1000000,5000,1.0,vanilla_ec,15.0,3,150000,200000,80,mild_slow,90,healthy,10,12.8,29.7,39.5,200000,0.0,0,0,0,0,0,0
dynamic_stress_100d_20pct_hdd,100,54,1000000,5000,1.0,vanilla_ec,15.0,4,200000,250000,80,mild_slow,90,healthy,10,12.8,30.1,39.4,200000,0.0,0,0,0,0,0,0
dynamic_stress_100d_20pct_hdd,100,54,1000000,5000,1.0,vanilla_ec,15.0,5,250000,300000,80,mild_slow,90,healthy,10,12.8,30.0,39.3,200000,0.0,0,0,0,0,0,0
dynamic_stress_100d_20pct_hdd,100,54,1000000,5000,1.0,vanilla_ec,15.0,6,300000,350000,80,severe_slow,90,healthy,10,12.8,69.0,99.0,200000,0.0,0,0,0,0,0,0
dynamic_stress_100d_20pct_hdd,100,54,1000000,5000,1.0,vanilla_ec,15.0,7,350000,400000,80,severe_slow,90,healthy,10,12.8,69.3,99.5,200000,0.0,0,0,0,0,0,0
dynamic_stress_100d_20pct_hdd,100,54,1000000,5000,1.0,vanilla_ec,15.0,8,400000,450000,80,severe_slow,90,healthy,10,12.8,68.8,100.2,200000,0.0,0,0,0,0,0,0
dynamic_stress_100d_20pct_hdd,100,54,1000000,5000,1.0,vanilla_ec,15.0,9,450000,500000,80,recovery,90,mild_slow,10,13.0,30.0,40.1,200000,0.0,0,0,0,0,0,0
dynamic_stress_100d_20pct_hdd,100,54,1000000,5000,1.0,vanilla_ec,15.0,10,500000,550000,80,recovery,90,mild_slow,10,13.0,30.1,39.6,200000,0.0,0,0,0,0,0,0
dynamic_stress_100d_20pct_hdd,100,54,1000000,5000,1.0,vanilla_ec,15.0,11,550000,600000,80,healthy,90,severe_slow,10,12.7,68.6,97.7,200000,0.0,0,0,0,0,0,0
dynamic_stress_100d_20pct_hdd,100,54,1000000,5000,1.0,vanilla_ec,15.0,12,600000,650000,80,healthy,90,severe_slow,10,12.8,68.9,100.4,200000,0.0,0,0,0,0,0,0
dynamic_stress_100d_20pct_hdd,100,54,1000000,5000,1.0,vanilla_ec,15.0,13,650000,700000,80,healthy,90,severe_slow,10,12.8,68.2,97.7,200000,0.0,0,0,0,0,0,0
dynamic_stress_100d_20pct_hdd,100,54,1000000,5000,1.0,vanilla_ec,15.0,14,700000,750000,80,mild_slow,90,recovery,10,13.0,30.0,39.9,200000,0.0,0,0,0,0,0,0
dynamic_stress_100d_20pct_hdd,100,54,1000000,5000,1.0,vanilla_ec,15.0,15,750000,800000,80,recovery,90,recovery,0,13.0,20.1,24.5,200000,0.0,0,0,0,0,0,0
dynamic_stress_100d_20pct_hdd,100,54,1000000,5000,1.0,vanilla_ec,15.0,16,800000,850000,80,healthy,90,healthy,0,12.5,16.8,18.8,200000,0.0,0,0,0,0,0,0
dynamic_stress_100d_20pct_hdd,100,54,1000000,5000,1.0,vanilla_ec,15.0,17,850000,900000,80,healthy,90,healthy,0,12.5,16.8,18.8,200000,0.0,0,0,0,0,0,0
dynamic_stress_100d_20pct_hdd,100,54,1000000,5000,1.0,vanilla_ec,15.0,18,900000,950000,80,healthy,90,healthy,0,12.5,16.8,18.8,200000,0.0,0,0,0,0,0,0
dynamic_stress_100d_20pct_hdd,100,54,1000000,5000,1.0,vanilla_ec,15.0,19,950000,1000000,80,healthy,90,healthy,0,12.5,16.8,18.8,200000,0.0,0,0,0,0,0,0
dynamic_stress_100d_20pct_hdd,100,54,1000000,5000,1.0,late_binding,15.0,0,0,50000,80,healthy,90,healthy,0,10.7,14.0,15.4,250000,25.0,50000,50000,39958,0,0,0
dynamic_stress_100d_20pct_hdd,100,54,1000000,5000,1.0,late_binding,15.0,1,50000,100000,80,healthy,90,healthy,0,10.7,14.0,15.4,250000,25.0,50000,50000,39831,0,0,0
dynamic_stress_100d_20pct_hdd,100,54,1000000,5000,1.0,late_binding,15.0,2,100000,150000,80,healthy,90,healthy,0,10.7,14.0,15.5,250000,25.0,50000,50000,39886,0,0,0
dynamic_stress_100d_20pct_hdd,100,54,1000000,5000,1.0,late_binding,15.0,3,150000,200000,80,mild_slow,90,healthy,10,10.9,25.0,32.4,250000,25.0,50000,50000,39662,0,0,0
dynamic_stress_100d_20pct_hdd,100,54,1000000,5000,1.0,late_binding,15.0,4,200000,250000,80,mild_slow,90,healthy,10,11.0,25.2,33.0,250000,25.0,50000,50000,39709,0,0,0
dynamic_stress_100d_20pct_hdd,100,54,1000000,5000,1.0,late_binding,15.0,5,250000,300000,80,mild_slow,90,healthy,10,10.9,25.1,32.5,250000,25.0,50000,50000,39720,0,0,0
dynamic_stress_100d_20pct_hdd,100,54,1000000,5000,1.0,late_binding,15.0,6,300000,350000,80,severe_slow,90,healthy,10,10.9,58.1,76.4,250000,25.0,50000,50000,39734,0,0,0
dynamic_stress_100d_20pct_hdd,100,54,1000000,5000,1.0,late_binding,15.0,7,350000,400000,80,severe_slow,90,healthy,10,11.0,58.1,75.8,250000,25.0,50000,50000,39843,0,0,0
dynamic_stress_100d_20pct_hdd,100,54,1000000,5000,1.0,late_binding,15.0,8,400000,450000,80,severe_slow,90,healthy,10,11.0,57.8,75.6,250000,25.0,50000,50000,39693,0,0,0
dynamic_stress_100d_20pct_hdd,100,54,1000000,5000,1.0,late_binding,15.0,9,450000,500000,80,recovery,90,mild_slow,10,11.2,25.1,32.5,250000,25.0,50000,50000,39534,0,0,0
dynamic_stress_100d_20pct_hdd,100,54,1000000,5000,1.0,late_binding,15.0,10,500000,550000,80,recovery,90,mild_slow,10,11.1,25.1,32.7,250000,25.0,50000,50000,39674,0,0,0
dynamic_stress_100d_20pct_hdd,100,54,1000000,5000,1.0,late_binding,15.0,11,550000,600000,80,healthy,90,severe_slow,10,10.9,57.2,75.6,250000,25.0,50000,50000,39616,0,0,0
dynamic_stress_100d_20pct_hdd,100,54,1000000,5000,1.0,late_binding,15.0,12,600000,650000,80,healthy,90,severe_slow,10,10.9,57.8,75.7,250000,25.0,50000,50000,39593,0,0,0
dynamic_stress_100d_20pct_hdd,100,54,1000000,5000,1.0,late_binding,15.0,13,650000,700000,80,healthy,90,severe_slow,10,10.9,57.2,75.1,250000,25.0,50000,50000,39706,0,0,0
dynamic_stress_100d_20pct_hdd,100,54,1000000,5000,1.0,late_binding,15.0,14,700000,750000,80,mild_slow,90,recovery,10,11.1,25.2,32.3,250000,25.0,50000,50000,40036,0,0,0
dynamic_stress_100d_20pct_hdd,100,54,1000000,5000,1.0,late_binding,15.0,15,750000,800000,80,recovery,90,recovery,0,11.1,16.9,20.1,250000,25.0,50000,50000,39849,0,0,0
dynamic_stress_100d_20pct_hdd,100,54,1000000,5000,1.0,late_binding,15.0,16,800000,850000,80,healthy,90,healthy,0,10.7,14.0,15.4,250000,25.0,50000,50000,39818,0,0,0
dynamic_stress_100d_20pct_hdd,100,54,1000000,5000,1.0,late_binding,15.0,17,850000,900000,80,healthy,90,healthy,0,10.7,14.0,15.4,250000,25.0,50000,50000,39878,0,0,0
dynamic_stress_100d_20pct_hdd,100,54,1000000,5000,1.0,late_binding,15.0,18,900000,950000,80,healthy,90,healthy,0,10.7,14.0,15.5,250000,25.0,50000,50000,39846,0,0,0
dynamic_stress_100d_20pct_hdd,100,54,1000000,5000,1.0,late_binding,15.0,19,950000,1000000,80,healthy,90,healthy,0,10.7,14.0,15.5,250000,25.0,50000,50000,40110,0,0,0
dynamic_stress_100d_20pct_hdd,100,54,1000000,5000,1.0,timeout_degraded_read,15.0,0,0,50000,80,healthy,90,healthy,0,12.5,16.8,18.8,208093,4.0,8093,8093,185,0,0,0
dynamic_stress_100d_20pct_hdd,100,54,1000000,5000,1.0,timeout_degraded_read,15.0,1,50000,100000,80,healthy,90,healthy,0,12.5,16.7,18.7,208066,4.0,8066,8066,183,0,0,0
dynamic_stress_100d_20pct_hdd,100,54,1000000,5000,1.0,timeout_degraded_read,15.0,2,100000,150000,80,healthy,90,healthy,0,12.5,16.9,18.8,208174,4.1,8174,8174,197,0,0,0
dynamic_stress_100d_20pct_hdd,100,54,1000000,5000,1.0,timeout_degraded_read,15.0,3,150000,200000,80,mild_slow,90,healthy,10,12.8,27.6,36.0,211493,5.7,11493,11493,1945,0,0,0
dynamic_stress_100d_20pct_hdd,100,54,1000000,5000,1.0,timeout_degraded_read,15.0,4,200000,250000,80,mild_slow,90,healthy,10,12.8,27.9,36.3,211687,5.8,11687,11687,1953,0,0,0
dynamic_stress_100d_20pct_hdd,100,54,1000000,5000,1.0,timeout_degraded_read,15.0,5,250000,300000,80,mild_slow,90,healthy,10,12.8,27.8,36.1,211589,5.8,11589,11589,2007,0,0,0
dynamic_stress_100d_20pct_hdd,100,54,1000000,5000,1.0,timeout_degraded_read,15.0,6,300000,350000,80,severe_slow,90,healthy,10,12.8,60.8,79.5,211670,5.8,11670,11670,3115,0,0,0
dynamic_stress_100d_20pct_hdd,100,54,1000000,5000,1.0,timeout_degraded_read,15.0,7,350000,400000,80,severe_slow,90,healthy,10,12.8,61.2,79.1,211788,5.9,11788,11788,3111,0,0,0
dynamic_stress_100d_20pct_hdd,100,54,1000000,5000,1.0,timeout_degraded_read,15.0,8,400000,450000,80,severe_slow,90,healthy,10,12.8,60.5,79.0,211826,5.9,11826,11826,3088,0,0,0
dynamic_stress_100d_20pct_hdd,100,54,1000000,5000,1.0,timeout_degraded_read,15.0,9,450000,500000,80,recovery,90,mild_slow,10,13.0,27.6,36.0,214011,7.0,14011,14011,2241,0,0,0
dynamic_stress_100d_20pct_hdd,100,54,1000000,5000,1.0,timeout_degraded_read,15.0,10,500000,550000,80,recovery,90,mild_slow,10,13.0,27.6,35.9,214129,7.1,14129,14129,2261,0,0,0
dynamic_stress_100d_20pct_hdd,100,54,1000000,5000,1.0,timeout_degraded_read,15.0,11,550000,600000,80,healthy,90,severe_slow,10,12.7,59.8,78.9,211473,5.7,11473,11473,3094,0,0,0
dynamic_stress_100d_20pct_hdd,100,54,1000000,5000,1.0,timeout_degraded_read,15.0,12,600000,650000,80,healthy,90,severe_slow,10,12.8,60.1,78.8,211551,5.8,11551,11551,3152,0,0,0
dynamic_stress_100d_20pct_hdd,100,54,1000000,5000,1.0,timeout_degraded_read,15.0,13,650000,700000,80,healthy,90,severe_slow,10,12.8,59.6,78.5,211569,5.8,11569,11569,3138,0,0,0
dynamic_stress_100d_20pct_hdd,100,54,1000000,5000,1.0,timeout_degraded_read,15.0,14,700000,750000,80,mild_slow,90,recovery,10,13.0,28.4,36.0,214166,7.1,14166,14166,2014,0,0,0
dynamic_stress_100d_20pct_hdd,100,54,1000000,5000,1.0,timeout_degraded_read,15.0,15,750000,800000,80,recovery,90,recovery,0,13.0,19.9,23.8,213264,6.6,13264,13264,814,0,0,0
dynamic_stress_100d_20pct_hdd,100,54,1000000,5000,1.0,timeout_degraded_read,15.0,16,800000,850000,80,healthy,90,healthy,0,12.5,16.7,18.7,208073,4.0,8073,8073,183,0,0,0
dynamic_stress_100d_20pct_hdd,100,54,1000000,5000,1.0,timeout_degraded_read,15.0,17,850000,900000,80,healthy,90,healthy,0,12.5,16.8,18.7,208004,4.0,8004,8004,197,0,0,0
dynamic_stress_100d_20pct_hdd,100,54,1000000,5000,1.0,timeout_degraded_read,15.0,18,900000,950000,80,healthy,90,healthy,0,12.5,16.8,18.8,208061,4.0,8061,8061,191,0,0,0
dynamic_stress_100d_20pct_hdd,100,54,1000000,5000,1.0,timeout_degraded_read,15.0,19,950000,1000000,80,healthy,90,healthy,0,12.5,16.8,18.8,208042,4.0,8042,8042,170,0,0,0
dynamic_stress_100d_20pct_hdd,100,54,1000000,5000,1.0,health_ec,15.0,0,0,50000,80,healthy,90,healthy,0,12.5,16.8,18.8,200000,0.0,0,0,0,0,0,0
dynamic_stress_100d_20pct_hdd,100,54,1000000,5000,1.0,health_ec,15.0,1,50000,100000,80,healthy,90,healthy,0,12.5,16.8,18.8,200000,0.0,0,0,0,0,0,0
dynamic_stress_100d_20pct_hdd,100,54,1000000,5000,1.0,health_ec,15.0,2,100000,150000,80,healthy,90,healthy,0,12.5,16.9,18.9,200000,0.0,0,0,0,0,0,0
dynamic_stress_100d_20pct_hdd,100,54,1000000,5000,1.0,health_ec,15.0,3,150000,200000,80,mild_slow,90,healthy,10,12.8,27.1,36.7,202102,1.1,2102,2102,1724,0,0,0
dynamic_stress_100d_20pct_hdd,100,54,1000000,5000,1.0,health_ec,15.0,4,200000,250000,80,mild_slow,90,healthy,10,12.8,26.7,35.3,202821,1.4,2821,2821,2319,1,1,0
dynamic_stress_100d_20pct_hdd,100,54,1000000,5000,1.0,health_ec,15.0,5,250000,300000,80,mild_slow,90,healthy,10,12.8,26.2,35.0,203117,1.6,3117,3117,2581,1,1,0
dynamic_stress_100d_20pct_hdd,100,54,1000000,5000,1.0,health_ec,15.0,6,300000,350000,80,severe_slow,90,healthy,10,12.7,55.0,78.1,202913,1.5,2913,2913,2436,8,8,0
dynamic_stress_100d_20pct_hdd,100,54,1000000,5000,1.0,health_ec,15.0,7,350000,400000,80,severe_slow,90,healthy,10,12.7,52.7,75.4,203080,1.5,3080,3080,2601,0,0,0
dynamic_stress_100d_20pct_hdd,100,54,1000000,5000,1.0,health_ec,15.0,8,400000,450000,80,severe_slow,90,healthy,10,12.7,52.2,75.2,203096,1.5,3096,3096,2609,0,0,0
dynamic_stress_100d_20pct_hdd,100,54,1000000,5000,1.0,health_ec,15.0,9,450000,500000,80,recovery,90,mild_slow,10,12.9,26.4,36.5,204457,2.2,4457,4457,3276,4,4,0
dynamic_stress_100d_20pct_hdd,100,54,1000000,5000,1.0,health_ec,15.0,10,500000,550000,80,recovery,90,mild_slow,10,12.9,25.9,35.0,204002,2.0,4002,4002,3082,0,0,0
dynamic_stress_100d_20pct_hdd,100,54,1000000,5000,1.0,health_ec,15.0,11,550000,600000,80,healthy,90,severe_slow,10,12.7,54.7,77.6,203504,1.8,3504,3504,2721,6,6,0
dynamic_stress_100d_20pct_hdd,100,54,1000000,5000,1.0,health_ec,15.0,12,600000,650000,80,healthy,90,severe_slow,10,12.7,53.1,75.7,203270,1.6,3270,3270,2624,0,0,0
dynamic_stress_100d_20pct_hdd,100,54,1000000,5000,1.0,health_ec,15.0,13,650000,700000,80,healthy,90,severe_slow,10,12.7,52.4,74.9,203298,1.6,3298,3298,2672,0,0,0
dynamic_stress_100d_20pct_hdd,100,54,1000000,5000,1.0,health_ec,15.0,14,700000,750000,80,mild_slow,90,recovery,10,12.9,24.2,35.7,203837,1.9,3837,3837,3297,0,0,0
dynamic_stress_100d_20pct_hdd,100,54,1000000,5000,1.0,health_ec,15.0,15,750000,800000,80,recovery,90,recovery,0,12.8,18.5,22.4,202936,1.5,2936,2936,2420,0,0,0
dynamic_stress_100d_20pct_hdd,100,54,1000000,5000,1.0,health_ec,15.0,16,800000,850000,80,healthy,90,healthy,0,12.5,16.7,18.7,201068,0.5,1068,1068,856,0,0,0
dynamic_stress_100d_20pct_hdd,100,54,1000000,5000,1.0,health_ec,15.0,17,850000,900000,80,healthy,90,healthy,0,12.5,16.8,18.8,200316,0.2,316,316,254,0,0,0
dynamic_stress_100d_20pct_hdd,100,54,1000000,5000,1.0,health_ec,15.0,18,900000,950000,80,healthy,90,healthy,0,12.5,16.8,18.8,200109,0.1,109,109,85,0,0,0
dynamic_stress_100d_20pct_hdd,100,54,1000000,5000,1.0,health_ec,15.0,19,950000,1000000,80,healthy,90,healthy,0,12.5,16.8,18.8,200026,0.0,26,26,22,0,0,0
dynamic_stress_100d_20pct_hdd,100,55,1000000,5000,1.0,vanilla_ec,15.0,0,0,50000,80,healthy,90,healthy,0,12.5,16.8,18.9,200000,0.0,0,0,0,0,0,0
dynamic_stress_100d_20pct_hdd,100,55,1000000,5000,1.0,vanilla_ec,15.0,1,50000,100000,80,healthy,90,healthy,0,12.5,16.8,18.8,200000,0.0,0,0,0,0,0,0
dynamic_stress_100d_20pct_hdd,100,55,1000000,5000,1.0,vanilla_ec,15.0,2,100000,150000,80,healthy,90,healthy,0,12.5,16.8,18.8,200000,0.0,0,0,0,0,0,0
dynamic_stress_100d_20pct_hdd,100,55,1000000,5000,1.0,vanilla_ec,15.0,3,150000,200000,80,mild_slow,90,healthy,10,12.8,30.3,39.6,200000,0.0,0,0,0,0,0,0
dynamic_stress_100d_20pct_hdd,100,55,1000000,5000,1.0,vanilla_ec,15.0,4,200000,250000,80,mild_slow,90,healthy,10,12.8,29.9,39.4,200000,0.0,0,0,0,0,0,0
dynamic_stress_100d_20pct_hdd,100,55,1000000,5000,1.0,vanilla_ec,15.0,5,250000,300000,80,mild_slow,90,healthy,10,12.8,30.0,39.2,200000,0.0,0,0,0,0,0,0
dynamic_stress_100d_20pct_hdd,100,55,1000000,5000,1.0,vanilla_ec,15.0,6,300000,350000,80,severe_slow,90,healthy,10,12.8,68.7,98.6,200000,0.0,0,0,0,0,0,0
dynamic_stress_100d_20pct_hdd,100,55,1000000,5000,1.0,vanilla_ec,15.0,7,350000,400000,80,severe_slow,90,healthy,10,12.8,69.7,99.8,200000,0.0,0,0,0,0,0,0
dynamic_stress_100d_20pct_hdd,100,55,1000000,5000,1.0,vanilla_ec,15.0,8,400000,450000,80,severe_slow,90,healthy,10,12.8,68.5,96.8,200000,0.0,0,0,0,0,0,0
dynamic_stress_100d_20pct_hdd,100,55,1000000,5000,1.0,vanilla_ec,15.0,9,450000,500000,80,recovery,90,mild_slow,10,13.0,29.8,40.0,200000,0.0,0,0,0,0,0,0
dynamic_stress_100d_20pct_hdd,100,55,1000000,5000,1.0,vanilla_ec,15.0,10,500000,550000,80,recovery,90,mild_slow,10,13.0,29.8,39.8,200000,0.0,0,0,0,0,0,0
dynamic_stress_100d_20pct_hdd,100,55,1000000,5000,1.0,vanilla_ec,15.0,11,550000,600000,80,healthy,90,severe_slow,10,12.8,68.4,96.9,200000,0.0,0,0,0,0,0,0
dynamic_stress_100d_20pct_hdd,100,55,1000000,5000,1.0,vanilla_ec,15.0,12,600000,650000,80,healthy,90,severe_slow,10,12.8,68.6,100.5,200000,0.0,0,0,0,0,0,0
dynamic_stress_100d_20pct_hdd,100,55,1000000,5000,1.0,vanilla_ec,15.0,13,650000,700000,80,healthy,90,severe_slow,10,12.8,69.4,100.5,200000,0.0,0,0,0,0,0,0
dynamic_stress_100d_20pct_hdd,100,55,1000000,5000,1.0,vanilla_ec,15.0,14,700000,750000,80,mild_slow,90,recovery,10,13.1,29.9,39.9,200000,0.0,0,0,0,0,0,0
dynamic_stress_100d_20pct_hdd,100,55,1000000,5000,1.0,vanilla_ec,15.0,15,750000,800000,80,recovery,90,recovery,0,13.0,20.2,24.7,200000,0.0,0,0,0,0,0,0
dynamic_stress_100d_20pct_hdd,100,55,1000000,5000,1.0,vanilla_ec,15.0,16,800000,850000,80,healthy,90,healthy,0,12.5,16.8,18.9,200000,0.0,0,0,0,0,0,0
dynamic_stress_100d_20pct_hdd,100,55,1000000,5000,1.0,vanilla_ec,15.0,17,850000,900000,80,healthy,90,healthy,0,12.5,16.8,18.9,200000,0.0,0,0,0,0,0,0
dynamic_stress_100d_20pct_hdd,100,55,1000000,5000,1.0,vanilla_ec,15.0,18,900000,950000,80,healthy,90,healthy,0,12.5,16.8,18.8,200000,0.0,0,0,0,0,0,0
dynamic_stress_100d_20pct_hdd,100,55,1000000,5000,1.0,vanilla_ec,15.0,19,950000,1000000,80,healthy,90,healthy,0,12.5,16.8,18.7,200000,0.0,0,0,0,0,0,0
dynamic_stress_100d_20pct_hdd,100,55,1000000,5000,1.0,late_binding,15.0,0,0,50000,80,healthy,90,healthy,0,10.7,14.0,15.5,250000,25.0,50000,50000,40043,0,0,0
dynamic_stress_100d_20pct_hdd,100,55,1000000,5000,1.0,late_binding,15.0,1,50000,100000,80,healthy,90,healthy,0,10.7,14.0,15.5,250000,25.0,50000,50000,40052,0,0,0
dynamic_stress_100d_20pct_hdd,100,55,1000000,5000,1.0,late_binding,15.0,2,100000,150000,80,healthy,90,healthy,0,10.7,14.0,15.4,250000,25.0,50000,50000,39990,0,0,0
dynamic_stress_100d_20pct_hdd,100,55,1000000,5000,1.0,late_binding,15.0,3,150000,200000,80,mild_slow,90,healthy,10,10.9,25.4,32.7,250000,25.0,50000,50000,39759,0,0,0
dynamic_stress_100d_20pct_hdd,100,55,1000000,5000,1.0,late_binding,15.0,4,200000,250000,80,mild_slow,90,healthy,10,10.9,25.2,32.5,250000,25.0,50000,50000,39745,0,0,0
dynamic_stress_100d_20pct_hdd,100,55,1000000,5000,1.0,late_binding,15.0,5,250000,300000,80,mild_slow,90,healthy,10,10.9,25.3,32.6,250000,25.0,50000,50000,39643,0,0,0
dynamic_stress_100d_20pct_hdd,100,55,1000000,5000,1.0,late_binding,15.0,6,300000,350000,80,severe_slow,90,healthy,10,10.9,57.7,75.9,250000,25.0,50000,50000,39644,0,0,0
dynamic_stress_100d_20pct_hdd,100,55,1000000,5000,1.0,late_binding,15.0,7,350000,400000,80,severe_slow,90,healthy,10,10.9,58.2,75.4,250000,25.0,50000,50000,39617,0,0,0
dynamic_stress_100d_20pct_hdd,100,55,1000000,5000,1.0,late_binding,15.0,8,400000,450000,80,severe_slow,90,healthy,10,11.0,57.5,75.1,250000,25.0,50000,50000,39743,0,0,0
dynamic_stress_100d_20pct_hdd,100,55,1000000,5000,1.0,late_binding,15.0,9,450000,500000,80,recovery,90,mild_slow,10,11.1,24.9,32.4,250000,25.0,50000,50000,39479,0,0,0
dynamic_stress_100d_20pct_hdd,100,55,1000000,5000,1.0,late_binding,15.0,10,500000,550000,80,recovery,90,mild_slow,10,11.1,25.1,32.4,250000,25.0,50000,50000,39586,0,0,0
dynamic_stress_100d_20pct_hdd,100,55,1000000,5000,1.0,late_binding,15.0,11,550000,600000,80,healthy,90,severe_slow,10,10.9,56.9,75.1,250000,25.0,50000,50000,39840,0,0,0
dynamic_stress_100d_20pct_hdd,100,55,1000000,5000,1.0,late_binding,15.0,12,600000,650000,80,healthy,90,severe_slow,10,10.9,57.7,76.0,250000,25.0,50000,50000,39817,0,0,0
dynamic_stress_100d_20pct_hdd,100,55,1000000,5000,1.0,late_binding,15.0,13,650000,700000,80,healthy,90,severe_slow,10,11.0,58.4,75.8,250000,25.0,50000,50000,39700,0,0,0
dynamic_stress_100d_20pct_hdd,100,55,1000000,5000,1.0,late_binding,15.0,14,700000,750000,80,mild_slow,90,recovery,10,11.2,25.1,32.4,250000,25.0,50000,50000,39930,0,0,0
dynamic_stress_100d_20pct_hdd,100,55,1000000,5000,1.0,late_binding,15.0,15,750000,800000,80,recovery,90,recovery,0,11.1,17.0,20.2,250000,25.0,50000,50000,39957,0,0,0
dynamic_stress_100d_20pct_hdd,100,55,1000000,5000,1.0,late_binding,15.0,16,800000,850000,80,healthy,90,healthy,0,10.7,14.0,15.4,250000,25.0,50000,50000,39842,0,0,0
dynamic_stress_100d_20pct_hdd,100,55,1000000,5000,1.0,late_binding,15.0,17,850000,900000,80,healthy,90,healthy,0,10.7,14.0,15.4,250000,25.0,50000,50000,40019,0,0,0
dynamic_stress_100d_20pct_hdd,100,55,1000000,5000,1.0,late_binding,15.0,18,900000,950000,80,healthy,90,healthy,0,10.7,14.0,15.5,250000,25.0,50000,50000,39988,0,0,0
dynamic_stress_100d_20pct_hdd,100,55,1000000,5000,1.0,late_binding,15.0,19,950000,1000000,80,healthy,90,healthy,0,10.7,14.0,15.4,250000,25.0,50000,50000,39984,0,0,0
dynamic_stress_100d_20pct_hdd,100,55,1000000,5000,1.0,timeout_degraded_read,15.0,0,0,50000,80,healthy,90,healthy,0,12.5,16.8,18.8,208132,4.1,8132,8132,182,0,0,0
dynamic_stress_100d_20pct_hdd,100,55,1000000,5000,1.0,timeout_degraded_read,15.0,1,50000,100000,80,healthy,90,healthy,0,12.5,16.8,18.8,208175,4.1,8175,8175,204,0,0,0
dynamic_stress_100d_20pct_hdd,100,55,1000000,5000,1.0,timeout_degraded_read,15.0,2,100000,150000,80,healthy,90,healthy,0,12.5,16.8,18.7,208045,4.0,8045,8045,190,0,0,0
dynamic_stress_100d_20pct_hdd,100,55,1000000,5000,1.0,timeout_degraded_read,15.0,3,150000,200000,80,mild_slow,90,healthy,10,12.8,28.0,36.3,211632,5.8,11632,11632,1915,0,0,0
dynamic_stress_100d_20pct_hdd,100,55,1000000,5000,1.0,timeout_degraded_read,15.0,4,200000,250000,80,mild_slow,90,healthy,10,12.8,27.9,35.9,211592,5.8,11592,11592,1895,0,0,0
dynamic_stress_100d_20pct_hdd,100,55,1000000,5000,1.0,timeout_degraded_read,15.0,5,250000,300000,80,mild_slow,90,healthy,10,12.8,27.9,36.1,211696,5.8,11696,11696,1945,0,0,0
dynamic_stress_100d_20pct_hdd,100,55,1000000,5000,1.0,timeout_degraded_read,15.0,6,300000,350000,80,severe_slow,90,healthy,10,12.8,60.1,79.6,211761,5.9,11761,11761,3010,0,0,0
dynamic_stress_100d_20pct_hdd,100,55,1000000,5000,1.0,timeout_degraded_read,15.0,7,350000,400000,80,severe_slow,90,healthy,10,12.8,60.9,79.5,211771,5.9,11771,11771,3153,0,0,0
dynamic_stress_100d_20pct_hdd,100,55,1000000,5000,1.0,timeout_degraded_read,15.0,8,400000,450000,80,severe_slow,90,healthy,10,12.8,60.2,78.2,211713,5.9,11713,11713,3034,0,0,0
dynamic_stress_100d_20pct_hdd,100,55,1000000,5000,1.0,timeout_degraded_read,15.0,9,450000,500000,80,recovery,90,mild_slow,10,13.0,27.4,35.7,213925,7.0,13925,13925,2279,0,0,0
dynamic_stress_100d_20pct_hdd,100,55,1000000,5000,1.0,timeout_degraded_read,15.0,10,500000,550000,80,recovery,90,mild_slow,10,13.0,27.6,35.5,214037,7.0,14037,14037,2233,0,0,0
dynamic_stress_100d_20pct_hdd,100,55,1000000,5000,1.0,timeout_degraded_read,15.0,11,550000,600000,80,healthy,90,severe_slow,10,12.8,59.2,78.5,211476,5.7,11476,11476,3115,0,0,0
dynamic_stress_100d_20pct_hdd,100,55,1000000,5000,1.0,timeout_degraded_read,15.0,12,600000,650000,80,healthy,90,severe_slow,10,12.8,59.8,79.1,211713,5.9,11713,11713,3131,0,0,0
dynamic_stress_100d_20pct_hdd,100,55,1000000,5000,1.0,timeout_degraded_read,15.0,13,650000,700000,80,healthy,90,severe_slow,10,12.8,60.5,79.0,211746,5.9,11746,11746,3219,0,0,0
dynamic_stress_100d_20pct_hdd,100,55,1000000,5000,1.0,timeout_degraded_read,15.0,14,700000,750000,80,mild_slow,90,recovery,10,13.1,28.4,36.1,214128,7.1,14128,14128,2000,0,0,0
dynamic_stress_100d_20pct_hdd,100,55,1000000,5000,1.0,timeout_degraded_read,15.0,15,750000,800000,80,recovery,90,recovery,0,13.0,20.0,24.1,213333,6.7,13333,13333,815,0,0,0
dynamic_stress_100d_20pct_hdd,100,55,1000000,5000,1.0,timeout_degraded_read,15.0,16,800000,850000,80,healthy,90,healthy,0,12.5,16.8,18.8,208151,4.1,8151,8151,214,0,0,0
dynamic_stress_100d_20pct_hdd,100,55,1000000,5000,1.0,timeout_degraded_read,15.0,17,850000,900000,80,healthy,90,healthy,0,12.5,16.8,18.8,208163,4.1,8163,8163,197,0,0,0
dynamic_stress_100d_20pct_hdd,100,55,1000000,5000,1.0,timeout_degraded_read,15.0,18,900000,950000,80,healthy,90,healthy,0,12.5,16.7,18.8,208022,4.0,8022,8022,206,0,0,0
dynamic_stress_100d_20pct_hdd,100,55,1000000,5000,1.0,timeout_degraded_read,15.0,19,950000,1000000,80,healthy,90,healthy,0,12.5,16.8,18.7,208065,4.0,8065,8065,201,0,0,0
dynamic_stress_100d_20pct_hdd,100,55,1000000,5000,1.0,health_ec,15.0,0,0,50000,80,healthy,90,healthy,0,12.5,16.8,18.9,200000,0.0,0,0,0,0,0,0
dynamic_stress_100d_20pct_hdd,100,55,1000000,5000,1.0,health_ec,15.0,1,50000,100000,80,healthy,90,healthy,0,12.5,16.8,18.8,200000,0.0,0,0,0,0,0,0
dynamic_stress_100d_20pct_hdd,100,55,1000000,5000,1.0,health_ec,15.0,2,100000,150000,80,healthy,90,healthy,0,12.5,16.8,18.8,200000,0.0,0,0,0,0,0,0
dynamic_stress_100d_20pct_hdd,100,55,1000000,5000,1.0,health_ec,15.0,3,150000,200000,80,mild_slow,90,healthy,10,12.8,27.5,36.7,202130,1.1,2130,2130,1759,0,0,0
dynamic_stress_100d_20pct_hdd,100,55,1000000,5000,1.0,health_ec,15.0,4,200000,250000,80,mild_slow,90,healthy,10,12.8,26.3,35.1,202906,1.5,2906,2906,2375,1,1,0
dynamic_stress_100d_20pct_hdd,100,55,1000000,5000,1.0,health_ec,15.0,5,250000,300000,80,mild_slow,90,healthy,10,12.8,26.2,34.9,203173,1.6,3173,3173,2642,1,1,0
dynamic_stress_100d_20pct_hdd,100,55,1000000,5000,1.0,health_ec,15.0,6,300000,350000,80,severe_slow,90,healthy,10,12.7,54.7,77.8,203086,1.5,3086,3086,2489,8,8,0
dynamic_stress_100d_20pct_hdd,100,55,1000000,5000,1.0,health_ec,15.0,7,350000,400000,80,severe_slow,90,healthy,10,12.7,53.4,75.6,203172,1.6,3172,3172,2693,0,0,0
dynamic_stress_100d_20pct_hdd,100,55,1000000,5000,1.0,health_ec,15.0,8,400000,450000,80,severe_slow,90,healthy,10,12.7,51.5,74.7,203051,1.5,3051,3051,2580,0,0,0
dynamic_stress_100d_20pct_hdd,100,55,1000000,5000,1.0,health_ec,15.0,9,450000,500000,80,recovery,90,mild_slow,10,12.9,26.2,36.2,204600,2.3,4600,4600,3375,4,4,0
dynamic_stress_100d_20pct_hdd,100,55,1000000,5000,1.0,health_ec,15.0,10,500000,550000,80,recovery,90,mild_slow,10,12.9,25.8,34.9,204144,2.1,4144,4144,3199,0,0,0
dynamic_stress_100d_20pct_hdd,100,55,1000000,5000,1.0,health_ec,15.0,11,550000,600000,80,healthy,90,severe_slow,10,12.7,54.5,77.4,203544,1.8,3544,3544,2717,6,6,0
dynamic_stress_100d_20pct_hdd,100,55,1000000,5000,1.0,health_ec,15.0,12,600000,650000,80,healthy,90,severe_slow,10,12.7,53.1,76.0,203265,1.6,3265,3265,2625,0,0,0
dynamic_stress_100d_20pct_hdd,100,55,1000000,5000,1.0,health_ec,15.0,13,650000,700000,80,healthy,90,severe_slow,10,12.8,54.9,75.9,203401,1.7,3401,3401,2766,0,0,0
dynamic_stress_100d_20pct_hdd,100,55,1000000,5000,1.0,health_ec,15.0,14,700000,750000,80,mild_slow,90,recovery,10,12.9,24.2,36.0,203937,2.0,3937,3937,3411,1,1,0
dynamic_stress_100d_20pct_hdd,100,55,1000000,5000,1.0,health_ec,15.0,15,750000,800000,80,recovery,90,recovery,0,12.8,18.5,22.4,203190,1.6,3190,3190,2621,0,0,0
dynamic_stress_100d_20pct_hdd,100,55,1000000,5000,1.0,health_ec,15.0,16,800000,850000,80,healthy,90,healthy,0,12.4,16.8,18.9,201257,0.6,1257,1257,994,0,0,0
dynamic_stress_100d_20pct_hdd,100,55,1000000,5000,1.0,health_ec,15.0,17,850000,900000,80,healthy,90,healthy,0,12.5,16.8,18.9,200255,0.1,255,255,193,0,0,0
dynamic_stress_100d_20pct_hdd,100,55,1000000,5000,1.0,health_ec,15.0,18,900000,950000,80,healthy,90,healthy,0,12.5,16.8,18.8,200100,0.1,100,100,78,0,0,0
dynamic_stress_100d_20pct_hdd,100,55,1000000,5000,1.0,health_ec,15.0,19,950000,1000000,80,healthy,90,healthy,0,12.5,16.8,18.7,200031,0.0,31,31,26,0,0,0
dynamic_stress_100d_20pct_hdd,100,56,1000000,5000,1.0,vanilla_ec,15.0,0,0,50000,80,healthy,90,healthy,0,12.5,16.8,18.8,200000,0.0,0,0,0,0,0,0
dynamic_stress_100d_20pct_hdd,100,56,1000000,5000,1.0,vanilla_ec,15.0,1,50000,100000,80,healthy,90,healthy,0,12.5,16.8,18.8,200000,0.0,0,0,0,0,0,0
dynamic_stress_100d_20pct_hdd,100,56,1000000,5000,1.0,vanilla_ec,15.0,2,100000,150000,80,healthy,90,healthy,0,12.5,16.8,18.7,200000,0.0,0,0,0,0,0,0
dynamic_stress_100d_20pct_hdd,100,56,1000000,5000,1.0,vanilla_ec,15.0,3,150000,200000,80,mild_slow,90,healthy,10,12.8,29.7,39.3,200000,0.0,0,0,0,0,0,0
dynamic_stress_100d_20pct_hdd,100,56,1000000,5000,1.0,vanilla_ec,15.0,4,200000,250000,80,mild_slow,90,healthy,10,12.8,29.5,39.4,200000,0.0,0,0,0,0,0,0
dynamic_stress_100d_20pct_hdd,100,56,1000000,5000,1.0,vanilla_ec,15.0,5,250000,300000,80,mild_slow,90,healthy,10,12.8,29.6,39.4,200000,0.0,0,0,0,0,0,0
dynamic_stress_100d_20pct_hdd,100,56,1000000,5000,1.0,vanilla_ec,15.0,6,300000,350000,80,severe_slow,90,healthy,10,12.8,68.7,97.7,200000,0.0,0,0,0,0,0,0
dynamic_stress_100d_20pct_hdd,100,56,1000000,5000,1.0,vanilla_ec,15.0,7,350000,400000,80,severe_slow,90,healthy,10,12.8,68.7,99.1,200000,0.0,0,0,0,0,0,0
dynamic_stress_100d_20pct_hdd,100,56,1000000,5000,1.0,vanilla_ec,15.0,8,400000,450000,80,severe_slow,90,healthy,10,12.8,69.3,97.3,200000,0.0,0,0,0,0,0,0
dynamic_stress_100d_20pct_hdd,100,56,1000000,5000,1.0,vanilla_ec,15.0,9,450000,500000,80,recovery,90,mild_slow,10,13.0,29.8,40.1,200000,0.0,0,0,0,0,0,0
dynamic_stress_100d_20pct_hdd,100,56,1000000,5000,1.0,vanilla_ec,15.0,10,500000,550000,80,recovery,90,mild_slow,10,13.0,30.1,40.1,200000,0.0,0,0,0,0,0,0
dynamic_stress_100d_20pct_hdd,100,56,1000000,5000,1.0,vanilla_ec,15.0,11,550000,600000,80,healthy,90,severe_slow,10,12.8,68.3,98.2,200000,0.0,0,0,0,0,0,0
dynamic_stress_100d_20pct_hdd,100,56,1000000,5000,1.0,vanilla_ec,15.0,12,600000,650000,80,healthy,90,severe_slow,10,12.8,69.4,99.2,200000,0.0,0,0,0,0,0,0
dynamic_stress_100d_20pct_hdd,100,56,1000000,5000,1.0,vanilla_ec,15.0,13,650000,700000,80,healthy,90,severe_slow,10,12.8,69.6,103.4,200000,0.0,0,0,0,0,0,0
dynamic_stress_100d_20pct_hdd,100,56,1000000,5000,1.0,vanilla_ec,15.0,14,700000,750000,80,mild_slow,90,recovery,10,13.1,30.2,40.8,200000,0.0,0,0,0,0,0,0
dynamic_stress_100d_20pct_hdd,100,56,1000000,5000,1.0,vanilla_ec,15.0,15,750000,800000,80,recovery,90,recovery,0,13.0,20.1,24.3,200000,0.0,0,0,0,0,0,0
dynamic_stress_100d_20pct_hdd,100,56,1000000,5000,1.0,vanilla_ec,15.0,16,800000,850000,80,healthy,90,healthy,0,12.5,16.8,18.8,200000,0.0,0,0,0,0,0,0
dynamic_stress_100d_20pct_hdd,100,56,1000000,5000,1.0,vanilla_ec,15.0,17,850000,900000,80,healthy,90,healthy,0,12.5,16.8,18.7,200000,0.0,0,0,0,0,0,0
dynamic_stress_100d_20pct_hdd,100,56,1000000,5000,1.0,vanilla_ec,15.0,18,900000,950000,80,healthy,90,healthy,0,12.5,16.9,18.8,200000,0.0,0,0,0,0,0,0
dynamic_stress_100d_20pct_hdd,100,56,1000000,5000,1.0,vanilla_ec,15.0,19,950000,1000000,80,healthy,90,healthy,0,12.5,16.8,18.8,200000,0.0,0,0,0,0,0,0
dynamic_stress_100d_20pct_hdd,100,56,1000000,5000,1.0,late_binding,15.0,0,0,50000,80,healthy,90,healthy,0,10.7,14.0,15.5,250000,25.0,50000,50000,40084,0,0,0
dynamic_stress_100d_20pct_hdd,100,56,1000000,5000,1.0,late_binding,15.0,1,50000,100000,80,healthy,90,healthy,0,10.7,14.0,15.5,250000,25.0,50000,50000,39951,0,0,0
dynamic_stress_100d_20pct_hdd,100,56,1000000,5000,1.0,late_binding,15.0,2,100000,150000,80,healthy,90,healthy,0,10.7,14.0,15.4,250000,25.0,50000,50000,39911,0,0,0
dynamic_stress_100d_20pct_hdd,100,56,1000000,5000,1.0,late_binding,15.0,3,150000,200000,80,mild_slow,90,healthy,10,10.9,25.1,32.5,250000,25.0,50000,50000,39706,0,0,0
dynamic_stress_100d_20pct_hdd,100,56,1000000,5000,1.0,late_binding,15.0,4,200000,250000,80,mild_slow,90,healthy,10,10.9,24.8,32.5,250000,25.0,50000,50000,39716,0,0,0
dynamic_stress_100d_20pct_hdd,100,56,1000000,5000,1.0,late_binding,15.0,5,250000,300000,80,mild_slow,90,healthy,10,10.9,24.9,32.4,250000,25.0,50000,50000,39714,0,0,0
dynamic_stress_100d_20pct_hdd,100,56,1000000,5000,1.0,late_binding,15.0,6,300000,350000,80,severe_slow,90,healthy,10,10.9,57.7,75.5,250000,25.0,50000,50000,39601,0,0,0
dynamic_stress_100d_20pct_hdd,100,56,1000000,5000,1.0,late_binding,15.0,7,350000,400000,80,severe_slow,90,healthy,10,11.0,57.7,75.7,250000,25.0,50000,50000,39567,0,0,0
dynamic_stress_100d_20pct_hdd,100,56,1000000,5000,1.0,late_binding,15.0,8,400000,450000,80,severe_slow,90,healthy,10,11.0,57.9,76.0,250000,25.0,50000,50000,39663,0,0,0
dynamic_stress_100d_20pct_hdd,100,56,1000000,5000,1.0,late_binding,15.0,9,450000,500000,80,recovery,90,mild_slow,10,11.2,24.8,32.2,250000,25.0,50000,50000,39344,0,0,0
dynamic_stress_100d_20pct_hdd,100,56,1000000,5000,1.0,late_binding,15.0,10,500000,550000,80,recovery,90,mild_slow,10,11.1,25.0,32.5,250000,25.0,50000,50000,39542,0,0,0
dynamic_stress_100d_20pct_hdd,100,56,1000000,5000,1.0,late_binding,15.0,11,550000,600000,80,healthy,90,severe_slow,10,10.9,57.0,75.3,250000,25.0,50000,50000,39706,0,0,0
dynamic_stress_100d_20pct_hdd,100,56,1000000,5000,1.0,late_binding,15.0,12,600000,650000,80,healthy,90,severe_slow,10,10.9,58.1,75.9,250000,25.0,50000,50000,39687,0,0,0
dynamic_stress_100d_20pct_hdd,100,56,1000000,5000,1.0,late_binding,15.0,13,650000,700000,80,healthy,90,severe_slow,10,10.9,57.8,75.6,250000,25.0,50000,50000,39749,0,0,0
dynamic_stress_100d_20pct_hdd,100,56,1000000,5000,1.0,late_binding,15.0,14,700000,750000,80,mild_slow,90,recovery,10,11.2,25.1,32.6,250000,25.0,50000,50000,39875,0,0,0
dynamic_stress_100d_20pct_hdd,100,56,1000000,5000,1.0,late_binding,15.0,15,750000,800000,80,recovery,90,recovery,0,11.1,16.9,20.0,250000,25.0,50000,50000,40030,0,0,0
dynamic_stress_100d_20pct_hdd,100,56,1000000,5000,1.0,late_binding,15.0,16,800000,850000,80,healthy,90,healthy,0,10.7,14.0,15.5,250000,25.0,50000,50000,39849,0,0,0
dynamic_stress_100d_20pct_hdd,100,56,1000000,5000,1.0,late_binding,15.0,17,850000,900000,80,healthy,90,healthy,0,10.7,14.0,15.5,250000,25.0,50000,50000,39967,0,0,0
dynamic_stress_100d_20pct_hdd,100,56,1000000,5000,1.0,late_binding,15.0,18,900000,950000,80,healthy,90,healthy,0,10.7,14.0,15.4,250000,25.0,50000,50000,39946,0,0,0
dynamic_stress_100d_20pct_hdd,100,56,1000000,5000,1.0,late_binding,15.0,19,950000,1000000,80,healthy,90,healthy,0,10.7,14.0,15.4,250000,25.0,50000,50000,39996,0,0,0
dynamic_stress_100d_20pct_hdd,100,56,1000000,5000,1.0,timeout_degraded_read,15.0,0,0,50000,80,healthy,90,healthy,0,12.5,16.8,18.7,208155,4.1,8155,8155,206,0,0,0
dynamic_stress_100d_20pct_hdd,100,56,1000000,5000,1.0,timeout_degraded_read,15.0,1,50000,100000,80,healthy,90,healthy,0,12.5,16.7,18.7,207990,4.0,7990,7990,192,0,0,0
dynamic_stress_100d_20pct_hdd,100,56,1000000,5000,1.0,timeout_degraded_read,15.0,2,100000,150000,80,healthy,90,healthy,0,12.5,16.8,18.7,208011,4.0,8011,8011,191,0,0,0
dynamic_stress_100d_20pct_hdd,100,56,1000000,5000,1.0,timeout_degraded_read,15.0,3,150000,200000,80,mild_slow,90,healthy,10,12.8,27.7,35.8,211641,5.8,11641,11641,1921,0,0,0
dynamic_stress_100d_20pct_hdd,100,56,1000000,5000,1.0,timeout_degraded_read,15.0,4,200000,250000,80,mild_slow,90,healthy,10,12.8,27.6,36.0,211558,5.8,11558,11558,1917,0,0,0
dynamic_stress_100d_20pct_hdd,100,56,1000000,5000,1.0,timeout_degraded_read,15.0,5,250000,300000,80,mild_slow,90,healthy,10,12.8,27.6,35.9,211503,5.8,11503,11503,1881,0,0,0
dynamic_stress_100d_20pct_hdd,100,56,1000000,5000,1.0,timeout_degraded_read,15.0,6,300000,350000,80,severe_slow,90,healthy,10,12.8,60.3,78.7,211726,5.9,11726,11726,3031,0,0,0
dynamic_stress_100d_20pct_hdd,100,56,1000000,5000,1.0,timeout_degraded_read,15.0,7,350000,400000,80,severe_slow,90,healthy,10,12.8,60.5,79.4,211754,5.9,11754,11754,3054,0,0,0
dynamic_stress_100d_20pct_hdd,100,56,1000000,5000,1.0,timeout_degraded_read,15.0,8,400000,450000,80,severe_slow,90,healthy,10,12.8,60.9,79.4,211708,5.9,11708,11708,3135,0,0,0
dynamic_stress_100d_20pct_hdd,100,56,1000000,5000,1.0,timeout_degraded_read,15.0,9,450000,500000,80,recovery,90,mild_slow,10,13.0,27.4,35.9,213936,7.0,13936,13936,2262,0,0,0
dynamic_stress_100d_20pct_hdd,100,56,1000000,5000,1.0,timeout_degraded_read,15.0,10,500000,550000,80,recovery,90,mild_slow,10,13.0,27.5,36.0,213804,6.9,13804,13804,2268,0,0,0
dynamic_stress_100d_20pct_hdd,100,56,1000000,5000,1.0,timeout_degraded_read,15.0,11,550000,600000,80,healthy,90,severe_slow,10,12.8,59.1,78.4,211443,5.7,11443,11443,3121,0,0,0
dynamic_stress_100d_20pct_hdd,100,56,1000000,5000,1.0,timeout_degraded_read,15.0,12,600000,650000,80,healthy,90,severe_slow,10,12.8,60.5,79.0,211552,5.8,11552,11552,3206,0,0,0
dynamic_stress_100d_20pct_hdd,100,56,1000000,5000,1.0,timeout_degraded_read,15.0,13,650000,700000,80,healthy,90,severe_slow,10,12.8,60.3,79.0,211657,5.8,11657,11657,3174,0,0,0
dynamic_stress_100d_20pct_hdd,100,56,1000000,5000,1.0,timeout_degraded_read,15.0,14,700000,750000,80,mild_slow,90,recovery,10,13.1,28.5,36.4,214140,7.1,14140,14140,2057,0,0,0
dynamic_stress_100d_20pct_hdd,100,56,1000000,5000,1.0,timeout_degraded_read,15.0,15,750000,800000,80,recovery,90,recovery,0,13.0,19.9,23.7,213175,6.6,13175,13175,753,0,0,0
dynamic_stress_100d_20pct_hdd,100,56,1000000,5000,1.0,timeout_degraded_read,15.0,16,800000,850000,80,healthy,90,healthy,0,12.5,16.8,18.7,208081,4.0,8081,8081,184,0,0,0
dynamic_stress_100d_20pct_hdd,100,56,1000000,5000,1.0,timeout_degraded_read,15.0,17,850000,900000,80,healthy,90,healthy,0,12.5,16.8,18.6,208054,4.0,8054,8054,188,0,0,0
dynamic_stress_100d_20pct_hdd,100,56,1000000,5000,1.0,timeout_degraded_read,15.0,18,900000,950000,80,healthy,90,healthy,0,12.5,16.8,18.7,208263,4.1,8263,8263,185,0,0,0
dynamic_stress_100d_20pct_hdd,100,56,1000000,5000,1.0,timeout_degraded_read,15.0,19,950000,1000000,80,healthy,90,healthy,0,12.5,16.8,18.7,208220,4.1,8220,8220,196,0,0,0
dynamic_stress_100d_20pct_hdd,100,56,1000000,5000,1.0,health_ec,15.0,0,0,50000,80,healthy,90,healthy,0,12.5,16.8,18.8,200000,0.0,0,0,0,0,0,0
dynamic_stress_100d_20pct_hdd,100,56,1000000,5000,1.0,health_ec,15.0,1,50000,100000,80,healthy,90,healthy,0,12.5,16.8,18.8,200000,0.0,0,0,0,0,0,0
dynamic_stress_100d_20pct_hdd,100,56,1000000,5000,1.0,health_ec,15.0,2,100000,150000,80,healthy,90,healthy,0,12.5,16.8,18.7,200000,0.0,0,0,0,0,0,0
dynamic_stress_100d_20pct_hdd,100,56,1000000,5000,1.0,health_ec,15.0,3,150000,200000,80,mild_slow,90,healthy,10,12.8,27.4,36.6,201940,1.0,1940,1940,1603,0,0,0
dynamic_stress_100d_20pct_hdd,100,56,1000000,5000,1.0,health_ec,15.0,4,200000,250000,80,mild_slow,90,healthy,10,12.8,26.1,35.2,202825,1.4,2825,2825,2316,0,0,0
dynamic_stress_100d_20pct_hdd,100,56,1000000,5000,1.0,health_ec,15.0,5,250000,300000,80,mild_slow,90,healthy,10,12.7,26.1,34.9,202966,1.5,2966,2966,2469,0,0,0
dynamic_stress_100d_20pct_hdd,100,56,1000000,5000,1.0,health_ec,15.0,6,300000,350000,80,severe_slow,90,healthy,10,12.7,54.3,77.1,202846,1.4,2846,2846,2358,10,10,0
dynamic_stress_100d_20pct_hdd,100,56,1000000,5000,1.0,health_ec,15.0,7,350000,400000,80,severe_slow,90,healthy,10,12.7,52.4,75.4,202990,1.5,2990,2990,2518,0,0,0
dynamic_stress_100d_20pct_hdd,100,56,1000000,5000,1.0,health_ec,15.0,8,400000,450000,80,severe_slow,90,healthy,10,12.7,52.6,75.9,203124,1.6,3124,3124,2618,0,0,0
dynamic_stress_100d_20pct_hdd,100,56,1000000,5000,1.0,health_ec,15.0,9,450000,500000,80,recovery,90,mild_slow,10,12.9,26.4,36.7,204156,2.1,4156,4156,3071,4,4,0
dynamic_stress_100d_20pct_hdd,100,56,1000000,5000,1.0,health_ec,15.0,10,500000,550000,80,recovery,90,mild_slow,10,12.9,25.6,35.2,203712,1.9,3712,3712,2901,0,0,0
dynamic_stress_100d_20pct_hdd,100,56,1000000,5000,1.0,health_ec,15.0,11,550000,600000,80,healthy,90,severe_slow,10,12.7,53.5,77.6,203296,1.6,3296,3296,2608,6,6,0
dynamic_stress_100d_20pct_hdd,100,56,1000000,5000,1.0,health_ec,15.0,12,600000,650000,80,healthy,90,severe_slow,10,12.7,53.6,76.1,203219,1.6,3219,3219,2638,0,0,0
dynamic_stress_100d_20pct_hdd,100,56,1000000,5000,1.0,health_ec,15.0,13,650000,700000,80,healthy,90,severe_slow,10,12.7,53.3,74.8,203204,1.6,3204,3204,2685,0,0,0
dynamic_stress_100d_20pct_hdd,100,56,1000000,5000,1.0,health_ec,15.0,14,700000,750000,80,mild_slow,90,recovery,10,12.9,24.4,36.2,204130,2.1,4130,4130,3601,2,2,0
dynamic_stress_100d_20pct_hdd,100,56,1000000,5000,1.0,health_ec,15.0,15,750000,800000,80,recovery,90,recovery,0,12.8,18.5,22.2,203152,1.6,3152,3152,2606,0,0,0
dynamic_stress_100d_20pct_hdd,100,56,1000000,5000,1.0,health_ec,15.0,16,800000,850000,80,healthy,90,healthy,0,12.4,16.8,18.8,201171,0.6,1171,1171,942,0,0,0
dynamic_stress_100d_20pct_hdd,100,56,1000000,5000,1.0,health_ec,15.0,17,850000,900000,80,healthy,90,healthy,0,12.5,16.7,18.7,200304,0.2,304,304,247,0,0,0
dynamic_stress_100d_20pct_hdd,100,56,1000000,5000,1.0,health_ec,15.0,18,900000,950000,80,healthy,90,healthy,0,12.5,16.9,18.8,200083,0.0,83,83,66,0,0,0
dynamic_stress_100d_20pct_hdd,100,56,1000000,5000,1.0,health_ec,15.0,19,950000,1000000,80,healthy,90,healthy,0,12.5,16.8,18.8,200033,0.0,33,33,26,0,0,0
dynamic_stress_100d_20pct_hdd,100,57,1000000,5000,1.0,vanilla_ec,15.0,0,0,50000,80,healthy,90,healthy,0,12.5,16.9,18.8,200000,0.0,0,0,0,0,0,0
dynamic_stress_100d_20pct_hdd,100,57,1000000,5000,1.0,vanilla_ec,15.0,1,50000,100000,80,healthy,90,healthy,0,12.5,16.8,18.8,200000,0.0,0,0,0,0,0,0
dynamic_stress_100d_20pct_hdd,100,57,1000000,5000,1.0,vanilla_ec,15.0,2,100000,150000,80,healthy,90,healthy,0,12.5,16.8,18.8,200000,0.0,0,0,0,0,0,0
dynamic_stress_100d_20pct_hdd,100,57,1000000,5000,1.0,vanilla_ec,15.0,3,150000,200000,80,mild_slow,90,healthy,10,12.8,29.8,39.2,200000,0.0,0,0,0,0,0,0
dynamic_stress_100d_20pct_hdd,100,57,1000000,5000,1.0,vanilla_ec,15.0,4,200000,250000,80,mild_slow,90,healthy,10,12.8,29.9,39.2,200000,0.0,0,0,0,0,0,0
dynamic_stress_100d_20pct_hdd,100,57,1000000,5000,1.0,vanilla_ec,15.0,5,250000,300000,80,mild_slow,90,healthy,10,12.8,29.9,39.2,200000,0.0,0,0,0,0,0,0
dynamic_stress_100d_20pct_hdd,100,57,1000000,5000,1.0,vanilla_ec,15.0,6,300000,350000,80,severe_slow,90,healthy,10,12.8,69.0,97.2,200000,0.0,0,0,0,0,0,0
dynamic_stress_100d_20pct_hdd,100,57,1000000,5000,1.0,vanilla_ec,15.0,7,350000,400000,80,severe_slow,90,healthy,10,12.8,69.0,98.7,200000,0.0,0,0,0,0,0,0
dynamic_stress_100d_20pct_hdd,100,57,1000000,5000,1.0,vanilla_ec,15.0,8,400000,450000,80,severe_slow,90,healthy,10,12.8,68.6,98.8,200000,0.0,0,0,0,0,0,0
dynamic_stress_100d_20pct_hdd,100,57,1000000,5000,1.0,vanilla_ec,15.0,9,450000,500000,80,recovery,90,mild_slow,10,13.0,30.0,39.8,200000,0.0,0,0,0,0,0,0
dynamic_stress_100d_20pct_hdd,100,57,1000000,5000,1.0,vanilla_ec,15.0,10,500000,550000,80,recovery,90,mild_slow,10,13.0,30.2,40.1,200000,0.0,0,0,0,0,0,0
dynamic_stress_100d_20pct_hdd,100,57,1000000,5000,1.0,vanilla_ec,15.0,11,550000,600000,80,healthy,90,severe_slow,10,12.8,69.1,99.5,200000,0.0,0,0,0,0,0,0
dynamic_stress_100d_20pct_hdd,100,57,1000000,5000,1.0,vanilla_ec,15.0,12,600000,650000,80,healthy,90,severe_slow,10,12.8,69.4,100.5,200000,0.0,0,0,0,0,0,0
dynamic_stress_100d_20pct_hdd,100,57,1000000,5000,1.0,vanilla_ec,15.0,13,650000,700000,80,healthy,90,severe_slow,10,12.8,69.3,98.5,200000,0.0,0,0,0,0,0,0
dynamic_stress_100d_20pct_hdd,100,57,1000000,5000,1.0,vanilla_ec,15.0,14,700000,750000,80,mild_slow,90,recovery,10,13.1,29.8,39.8,200000,0.0,0,0,0,0,0,0
dynamic_stress_100d_20pct_hdd,100,57,1000000,5000,1.0,vanilla_ec,15.0,15,750000,800000,80,recovery,90,recovery,0,13.0,20.1,24.6,200000,0.0,0,0,0,0,0,0
dynamic_stress_100d_20pct_hdd,100,57,1000000,5000,1.0,vanilla_ec,15.0,16,800000,850000,80,healthy,90,healthy,0,12.5,16.8,18.8,200000,0.0,0,0,0,0,0,0
dynamic_stress_100d_20pct_hdd,100,57,1000000,5000,1.0,vanilla_ec,15.0,17,850000,900000,80,healthy,90,healthy,0,12.5,16.8,18.8,200000,0.0,0,0,0,0,0,0
dynamic_stress_100d_20pct_hdd,100,57,1000000,5000,1.0,vanilla_ec,15.0,18,900000,950000,80,healthy,90,healthy,0,12.5,16.8,18.8,200000,0.0,0,0,0,0,0,0
dynamic_stress_100d_20pct_hdd,100,57,1000000,5000,1.0,vanilla_ec,15.0,19,950000,1000000,80,healthy,90,healthy,0,12.5,16.8,18.8,200000,0.0,0,0,0,0,0,0
dynamic_stress_100d_20pct_hdd,100,57,1000000,5000,1.0,late_binding,15.0,0,0,50000,80,healthy,90,healthy,0,10.7,14.0,15.5,250000,25.0,50000,50000,40013,0,0,0
dynamic_stress_100d_20pct_hdd,100,57,1000000,5000,1.0,late_binding,15.0,1,50000,100000,80,healthy,90,healthy,0,10.7,14.0,15.5,250000,25.0,50000,50000,39928,0,0,0
dynamic_stress_100d_20pct_hdd,100,57,1000000,5000,1.0,late_binding,15.0,2,100000,150000,80,healthy,90,healthy,0,10.7,14.0,15.5,250000,25.0,50000,50000,40019,0,0,0
dynamic_stress_100d_20pct_hdd,100,57,1000000,5000,1.0,late_binding,15.0,3,150000,200000,80,mild_slow,90,healthy,10,10.9,24.9,32.5,250000,25.0,50000,50000,39660,0,0,0
dynamic_stress_100d_20pct_hdd,100,57,1000000,5000,1.0,late_binding,15.0,4,200000,250000,80,mild_slow,90,healthy,10,10.9,25.2,32.8,250000,25.0,50000,50000,39860,0,0,0
dynamic_stress_100d_20pct_hdd,100,57,1000000,5000,1.0,late_binding,15.0,5,250000,300000,80,mild_slow,90,healthy,10,11.0,25.2,32.6,250000,25.0,50000,50000,39548,0,0,0
dynamic_stress_100d_20pct_hdd,100,57,1000000,5000,1.0,late_binding,15.0,6,300000,350000,80,severe_slow,90,healthy,10,11.0,58.0,75.7,250000,25.0,50000,50000,39598,0,0,0
dynamic_stress_100d_20pct_hdd,100,57,1000000,5000,1.0,late_binding,15.0,7,350000,400000,80,severe_slow,90,healthy,10,10.9,57.5,75.9,250000,25.0,50000,50000,39724,0,0,0
dynamic_stress_100d_20pct_hdd,100,57,1000000,5000,1.0,late_binding,15.0,8,400000,450000,80,severe_slow,90,healthy,10,10.9,57.3,75.9,250000,25.0,50000,50000,39886,0,0,0
dynamic_stress_100d_20pct_hdd,100,57,1000000,5000,1.0,late_binding,15.0,9,450000,500000,80,recovery,90,mild_slow,10,11.1,25.0,32.7,250000,25.0,50000,50000,39516,0,0,0
dynamic_stress_100d_20pct_hdd,100,57,1000000,5000,1.0,late_binding,15.0,10,500000,550000,80,recovery,90,mild_slow,10,11.2,25.3,32.6,250000,25.0,50000,50000,39445,0,0,0
dynamic_stress_100d_20pct_hdd,100,57,1000000,5000,1.0,late_binding,15.0,11,550000,600000,80,healthy,90,severe_slow,10,10.9,57.6,75.9,250000,25.0,50000,50000,39719,0,0,0
dynamic_stress_100d_20pct_hdd,100,57,1000000,5000,1.0,late_binding,15.0,12,600000,650000,80,healthy,90,severe_slow,10,11.0,57.9,75.8,250000,25.0,50000,50000,39804,0,0,0
dynamic_stress_100d_20pct_hdd,100,57,1000000,5000,1.0,late_binding,15.0,13,650000,700000,80,healthy,90,severe_slow,10,10.9,58.2,75.9,250000,25.0,50000,50000,39716,0,0,0
dynamic_stress_100d_20pct_hdd,100,57,1000000,5000,1.0,late_binding,15.0,14,700000,750000,80,mild_slow,90,recovery,10,11.1,24.8,32.6,250000,25.0,50000,50000,39965,0,0,0
dynamic_stress_100d_20pct_hdd,100,57,1000000,5000,1.0,late_binding,15.0,15,750000,800000,80,recovery,90,recovery,0,11.1,16.9,20.0,250000,25.0,50000,50000,39921,0,0,0
dynamic_stress_100d_20pct_hdd,100,57,1000000,5000,1.0,late_binding,15.0,16,800000,850000,80,healthy,90,healthy,0,10.7,14.0,15.4,250000,25.0,50000,50000,40099,0,0,0
dynamic_stress_100d_20pct_hdd,100,57,1000000,5000,1.0,late_binding,15.0,17,850000,900000,80,healthy,90,healthy,0,10.7,14.0,15.5,250000,25.0,50000,50000,39985,0,0,0
dynamic_stress_100d_20pct_hdd,100,57,1000000,5000,1.0,late_binding,15.0,18,900000,950000,80,healthy,90,healthy,0,10.7,14.0,15.4,250000,25.0,50000,50000,39929,0,0,0
dynamic_stress_100d_20pct_hdd,100,57,1000000,5000,1.0,late_binding,15.0,19,950000,1000000,80,healthy,90,healthy,0,10.7,14.0,15.4,250000,25.0,50000,50000,39876,0,0,0
dynamic_stress_100d_20pct_hdd,100,57,1000000,5000,1.0,timeout_degraded_read,15.0,0,0,50000,80,healthy,90,healthy,0,12.5,16.8,18.7,208196,4.1,8196,8196,190,0,0,0
dynamic_stress_100d_20pct_hdd,100,57,1000000,5000,1.0,timeout_degraded_read,15.0,1,50000,100000,80,healthy,90,healthy,0,12.5,16.8,18.7,208056,4.0,8056,8056,196,0,0,0
dynamic_stress_100d_20pct_hdd,100,57,1000000,5000,1.0,timeout_degraded_read,15.0,2,100000,150000,80,healthy,90,healthy,0,12.5,16.8,18.8,208239,4.1,8239,8239,184,0,0,0
dynamic_stress_100d_20pct_hdd,100,57,1000000,5000,1.0,timeout_degraded_read,15.0,3,150000,200000,80,mild_slow,90,healthy,10,12.8,27.6,35.9,211659,5.8,11659,11659,1965,0,0,0
dynamic_stress_100d_20pct_hdd,100,57,1000000,5000,1.0,timeout_degraded_read,15.0,4,200000,250000,80,mild_slow,90,healthy,10,12.8,27.8,36.0,211680,5.8,11680,11680,1923,0,0,0
dynamic_stress_100d_20pct_hdd,100,57,1000000,5000,1.0,timeout_degraded_read,15.0,5,250000,300000,80,mild_slow,90,healthy,10,12.8,27.9,36.2,211640,5.8,11640,11640,1945,0,0,0
dynamic_stress_100d_20pct_hdd,100,57,1000000,5000,1.0,timeout_degraded_read,15.0,6,300000,350000,80,severe_slow,90,healthy,10,12.8,61.0,79.0,211846,5.9,11846,11846,3010,0,0,0
dynamic_stress_100d_20pct_hdd,100,57,1000000,5000,1.0,timeout_degraded_read,15.0,7,350000,400000,80,severe_slow,90,healthy,10,12.8,60.6,79.3,211576,5.8,11576,11576,2989,0,0,0
dynamic_stress_100d_20pct_hdd,100,57,1000000,5000,1.0,timeout_degraded_read,15.0,8,400000,450000,80,severe_slow,90,healthy,10,12.8,60.2,79.5,211611,5.8,11611,11611,2978,0,0,0
dynamic_stress_100d_20pct_hdd,100,57,1000000,5000,1.0,timeout_degraded_read,15.0,9,450000,500000,80,recovery,90,mild_slow,10,13.0,27.7,35.9,214062,7.0,14062,14062,2230,0,0,0
dynamic_stress_100d_20pct_hdd,100,57,1000000,5000,1.0,timeout_degraded_read,15.0,10,500000,550000,80,recovery,90,mild_slow,10,13.0,27.7,36.0,214113,7.1,14113,14113,2309,0,0,0
dynamic_stress_100d_20pct_hdd,100,57,1000000,5000,1.0,timeout_degraded_read,15.0,11,550000,600000,80,healthy,90,severe_slow,10,12.8,60.3,79.0,211535,5.8,11535,11535,3145,0,0,0
dynamic_stress_100d_20pct_hdd,100,57,1000000,5000,1.0,timeout_degraded_read,15.0,12,600000,650000,80,healthy,90,severe_slow,10,12.8,60.3,78.8,211724,5.9,11724,11724,3149,0,0,0
dynamic_stress_100d_20pct_hdd,100,57,1000000,5000,1.0,timeout_degraded_read,15.0,13,650000,700000,80,healthy,90,severe_slow,10,12.8,60.2,79.3,211576,5.8,11576,11576,3135,0,0,0
dynamic_stress_100d_20pct_hdd,100,57,1000000,5000,1.0,timeout_degraded_read,15.0,14,700000,750000,80,mild_slow,90,recovery,10,13.1,28.4,36.1,214071,7.0,14071,14071,1939,0,0,0
dynamic_stress_100d_20pct_hdd,100,57,1000000,5000,1.0,timeout_degraded_read,15.0,15,750000,800000,80,recovery,90,recovery,0,13.0,20.0,23.9,213283,6.6,13283,13283,737,0,0,0
dynamic_stress_100d_20pct_hdd,100,57,1000000,5000,1.0,timeout_degraded_read,15.0,16,800000,850000,80,healthy,90,healthy,0,12.5,16.8,18.8,208155,4.1,8155,8155,181,0,0,0
dynamic_stress_100d_20pct_hdd,100,57,1000000,5000,1.0,timeout_degraded_read,15.0,17,850000,900000,80,healthy,90,healthy,0,12.5,16.8,18.8,208094,4.0,8094,8094,195,0,0,0
dynamic_stress_100d_20pct_hdd,100,57,1000000,5000,1.0,timeout_degraded_read,15.0,18,900000,950000,80,healthy,90,healthy,0,12.5,16.8,18.8,208057,4.0,8057,8057,187,0,0,0
dynamic_stress_100d_20pct_hdd,100,57,1000000,5000,1.0,timeout_degraded_read,15.0,19,950000,1000000,80,healthy,90,healthy,0,12.5,16.7,18.7,208076,4.0,8076,8076,208,0,0,0
dynamic_stress_100d_20pct_hdd,100,57,1000000,5000,1.0,health_ec,15.0,0,0,50000,80,healthy,90,healthy,0,12.5,16.9,18.8,200000,0.0,0,0,0,0,0,0
dynamic_stress_100d_20pct_hdd,100,57,1000000,5000,1.0,health_ec,15.0,1,50000,100000,80,healthy,90,healthy,0,12.5,16.8,18.8,200000,0.0,0,0,0,0,0,0
dynamic_stress_100d_20pct_hdd,100,57,1000000,5000,1.0,health_ec,15.0,2,100000,150000,80,healthy,90,healthy,0,12.5,16.8,18.8,200000,0.0,0,0,0,0,0,0
dynamic_stress_100d_20pct_hdd,100,57,1000000,5000,1.0,health_ec,15.0,3,150000,200000,80,mild_slow,90,healthy,10,12.8,27.3,36.6,202095,1.0,2095,2095,1678,0,0,0
dynamic_stress_100d_20pct_hdd,100,57,1000000,5000,1.0,health_ec,15.0,4,200000,250000,80,mild_slow,90,healthy,10,12.8,26.5,35.3,202841,1.4,2841,2841,2363,2,2,0
dynamic_stress_100d_20pct_hdd,100,57,1000000,5000,1.0,health_ec,15.0,5,250000,300000,80,mild_slow,90,healthy,10,12.8,26.0,34.7,203204,1.6,3204,3204,2638,0,0,0
dynamic_stress_100d_20pct_hdd,100,57,1000000,5000,1.0,health_ec,15.0,6,300000,350000,80,severe_slow,90,healthy,10,12.7,54.1,77.1,202934,1.5,2934,2934,2398,8,8,0
dynamic_stress_100d_20pct_hdd,100,57,1000000,5000,1.0,health_ec,15.0,7,350000,400000,80,severe_slow,90,healthy,10,12.7,51.8,75.8,202962,1.5,2962,2962,2499,0,0,0
dynamic_stress_100d_20pct_hdd,100,57,1000000,5000,1.0,health_ec,15.0,8,400000,450000,80,severe_slow,90,healthy,10,12.7,51.2,75.6,203040,1.5,3040,3040,2534,0,0,0
dynamic_stress_100d_20pct_hdd,100,57,1000000,5000,1.0,health_ec,15.0,9,450000,500000,80,recovery,90,mild_slow,10,12.9,26.4,36.1,204068,2.0,4068,4068,2998,4,4,0
dynamic_stress_100d_20pct_hdd,100,57,1000000,5000,1.0,health_ec,15.0,10,500000,550000,80,recovery,90,mild_slow,10,12.9,26.0,35.2,203834,1.9,3834,3834,2979,0,0,0
dynamic_stress_100d_20pct_hdd,100,57,1000000,5000,1.0,health_ec,15.0,11,550000,600000,80,healthy,90,severe_slow,10,12.7,53.4,77.9,203288,1.6,3288,3288,2628,6,6,0
dynamic_stress_100d_20pct_hdd,100,57,1000000,5000,1.0,health_ec,15.0,12,600000,650000,80,healthy,90,severe_slow,10,12.7,53.0,75.9,203113,1.6,3113,3113,2554,0,0,0
dynamic_stress_100d_20pct_hdd,100,57,1000000,5000,1.0,health_ec,15.0,13,650000,700000,80,healthy,90,severe_slow,10,12.7,53.3,75.6,203168,1.6,3168,3168,2647,0,0,0
dynamic_stress_100d_20pct_hdd,100,57,1000000,5000,1.0,health_ec,15.0,14,700000,750000,80,mild_slow,90,recovery,10,12.9,24.3,36.4,203703,1.9,3703,3703,3186,0,0,0
dynamic_stress_100d_20pct_hdd,100,57,1000000,5000,1.0,health_ec,15.0,15,750000,800000,80,recovery,90,recovery,0,12.8,18.5,22.4,203114,1.6,3114,3114,2632,0,0,0
dynamic_stress_100d_20pct_hdd,100,57,1000000,5000,1.0,health_ec,15.0,16,800000,850000,80,healthy,90,healthy,0,12.5,16.8,18.8,201068,0.5,1068,1068,856,0,0,0
dynamic_stress_100d_20pct_hdd,100,57,1000000,5000,1.0,health_ec,15.0,17,850000,900000,80,healthy,90,healthy,0,12.5,16.8,18.8,200276,0.1,276,276,227,0,0,0
dynamic_stress_100d_20pct_hdd,100,57,1000000,5000,1.0,health_ec,15.0,18,900000,950000,80,healthy,90,healthy,0,12.5,16.8,18.8,200109,0.1,109,109,94,0,0,0
dynamic_stress_100d_20pct_hdd,100,57,1000000,5000,1.0,health_ec,15.0,19,950000,1000000,80,healthy,90,healthy,0,12.5,16.8,18.8,200023,0.0,23,23,18,0,0,0
dynamic_stress_100d_20pct_hdd,100,58,1000000,5000,1.0,vanilla_ec,15.0,0,0,50000,80,healthy,90,healthy,0,12.5,16.8,18.8,200000,0.0,0,0,0,0,0,0
dynamic_stress_100d_20pct_hdd,100,58,1000000,5000,1.0,vanilla_ec,15.0,1,50000,100000,80,healthy,90,healthy,0,12.5,16.9,18.9,200000,0.0,0,0,0,0,0,0
dynamic_stress_100d_20pct_hdd,100,58,1000000,5000,1.0,vanilla_ec,15.0,2,100000,150000,80,healthy,90,healthy,0,12.5,16.8,18.8,200000,0.0,0,0,0,0,0,0
dynamic_stress_100d_20pct_hdd,100,58,1000000,5000,1.0,vanilla_ec,15.0,3,150000,200000,80,mild_slow,90,healthy,10,12.8,30.3,39.9,200000,0.0,0,0,0,0,0,0
dynamic_stress_100d_20pct_hdd,100,58,1000000,5000,1.0,vanilla_ec,15.0,4,200000,250000,80,mild_slow,90,healthy,10,12.8,29.8,39.5,200000,0.0,0,0,0,0,0,0
dynamic_stress_100d_20pct_hdd,100,58,1000000,5000,1.0,vanilla_ec,15.0,5,250000,300000,80,mild_slow,90,healthy,10,12.8,29.7,39.4,200000,0.0,0,0,0,0,0,0
dynamic_stress_100d_20pct_hdd,100,58,1000000,5000,1.0,vanilla_ec,15.0,6,300000,350000,80,severe_slow,90,healthy,10,12.8,69.4,100.7,200000,0.0,0,0,0,0,0,0
dynamic_stress_100d_20pct_hdd,100,58,1000000,5000,1.0,vanilla_ec,15.0,7,350000,400000,80,severe_slow,90,healthy,10,12.8,69.1,101.3,200000,0.0,0,0,0,0,0,0
dynamic_stress_100d_20pct_hdd,100,58,1000000,5000,1.0,vanilla_ec,15.0,8,400000,450000,80,severe_slow,90,healthy,10,12.8,68.8,97.3,200000,0.0,0,0,0,0,0,0
dynamic_stress_100d_20pct_hdd,100,58,1000000,5000,1.0,vanilla_ec,15.0,9,450000,500000,80,recovery,90,mild_slow,10,13.0,29.8,39.7,200000,0.0,0,0,0,0,0,0
dynamic_stress_100d_20pct_hdd,100,58,1000000,5000,1.0,vanilla_ec,15.0,10,500000,550000,80,recovery,90,mild_slow,10,13.0,29.8,39.5,200000,0.0,0,0,0,0,0,0
dynamic_stress_100d_20pct_hdd,100,58,1000000,5000,1.0,vanilla_ec,15.0,11,550000,600000,80,healthy,90,severe_slow,10,12.8,67.9,97.4,200000,0.0,0,0,0,0,0,0
dynamic_stress_100d_20pct_hdd,100,58,1000000,5000,1.0,vanilla_ec,15.0,12,600000,650000,80,healthy,90,severe_slow,10,12.8,68.5,97.9,200000,0.0,0,0,0,0,0,0
dynamic_stress_100d_20pct_hdd,100,58,1000000,5000,1.0,vanilla_ec,15.0,13,650000,700000,80,healthy,90,severe_slow,10,12.8,69.3,98.3,200000,0.0,0,0,0,0,0,0
dynamic_stress_100d_20pct_hdd,100,58,1000000,5000,1.0,vanilla_ec,15.0,14,700000,750000,80,mild_slow,90,recovery,10,13.0,29.8,39.8,200000,0.0,0,0,0,0,0,0
dynamic_stress_100d_20pct_hdd,100,58,1000000,5000,1.0,vanilla_ec,15.0,15,750000,800000,80,recovery,90,recovery,0,13.0,20.2,24.6,200000,0.0,0,0,0,0,0,0
dynamic_stress_100d_20pct_hdd,100,58,1000000,5000,1.0,vanilla_ec,15.0,16,800000,850000,80,healthy,90,healthy,0,12.5,16.8,18.8,200000,0.0,0,0,0,0,0,0
dynamic_stress_100d_20pct_hdd,100,58,1000000,5000,1.0,vanilla_ec,15.0,17,850000,900000,80,healthy,90,healthy,0,12.5,16.8,18.8,200000,0.0,0,0,0,0,0,0
dynamic_stress_100d_20pct_hdd,100,58,1000000,5000,1.0,vanilla_ec,15.0,18,900000,950000,80,healthy,90,healthy,0,12.5,16.8,18.9,200000,0.0,0,0,0,0,0,0
dynamic_stress_100d_20pct_hdd,100,58,1000000,5000,1.0,vanilla_ec,15.0,19,950000,1000000,80,healthy,90,healthy,0,12.5,16.8,18.8,200000,0.0,0,0,0,0,0,0
dynamic_stress_100d_20pct_hdd,100,58,1000000,5000,1.0,late_binding,15.0,0,0,50000,80,healthy,90,healthy,0,10.7,14.0,15.5,250000,25.0,50000,50000,40050,0,0,0
dynamic_stress_100d_20pct_hdd,100,58,1000000,5000,1.0,late_binding,15.0,1,50000,100000,80,healthy,90,healthy,0,10.7,14.0,15.4,250000,25.0,50000,50000,40123,0,0,0
dynamic_stress_100d_20pct_hdd,100,58,1000000,5000,1.0,late_binding,15.0,2,100000,150000,80,healthy,90,healthy,0,10.7,14.0,15.5,250000,25.0,50000,50000,39957,0,0,0
dynamic_stress_100d_20pct_hdd,100,58,1000000,5000,1.0,late_binding,15.0,3,150000,200000,80,mild_slow,90,healthy,10,11.0,25.4,32.6,250000,25.0,50000,50000,39734,0,0,0
dynamic_stress_100d_20pct_hdd,100,58,1000000,5000,1.0,late_binding,15.0,4,200000,250000,80,mild_slow,90,healthy,10,10.9,25.2,32.5,250000,25.0,50000,50000,39614,0,0,0
dynamic_stress_100d_20pct_hdd,100,58,1000000,5000,1.0,late_binding,15.0,5,250000,300000,80,mild_slow,90,healthy,10,10.9,25.0,32.7,250000,25.0,50000,50000,39704,0,0,0
dynamic_stress_100d_20pct_hdd,100,58,1000000,5000,1.0,late_binding,15.0,6,300000,350000,80,severe_slow,90,healthy,10,10.9,57.8,75.8,250000,25.0,50000,50000,39850,0,0,0
dynamic_stress_100d_20pct_hdd,100,58,1000000,5000,1.0,late_binding,15.0,7,350000,400000,80,severe_slow,90,healthy,10,11.0,58.5,75.3,250000,25.0,50000,50000,39573,0,0,0
dynamic_stress_100d_20pct_hdd,100,58,1000000,5000,1.0,late_binding,15.0,8,400000,450000,80,severe_slow,90,healthy,10,10.9,58.3,75.6,250000,25.0,50000,50000,39654,0,0,0
dynamic_stress_100d_20pct_hdd,100,58,1000000,5000,1.0,late_binding,15.0,9,450000,500000,80,recovery,90,mild_slow,10,11.1,24.8,32.4,250000,25.0,50000,50000,39503,0,0,0
dynamic_stress_100d_20pct_hdd,100,58,1000000,5000,1.0,late_binding,15.0,10,500000,550000,80,recovery,90,mild_slow,10,11.1,24.6,32.4,250000,25.0,50000,50000,39561,0,0,0
dynamic_stress_100d_20pct_hdd,100,58,1000000,5000,1.0,late_binding,15.0,11,550000,600000,80,healthy,90,severe_slow,10,10.9,57.2,75.1,250000,25.0,50000,50000,39808,0,0,0
dynamic_stress_100d_20pct_hdd,100,58,1000000,5000,1.0,late_binding,15.0,12,600000,650000,80,healthy,90,severe_slow,10,10.9,57.3,74.7,250000,25.0,50000,50000,39621,0,0,0
dynamic_stress_100d_20pct_hdd,100,58,1000000,5000,1.0,late_binding,15.0,13,650000,700000,80,healthy,90,severe_slow,10,10.9,58.3,75.4,250000,25.0,50000,50000,39691,0,0,0
dynamic_stress_100d_20pct_hdd,100,58,1000000,5000,1.0,late_binding,15.0,14,700000,750000,80,mild_slow,90,recovery,10,11.1,25.0,32.4,250000,25.0,50000,50000,39886,0,0,0
dynamic_stress_100d_20pct_hdd,100,58,1000000,5000,1.0,late_binding,15.0,15,750000,800000,80,recovery,90,recovery,0,11.1,17.0,20.1,250000,25.0,50000,50000,39880,0,0,0
dynamic_stress_100d_20pct_hdd,100,58,1000000,5000,1.0,late_binding,15.0,16,800000,850000,80,healthy,90,healthy,0,10.7,14.0,15.4,250000,25.0,50000,50000,39961,0,0,0
dynamic_stress_100d_20pct_hdd,100,58,1000000,5000,1.0,late_binding,15.0,17,850000,900000,80,healthy,90,healthy,0,10.7,14.0,15.4,250000,25.0,50000,50000,40126,0,0,0
dynamic_stress_100d_20pct_hdd,100,58,1000000,5000,1.0,late_binding,15.0,18,900000,950000,80,healthy,90,healthy,0,10.7,14.0,15.5,250000,25.0,50000,50000,40027,0,0,0
dynamic_stress_100d_20pct_hdd,100,58,1000000,5000,1.0,late_binding,15.0,19,950000,1000000,80,healthy,90,healthy,0,10.7,14.0,15.5,250000,25.0,50000,50000,40014,0,0,0
dynamic_stress_100d_20pct_hdd,100,58,1000000,5000,1.0,timeout_degraded_read,15.0,0,0,50000,80,healthy,90,healthy,0,12.5,16.8,18.7,208104,4.1,8104,8104,209,0,0,0
dynamic_stress_100d_20pct_hdd,100,58,1000000,5000,1.0,timeout_degraded_read,15.0,1,50000,100000,80,healthy,90,healthy,0,12.5,16.9,18.8,208218,4.1,8218,8218,184,0,0,0
dynamic_stress_100d_20pct_hdd,100,58,1000000,5000,1.0,timeout_degraded_read,15.0,2,100000,150000,80,healthy,90,healthy,0,12.5,16.8,18.7,208185,4.1,8185,8185,203,0,0,0
dynamic_stress_100d_20pct_hdd,100,58,1000000,5000,1.0,timeout_degraded_read,15.0,3,150000,200000,80,mild_slow,90,healthy,10,12.8,28.0,36.3,211889,5.9,11889,11889,1984,0,0,0
dynamic_stress_100d_20pct_hdd,100,58,1000000,5000,1.0,timeout_degraded_read,15.0,4,200000,250000,80,mild_slow,90,healthy,10,12.8,27.8,36.0,211725,5.9,11725,11725,1949,0,0,0
dynamic_stress_100d_20pct_hdd,100,58,1000000,5000,1.0,timeout_degraded_read,15.0,5,250000,300000,80,mild_slow,90,healthy,10,12.8,27.7,36.0,211611,5.8,11611,11611,1947,0,0,0
dynamic_stress_100d_20pct_hdd,100,58,1000000,5000,1.0,timeout_degraded_read,15.0,6,300000,350000,80,severe_slow,90,healthy,10,12.8,60.8,79.2,211791,5.9,11791,11791,3153,0,0,0
dynamic_stress_100d_20pct_hdd,100,58,1000000,5000,1.0,timeout_degraded_read,15.0,7,350000,400000,80,severe_slow,90,healthy,10,12.8,61.3,78.8,211718,5.9,11718,11718,3076,0,0,0
dynamic_stress_100d_20pct_hdd,100,58,1000000,5000,1.0,timeout_degraded_read,15.0,8,400000,450000,80,severe_slow,90,healthy,10,12.8,60.8,79.0,211524,5.8,11524,11524,3099,0,0,0
dynamic_stress_100d_20pct_hdd,100,58,1000000,5000,1.0,timeout_degraded_read,15.0,9,450000,500000,80,recovery,90,mild_slow,10,13.0,27.4,35.7,213945,7.0,13945,13945,2254,0,0,0
dynamic_stress_100d_20pct_hdd,100,58,1000000,5000,1.0,timeout_degraded_read,15.0,10,500000,550000,80,recovery,90,mild_slow,10,13.0,27.4,35.8,213851,6.9,13851,13851,2208,0,0,0
dynamic_stress_100d_20pct_hdd,100,58,1000000,5000,1.0,timeout_degraded_read,15.0,11,550000,600000,80,healthy,90,severe_slow,10,12.8,59.5,78.6,211596,5.8,11596,11596,3023,0,0,0
dynamic_stress_100d_20pct_hdd,100,58,1000000,5000,1.0,timeout_degraded_read,15.0,12,600000,650000,80,healthy,90,severe_slow,10,12.8,59.1,78.1,211550,5.8,11550,11550,3146,0,0,0
dynamic_stress_100d_20pct_hdd,100,58,1000000,5000,1.0,timeout_degraded_read,15.0,13,650000,700000,80,healthy,90,severe_slow,10,12.8,60.5,78.7,211604,5.8,11604,11604,3142,0,0,0
dynamic_stress_100d_20pct_hdd,100,58,1000000,5000,1.0,timeout_degraded_read,15.0,14,700000,750000,80,mild_slow,90,recovery,10,13.0,28.2,36.0,213906,7.0,13906,13906,1967,0,0,0
dynamic_stress_100d_20pct_hdd,100,58,1000000,5000,1.0,timeout_degraded_read,15.0,15,750000,800000,80,recovery,90,recovery,0,13.0,20.0,23.9,212957,6.5,12957,12957,792,0,0,0
dynamic_stress_100d_20pct_hdd,100,58,1000000,5000,1.0,timeout_degraded_read,15.0,16,800000,850000,80,healthy,90,healthy,0,12.5,16.8,18.7,208115,4.1,8115,8115,168,0,0,0
dynamic_stress_100d_20pct_hdd,100,58,1000000,5000,1.0,timeout_degraded_read,15.0,17,850000,900000,80,healthy,90,healthy,0,12.5,16.8,18.7,207979,4.0,7979,7979,169,0,0,0
dynamic_stress_100d_20pct_hdd,100,58,1000000,5000,1.0,timeout_degraded_read,15.0,18,900000,950000,80,healthy,90,healthy,0,12.5,16.8,18.8,208048,4.0,8048,8048,179,0,0,0
dynamic_stress_100d_20pct_hdd,100,58,1000000,5000,1.0,timeout_degraded_read,15.0,19,950000,1000000,80,healthy,90,healthy,0,12.5,16.8,18.7,207998,4.0,7998,7998,178,0,0,0
dynamic_stress_100d_20pct_hdd,100,58,1000000,5000,1.0,health_ec,15.0,0,0,50000,80,healthy,90,healthy,0,12.5,16.8,18.8,200000,0.0,0,0,0,0,0,0
dynamic_stress_100d_20pct_hdd,100,58,1000000,5000,1.0,health_ec,15.0,1,50000,100000,80,healthy,90,healthy,0,12.5,16.9,18.9,200000,0.0,0,0,0,0,0,0
dynamic_stress_100d_20pct_hdd,100,58,1000000,5000,1.0,health_ec,15.0,2,100000,150000,80,healthy,90,healthy,0,12.5,16.8,18.8,200000,0.0,0,0,0,0,0,0
dynamic_stress_100d_20pct_hdd,100,58,1000000,5000,1.0,health_ec,15.0,3,150000,200000,80,mild_slow,90,healthy,10,12.8,27.5,37.1,202162,1.1,2162,2162,1812,1,1,0
dynamic_stress_100d_20pct_hdd,100,58,1000000,5000,1.0,health_ec,15.0,4,200000,250000,80,mild_slow,90,healthy,10,12.8,26.5,35.1,202818,1.4,2818,2818,2338,0,0,0
dynamic_stress_100d_20pct_hdd,100,58,1000000,5000,1.0,health_ec,15.0,5,250000,300000,80,mild_slow,90,healthy,10,12.8,26.1,34.9,203028,1.5,3028,3028,2525,0,0,0
dynamic_stress_100d_20pct_hdd,100,58,1000000,5000,1.0,health_ec,15.0,6,300000,350000,80,severe_slow,90,healthy,10,12.7,53.8,76.9,202900,1.5,2900,2900,2447,9,9,0
dynamic_stress_100d_20pct_hdd,100,58,1000000,5000,1.0,health_ec,15.0,7,350000,400000,80,severe_slow,90,healthy,10,12.7,53.4,75.5,203093,1.5,3093,3093,2594,0,0,0
dynamic_stress_100d_20pct_hdd,100,58,1000000,5000,1.0,health_ec,15.0,8,400000,450000,80,severe_slow,90,healthy,10,12.7,52.4,75.0,203133,1.6,3133,3133,2649,0,0,0
dynamic_stress_100d_20pct_hdd,100,58,1000000,5000,1.0,health_ec,15.0,9,450000,500000,80,recovery,90,mild_slow,10,12.9,26.1,36.1,204190,2.1,4190,4190,3152,4,4,0
dynamic_stress_100d_20pct_hdd,100,58,1000000,5000,1.0,health_ec,15.0,10,500000,550000,80,recovery,90,mild_slow,10,12.9,25.2,35.1,203822,1.9,3822,3822,3004,0,0,0
dynamic_stress_100d_20pct_hdd,100,58,1000000,5000,1.0,health_ec,15.0,11,550000,600000,80,healthy,90,severe_slow,10,12.7,53.8,76.9,203208,1.6,3208,3208,2553,6,6,0
dynamic_stress_100d_20pct_hdd,100,58,1000000,5000,1.0,health_ec,15.0,12,600000,650000,80,healthy,90,severe_slow,10,12.7,52.5,75.4,203104,1.6,3104,3104,2547,0,0,0
dynamic_stress_100d_20pct_hdd,100,58,1000000,5000,1.0,health_ec,15.0,13,650000,700000,80,healthy,90,severe_slow,10,12.7,53.4,75.0,203231,1.6,3231,3231,2686,0,0,0
dynamic_stress_100d_20pct_hdd,100,58,1000000,5000,1.0,health_ec,15.0,14,700000,750000,80,mild_slow,90,recovery,10,12.8,24.3,36.2,203468,1.7,3468,3468,2991,0,0,0
dynamic_stress_100d_20pct_hdd,100,58,1000000,5000,1.0,health_ec,15.0,15,750000,800000,80,recovery,90,recovery,0,12.8,18.5,22.4,203073,1.5,3073,3073,2538,0,0,0
dynamic_stress_100d_20pct_hdd,100,58,1000000,5000,1.0,health_ec,15.0,16,800000,850000,80,healthy,90,healthy,0,12.5,16.8,18.8,201167,0.6,1167,1167,924,0,0,0
dynamic_stress_100d_20pct_hdd,100,58,1000000,5000,1.0,health_ec,15.0,17,850000,900000,80,healthy,90,healthy,0,12.5,16.8,18.8,200314,0.2,314,314,245,0,0,0
dynamic_stress_100d_20pct_hdd,100,58,1000000,5000,1.0,health_ec,15.0,18,900000,950000,80,healthy,90,healthy,0,12.5,16.8,18.9,200099,0.0,99,99,81,0,0,0
dynamic_stress_100d_20pct_hdd,100,58,1000000,5000,1.0,health_ec,15.0,19,950000,1000000,80,healthy,90,healthy,0,12.5,16.8,18.8,200045,0.0,45,45,38,0,0,0
dynamic_stress_100d_20pct_hdd,100,59,1000000,5000,1.0,vanilla_ec,15.0,0,0,50000,80,healthy,90,healthy,0,12.5,16.9,18.8,200000,0.0,0,0,0,0,0,0
dynamic_stress_100d_20pct_hdd,100,59,1000000,5000,1.0,vanilla_ec,15.0,1,50000,100000,80,healthy,90,healthy,0,12.5,16.8,18.9,200000,0.0,0,0,0,0,0,0
dynamic_stress_100d_20pct_hdd,100,59,1000000,5000,1.0,vanilla_ec,15.0,2,100000,150000,80,healthy,90,healthy,0,12.5,16.8,18.8,200000,0.0,0,0,0,0,0,0
dynamic_stress_100d_20pct_hdd,100,59,1000000,5000,1.0,vanilla_ec,15.0,3,150000,200000,80,mild_slow,90,healthy,10,12.8,30.1,39.6,200000,0.0,0,0,0,0,0,0
dynamic_stress_100d_20pct_hdd,100,59,1000000,5000,1.0,vanilla_ec,15.0,4,200000,250000,80,mild_slow,90,healthy,10,12.8,29.8,39.8,200000,0.0,0,0,0,0,0,0
dynamic_stress_100d_20pct_hdd,100,59,1000000,5000,1.0,vanilla_ec,15.0,5,250000,300000,80,mild_slow,90,healthy,10,12.8,30.0,39.5,200000,0.0,0,0,0,0,0,0
dynamic_stress_100d_20pct_hdd,100,59,1000000,5000,1.0,vanilla_ec,15.0,6,300000,350000,80,severe_slow,90,healthy,10,12.8,69.3,97.7,200000,0.0,0,0,0,0,0,0
dynamic_stress_100d_20pct_hdd,100,59,1000000,5000,1.0,vanilla_ec,15.0,7,350000,400000,80,severe_slow,90,healthy,10,12.8,69.7,97.3,200000,0.0,0,0,0,0,0,0
dynamic_stress_100d_20pct_hdd,100,59,1000000,5000,1.0,vanilla_ec,15.0,8,400000,450000,80,severe_slow,90,healthy,10,12.8,68.9,97.4,200000,0.0,0,0,0,0,0,0
dynamic_stress_100d_20pct_hdd,100,59,1000000,5000,1.0,vanilla_ec,15.0,9,450000,500000,80,recovery,90,mild_slow,10,13.0,29.8,39.9,200000,0.0,0,0,0,0,0,0
dynamic_stress_100d_20pct_hdd,100,59,1000000,5000,1.0,vanilla_ec,15.0,10,500000,550000,80,recovery,90,mild_slow,10,13.0,30.0,40.2,200000,0.0,0,0,0,0,0,0
dynamic_stress_100d_20pct_hdd,100,59,1000000,5000,1.0,vanilla_ec,15.0,11,550000,600000,80,healthy,90,severe_slow,10,12.7,68.6,99.2,200000,0.0,0,0,0,0,0,0
dynamic_stress_100d_20pct_hdd,100,59,1000000,5000,1.0,vanilla_ec,15.0,12,600000,650000,80,healthy,90,severe_slow,10,12.8,68.1,99.5,200000,0.0,0,0,0,0,0,0
dynamic_stress_100d_20pct_hdd,100,59,1000000,5000,1.0,vanilla_ec,15.0,13,650000,700000,80,healthy,90,severe_slow,10,12.8,69.0,99.3,200000,0.0,0,0,0,0,0,0
dynamic_stress_100d_20pct_hdd,100,59,1000000,5000,1.0,vanilla_ec,15.0,14,700000,750000,80,mild_slow,90,recovery,10,13.0,30.2,39.8,200000,0.0,0,0,0,0,0,0
dynamic_stress_100d_20pct_hdd,100,59,1000000,5000,1.0,vanilla_ec,15.0,15,750000,800000,80,recovery,90,recovery,0,13.0,20.3,24.6,200000,0.0,0,0,0,0,0,0
dynamic_stress_100d_20pct_hdd,100,59,1000000,5000,1.0,vanilla_ec,15.0,16,800000,850000,80,healthy,90,healthy,0,12.5,16.8,18.8,200000,0.0,0,0,0,0,0,0
dynamic_stress_100d_20pct_hdd,100,59,1000000,5000,1.0,vanilla_ec,15.0,17,850000,900000,80,healthy,90,healthy,0,12.5,16.8,18.9,200000,0.0,0,0,0,0,0,0
dynamic_stress_100d_20pct_hdd,100,59,1000000,5000,1.0,vanilla_ec,15.0,18,900000,950000,80,healthy,90,healthy,0,12.5,16.8,18.9,200000,0.0,0,0,0,0,0,0
dynamic_stress_100d_20pct_hdd,100,59,1000000,5000,1.0,vanilla_ec,15.0,19,950000,1000000,80,healthy,90,healthy,0,12.5,16.8,18.9,200000,0.0,0,0,0,0,0,0
dynamic_stress_100d_20pct_hdd,100,59,1000000,5000,1.0,late_binding,15.0,0,0,50000,80,healthy,90,healthy,0,10.7,14.0,15.5,250000,25.0,50000,50000,40128,0,0,0
dynamic_stress_100d_20pct_hdd,100,59,1000000,5000,1.0,late_binding,15.0,1,50000,100000,80,healthy,90,healthy,0,10.7,14.0,15.5,250000,25.0,50000,50000,40009,0,0,0
dynamic_stress_100d_20pct_hdd,100,59,1000000,5000,1.0,late_binding,15.0,2,100000,150000,80,healthy,90,healthy,0,10.7,14.0,15.5,250000,25.0,50000,50000,40031,0,0,0
dynamic_stress_100d_20pct_hdd,100,59,1000000,5000,1.0,late_binding,15.0,3,150000,200000,80,mild_slow,90,healthy,10,10.9,25.4,32.4,250000,25.0,50000,50000,39751,0,0,0
dynamic_stress_100d_20pct_hdd,100,59,1000000,5000,1.0,late_binding,15.0,4,200000,250000,80,mild_slow,90,healthy,10,10.9,25.1,32.6,250000,25.0,50000,50000,39738,0,0,0
dynamic_stress_100d_20pct_hdd,100,59,1000000,5000,1.0,late_binding,15.0,5,250000,300000,80,mild_slow,90,healthy,10,11.0,25.3,32.9,250000,25.0,50000,50000,39601,0,0,0
dynamic_stress_100d_20pct_hdd,100,59,1000000,5000,1.0,late_binding,15.0,6,300000,350000,80,severe_slow,90,healthy,10,10.9,58.0,75.8,250000,25.0,50000,50000,39697,0,0,0
dynamic_stress_100d_20pct_hdd,100,59,1000000,5000,1.0,late_binding,15.0,7,350000,400000,80,severe_slow,90,healthy,10,10.9,58.2,75.3,250000,25.0,50000,50000,39685,0,0,0
dynamic_stress_100d_20pct_hdd,100,59,1000000,5000,1.0,late_binding,15.0,8,400000,450000,80,severe_slow,90,healthy,10,10.9,57.9,75.3,250000,25.0,50000,50000,39611,0,0,0
dynamic_stress_100d_20pct_hdd,100,59,1000000,5000,1.0,late_binding,15.0,9,450000,500000,80,recovery,90,mild_slow,10,11.1,25.0,32.9,250000,25.0,50000,50000,39591,0,0,0
dynamic_stress_100d_20pct_hdd,100,59,1000000,5000,1.0,late_binding,15.0,10,500000,550000,80,recovery,90,mild_slow,10,11.1,24.8,32.4,250000,25.0,50000,50000,39585,0,0,0
dynamic_stress_100d_20pct_hdd,100,59,1000000,5000,1.0,late_binding,15.0,11,550000,600000,80,healthy,90,severe_slow,10,10.9,57.7,76.1,250000,25.0,50000,50000,39667,0,0,0
dynamic_stress_100d_20pct_hdd,100,59,1000000,5000,1.0,late_binding,15.0,12,600000,650000,80,healthy,90,severe_slow,10,11.0,57.1,75.8,250000,25.0,50000,50000,39660,0,0,0
dynamic_stress_100d_20pct_hdd,100,59,1000000,5000,1.0,late_binding,15.0,13,650000,700000,80,healthy,90,severe_slow,10,11.0,57.5,75.4,250000,25.0,50000,50000,39753,0,0,0
dynamic_stress_100d_20pct_hdd,100,59,1000000,5000,1.0,late_binding,15.0,14,700000,750000,80,mild_slow,90,recovery,10,11.1,25.3,32.5,250000,25.0,50000,50000,39828,0,0,0
dynamic_stress_100d_20pct_hdd,100,59,1000000,5000,1.0,late_binding,15.0,15,750000,800000,80,recovery,90,recovery,0,11.1,17.0,20.2,250000,25.0,50000,50000,40069,0,0,0
dynamic_stress_100d_20pct_hdd,100,59,1000000,5000,1.0,late_binding,15.0,16,800000,850000,80,healthy,90,healthy,0,10.7,14.1,15.5,250000,25.0,50000,50000,39877,0,0,0
dynamic_stress_100d_20pct_hdd,100,59,1000000,5000,1.0,late_binding,15.0,17,850000,900000,80,healthy,90,healthy,0,10.7,14.0,15.5,250000,25.0,50000,50000,39807,0,0,0
dynamic_stress_100d_20pct_hdd,100,59,1000000,5000,1.0,late_binding,15.0,18,900000,950000,80,healthy,90,healthy,0,10.7,14.0,15.4,250000,25.0,50000,50000,39935,0,0,0
dynamic_stress_100d_20pct_hdd,100,59,1000000,5000,1.0,late_binding,15.0,19,950000,1000000,80,healthy,90,healthy,0,10.7,14.0,15.4,250000,25.0,50000,50000,39908,0,0,0
dynamic_stress_100d_20pct_hdd,100,59,1000000,5000,1.0,timeout_degraded_read,15.0,0,0,50000,80,healthy,90,healthy,0,12.5,16.8,18.8,208330,4.2,8330,8330,170,0,0,0
dynamic_stress_100d_20pct_hdd,100,59,1000000,5000,1.0,timeout_degraded_read,15.0,1,50000,100000,80,healthy,90,healthy,0,12.5,16.8,18.8,208331,4.2,8331,8331,198,0,0,0
dynamic_stress_100d_20pct_hdd,100,59,1000000,5000,1.0,timeout_degraded_read,15.0,2,100000,150000,80,healthy,90,healthy,0,12.5,16.8,18.7,208212,4.1,8212,8212,204,0,0,0
dynamic_stress_100d_20pct_hdd,100,59,1000000,5000,1.0,timeout_degraded_read,15.0,3,150000,200000,80,mild_slow,90,healthy,10,12.8,28.0,36.3,211751,5.9,11751,11751,1970,0,0,0
dynamic_stress_100d_20pct_hdd,100,59,1000000,5000,1.0,timeout_degraded_read,15.0,4,200000,250000,80,mild_slow,90,healthy,10,12.8,27.8,36.2,211557,5.8,11557,11557,1922,0,0,0
dynamic_stress_100d_20pct_hdd,100,59,1000000,5000,1.0,timeout_degraded_read,15.0,5,250000,300000,80,mild_slow,90,healthy,10,12.8,27.8,36.2,211658,5.8,11658,11658,1955,0,0,0
dynamic_stress_100d_20pct_hdd,100,59,1000000,5000,1.0,timeout_degraded_read,15.0,6,300000,350000,80,severe_slow,90,healthy,10,12.8,61.0,79.6,211722,5.9,11722,11722,3091,0,0,0
dynamic_stress_100d_20pct_hdd,100,59,1000000,5000,1.0,timeout_degraded_read,15.0,7,350000,400000,80,severe_slow,90,healthy,10,12.8,60.7,79.4,211669,5.8,11669,11669,3104,0,0,0
dynamic_stress_100d_20pct_hdd,100,59,1000000,5000,1.0,timeout_degraded_read,15.0,8,400000,450000,80,severe_slow,90,healthy,10,12.8,60.6,79.0,211649,5.8,11649,11649,3029,0,0,0
dynamic_stress_100d_20pct_hdd,100,59,1000000,5000,1.0,timeout_degraded_read,15.0,9,450000,500000,80,recovery,90,mild_slow,10,13.0,27.5,36.1,213983,7.0,13983,13983,2227,0,0,0
dynamic_stress_100d_20pct_hdd,100,59,1000000,5000,1.0,timeout_degraded_read,15.0,10,500000,550000,80,recovery,90,mild_slow,10,13.0,27.5,35.9,213912,7.0,13912,13912,2249,0,0,0
dynamic_stress_100d_20pct_hdd,100,59,1000000,5000,1.0,timeout_degraded_read,15.0,11,550000,600000,80,healthy,90,severe_slow,10,12.7,60.2,78.9,211501,5.8,11501,11501,3135,0,0,0
dynamic_stress_100d_20pct_hdd,100,59,1000000,5000,1.0,timeout_degraded_read,15.0,12,600000,650000,80,healthy,90,severe_slow,10,12.8,59.3,79.3,211486,5.7,11486,11486,3123,0,0,0
dynamic_stress_100d_20pct_hdd,100,59,1000000,5000,1.0,timeout_degraded_read,15.0,13,650000,700000,80,healthy,90,severe_slow,10,12.8,59.8,78.3,211443,5.7,11443,11443,3090,0,0,0
dynamic_stress_100d_20pct_hdd,100,59,1000000,5000,1.0,timeout_degraded_read,15.0,14,700000,750000,80,mild_slow,90,recovery,10,13.0,28.7,36.4,214061,7.0,14061,14061,1948,0,0,0
dynamic_stress_100d_20pct_hdd,100,59,1000000,5000,1.0,timeout_degraded_read,15.0,15,750000,800000,80,recovery,90,recovery,0,13.0,20.1,24.0,213401,6.7,13401,13401,780,0,0,0
dynamic_stress_100d_20pct_hdd,100,59,1000000,5000,1.0,timeout_degraded_read,15.0,16,800000,850000,80,healthy,90,healthy,0,12.5,16.8,18.7,208209,4.1,8209,8209,176,0,0,0
dynamic_stress_100d_20pct_hdd,100,59,1000000,5000,1.0,timeout_degraded_read,15.0,17,850000,900000,80,healthy,90,healthy,0,12.5,16.8,18.8,208155,4.1,8155,8155,209,0,0,0
dynamic_stress_100d_20pct_hdd,100,59,1000000,5000,1.0,timeout_degraded_read,15.0,18,900000,950000,80,healthy,90,healthy,0,12.5,16.8,18.8,208141,4.1,8141,8141,208,0,0,0
dynamic_stress_100d_20pct_hdd,100,59,1000000,5000,1.0,timeout_degraded_read,15.0,19,950000,1000000,80,healthy,90,healthy,0,12.5,16.8,18.8,208103,4.1,8103,8103,175,0,0,0
dynamic_stress_100d_20pct_hdd,100,59,1000000,5000,1.0,health_ec,15.0,0,0,50000,80,healthy,90,healthy,0,12.5,16.9,18.8,200000,0.0,0,0,0,0,0,0
dynamic_stress_100d_20pct_hdd,100,59,1000000,5000,1.0,health_ec,15.0,1,50000,100000,80,healthy,90,healthy,0,12.5,16.8,18.9,200000,0.0,0,0,0,0,0,0
dynamic_stress_100d_20pct_hdd,100,59,1000000,5000,1.0,health_ec,15.0,2,100000,150000,80,healthy,90,healthy,0,12.5,16.8,18.8,200000,0.0,0,0,0,0,0,0
dynamic_stress_100d_20pct_hdd,100,59,1000000,5000,1.0,health_ec,15.0,3,150000,200000,80,mild_slow,90,healthy,10,12.8,27.4,36.7,202209,1.1,2209,2209,1755,2,2,0
dynamic_stress_100d_20pct_hdd,100,59,1000000,5000,1.0,health_ec,15.0,4,200000,250000,80,mild_slow,90,healthy,10,12.7,25.9,35.3,202854,1.4,2854,2854,2312,1,1,0
dynamic_stress_100d_20pct_hdd,100,59,1000000,5000,1.0,health_ec,15.0,5,250000,300000,80,mild_slow,90,healthy,10,12.8,25.7,34.9,203095,1.5,3095,3095,2560,0,0,0
dynamic_stress_100d_20pct_hdd,100,59,1000000,5000,1.0,health_ec,15.0,6,300000,350000,80,severe_slow,90,healthy,10,12.7,54.1,77.3,202894,1.4,2894,2894,2426,7,7,0
dynamic_stress_100d_20pct_hdd,100,59,1000000,5000,1.0,health_ec,15.0,7,350000,400000,80,severe_slow,90,healthy,10,12.7,53.0,75.7,203070,1.5,3070,3070,2603,0,0,0
dynamic_stress_100d_20pct_hdd,100,59,1000000,5000,1.0,health_ec,15.0,8,400000,450000,80,severe_slow,90,healthy,10,12.7,52.2,74.9,203087,1.5,3087,3087,2570,0,0,0
dynamic_stress_100d_20pct_hdd,100,59,1000000,5000,1.0,health_ec,15.0,9,450000,500000,80,recovery,90,mild_slow,10,12.9,26.5,36.4,204047,2.0,4047,4047,3022,5,5,0
dynamic_stress_100d_20pct_hdd,100,59,1000000,5000,1.0,health_ec,15.0,10,500000,550000,80,recovery,90,mild_slow,10,12.9,25.4,35.3,203803,1.9,3803,3803,2951,1,1,0
dynamic_stress_100d_20pct_hdd,100,59,1000000,5000,1.0,health_ec,15.0,11,550000,600000,80,healthy,90,severe_slow,10,12.7,54.7,77.8,203340,1.7,3340,3340,2649,5,5,0
dynamic_stress_100d_20pct_hdd,100,59,1000000,5000,1.0,health_ec,15.0,12,600000,650000,80,healthy,90,severe_slow,10,12.7,52.3,75.6,203090,1.5,3090,3090,2528,0,0,0
dynamic_stress_100d_20pct_hdd,100,59,1000000,5000,1.0,health_ec,15.0,13,650000,700000,80,healthy,90,severe_slow,10,12.7,52.1,75.1,203112,1.6,3112,3112,2584,0,0,0
dynamic_stress_100d_20pct_hdd,100,59,1000000,5000,1.0,health_ec,15.0,14,700000,750000,80,mild_slow,90,recovery,10,12.8,24.9,35.9,203721,1.9,3721,3721,3221,0,0,0
dynamic_stress_100d_20pct_hdd,100,59,1000000,5000,1.0,health_ec,15.0,15,750000,800000,80,recovery,90,recovery,0,12.8,18.5,22.4,203253,1.6,3253,3253,2723,0,0,0
dynamic_stress_100d_20pct_hdd,100,59,1000000,5000,1.0,health_ec,15.0,16,800000,850000,80,healthy,90,healthy,0,12.4,16.8,18.8,201236,0.6,1236,1236,963,0,0,0
dynamic_stress_100d_20pct_hdd,100,59,1000000,5000,1.0,health_ec,15.0,17,850000,900000,80,healthy,90,healthy,0,12.5,16.8,18.9,200295,0.1,295,295,242,0,0,0
dynamic_stress_100d_20pct_hdd,100,59,1000000,5000,1.0,health_ec,15.0,18,900000,950000,80,healthy,90,healthy,0,12.5,16.8,18.8,200090,0.0,90,90,69,0,0,0
dynamic_stress_100d_20pct_hdd,100,59,1000000,5000,1.0,health_ec,15.0,19,950000,1000000,80,healthy,90,healthy,0,12.5,16.8,18.9,200031,0.0,31,31,26,0,0,0
dynamic_stress_100d_20pct_hdd,100,60,1000000,5000,1.0,vanilla_ec,15.0,0,0,50000,80,healthy,90,healthy,0,12.5,16.8,18.8,200000,0.0,0,0,0,0,0,0
dynamic_stress_100d_20pct_hdd,100,60,1000000,5000,1.0,vanilla_ec,15.0,1,50000,100000,80,healthy,90,healthy,0,12.5,16.8,18.8,200000,0.0,0,0,0,0,0,0
dynamic_stress_100d_20pct_hdd,100,60,1000000,5000,1.0,vanilla_ec,15.0,2,100000,150000,80,healthy,90,healthy,0,12.5,16.8,18.8,200000,0.0,0,0,0,0,0,0
dynamic_stress_100d_20pct_hdd,100,60,1000000,5000,1.0,vanilla_ec,15.0,3,150000,200000,80,mild_slow,90,healthy,10,12.8,29.9,39.3,200000,0.0,0,0,0,0,0,0
dynamic_stress_100d_20pct_hdd,100,60,1000000,5000,1.0,vanilla_ec,15.0,4,200000,250000,80,mild_slow,90,healthy,10,12.8,29.9,39.4,200000,0.0,0,0,0,0,0,0
dynamic_stress_100d_20pct_hdd,100,60,1000000,5000,1.0,vanilla_ec,15.0,5,250000,300000,80,mild_slow,90,healthy,10,12.8,29.6,39.1,200000,0.0,0,0,0,0,0,0
dynamic_stress_100d_20pct_hdd,100,60,1000000,5000,1.0,vanilla_ec,15.0,6,300000,350000,80,severe_slow,90,healthy,10,12.8,68.6,97.3,200000,0.0,0,0,0,0,0,0
dynamic_stress_100d_20pct_hdd,100,60,1000000,5000,1.0,vanilla_ec,15.0,7,350000,400000,80,severe_slow,90,healthy,10,12.8,69.3,100.9,200000,0.0,0,0,0,0,0,0
dynamic_stress_100d_20pct_hdd,100,60,1000000,5000,1.0,vanilla_ec,15.0,8,400000,450000,80,severe_slow,90,healthy,10,12.8,69.3,97.5,200000,0.0,0,0,0,0,0,0
dynamic_stress_100d_20pct_hdd,100,60,1000000,5000,1.0,vanilla_ec,15.0,9,450000,500000,80,recovery,90,mild_slow,10,13.0,29.6,39.9,200000,0.0,0,0,0,0,0,0
dynamic_stress_100d_20pct_hdd,100,60,1000000,5000,1.0,vanilla_ec,15.0,10,500000,550000,80,recovery,90,mild_slow,10,13.0,29.8,40.6,200000,0.0,0,0,0,0,0,0
dynamic_stress_100d_20pct_hdd,100,60,1000000,5000,1.0,vanilla_ec,15.0,11,550000,600000,80,healthy,90,severe_slow,10,12.8,69.4,101.1,200000,0.0,0,0,0,0,0,0
dynamic_stress_100d_20pct_hdd,100,60,1000000,5000,1.0,vanilla_ec,15.0,12,600000,650000,80,healthy,90,severe_slow,10,12.7,68.1,97.4,200000,0.0,0,0,0,0,0,0
dynamic_stress_100d_20pct_hdd,100,60,1000000,5000,1.0,vanilla_ec,15.0,13,650000,700000,80,healthy,90,severe_slow,10,12.8,68.6,98.6,200000,0.0,0,0,0,0,0,0
dynamic_stress_100d_20pct_hdd,100,60,1000000,5000,1.0,vanilla_ec,15.0,14,700000,750000,80,mild_slow,90,recovery,10,13.0,30.0,39.8,200000,0.0,0,0,0,0,0,0
dynamic_stress_100d_20pct_hdd,100,60,1000000,5000,1.0,vanilla_ec,15.0,15,750000,800000,80,recovery,90,recovery,0,13.0,20.2,24.5,200000,0.0,0,0,0,0,0,0
dynamic_stress_100d_20pct_hdd,100,60,1000000,5000,1.0,vanilla_ec,15.0,16,800000,850000,80,healthy,90,healthy,0,12.5,16.8,18.7,200000,0.0,0,0,0,0,0,0
dynamic_stress_100d_20pct_hdd,100,60,1000000,5000,1.0,vanilla_ec,15.0,17,850000,900000,80,healthy,90,healthy,0,12.5,16.8,18.7,200000,0.0,0,0,0,0,0,0
dynamic_stress_100d_20pct_hdd,100,60,1000000,5000,1.0,vanilla_ec,15.0,18,900000,950000,80,healthy,90,healthy,0,12.5,16.8,18.9,200000,0.0,0,0,0,0,0,0
dynamic_stress_100d_20pct_hdd,100,60,1000000,5000,1.0,vanilla_ec,15.0,19,950000,1000000,80,healthy,90,healthy,0,12.5,16.8,18.8,200000,0.0,0,0,0,0,0,0
dynamic_stress_100d_20pct_hdd,100,60,1000000,5000,1.0,late_binding,15.0,0,0,50000,80,healthy,90,healthy,0,10.7,14.0,15.4,250000,25.0,50000,50000,39930,0,0,0
dynamic_stress_100d_20pct_hdd,100,60,1000000,5000,1.0,late_binding,15.0,1,50000,100000,80,healthy,90,healthy,0,10.7,14.0,15.5,250000,25.0,50000,50000,40110,0,0,0
dynamic_stress_100d_20pct_hdd,100,60,1000000,5000,1.0,late_binding,15.0,2,100000,150000,80,healthy,90,healthy,0,10.7,14.0,15.4,250000,25.0,50000,50000,40063,0,0,0
dynamic_stress_100d_20pct_hdd,100,60,1000000,5000,1.0,late_binding,15.0,3,150000,200000,80,mild_slow,90,healthy,10,10.9,25.0,32.7,250000,25.0,50000,50000,39859,0,0,0
dynamic_stress_100d_20pct_hdd,100,60,1000000,5000,1.0,late_binding,15.0,4,200000,250000,80,mild_slow,90,healthy,10,11.0,25.1,32.5,250000,25.0,50000,50000,39708,0,0,0
dynamic_stress_100d_20pct_hdd,100,60,1000000,5000,1.0,late_binding,15.0,5,250000,300000,80,mild_slow,90,healthy,10,11.0,24.9,32.5,250000,25.0,50000,50000,39494,0,0,0
dynamic_stress_100d_20pct_hdd,100,60,1000000,5000,1.0,late_binding,15.0,6,300000,350000,80,severe_slow,90,healthy,10,10.9,57.7,75.8,250000,25.0,50000,50000,39697,0,0,0
dynamic_stress_100d_20pct_hdd,100,60,1000000,5000,1.0,late_binding,15.0,7,350000,400000,80,severe_slow,90,healthy,10,10.9,58.2,75.6,250000,25.0,50000,50000,39681,0,0,0
dynamic_stress_100d_20pct_hdd,100,60,1000000,5000,1.0,late_binding,15.0,8,400000,450000,80,severe_slow,90,healthy,10,11.0,58.5,75.7,250000,25.0,50000,50000,39610,0,0,0
dynamic_stress_100d_20pct_hdd,100,60,1000000,5000,1.0,late_binding,15.0,9,450000,500000,80,recovery,90,mild_slow,10,11.1,24.7,32.4,250000,25.0,50000,50000,39557,0,0,0
dynamic_stress_100d_20pct_hdd,100,60,1000000,5000,1.0,late_binding,15.0,10,500000,550000,80,recovery,90,mild_slow,10,11.1,24.9,32.7,250000,25.0,50000,50000,39580,0,0,0
dynamic_stress_100d_20pct_hdd,100,60,1000000,5000,1.0,late_binding,15.0,11,550000,600000,80,healthy,90,severe_slow,10,10.9,58.0,76.4,250000,25.0,50000,50000,39727,0,0,0
dynamic_stress_100d_20pct_hdd,100,60,1000000,5000,1.0,late_binding,15.0,12,600000,650000,80,healthy,90,severe_slow,10,10.9,56.6,75.4,250000,25.0,50000,50000,39673,0,0,0
dynamic_stress_100d_20pct_hdd,100,60,1000000,5000,1.0,late_binding,15.0,13,650000,700000,80,healthy,90,severe_slow,10,10.9,57.5,75.2,250000,25.0,50000,50000,39701,0,0,0
dynamic_stress_100d_20pct_hdd,100,60,1000000,5000,1.0,late_binding,15.0,14,700000,750000,80,mild_slow,90,recovery,10,11.1,25.0,32.5,250000,25.0,50000,50000,39940,0,0,0
dynamic_stress_100d_20pct_hdd,100,60,1000000,5000,1.0,late_binding,15.0,15,750000,800000,80,recovery,90,recovery,0,11.1,17.0,20.1,250000,25.0,50000,50000,39909,0,0,0
dynamic_stress_100d_20pct_hdd,100,60,1000000,5000,1.0,late_binding,15.0,16,800000,850000,80,healthy,90,healthy,0,10.7,14.0,15.5,250000,25.0,50000,50000,40070,0,0,0
dynamic_stress_100d_20pct_hdd,100,60,1000000,5000,1.0,late_binding,15.0,17,850000,900000,80,healthy,90,healthy,0,10.7,14.0,15.4,250000,25.0,50000,50000,39961,0,0,0
dynamic_stress_100d_20pct_hdd,100,60,1000000,5000,1.0,late_binding,15.0,18,900000,950000,80,healthy,90,healthy,0,10.7,14.0,15.5,250000,25.0,50000,50000,39908,0,0,0
dynamic_stress_100d_20pct_hdd,100,60,1000000,5000,1.0,late_binding,15.0,19,950000,1000000,80,healthy,90,healthy,0,10.7,14.0,15.5,250000,25.0,50000,50000,39926,0,0,0
dynamic_stress_100d_20pct_hdd,100,60,1000000,5000,1.0,timeout_degraded_read,15.0,0,0,50000,80,healthy,90,healthy,0,12.5,16.8,18.8,208111,4.1,8111,8111,202,0,0,0
dynamic_stress_100d_20pct_hdd,100,60,1000000,5000,1.0,timeout_degraded_read,15.0,1,50000,100000,80,healthy,90,healthy,0,12.5,16.8,18.8,208144,4.1,8144,8144,209,0,0,0
dynamic_stress_100d_20pct_hdd,100,60,1000000,5000,1.0,timeout_degraded_read,15.0,2,100000,150000,80,healthy,90,healthy,0,12.5,16.8,18.7,208121,4.1,8121,8121,192,0,0,0
dynamic_stress_100d_20pct_hdd,100,60,1000000,5000,1.0,timeout_degraded_read,15.0,3,150000,200000,80,mild_slow,90,healthy,10,12.8,27.8,36.0,211568,5.8,11568,11568,1961,0,0,0
dynamic_stress_100d_20pct_hdd,100,60,1000000,5000,1.0,timeout_degraded_read,15.0,4,200000,250000,80,mild_slow,90,healthy,10,12.8,27.7,36.2,211831,5.9,11831,11831,1935,0,0,0
dynamic_stress_100d_20pct_hdd,100,60,1000000,5000,1.0,timeout_degraded_read,15.0,5,250000,300000,80,mild_slow,90,healthy,10,12.8,27.7,36.0,211640,5.8,11640,11640,1823,0,0,0
dynamic_stress_100d_20pct_hdd,100,60,1000000,5000,1.0,timeout_degraded_read,15.0,6,300000,350000,80,severe_slow,90,healthy,10,12.8,60.4,79.0,211721,5.9,11721,11721,2997,0,0,0
dynamic_stress_100d_20pct_hdd,100,60,1000000,5000,1.0,timeout_degraded_read,15.0,7,350000,400000,80,severe_slow,90,healthy,10,12.8,60.9,79.4,211656,5.8,11656,11656,3137,0,0,0
dynamic_stress_100d_20pct_hdd,100,60,1000000,5000,1.0,timeout_degraded_read,15.0,8,400000,450000,80,severe_slow,90,healthy,10,12.8,61.1,79.0,211706,5.9,11706,11706,3079,0,0,0
dynamic_stress_100d_20pct_hdd,100,60,1000000,5000,1.0,timeout_degraded_read,15.0,9,450000,500000,80,recovery,90,mild_slow,10,13.0,27.3,35.9,213802,6.9,13802,13802,2192,0,0,0
dynamic_stress_100d_20pct_hdd,100,60,1000000,5000,1.0,timeout_degraded_read,15.0,10,500000,550000,80,recovery,90,mild_slow,10,13.0,27.4,36.1,213938,7.0,13938,13938,2296,0,0,0
dynamic_stress_100d_20pct_hdd,100,60,1000000,5000,1.0,timeout_degraded_read,15.0,11,550000,600000,80,healthy,90,severe_slow,10,12.8,60.2,79.4,211547,5.8,11547,11547,3253,0,0,0
dynamic_stress_100d_20pct_hdd,100,60,1000000,5000,1.0,timeout_degraded_read,15.0,12,600000,650000,80,healthy,90,severe_slow,10,12.7,59.5,78.7,211462,5.7,11462,11462,3021,0,0,0
dynamic_stress_100d_20pct_hdd,100,60,1000000,5000,1.0,timeout_degraded_read,15.0,13,650000,700000,80,healthy,90,severe_slow,10,12.8,59.8,78.4,211575,5.8,11575,11575,3109,0,0,0
dynamic_stress_100d_20pct_hdd,100,60,1000000,5000,1.0,timeout_degraded_read,15.0,14,700000,750000,80,mild_slow,90,recovery,10,13.0,28.4,36.1,213930,7.0,13930,13930,1963,0,0,0
dynamic_stress_100d_20pct_hdd,100,60,1000000,5000,1.0,timeout_degraded_read,15.0,15,750000,800000,80,recovery,90,recovery,0,13.0,20.1,23.9,213221,6.6,13221,13221,787,0,0,0
dynamic_stress_100d_20pct_hdd,100,60,1000000,5000,1.0,timeout_degraded_read,15.0,16,800000,850000,80,healthy,90,healthy,0,12.5,16.8,18.7,208162,4.1,8162,8162,194,0,0,0
dynamic_stress_100d_20pct_hdd,100,60,1000000,5000,1.0,timeout_degraded_read,15.0,17,850000,900000,80,healthy,90,healthy,0,12.5,16.8,18.7,208106,4.1,8106,8106,160,0,0,0
dynamic_stress_100d_20pct_hdd,100,60,1000000,5000,1.0,timeout_degraded_read,15.0,18,900000,950000,80,healthy,90,healthy,0,12.5,16.8,18.8,208057,4.0,8057,8057,150,0,0,0
dynamic_stress_100d_20pct_hdd,100,60,1000000,5000,1.0,timeout_degraded_read,15.0,19,950000,1000000,80,healthy,90,healthy,0,12.5,16.8,18.7,208067,4.0,8067,8067,205,0,0,0
dynamic_stress_100d_20pct_hdd,100,60,1000000,5000,1.0,health_ec,15.0,0,0,50000,80,healthy,90,healthy,0,12.5,16.8,18.8,200000,0.0,0,0,0,0,0,0
dynamic_stress_100d_20pct_hdd,100,60,1000000,5000,1.0,health_ec,15.0,1,50000,100000,80,healthy,90,healthy,0,12.5,16.8,18.8,200000,0.0,0,0,0,0,0,0
dynamic_stress_100d_20pct_hdd,100,60,1000000,5000,1.0,health_ec,15.0,2,100000,150000,80,healthy,90,healthy,0,12.5,16.8,18.8,200000,0.0,0,0,0,0,0,0
dynamic_stress_100d_20pct_hdd,100,60,1000000,5000,1.0,health_ec,15.0,3,150000,200000,80,mild_slow,90,healthy,10,12.8,27.3,36.9,202042,1.0,2042,2042,1687,0,0,0
dynamic_stress_100d_20pct_hdd,100,60,1000000,5000,1.0,health_ec,15.0,4,200000,250000,80,mild_slow,90,healthy,10,12.8,26.6,35.5,202681,1.3,2681,2681,2242,1,1,0
dynamic_stress_100d_20pct_hdd,100,60,1000000,5000,1.0,health_ec,15.0,5,250000,300000,80,mild_slow,90,healthy,10,12.8,26.2,35.1,202910,1.5,2910,2910,2360,0,0,0
dynamic_stress_100d_20pct_hdd,100,60,1000000,5000,1.0,health_ec,15.0,6,300000,350000,80,severe_slow,90,healthy,10,12.7,54.2,77.8,202851,1.4,2851,2851,2364,9,9,0
dynamic_stress_100d_20pct_hdd,100,60,1000000,5000,1.0,health_ec,15.0,7,350000,400000,80,severe_slow,90,healthy,10,12.7,52.0,75.6,202971,1.5,2971,2971,2503,0,0,0
dynamic_stress_100d_20pct_hdd,100,60,1000000,5000,1.0,health_ec,15.0,8,400000,450000,80,severe_slow,90,healthy,10,12.7,53.1,74.8,203192,1.6,3192,3192,2668,0,0,0
dynamic_stress_100d_20pct_hdd,100,60,1000000,5000,1.0,health_ec,15.0,9,450000,500000,80,recovery,90,mild_slow,10,12.9,26.0,36.3,204077,2.0,4077,4077,3024,6,6,0
dynamic_stress_100d_20pct_hdd,100,60,1000000,5000,1.0,health_ec,15.0,10,500000,550000,80,recovery,90,mild_slow,10,12.9,25.6,35.3,203917,2.0,3917,3917,3035,0,0,0
dynamic_stress_100d_20pct_hdd,100,60,1000000,5000,1.0,health_ec,15.0,11,550000,600000,80,healthy,90,severe_slow,10,12.7,53.5,78.5,203376,1.7,3376,3376,2681,6,6,0
dynamic_stress_100d_20pct_hdd,100,60,1000000,5000,1.0,health_ec,15.0,12,600000,650000,80,healthy,90,severe_slow,10,12.7,51.3,76.0,202989,1.5,2989,2989,2441,0,0,0
dynamic_stress_100d_20pct_hdd,100,60,1000000,5000,1.0,health_ec,15.0,13,650000,700000,80,healthy,90,severe_slow,10,12.7,52.1,74.5,203102,1.6,3102,3102,2587,0,0,0
dynamic_stress_100d_20pct_hdd,100,60,1000000,5000,1.0,health_ec,15.0,14,700000,750000,80,mild_slow,90,recovery,10,12.8,24.2,36.0,203852,1.9,3852,3852,3327,2,2,0
dynamic_stress_100d_20pct_hdd,100,60,1000000,5000,1.0,health_ec,15.0,15,750000,800000,80,recovery,90,recovery,0,12.8,18.4,22.1,203403,1.7,3403,3403,2784,0,0,0
dynamic_stress_100d_20pct_hdd,100,60,1000000,5000,1.0,health_ec,15.0,16,800000,850000,80,healthy,90,healthy,0,12.5,16.8,18.7,201239,0.6,1239,1239,981,0,0,0
dynamic_stress_100d_20pct_hdd,100,60,1000000,5000,1.0,health_ec,15.0,17,850000,900000,80,healthy,90,healthy,0,12.5,16.8,18.7,200308,0.2,308,308,241,0,0,0
dynamic_stress_100d_20pct_hdd,100,60,1000000,5000,1.0,health_ec,15.0,18,900000,950000,80,healthy,90,healthy,0,12.5,16.8,18.9,200070,0.0,70,70,53,0,0,0
dynamic_stress_100d_20pct_hdd,100,60,1000000,5000,1.0,health_ec,15.0,19,950000,1000000,80,healthy,90,healthy,0,12.5,16.8,18.8,200032,0.0,32,32,27,0,0,0
dynamic_stress_100d_20pct_hdd,100,61,1000000,5000,1.0,vanilla_ec,15.0,0,0,50000,80,healthy,90,healthy,0,12.5,16.8,18.7,200000,0.0,0,0,0,0,0,0
dynamic_stress_100d_20pct_hdd,100,61,1000000,5000,1.0,vanilla_ec,15.0,1,50000,100000,80,healthy,90,healthy,0,12.5,16.8,18.9,200000,0.0,0,0,0,0,0,0
dynamic_stress_100d_20pct_hdd,100,61,1000000,5000,1.0,vanilla_ec,15.0,2,100000,150000,80,healthy,90,healthy,0,12.5,16.8,18.9,200000,0.0,0,0,0,0,0,0
dynamic_stress_100d_20pct_hdd,100,61,1000000,5000,1.0,vanilla_ec,15.0,3,150000,200000,80,mild_slow,90,healthy,10,12.8,29.7,39.3,200000,0.0,0,0,0,0,0,0
dynamic_stress_100d_20pct_hdd,100,61,1000000,5000,1.0,vanilla_ec,15.0,4,200000,250000,80,mild_slow,90,healthy,10,12.8,30.0,39.6,200000,0.0,0,0,0,0,0,0
dynamic_stress_100d_20pct_hdd,100,61,1000000,5000,1.0,vanilla_ec,15.0,5,250000,300000,80,mild_slow,90,healthy,10,12.8,29.9,39.2,200000,0.0,0,0,0,0,0,0
dynamic_stress_100d_20pct_hdd,100,61,1000000,5000,1.0,vanilla_ec,15.0,6,300000,350000,80,severe_slow,90,healthy,10,12.8,69.0,99.7,200000,0.0,0,0,0,0,0,0
dynamic_stress_100d_20pct_hdd,100,61,1000000,5000,1.0,vanilla_ec,15.0,7,350000,400000,80,severe_slow,90,healthy,10,12.8,68.7,100.4,200000,0.0,0,0,0,0,0,0
dynamic_stress_100d_20pct_hdd,100,61,1000000,5000,1.0,vanilla_ec,15.0,8,400000,450000,80,severe_slow,90,healthy,10,12.8,68.7,97.6,200000,0.0,0,0,0,0,0,0
dynamic_stress_100d_20pct_hdd,100,61,1000000,5000,1.0,vanilla_ec,15.0,9,450000,500000,80,recovery,90,mild_slow,10,13.0,29.9,39.9,200000,0.0,0,0,0,0,0,0
dynamic_stress_100d_20pct_hdd,100,61,1000000,5000,1.0,vanilla_ec,15.0,10,500000,550000,80,recovery,90,mild_slow,10,13.0,30.2,40.0,200000,0.0,0,0,0,0,0,0
dynamic_stress_100d_20pct_hdd,100,61,1000000,5000,1.0,vanilla_ec,15.0,11,550000,600000,80,healthy,90,severe_slow,10,12.8,69.3,101.9,200000,0.0,0,0,0,0,0,0
dynamic_stress_100d_20pct_hdd,100,61,1000000,5000,1.0,vanilla_ec,15.0,12,600000,650000,80,healthy,90,severe_slow,10,12.8,68.8,99.7,200000,0.0,0,0,0,0,0,0
dynamic_stress_100d_20pct_hdd,100,61,1000000,5000,1.0,vanilla_ec,15.0,13,650000,700000,80,healthy,90,severe_slow,10,12.8,68.3,97.1,200000,0.0,0,0,0,0,0,0
dynamic_stress_100d_20pct_hdd,100,61,1000000,5000,1.0,vanilla_ec,15.0,14,700000,750000,80,mild_slow,90,recovery,10,13.0,30.3,40.2,200000,0.0,0,0,0,0,0,0
dynamic_stress_100d_20pct_hdd,100,61,1000000,5000,1.0,vanilla_ec,15.0,15,750000,800000,80,recovery,90,recovery,0,13.0,20.2,24.6,200000,0.0,0,0,0,0,0,0
dynamic_stress_100d_20pct_hdd,100,61,1000000,5000,1.0,vanilla_ec,15.0,16,800000,850000,80,healthy,90,healthy,0,12.5,16.8,18.7,200000,0.0,0,0,0,0,0,0
dynamic_stress_100d_20pct_hdd,100,61,1000000,5000,1.0,vanilla_ec,15.0,17,850000,900000,80,healthy,90,healthy,0,12.5,16.8,18.8,200000,0.0,0,0,0,0,0,0
dynamic_stress_100d_20pct_hdd,100,61,1000000,5000,1.0,vanilla_ec,15.0,18,900000,950000,80,healthy,90,healthy,0,12.5,16.8,18.8,200000,0.0,0,0,0,0,0,0
dynamic_stress_100d_20pct_hdd,100,61,1000000,5000,1.0,vanilla_ec,15.0,19,950000,1000000,80,healthy,90,healthy,0,12.5,16.8,18.8,200000,0.0,0,0,0,0,0,0
dynamic_stress_100d_20pct_hdd,100,61,1000000,5000,1.0,late_binding,15.0,0,0,50000,80,healthy,90,healthy,0,10.7,14.0,15.4,250000,25.0,50000,50000,39913,0,0,0
dynamic_stress_100d_20pct_hdd,100,61,1000000,5000,1.0,late_binding,15.0,1,50000,100000,80,healthy,90,healthy,0,10.7,14.0,15.5,250000,25.0,50000,50000,39906,0,0,0
dynamic_stress_100d_20pct_hdd,100,61,1000000,5000,1.0,late_binding,15.0,2,100000,150000,80,healthy,90,healthy,0,10.7,14.0,15.4,250000,25.0,50000,50000,40090,0,0,0
dynamic_stress_100d_20pct_hdd,100,61,1000000,5000,1.0,late_binding,15.0,3,150000,200000,80,mild_slow,90,healthy,10,10.9,24.9,32.4,250000,25.0,50000,50000,39750,0,0,0
dynamic_stress_100d_20pct_hdd,100,61,1000000,5000,1.0,late_binding,15.0,4,200000,250000,80,mild_slow,90,healthy,10,10.9,25.3,32.7,250000,25.0,50000,50000,39788,0,0,0
dynamic_stress_100d_20pct_hdd,100,61,1000000,5000,1.0,late_binding,15.0,5,250000,300000,80,mild_slow,90,healthy,10,10.9,25.2,32.5,250000,25.0,50000,50000,39502,0,0,0
dynamic_stress_100d_20pct_hdd,100,61,1000000,5000,1.0,late_binding,15.0,6,300000,350000,80,severe_slow,90,healthy,10,11.0,58.1,75.5,250000,25.0,50000,50000,39538,0,0,0
dynamic_stress_100d_20pct_hdd,100,61,1000000,5000,1.0,late_binding,15.0,7,350000,400000,80,severe_slow,90,healthy,10,10.9,58.0,75.7,250000,25.0,50000,50000,39602,0,0,0
dynamic_stress_100d_20pct_hdd,100,61,1000000,5000,1.0,late_binding,15.0,8,400000,450000,80,severe_slow,90,healthy,10,10.9,58.0,75.5,250000,25.0,50000,50000,39688,0,0,0
dynamic_stress_100d_20pct_hdd,100,61,1000000,5000,1.0,late_binding,15.0,9,450000,500000,80,recovery,90,mild_slow,10,11.1,24.9,32.2,250000,25.0,50000,50000,39621,0,0,0
dynamic_stress_100d_20pct_hdd,100,61,1000000,5000,1.0,late_binding,15.0,10,500000,550000,80,recovery,90,mild_slow,10,11.1,25.2,32.3,250000,25.0,50000,50000,39506,0,0,0
dynamic_stress_100d_20pct_hdd,100,61,1000000,5000,1.0,late_binding,15.0,11,550000,600000,80,healthy,90,severe_slow,10,10.9,58.0,75.6,250000,25.0,50000,50000,39744,0,0,0
dynamic_stress_100d_20pct_hdd,100,61,1000000,5000,1.0,late_binding,15.0,12,600000,650000,80,healthy,90,severe_slow,10,10.9,57.5,75.4,250000,25.0,50000,50000,39692,0,0,0
dynamic_stress_100d_20pct_hdd,100,61,1000000,5000,1.0,late_binding,15.0,13,650000,700000,80,healthy,90,severe_slow,10,10.9,57.1,74.8,250000,25.0,50000,50000,39686,0,0,0
dynamic_stress_100d_20pct_hdd,100,61,1000000,5000,1.0,late_binding,15.0,14,700000,750000,80,mild_slow,90,recovery,10,11.2,25.2,32.6,250000,25.0,50000,50000,39841,0,0,0
dynamic_stress_100d_20pct_hdd,100,61,1000000,5000,1.0,late_binding,15.0,15,750000,800000,80,recovery,90,recovery,0,11.1,17.0,20.1,250000,25.0,50000,50000,39944,0,0,0
dynamic_stress_100d_20pct_hdd,100,61,1000000,5000,1.0,late_binding,15.0,16,800000,850000,80,healthy,90,healthy,0,10.7,14.0,15.4,250000,25.0,50000,50000,40157,0,0,0
dynamic_stress_100d_20pct_hdd,100,61,1000000,5000,1.0,late_binding,15.0,17,850000,900000,80,healthy,90,healthy,0,10.7,14.0,15.4,250000,25.0,50000,50000,40158,0,0,0
dynamic_stress_100d_20pct_hdd,100,61,1000000,5000,1.0,late_binding,15.0,18,900000,950000,80,healthy,90,healthy,0,10.7,14.0,15.5,250000,25.0,50000,50000,40069,0,0,0
dynamic_stress_100d_20pct_hdd,100,61,1000000,5000,1.0,late_binding,15.0,19,950000,1000000,80,healthy,90,healthy,0,10.7,14.0,15.5,250000,25.0,50000,50000,39923,0,0,0
dynamic_stress_100d_20pct_hdd,100,61,1000000,5000,1.0,timeout_degraded_read,15.0,0,0,50000,80,healthy,90,healthy,0,12.5,16.8,18.6,207920,4.0,7920,7920,186,0,0,0
dynamic_stress_100d_20pct_hdd,100,61,1000000,5000,1.0,timeout_degraded_read,15.0,1,50000,100000,80,healthy,90,healthy,0,12.5,16.8,18.8,207976,4.0,7976,7976,198,0,0,0
dynamic_stress_100d_20pct_hdd,100,61,1000000,5000,1.0,timeout_degraded_read,15.0,2,100000,150000,80,healthy,90,healthy,0,12.5,16.8,18.8,208167,4.1,8167,8167,198,0,0,0
dynamic_stress_100d_20pct_hdd,100,61,1000000,5000,1.0,timeout_degraded_read,15.0,3,150000,200000,80,mild_slow,90,healthy,10,12.8,27.6,36.1,211663,5.8,11663,11663,1893,0,0,0
dynamic_stress_100d_20pct_hdd,100,61,1000000,5000,1.0,timeout_degraded_read,15.0,4,200000,250000,80,mild_slow,90,healthy,10,12.8,27.9,36.3,211697,5.8,11697,11697,1979,0,0,0
dynamic_stress_100d_20pct_hdd,100,61,1000000,5000,1.0,timeout_degraded_read,15.0,5,250000,300000,80,mild_slow,90,healthy,10,12.8,27.8,36.3,211634,5.8,11634,11634,1944,0,0,0
dynamic_stress_100d_20pct_hdd,100,61,1000000,5000,1.0,timeout_degraded_read,15.0,6,300000,350000,80,severe_slow,90,healthy,10,12.8,60.8,79.0,211725,5.9,11725,11725,3031,0,0,0
dynamic_stress_100d_20pct_hdd,100,61,1000000,5000,1.0,timeout_degraded_read,15.0,7,350000,400000,80,severe_slow,90,healthy,10,12.8,60.6,79.2,211649,5.8,11649,11649,3038,0,0,0
dynamic_stress_100d_20pct_hdd,100,61,1000000,5000,1.0,timeout_degraded_read,15.0,8,400000,450000,80,severe_slow,90,healthy,10,12.8,60.3,78.9,211547,5.8,11547,11547,3026,0,0,0
dynamic_stress_100d_20pct_hdd,100,61,1000000,5000,1.0,timeout_degraded_read,15.0,9,450000,500000,80,recovery,90,mild_slow,10,13.0,27.4,35.9,214017,7.0,14017,14017,2244,0,0,0
dynamic_stress_100d_20pct_hdd,100,61,1000000,5000,1.0,timeout_degraded_read,15.0,10,500000,550000,80,recovery,90,mild_slow,10,13.0,27.7,35.8,214063,7.0,14063,14063,2301,0,0,0
dynamic_stress_100d_20pct_hdd,100,61,1000000,5000,1.0,timeout_degraded_read,15.0,11,550000,600000,80,healthy,90,severe_slow,10,12.8,60.5,79.1,211558,5.8,11558,11558,3197,0,0,0
dynamic_stress_100d_20pct_hdd,100,61,1000000,5000,1.0,timeout_degraded_read,15.0,12,600000,650000,80,healthy,90,severe_slow,10,12.8,59.8,78.3,211496,5.7,11496,11496,3112,0,0,0
dynamic_stress_100d_20pct_hdd,100,61,1000000,5000,1.0,timeout_degraded_read,15.0,13,650000,700000,80,healthy,90,severe_slow,10,12.8,59.3,78.2,211627,5.8,11627,11627,3075,0,0,0
dynamic_stress_100d_20pct_hdd,100,61,1000000,5000,1.0,timeout_degraded_read,15.0,14,700000,750000,80,mild_slow,90,recovery,10,13.0,28.6,36.4,214037,7.0,14037,14037,2071,0,0,0
dynamic_stress_100d_20pct_hdd,100,61,1000000,5000,1.0,timeout_degraded_read,15.0,15,750000,800000,80,recovery,90,recovery,0,13.0,20.1,24.0,213250,6.6,13250,13250,779,0,0,0
dynamic_stress_100d_20pct_hdd,100,61,1000000,5000,1.0,timeout_degraded_read,15.0,16,800000,850000,80,healthy,90,healthy,0,12.5,16.8,18.7,208076,4.0,8076,8076,200,0,0,0
dynamic_stress_100d_20pct_hdd,100,61,1000000,5000,1.0,timeout_degraded_read,15.0,17,850000,900000,80,healthy,90,healthy,0,12.5,16.8,18.7,208063,4.0,8063,8063,187,0,0,0
dynamic_stress_100d_20pct_hdd,100,61,1000000,5000,1.0,timeout_degraded_read,15.0,18,900000,950000,80,healthy,90,healthy,0,12.5,16.8,18.7,208027,4.0,8027,8027,192,0,0,0
dynamic_stress_100d_20pct_hdd,100,61,1000000,5000,1.0,timeout_degraded_read,15.0,19,950000,1000000,80,healthy,90,healthy,0,12.5,16.8,18.7,207963,4.0,7963,7963,199,0,0,0
dynamic_stress_100d_20pct_hdd,100,61,1000000,5000,1.0,health_ec,15.0,0,0,50000,80,healthy,90,healthy,0,12.5,16.8,18.7,200000,0.0,0,0,0,0,0,0
dynamic_stress_100d_20pct_hdd,100,61,1000000,5000,1.0,health_ec,15.0,1,50000,100000,80,healthy,90,healthy,0,12.5,16.8,18.9,200000,0.0,0,0,0,0,0,0
dynamic_stress_100d_20pct_hdd,100,61,1000000,5000,1.0,health_ec,15.0,2,100000,150000,80,healthy,90,healthy,0,12.5,16.8,18.9,200000,0.0,0,0,0,0,0,0
dynamic_stress_100d_20pct_hdd,100,61,1000000,5000,1.0,health_ec,15.0,3,150000,200000,80,mild_slow,90,healthy,10,12.8,27.2,36.8,202006,1.0,2006,2006,1628,2,2,0
dynamic_stress_100d_20pct_hdd,100,61,1000000,5000,1.0,health_ec,15.0,4,200000,250000,80,mild_slow,90,healthy,10,12.8,26.5,35.5,202871,1.4,2871,2871,2387,0,0,0
dynamic_stress_100d_20pct_hdd,100,61,1000000,5000,1.0,health_ec,15.0,5,250000,300000,80,mild_slow,90,healthy,10,12.8,26.0,34.6,203285,1.6,3285,3285,2673,0,0,0
dynamic_stress_100d_20pct_hdd,100,61,1000000,5000,1.0,health_ec,15.0,6,300000,350000,80,severe_slow,90,healthy,10,12.7,54.2,76.9,202916,1.5,2916,2916,2434,8,8,0
dynamic_stress_100d_20pct_hdd,100,61,1000000,5000,1.0,health_ec,15.0,7,350000,400000,80,severe_slow,90,healthy,10,12.7,53.1,75.7,203016,1.5,3016,3016,2532,0,0,0
dynamic_stress_100d_20pct_hdd,100,61,1000000,5000,1.0,health_ec,15.0,8,400000,450000,80,severe_slow,90,healthy,10,12.7,51.6,74.8,203075,1.5,3075,3075,2583,0,0,0
dynamic_stress_100d_20pct_hdd,100,61,1000000,5000,1.0,health_ec,15.0,9,450000,500000,80,recovery,90,mild_slow,10,12.9,26.2,36.4,204345,2.2,4345,4345,3216,6,6,0
dynamic_stress_100d_20pct_hdd,100,61,1000000,5000,1.0,health_ec,15.0,10,500000,550000,80,recovery,90,mild_slow,10,12.9,25.9,34.9,204025,2.0,4025,4025,3143,0,0,0
dynamic_stress_100d_20pct_hdd,100,61,1000000,5000,1.0,health_ec,15.0,11,550000,600000,80,healthy,90,severe_slow,10,12.7,54.5,77.6,203382,1.7,3382,3382,2654,6,6,0
dynamic_stress_100d_20pct_hdd,100,61,1000000,5000,1.0,health_ec,15.0,12,600000,650000,80,healthy,90,severe_slow,10,12.7,52.8,75.6,203159,1.6,3159,3159,2552,0,0,0
dynamic_stress_100d_20pct_hdd,100,61,1000000,5000,1.0,health_ec,15.0,13,650000,700000,80,healthy,90,severe_slow,10,12.7,51.4,74.5,203054,1.5,3054,3054,2533,0,0,0
dynamic_stress_100d_20pct_hdd,100,61,1000000,5000,1.0,health_ec,15.0,14,700000,750000,80,mild_slow,90,recovery,10,12.8,24.5,35.8,204024,2.0,4024,4024,3452,1,1,0
dynamic_stress_100d_20pct_hdd,100,61,1000000,5000,1.0,health_ec,15.0,15,750000,800000,80,recovery,90,recovery,0,12.8,18.6,22.5,203051,1.5,3051,3051,2549,0,0,0
dynamic_stress_100d_20pct_hdd,100,61,1000000,5000,1.0,health_ec,15.0,16,800000,850000,80,healthy,90,healthy,0,12.4,16.7,18.7,201204,0.6,1204,1204,968,0,0,0
dynamic_stress_100d_20pct_hdd,100,61,1000000,5000,1.0,health_ec,15.0,17,850000,900000,80,healthy,90,healthy,0,12.5,16.8,18.8,200311,0.2,311,311,245,0,0,0
dynamic_stress_100d_20pct_hdd,100,61,1000000,5000,1.0,health_ec,15.0,18,900000,950000,80,healthy,90,healthy,0,12.5,16.8,18.8,200106,0.1,106,106,81,0,0,0
dynamic_stress_100d_20pct_hdd,100,61,1000000,5000,1.0,health_ec,15.0,19,950000,1000000,80,healthy,90,healthy,0,12.5,16.8,18.8,200051,0.0,51,51,42,0,0,0
dynamic_stress_100d_20pct_hdd,100,62,1000000,5000,1.0,vanilla_ec,15.0,0,0,50000,80,healthy,90,healthy,0,12.5,16.8,18.8,200000,0.0,0,0,0,0,0,0
dynamic_stress_100d_20pct_hdd,100,62,1000000,5000,1.0,vanilla_ec,15.0,1,50000,100000,80,healthy,90,healthy,0,12.5,16.8,18.8,200000,0.0,0,0,0,0,0,0
dynamic_stress_100d_20pct_hdd,100,62,1000000,5000,1.0,vanilla_ec,15.0,2,100000,150000,80,healthy,90,healthy,0,12.5,16.8,18.8,200000,0.0,0,0,0,0,0,0
dynamic_stress_100d_20pct_hdd,100,62,1000000,5000,1.0,vanilla_ec,15.0,3,150000,200000,80,mild_slow,90,healthy,10,12.8,29.8,39.3,200000,0.0,0,0,0,0,0,0
dynamic_stress_100d_20pct_hdd,100,62,1000000,5000,1.0,vanilla_ec,15.0,4,200000,250000,80,mild_slow,90,healthy,10,12.8,29.8,39.4,200000,0.0,0,0,0,0,0,0
dynamic_stress_100d_20pct_hdd,100,62,1000000,5000,1.0,vanilla_ec,15.0,5,250000,300000,80,mild_slow,90,healthy,10,12.8,29.8,39.4,200000,0.0,0,0,0,0,0,0
dynamic_stress_100d_20pct_hdd,100,62,1000000,5000,1.0,vanilla_ec,15.0,6,300000,350000,80,severe_slow,90,healthy,10,12.8,69.6,98.5,200000,0.0,0,0,0,0,0,0
dynamic_stress_100d_20pct_hdd,100,62,1000000,5000,1.0,vanilla_ec,15.0,7,350000,400000,80,severe_slow,90,healthy,10,12.8,69.4,99.2,200000,0.0,0,0,0,0,0,0
dynamic_stress_100d_20pct_hdd,100,62,1000000,5000,1.0,vanilla_ec,15.0,8,400000,450000,80,severe_slow,90,healthy,10,12.8,68.5,97.9,200000,0.0,0,0,0,0,0,0
dynamic_stress_100d_20pct_hdd,100,62,1000000,5000,1.0,vanilla_ec,15.0,9,450000,500000,80,recovery,90,mild_slow,10,13.0,30.0,40.4,200000,0.0,0,0,0,0,0,0
dynamic_stress_100d_20pct_hdd,100,62,1000000,5000,1.0,vanilla_ec,15.0,10,500000,550000,80,recovery,90,mild_slow,10,13.0,30.0,40.1,200000,0.0,0,0,0,0,0,0
dynamic_stress_100d_20pct_hdd,100,62,1000000,5000,1.0,vanilla_ec,15.0,11,550000,600000,80,healthy,90,severe_slow,10,12.8,69.1,100.6,200000,0.0,0,0,0,0,0,0
dynamic_stress_100d_20pct_hdd,100,62,1000000,5000,1.0,vanilla_ec,15.0,12,600000,650000,80,healthy,90,severe_slow,10,12.8,69.4,103.0,200000,0.0,0,0,0,0,0,0
dynamic_stress_100d_20pct_hdd,100,62,1000000,5000,1.0,vanilla_ec,15.0,13,650000,700000,80,healthy,90,severe_slow,10,12.8,68.3,96.9,200000,0.0,0,0,0,0,0,0
dynamic_stress_100d_20pct_hdd,100,62,1000000,5000,1.0,vanilla_ec,15.0,14,700000,750000,80,mild_slow,90,recovery,10,13.0,30.4,40.8,200000,0.0,0,0,0,0,0,0
dynamic_stress_100d_20pct_hdd,100,62,1000000,5000,1.0,vanilla_ec,15.0,15,750000,800000,80,recovery,90,recovery,0,13.0,20.1,24.5,200000,0.0,0,0,0,0,0,0
dynamic_stress_100d_20pct_hdd,100,62,1000000,5000,1.0,vanilla_ec,15.0,16,800000,850000,80,healthy,90,healthy,0,12.5,16.8,18.9,200000,0.0,0,0,0,0,0,0
dynamic_stress_100d_20pct_hdd,100,62,1000000,5000,1.0,vanilla_ec,15.0,17,850000,900000,80,healthy,90,healthy,0,12.5,16.8,18.7,200000,0.0,0,0,0,0,0,0
dynamic_stress_100d_20pct_hdd,100,62,1000000,5000,1.0,vanilla_ec,15.0,18,900000,950000,80,healthy,90,healthy,0,12.5,16.8,18.8,200000,0.0,0,0,0,0,0,0
dynamic_stress_100d_20pct_hdd,100,62,1000000,5000,1.0,vanilla_ec,15.0,19,950000,1000000,80,healthy,90,healthy,0,12.5,16.8,18.8,200000,0.0,0,0,0,0,0,0
dynamic_stress_100d_20pct_hdd,100,62,1000000,5000,1.0,late_binding,15.0,0,0,50000,80,healthy,90,healthy,0,10.7,14.0,15.5,250000,25.0,50000,50000,40029,0,0,0
dynamic_stress_100d_20pct_hdd,100,62,1000000,5000,1.0,late_binding,15.0,1,50000,100000,80,healthy,90,healthy,0,10.7,14.0,15.4,250000,25.0,50000,50000,40082,0,0,0
dynamic_stress_100d_20pct_hdd,100,62,1000000,5000,1.0,late_binding,15.0,2,100000,150000,80,healthy,90,healthy,0,10.7,14.0,15.4,250000,25.0,50000,50000,39923,0,0,0
dynamic_stress_100d_20pct_hdd,100,62,1000000,5000,1.0,late_binding,15.0,3,150000,200000,80,mild_slow,90,healthy,10,10.9,25.2,32.6,250000,25.0,50000,50000,39764,0,0,0
dynamic_stress_100d_20pct_hdd,100,62,1000000,5000,1.0,late_binding,15.0,4,200000,250000,80,mild_slow,90,healthy,10,10.9,24.8,32.5,250000,25.0,50000,50000,39849,0,0,0
dynamic_stress_100d_20pct_hdd,100,62,1000000,5000,1.0,late_binding,15.0,5,250000,300000,80,mild_slow,90,healthy,10,10.9,25.0,32.6,250000,25.0,50000,50000,39788,0,0,0
dynamic_stress_100d_20pct_hdd,100,62,1000000,5000,1.0,late_binding,15.0,6,300000,350000,80,severe_slow,90,healthy,10,11.0,58.4,76.2,250000,25.0,50000,50000,39729,0,0,0
dynamic_stress_100d_20pct_hdd,100,62,1000000,5000,1.0,late_binding,15.0,7,350000,400000,80,severe_slow,90,healthy,10,10.9,57.9,75.6,250000,25.0,50000,50000,39750,0,0,0
dynamic_stress_100d_20pct_hdd,100,62,1000000,5000,1.0,late_binding,15.0,8,400000,450000,80,severe_slow,90,healthy,10,10.9,57.4,75.7,250000,25.0,50000,50000,39587,0,0,0
dynamic_stress_100d_20pct_hdd,100,62,1000000,5000,1.0,late_binding,15.0,9,450000,500000,80,recovery,90,mild_slow,10,11.1,24.9,32.5,250000,25.0,50000,50000,39638,0,0,0
dynamic_stress_100d_20pct_hdd,100,62,1000000,5000,1.0,late_binding,15.0,10,500000,550000,80,recovery,90,mild_slow,10,11.1,25.2,32.6,250000,25.0,50000,50000,39402,0,0,0
dynamic_stress_100d_20pct_hdd,100,62,1000000,5000,1.0,late_binding,15.0,11,550000,600000,80,healthy,90,severe_slow,10,10.9,57.8,75.6,250000,25.0,50000,50000,39604,0,0,0
dynamic_stress_100d_20pct_hdd,100,62,1000000,5000,1.0,late_binding,15.0,12,600000,650000,80,healthy,90,severe_slow,10,10.9,58.0,75.8,250000,25.0,50000,50000,39663,0,0,0
dynamic_stress_100d_20pct_hdd,100,62,1000000,5000,1.0,late_binding,15.0,13,650000,700000,80,healthy,90,severe_slow,10,11.0,57.6,75.7,250000,25.0,50000,50000,39635,0,0,0
dynamic_stress_100d_20pct_hdd,100,62,1000000,5000,1.0,late_binding,15.0,14,700000,750000,80,mild_slow,90,recovery,10,11.1,25.3,32.7,250000,25.0,50000,50000,39824,0,0,0
dynamic_stress_100d_20pct_hdd,100,62,1000000,5000,1.0,late_binding,15.0,15,750000,800000,80,recovery,90,recovery,0,11.1,16.9,20.0,250000,25.0,50000,50000,39977,0,0,0
dynamic_stress_100d_20pct_hdd,100,62,1000000,5000,1.0,late_binding,15.0,16,800000,850000,80,healthy,90,healthy,0,10.7,14.0,15.5,250000,25.0,50000,50000,39969,0,0,0
dynamic_stress_100d_20pct_hdd,100,62,1000000,5000,1.0,late_binding,15.0,17,850000,900000,80,healthy,90,healthy,0,10.7,14.0,15.4,250000,25.0,50000,50000,40057,0,0,0
dynamic_stress_100d_20pct_hdd,100,62,1000000,5000,1.0,late_binding,15.0,18,900000,950000,80,healthy,90,healthy,0,10.7,14.0,15.5,250000,25.0,50000,50000,39937,0,0,0
dynamic_stress_100d_20pct_hdd,100,62,1000000,5000,1.0,late_binding,15.0,19,950000,1000000,80,healthy,90,healthy,0,10.7,14.0,15.4,250000,25.0,50000,50000,40176,0,0,0
dynamic_stress_100d_20pct_hdd,100,62,1000000,5000,1.0,timeout_degraded_read,15.0,0,0,50000,80,healthy,90,healthy,0,12.5,16.8,18.7,207973,4.0,7973,7973,181,0,0,0
dynamic_stress_100d_20pct_hdd,100,62,1000000,5000,1.0,timeout_degraded_read,15.0,1,50000,100000,80,healthy,90,healthy,0,12.5,16.8,18.7,208064,4.0,8064,8064,179,0,0,0
dynamic_stress_100d_20pct_hdd,100,62,1000000,5000,1.0,timeout_degraded_read,15.0,2,100000,150000,80,healthy,90,healthy,0,12.5,16.8,18.8,208032,4.0,8032,8032,188,0,0,0
dynamic_stress_100d_20pct_hdd,100,62,1000000,5000,1.0,timeout_degraded_read,15.0,3,150000,200000,80,mild_slow,90,healthy,10,12.8,27.8,36.1,211782,5.9,11782,11782,1903,0,0,0
dynamic_stress_100d_20pct_hdd,100,62,1000000,5000,1.0,timeout_degraded_read,15.0,4,200000,250000,80,mild_slow,90,healthy,10,12.8,27.7,36.2,211693,5.8,11693,11693,1954,0,0,0
dynamic_stress_100d_20pct_hdd,100,62,1000000,5000,1.0,timeout_degraded_read,15.0,5,250000,300000,80,mild_slow,90,healthy,10,12.8,27.7,36.3,211580,5.8,11580,11580,1904,0,0,0
dynamic_stress_100d_20pct_hdd,100,62,1000000,5000,1.0,timeout_degraded_read,15.0,6,300000,350000,80,severe_slow,90,healthy,10,12.8,61.2,79.4,211792,5.9,11792,11792,3150,0,0,0
dynamic_stress_100d_20pct_hdd,100,62,1000000,5000,1.0,timeout_degraded_read,15.0,7,350000,400000,80,severe_slow,90,healthy,10,12.8,60.8,78.7,211795,5.9,11795,11795,3150,0,0,0
dynamic_stress_100d_20pct_hdd,100,62,1000000,5000,1.0,timeout_degraded_read,15.0,8,400000,450000,80,severe_slow,90,healthy,10,12.8,60.2,79.1,211642,5.8,11642,11642,2973,0,0,0
dynamic_stress_100d_20pct_hdd,100,62,1000000,5000,1.0,timeout_degraded_read,15.0,9,450000,500000,80,recovery,90,mild_slow,10,13.0,27.4,36.0,213958,7.0,13958,13958,2330,0,0,0
dynamic_stress_100d_20pct_hdd,100,62,1000000,5000,1.0,timeout_degraded_read,15.0,10,500000,550000,80,recovery,90,mild_slow,10,13.0,27.5,35.6,213933,7.0,13933,13933,2295,0,0,0
dynamic_stress_100d_20pct_hdd,100,62,1000000,5000,1.0,timeout_degraded_read,15.0,11,550000,600000,80,healthy,90,severe_slow,10,12.8,60.2,78.7,211552,5.8,11552,11552,3142,0,0,0
dynamic_stress_100d_20pct_hdd,100,62,1000000,5000,1.0,timeout_degraded_read,15.0,12,600000,650000,80,healthy,90,severe_slow,10,12.8,60.3,79.3,211610,5.8,11610,11610,3205,0,0,0
dynamic_stress_100d_20pct_hdd,100,62,1000000,5000,1.0,timeout_degraded_read,15.0,13,650000,700000,80,healthy,90,severe_slow,10,12.8,60.0,79.1,211586,5.8,11586,11586,3049,0,0,0
dynamic_stress_100d_20pct_hdd,100,62,1000000,5000,1.0,timeout_degraded_read,15.0,14,700000,750000,80,mild_slow,90,recovery,10,13.0,28.7,36.3,214033,7.0,14033,14033,2072,0,0,0
dynamic_stress_100d_20pct_hdd,100,62,1000000,5000,1.0,timeout_degraded_read,15.0,15,750000,800000,80,recovery,90,recovery,0,13.0,20.0,23.9,213272,6.6,13272,13272,763,0,0,0
dynamic_stress_100d_20pct_hdd,100,62,1000000,5000,1.0,timeout_degraded_read,15.0,16,800000,850000,80,healthy,90,healthy,0,12.5,16.8,18.8,208076,4.0,8076,8076,198,0,0,0
dynamic_stress_100d_20pct_hdd,100,62,1000000,5000,1.0,timeout_degraded_read,15.0,17,850000,900000,80,healthy,90,healthy,0,12.5,16.8,18.7,207997,4.0,7997,7997,188,0,0,0
dynamic_stress_100d_20pct_hdd,100,62,1000000,5000,1.0,timeout_degraded_read,15.0,18,900000,950000,80,healthy,90,healthy,0,12.5,16.8,18.7,208087,4.0,8087,8087,200,0,0,0
dynamic_stress_100d_20pct_hdd,100,62,1000000,5000,1.0,timeout_degraded_read,15.0,19,950000,1000000,80,healthy,90,healthy,0,12.5,16.8,18.7,208074,4.0,8074,8074,192,0,0,0
dynamic_stress_100d_20pct_hdd,100,62,1000000,5000,1.0,health_ec,15.0,0,0,50000,80,healthy,90,healthy,0,12.5,16.8,18.8,200000,0.0,0,0,0,0,0,0
dynamic_stress_100d_20pct_hdd,100,62,1000000,5000,1.0,health_ec,15.0,1,50000,100000,80,healthy,90,healthy,0,12.5,16.8,18.8,200000,0.0,0,0,0,0,0,0
dynamic_stress_100d_20pct_hdd,100,62,1000000,5000,1.0,health_ec,15.0,2,100000,150000,80,healthy,90,healthy,0,12.5,16.8,18.8,200000,0.0,0,0,0,0,0,0
dynamic_stress_100d_20pct_hdd,100,62,1000000,5000,1.0,health_ec,15.0,3,150000,200000,80,mild_slow,90,healthy,10,12.8,27.5,36.7,202098,1.0,2098,2098,1674,0,0,0
dynamic_stress_100d_20pct_hdd,100,62,1000000,5000,1.0,health_ec,15.0,4,200000,250000,80,mild_slow,90,healthy,10,12.8,26.0,35.4,202799,1.4,2799,2799,2341,3,3,0
dynamic_stress_100d_20pct_hdd,100,62,1000000,5000,1.0,health_ec,15.0,5,250000,300000,80,mild_slow,90,healthy,10,12.8,25.6,34.8,203083,1.5,3083,3083,2565,0,0,0
dynamic_stress_100d_20pct_hdd,100,62,1000000,5000,1.0,health_ec,15.0,6,300000,350000,80,severe_slow,90,healthy,10,12.7,55.1,78.3,202970,1.5,2970,2970,2490,7,7,0
dynamic_stress_100d_20pct_hdd,100,62,1000000,5000,1.0,health_ec,15.0,7,350000,400000,80,severe_slow,90,healthy,10,12.7,53.2,75.8,203062,1.5,3062,3062,2572,0,0,0
dynamic_stress_100d_20pct_hdd,100,62,1000000,5000,1.0,health_ec,15.0,8,400000,450000,80,severe_slow,90,healthy,10,12.7,51.5,75.1,203038,1.5,3038,3038,2526,0,0,0
dynamic_stress_100d_20pct_hdd,100,62,1000000,5000,1.0,health_ec,15.0,9,450000,500000,80,recovery,90,mild_slow,10,12.9,26.5,36.3,204329,2.2,4329,4329,3222,4,4,0
dynamic_stress_100d_20pct_hdd,100,62,1000000,5000,1.0,health_ec,15.0,10,500000,550000,80,recovery,90,mild_slow,10,12.9,25.8,35.1,204205,2.1,4205,4205,3253,0,0,0
dynamic_stress_100d_20pct_hdd,100,62,1000000,5000,1.0,health_ec,15.0,11,550000,600000,80,healthy,90,severe_slow,10,12.7,54.3,78.0,203408,1.7,3408,3408,2635,6,6,0
dynamic_stress_100d_20pct_hdd,100,62,1000000,5000,1.0,health_ec,15.0,12,600000,650000,80,healthy,90,severe_slow,10,12.7,54.6,76.0,203416,1.7,3416,3416,2753,0,0,0
dynamic_stress_100d_20pct_hdd,100,62,1000000,5000,1.0,health_ec,15.0,13,650000,700000,80,healthy,90,severe_slow,10,12.7,52.9,74.9,203340,1.7,3340,3340,2688,0,0,0
dynamic_stress_100d_20pct_hdd,100,62,1000000,5000,1.0,health_ec,15.0,14,700000,750000,80,mild_slow,90,recovery,10,12.9,25.1,36.5,203908,2.0,3908,3908,3349,1,1,0
dynamic_stress_100d_20pct_hdd,100,62,1000000,5000,1.0,health_ec,15.0,15,750000,800000,80,recovery,90,recovery,0,12.8,18.5,22.6,203146,1.6,3146,3146,2606,0,0,0
dynamic_stress_100d_20pct_hdd,100,62,1000000,5000,1.0,health_ec,15.0,16,800000,850000,80,healthy,90,healthy,0,12.4,16.8,18.8,201181,0.6,1181,1181,948,0,0,0
dynamic_stress_100d_20pct_hdd,100,62,1000000,5000,1.0,health_ec,15.0,17,850000,900000,80,healthy,90,healthy,0,12.5,16.8,18.8,200289,0.1,289,289,241,0,0,0
dynamic_stress_100d_20pct_hdd,100,62,1000000,5000,1.0,health_ec,15.0,18,900000,950000,80,healthy,90,healthy,0,12.5,16.8,18.8,200132,0.1,132,132,104,0,0,0
dynamic_stress_100d_20pct_hdd,100,62,1000000,5000,1.0,health_ec,15.0,19,950000,1000000,80,healthy,90,healthy,0,12.5,16.8,18.8,200029,0.0,29,29,24,0,0,0
dynamic_stress_100d_20pct_hdd,100,63,1000000,5000,1.0,vanilla_ec,15.0,0,0,50000,80,healthy,90,healthy,0,12.5,16.8,18.9,200000,0.0,0,0,0,0,0,0
dynamic_stress_100d_20pct_hdd,100,63,1000000,5000,1.0,vanilla_ec,15.0,1,50000,100000,80,healthy,90,healthy,0,12.5,16.8,18.9,200000,0.0,0,0,0,0,0,0
dynamic_stress_100d_20pct_hdd,100,63,1000000,5000,1.0,vanilla_ec,15.0,2,100000,150000,80,healthy,90,healthy,0,12.5,16.8,18.8,200000,0.0,0,0,0,0,0,0
dynamic_stress_100d_20pct_hdd,100,63,1000000,5000,1.0,vanilla_ec,15.0,3,150000,200000,80,mild_slow,90,healthy,10,12.8,29.7,39.8,200000,0.0,0,0,0,0,0,0
dynamic_stress_100d_20pct_hdd,100,63,1000000,5000,1.0,vanilla_ec,15.0,4,200000,250000,80,mild_slow,90,healthy,10,12.8,29.4,39.2,200000,0.0,0,0,0,0,0,0
dynamic_stress_100d_20pct_hdd,100,63,1000000,5000,1.0,vanilla_ec,15.0,5,250000,300000,80,mild_slow,90,healthy,10,12.8,30.1,39.5,200000,0.0,0,0,0,0,0,0
dynamic_stress_100d_20pct_hdd,100,63,1000000,5000,1.0,vanilla_ec,15.0,6,300000,350000,80,severe_slow,90,healthy,10,12.8,69.1,98.6,200000,0.0,0,0,0,0,0,0
dynamic_stress_100d_20pct_hdd,100,63,1000000,5000,1.0,vanilla_ec,15.0,7,350000,400000,80,severe_slow,90,healthy,10,12.8,69.0,98.1,200000,0.0,0,0,0,0,0,0
dynamic_stress_100d_20pct_hdd,100,63,1000000,5000,1.0,vanilla_ec,15.0,8,400000,450000,80,severe_slow,90,healthy,10,12.7,68.2,96.2,200000,0.0,0,0,0,0,0,0
dynamic_stress_100d_20pct_hdd,100,63,1000000,5000,1.0,vanilla_ec,15.0,9,450000,500000,80,recovery,90,mild_slow,10,13.0,30.3,40.4,200000,0.0,0,0,0,0,0,0
dynamic_stress_100d_20pct_hdd,100,63,1000000,5000,1.0,vanilla_ec,15.0,10,500000,550000,80,recovery,90,mild_slow,10,13.0,30.0,40.1,200000,0.0,0,0,0,0,0,0
dynamic_stress_100d_20pct_hdd,100,63,1000000,5000,1.0,vanilla_ec,15.0,11,550000,600000,80,healthy,90,severe_slow,10,12.8,69.3,101.2,200000,0.0,0,0,0,0,0,0
dynamic_stress_100d_20pct_hdd,100,63,1000000,5000,1.0,vanilla_ec,15.0,12,600000,650000,80,healthy,90,severe_slow,10,12.8,69.4,97.6,200000,0.0,0,0,0,0,0,0
dynamic_stress_100d_20pct_hdd,100,63,1000000,5000,1.0,vanilla_ec,15.0,13,650000,700000,80,healthy,90,severe_slow,10,12.8,69.2,99.1,200000,0.0,0,0,0,0,0,0
dynamic_stress_100d_20pct_hdd,100,63,1000000,5000,1.0,vanilla_ec,15.0,14,700000,750000,80,mild_slow,90,recovery,10,13.0,30.0,40.4,200000,0.0,0,0,0,0,0,0
dynamic_stress_100d_20pct_hdd,100,63,1000000,5000,1.0,vanilla_ec,15.0,15,750000,800000,80,recovery,90,recovery,0,13.0,20.2,24.6,200000,0.0,0,0,0,0,0,0
dynamic_stress_100d_20pct_hdd,100,63,1000000,5000,1.0,vanilla_ec,15.0,16,800000,850000,80,healthy,90,healthy,0,12.5,16.9,18.9,200000,0.0,0,0,0,0,0,0
dynamic_stress_100d_20pct_hdd,100,63,1000000,5000,1.0,vanilla_ec,15.0,17,850000,900000,80,healthy,90,healthy,0,12.5,16.8,18.8,200000,0.0,0,0,0,0,0,0
dynamic_stress_100d_20pct_hdd,100,63,1000000,5000,1.0,vanilla_ec,15.0,18,900000,950000,80,healthy,90,healthy,0,12.5,16.8,18.8,200000,0.0,0,0,0,0,0,0
dynamic_stress_100d_20pct_hdd,100,63,1000000,5000,1.0,vanilla_ec,15.0,19,950000,1000000,80,healthy,90,healthy,0,12.5,16.8,18.9,200000,0.0,0,0,0,0,0,0
dynamic_stress_100d_20pct_hdd,100,63,1000000,5000,1.0,late_binding,15.0,0,0,50000,80,healthy,90,healthy,0,10.7,14.0,15.4,250000,25.0,50000,50000,39978,0,0,0
dynamic_stress_100d_20pct_hdd,100,63,1000000,5000,1.0,late_binding,15.0,1,50000,100000,80,healthy,90,healthy,0,10.7,14.0,15.5,250000,25.0,50000,50000,39960,0,0,0
dynamic_stress_100d_20pct_hdd,100,63,1000000,5000,1.0,late_binding,15.0,2,100000,150000,80,healthy,90,healthy,0,10.7,14.0,15.4,250000,25.0,50000,50000,40150,0,0,0
dynamic_stress_100d_20pct_hdd,100,63,1000000,5000,1.0,late_binding,15.0,3,150000,200000,80,mild_slow,90,healthy,10,11.0,25.1,32.5,250000,25.0,50000,50000,39751,0,0,0
dynamic_stress_100d_20pct_hdd,100,63,1000000,5000,1.0,late_binding,15.0,4,200000,250000,80,mild_slow,90,healthy,10,10.9,24.7,32.4,250000,25.0,50000,50000,39694,0,0,0
dynamic_stress_100d_20pct_hdd,100,63,1000000,5000,1.0,late_binding,15.0,5,250000,300000,80,mild_slow,90,healthy,10,11.0,25.3,32.8,250000,25.0,50000,50000,39830,0,0,0
dynamic_stress_100d_20pct_hdd,100,63,1000000,5000,1.0,late_binding,15.0,6,300000,350000,80,severe_slow,90,healthy,10,11.0,57.7,75.3,250000,25.0,50000,50000,39682,0,0,0
dynamic_stress_100d_20pct_hdd,100,63,1000000,5000,1.0,late_binding,15.0,7,350000,400000,80,severe_slow,90,healthy,10,10.9,58.1,75.3,250000,25.0,50000,50000,39690,0,0,0
dynamic_stress_100d_20pct_hdd,100,63,1000000,5000,1.0,late_binding,15.0,8,400000,450000,80,severe_slow,90,healthy,10,10.9,57.5,75.4,250000,25.0,50000,50000,39549,0,0,0
dynamic_stress_100d_20pct_hdd,100,63,1000000,5000,1.0,late_binding,15.0,9,450000,500000,80,recovery,90,mild_slow,10,11.2,25.5,32.9,250000,25.0,50000,50000,39547,0,0,0
dynamic_stress_100d_20pct_hdd,100,63,1000000,5000,1.0,late_binding,15.0,10,500000,550000,80,recovery,90,mild_slow,10,11.1,25.0,32.4,250000,25.0,50000,50000,39679,0,0,0
dynamic_stress_100d_20pct_hdd,100,63,1000000,5000,1.0,late_binding,15.0,11,550000,600000,80,healthy,90,severe_slow,10,10.9,57.5,75.4,250000,25.0,50000,50000,39731,0,0,0
dynamic_stress_100d_20pct_hdd,100,63,1000000,5000,1.0,late_binding,15.0,12,600000,650000,80,healthy,90,severe_slow,10,10.9,58.0,75.9,250000,25.0,50000,50000,39843,0,0,0
dynamic_stress_100d_20pct_hdd,100,63,1000000,5000,1.0,late_binding,15.0,13,650000,700000,80,healthy,90,severe_slow,10,10.9,57.8,76.0,250000,25.0,50000,50000,39656,0,0,0
dynamic_stress_100d_20pct_hdd,100,63,1000000,5000,1.0,late_binding,15.0,14,700000,750000,80,mild_slow,90,recovery,10,11.1,25.1,32.2,250000,25.0,50000,50000,40025,0,0,0
dynamic_stress_100d_20pct_hdd,100,63,1000000,5000,1.0,late_binding,15.0,15,750000,800000,80,recovery,90,recovery,0,11.1,17.0,20.1,250000,25.0,50000,50000,40139,0,0,0
dynamic_stress_100d_20pct_hdd,100,63,1000000,5000,1.0,late_binding,15.0,16,800000,850000,80,healthy,90,healthy,0,10.7,14.0,15.5,250000,25.0,50000,50000,39910,0,0,0
dynamic_stress_100d_20pct_hdd,100,63,1000000,5000,1.0,late_binding,15.0,17,850000,900000,80,healthy,90,healthy,0,10.7,14.0,15.4,250000,25.0,50000,50000,39775,0,0,0
dynamic_stress_100d_20pct_hdd,100,63,1000000,5000,1.0,late_binding,15.0,18,900000,950000,80,healthy,90,healthy,0,10.7,14.0,15.4,250000,25.0,50000,50000,40005,0,0,0
dynamic_stress_100d_20pct_hdd,100,63,1000000,5000,1.0,late_binding,15.0,19,950000,1000000,80,healthy,90,healthy,0,10.7,14.0,15.4,250000,25.0,50000,50000,39951,0,0,0
dynamic_stress_100d_20pct_hdd,100,63,1000000,5000,1.0,timeout_degraded_read,15.0,0,0,50000,80,healthy,90,healthy,0,12.5,16.8,18.8,208177,4.1,8177,8177,197,0,0,0
dynamic_stress_100d_20pct_hdd,100,63,1000000,5000,1.0,timeout_degraded_read,15.0,1,50000,100000,80,healthy,90,healthy,0,12.5,16.8,18.8,208120,4.1,8120,8120,178,0,0,0
dynamic_stress_100d_20pct_hdd,100,63,1000000,5000,1.0,timeout_degraded_read,15.0,2,100000,150000,80,healthy,90,healthy,0,12.5,16.8,18.7,208025,4.0,8025,8025,200,0,0,0
dynamic_stress_100d_20pct_hdd,100,63,1000000,5000,1.0,timeout_degraded_read,15.0,3,150000,200000,80,mild_slow,90,healthy,10,12.8,27.7,36.1,211587,5.8,11587,11587,1954,0,0,0
dynamic_stress_100d_20pct_hdd,100,63,1000000,5000,1.0,timeout_degraded_read,15.0,4,200000,250000,80,mild_slow,90,healthy,10,12.8,27.3,35.8,211556,5.8,11556,11556,1909,0,0,0
dynamic_stress_100d_20pct_hdd,100,63,1000000,5000,1.0,timeout_degraded_read,15.0,5,250000,300000,80,mild_slow,90,healthy,10,12.8,28.0,36.1,211691,5.8,11691,11691,2006,0,0,0
dynamic_stress_100d_20pct_hdd,100,63,1000000,5000,1.0,timeout_degraded_read,15.0,6,300000,350000,80,severe_slow,90,healthy,10,12.8,60.5,78.8,211784,5.9,11784,11784,3070,0,0,0
dynamic_stress_100d_20pct_hdd,100,63,1000000,5000,1.0,timeout_degraded_read,15.0,7,350000,400000,80,severe_slow,90,healthy,10,12.8,60.9,78.7,211702,5.9,11702,11702,3076,0,0,0
dynamic_stress_100d_20pct_hdd,100,63,1000000,5000,1.0,timeout_degraded_read,15.0,8,400000,450000,80,severe_slow,90,healthy,10,12.7,60.2,79.0,211593,5.8,11593,11593,3028,0,0,0
dynamic_stress_100d_20pct_hdd,100,63,1000000,5000,1.0,timeout_degraded_read,15.0,9,450000,500000,80,recovery,90,mild_slow,10,13.0,28.0,36.1,214102,7.1,14102,14102,2286,0,0,0
dynamic_stress_100d_20pct_hdd,100,63,1000000,5000,1.0,timeout_degraded_read,15.0,10,500000,550000,80,recovery,90,mild_slow,10,13.0,27.4,35.8,213777,6.9,13777,13777,2216,0,0,0
dynamic_stress_100d_20pct_hdd,100,63,1000000,5000,1.0,timeout_degraded_read,15.0,11,550000,600000,80,healthy,90,severe_slow,10,12.8,59.8,79.0,211481,5.7,11481,11481,3220,0,0,0
dynamic_stress_100d_20pct_hdd,100,63,1000000,5000,1.0,timeout_degraded_read,15.0,12,600000,650000,80,healthy,90,severe_slow,10,12.8,60.2,78.9,211680,5.8,11680,11680,3210,0,0,0
dynamic_stress_100d_20pct_hdd,100,63,1000000,5000,1.0,timeout_degraded_read,15.0,13,650000,700000,80,healthy,90,severe_slow,10,12.8,60.1,79.3,211520,5.8,11520,11520,3167,0,0,0
dynamic_stress_100d_20pct_hdd,100,63,1000000,5000,1.0,timeout_degraded_read,15.0,14,700000,750000,80,mild_slow,90,recovery,10,13.0,28.4,36.1,214028,7.0,14028,14028,1976,0,0,0
dynamic_stress_100d_20pct_hdd,100,63,1000000,5000,1.0,timeout_degraded_read,15.0,15,750000,800000,80,recovery,90,recovery,0,13.0,20.0,23.8,213348,6.7,13348,13348,796,0,0,0
dynamic_stress_100d_20pct_hdd,100,63,1000000,5000,1.0,timeout_degraded_read,15.0,16,800000,850000,80,healthy,90,healthy,0,12.5,16.8,18.8,208060,4.0,8060,8060,177,0,0,0
dynamic_stress_100d_20pct_hdd,100,63,1000000,5000,1.0,timeout_degraded_read,15.0,17,850000,900000,80,healthy,90,healthy,0,12.5,16.8,18.7,208103,4.1,8103,8103,194,0,0,0
dynamic_stress_100d_20pct_hdd,100,63,1000000,5000,1.0,timeout_degraded_read,15.0,18,900000,950000,80,healthy,90,healthy,0,12.5,16.8,18.7,208180,4.1,8180,8180,167,0,0,0
dynamic_stress_100d_20pct_hdd,100,63,1000000,5000,1.0,timeout_degraded_read,15.0,19,950000,1000000,80,healthy,90,healthy,0,12.5,16.8,18.8,208138,4.1,8138,8138,194,0,0,0
dynamic_stress_100d_20pct_hdd,100,63,1000000,5000,1.0,health_ec,15.0,0,0,50000,80,healthy,90,healthy,0,12.5,16.8,18.9,200000,0.0,0,0,0,0,0,0
dynamic_stress_100d_20pct_hdd,100,63,1000000,5000,1.0,health_ec,15.0,1,50000,100000,80,healthy,90,healthy,0,12.5,16.8,18.9,200000,0.0,0,0,0,0,0,0
dynamic_stress_100d_20pct_hdd,100,63,1000000,5000,1.0,health_ec,15.0,2,100000,150000,80,healthy,90,healthy,0,12.5,16.8,18.8,200000,0.0,0,0,0,0,0,0
dynamic_stress_100d_20pct_hdd,100,63,1000000,5000,1.0,health_ec,15.0,3,150000,200000,80,mild_slow,90,healthy,10,12.8,27.3,36.8,202107,1.1,2107,2107,1704,1,1,0
dynamic_stress_100d_20pct_hdd,100,63,1000000,5000,1.0,health_ec,15.0,4,200000,250000,80,mild_slow,90,healthy,10,12.8,25.7,34.9,202794,1.4,2794,2794,2253,0,0,0
dynamic_stress_100d_20pct_hdd,100,63,1000000,5000,1.0,health_ec,15.0,5,250000,300000,80,mild_slow,90,healthy,10,12.8,26.1,35.2,203099,1.5,3099,3099,2508,2,2,0
dynamic_stress_100d_20pct_hdd,100,63,1000000,5000,1.0,health_ec,15.0,6,300000,350000,80,severe_slow,90,healthy,10,12.7,53.3,77.4,202835,1.4,2835,2835,2366,7,7,0
dynamic_stress_100d_20pct_hdd,100,63,1000000,5000,1.0,health_ec,15.0,7,350000,400000,80,severe_slow,90,healthy,10,12.7,53.1,75.8,202986,1.5,2986,2986,2492,0,0,0
dynamic_stress_100d_20pct_hdd,100,63,1000000,5000,1.0,health_ec,15.0,8,400000,450000,80,severe_slow,90,healthy,10,12.7,51.8,74.6,203101,1.6,3101,3101,2603,0,0,0
dynamic_stress_100d_20pct_hdd,100,63,1000000,5000,1.0,health_ec,15.0,9,450000,500000,80,recovery,90,mild_slow,10,12.9,27.0,36.5,204428,2.2,4428,4428,3307,5,5,0
dynamic_stress_100d_20pct_hdd,100,63,1000000,5000,1.0,health_ec,15.0,10,500000,550000,80,recovery,90,mild_slow,10,12.9,25.6,34.9,204166,2.1,4166,4166,3190,0,0,0
dynamic_stress_100d_20pct_hdd,100,63,1000000,5000,1.0,health_ec,15.0,11,550000,600000,80,healthy,90,severe_slow,10,12.7,55.0,78.3,203442,1.7,3442,3442,2705,6,6,0
dynamic_stress_100d_20pct_hdd,100,63,1000000,5000,1.0,health_ec,15.0,12,600000,650000,80,healthy,90,severe_slow,10,12.7,53.6,75.6,203430,1.7,3430,3430,2776,0,0,0
dynamic_stress_100d_20pct_hdd,100,63,1000000,5000,1.0,health_ec,15.0,13,650000,700000,80,healthy,90,severe_slow,10,12.7,53.2,75.7,203339,1.7,3339,3339,2726,0,0,0
dynamic_stress_100d_20pct_hdd,100,63,1000000,5000,1.0,health_ec,15.0,14,700000,750000,80,mild_slow,90,recovery,10,12.9,23.9,36.0,203928,2.0,3928,3928,3409,0,0,0
dynamic_stress_100d_20pct_hdd,100,63,1000000,5000,1.0,health_ec,15.0,15,750000,800000,80,recovery,90,recovery,0,12.8,18.5,22.1,203328,1.7,3328,3328,2786,0,0,0
dynamic_stress_100d_20pct_hdd,100,63,1000000,5000,1.0,health_ec,15.0,16,800000,850000,80,healthy,90,healthy,0,12.5,16.8,18.9,201182,0.6,1182,1182,941,0,0,0
dynamic_stress_100d_20pct_hdd,100,63,1000000,5000,1.0,health_ec,15.0,17,850000,900000,80,healthy,90,healthy,0,12.5,16.8,18.8,200261,0.1,261,261,203,0,0,0
dynamic_stress_100d_20pct_hdd,100,63,1000000,5000,1.0,health_ec,15.0,18,900000,950000,80,healthy,90,healthy,0,12.5,16.8,18.8,200092,0.0,92,92,78,0,0,0
dynamic_stress_100d_20pct_hdd,100,63,1000000,5000,1.0,health_ec,15.0,19,950000,1000000,80,healthy,90,healthy,0,12.5,16.8,18.8,200044,0.0,44,44,34,0,0,0
dynamic_stress_100d_20pct_hdd,100,64,1000000,5000,1.0,vanilla_ec,15.0,0,0,50000,80,healthy,90,healthy,0,12.5,16.9,18.8,200000,0.0,0,0,0,0,0,0
dynamic_stress_100d_20pct_hdd,100,64,1000000,5000,1.0,vanilla_ec,15.0,1,50000,100000,80,healthy,90,healthy,0,12.5,16.8,18.8,200000,0.0,0,0,0,0,0,0
dynamic_stress_100d_20pct_hdd,100,64,1000000,5000,1.0,vanilla_ec,15.0,2,100000,150000,80,healthy,90,healthy,0,12.5,16.8,18.9,200000,0.0,0,0,0,0,0,0
dynamic_stress_100d_20pct_hdd,100,64,1000000,5000,1.0,vanilla_ec,15.0,3,150000,200000,80,mild_slow,90,healthy,10,12.8,29.8,39.3,200000,0.0,0,0,0,0,0,0
dynamic_stress_100d_20pct_hdd,100,64,1000000,5000,1.0,vanilla_ec,15.0,4,200000,250000,80,mild_slow,90,healthy,10,12.8,29.8,39.6,200000,0.0,0,0,0,0,0,0
dynamic_stress_100d_20pct_hdd,100,64,1000000,5000,1.0,vanilla_ec,15.0,5,250000,300000,80,mild_slow,90,healthy,10,12.8,29.9,39.3,200000,0.0,0,0,0,0,0,0
dynamic_stress_100d_20pct_hdd,100,64,1000000,5000,1.0,vanilla_ec,15.0,6,300000,350000,80,severe_slow,90,healthy,10,12.8,69.1,100.4,200000,0.0,0,0,0,0,0,0
dynamic_stress_100d_20pct_hdd,100,64,1000000,5000,1.0,vanilla_ec,15.0,7,350000,400000,80,severe_slow,90,healthy,10,12.8,68.4,95.8,200000,0.0,0,0,0,0,0,0
dynamic_stress_100d_20pct_hdd,100,64,1000000,5000,1.0,vanilla_ec,15.0,8,400000,450000,80,severe_slow,90,healthy,10,12.8,69.6,99.6,200000,0.0,0,0,0,0,0,0
dynamic_stress_100d_20pct_hdd,100,64,1000000,5000,1.0,vanilla_ec,15.0,9,450000,500000,80,recovery,90,mild_slow,10,13.0,30.0,40.1,200000,0.0,0,0,0,0,0,0
dynamic_stress_100d_20pct_hdd,100,64,1000000,5000,1.0,vanilla_ec,15.0,10,500000,550000,80,recovery,90,mild_slow,10,13.0,30.0,39.8,200000,0.0,0,0,0,0,0,0
dynamic_stress_100d_20pct_hdd,100,64,1000000,5000,1.0,vanilla_ec,15.0,11,550000,600000,80,healthy,90,severe_slow,10,12.8,69.6,100.5,200000,0.0,0,0,0,0,0,0
dynamic_stress_100d_20pct_hdd,100,64,1000000,5000,1.0,vanilla_ec,15.0,12,600000,650000,80,healthy,90,severe_slow,10,12.8,68.8,99.5,200000,0.0,0,0,0,0,0,0
dynamic_stress_100d_20pct_hdd,100,64,1000000,5000,1.0,vanilla_ec,15.0,13,650000,700000,80,healthy,90,severe_slow,10,12.8,68.2,98.1,200000,0.0,0,0,0,0,0,0
dynamic_stress_100d_20pct_hdd,100,64,1000000,5000,1.0,vanilla_ec,15.0,14,700000,750000,80,mild_slow,90,recovery,10,13.0,29.9,40.0,200000,0.0,0,0,0,0,0,0
dynamic_stress_100d_20pct_hdd,100,64,1000000,5000,1.0,vanilla_ec,15.0,15,750000,800000,80,recovery,90,recovery,0,13.0,20.1,24.6,200000,0.0,0,0,0,0,0,0
dynamic_stress_100d_20pct_hdd,100,64,1000000,5000,1.0,vanilla_ec,15.0,16,800000,850000,80,healthy,90,healthy,0,12.5,16.8,18.8,200000,0.0,0,0,0,0,0,0
dynamic_stress_100d_20pct_hdd,100,64,1000000,5000,1.0,vanilla_ec,15.0,17,850000,900000,80,healthy,90,healthy,0,12.5,16.8,18.8,200000,0.0,0,0,0,0,0,0
dynamic_stress_100d_20pct_hdd,100,64,1000000,5000,1.0,vanilla_ec,15.0,18,900000,950000,80,healthy,90,healthy,0,12.5,16.8,18.8,200000,0.0,0,0,0,0,0,0
dynamic_stress_100d_20pct_hdd,100,64,1000000,5000,1.0,vanilla_ec,15.0,19,950000,1000000,80,healthy,90,healthy,0,12.5,16.8,18.8,200000,0.0,0,0,0,0,0,0
dynamic_stress_100d_20pct_hdd,100,64,1000000,5000,1.0,late_binding,15.0,0,0,50000,80,healthy,90,healthy,0,10.7,14.0,15.4,250000,25.0,50000,50000,40064,0,0,0
dynamic_stress_100d_20pct_hdd,100,64,1000000,5000,1.0,late_binding,15.0,1,50000,100000,80,healthy,90,healthy,0,10.7,14.0,15.5,250000,25.0,50000,50000,40065,0,0,0
dynamic_stress_100d_20pct_hdd,100,64,1000000,5000,1.0,late_binding,15.0,2,100000,150000,80,healthy,90,healthy,0,10.7,14.0,15.5,250000,25.0,50000,50000,40006,0,0,0
dynamic_stress_100d_20pct_hdd,100,64,1000000,5000,1.0,late_binding,15.0,3,150000,200000,80,mild_slow,90,healthy,10,10.9,25.0,32.3,250000,25.0,50000,50000,39696,0,0,0
dynamic_stress_100d_20pct_hdd,100,64,1000000,5000,1.0,late_binding,15.0,4,200000,250000,80,mild_slow,90,healthy,10,11.0,24.9,32.3,250000,25.0,50000,50000,39721,0,0,0
dynamic_stress_100d_20pct_hdd,100,64,1000000,5000,1.0,late_binding,15.0,5,250000,300000,80,mild_slow,90,healthy,10,10.9,25.1,32.5,250000,25.0,50000,50000,39757,0,0,0
dynamic_stress_100d_20pct_hdd,100,64,1000000,5000,1.0,late_binding,15.0,6,300000,350000,80,severe_slow,90,healthy,10,10.9,58.0,75.5,250000,25.0,50000,50000,39706,0,0,0
dynamic_stress_100d_20pct_hdd,100,64,1000000,5000,1.0,late_binding,15.0,7,350000,400000,80,severe_slow,90,healthy,10,10.9,57.4,75.8,250000,25.0,50000,50000,39686,0,0,0
dynamic_stress_100d_20pct_hdd,100,64,1000000,5000,1.0,late_binding,15.0,8,400000,450000,80,severe_slow,90,healthy,10,11.0,58.6,76.2,250000,25.0,50000,50000,39623,0,0,0
dynamic_stress_100d_20pct_hdd,100,64,1000000,5000,1.0,late_binding,15.0,9,450000,500000,80,recovery,90,mild_slow,10,11.1,25.0,32.6,250000,25.0,50000,50000,39673,0,0,0
dynamic_stress_100d_20pct_hdd,100,64,1000000,5000,1.0,late_binding,15.0,10,500000,550000,80,recovery,90,mild_slow,10,11.1,25.0,32.4,250000,25.0,50000,50000,39553,0,0,0
dynamic_stress_100d_20pct_hdd,100,64,1000000,5000,1.0,late_binding,15.0,11,550000,600000,80,healthy,90,severe_slow,10,11.0,58.3,75.6,250000,25.0,50000,50000,39750,0,0,0
dynamic_stress_100d_20pct_hdd,100,64,1000000,5000,1.0,late_binding,15.0,12,600000,650000,80,healthy,90,severe_slow,10,11.0,57.6,75.1,250000,25.0,50000,50000,39756,0,0,0
dynamic_stress_100d_20pct_hdd,100,64,1000000,5000,1.0,late_binding,15.0,13,650000,700000,80,healthy,90,severe_slow,10,11.0,57.3,75.3,250000,25.0,50000,50000,39680,0,0,0
dynamic_stress_100d_20pct_hdd,100,64,1000000,5000,1.0,late_binding,15.0,14,700000,750000,80,mild_slow,90,recovery,10,11.1,25.2,32.5,250000,25.0,50000,50000,39760,0,0,0
dynamic_stress_100d_20pct_hdd,100,64,1000000,5000,1.0,late_binding,15.0,15,750000,800000,80,recovery,90,recovery,0,11.1,16.9,20.1,250000,25.0,50000,50000,39902,0,0,0
dynamic_stress_100d_20pct_hdd,100,64,1000000,5000,1.0,late_binding,15.0,16,800000,850000,80,healthy,90,healthy,0,10.7,14.0,15.4,250000,25.0,50000,50000,39980,0,0,0
dynamic_stress_100d_20pct_hdd,100,64,1000000,5000,1.0,late_binding,15.0,17,850000,900000,80,healthy,90,healthy,0,10.7,14.0,15.5,250000,25.0,50000,50000,39924,0,0,0
dynamic_stress_100d_20pct_hdd,100,64,1000000,5000,1.0,late_binding,15.0,18,900000,950000,80,healthy,90,healthy,0,10.7,14.0,15.4,250000,25.0,50000,50000,39924,0,0,0
dynamic_stress_100d_20pct_hdd,100,64,1000000,5000,1.0,late_binding,15.0,19,950000,1000000,80,healthy,90,healthy,0,10.7,14.0,15.5,250000,25.0,50000,50000,39918,0,0,0
dynamic_stress_100d_20pct_hdd,100,64,1000000,5000,1.0,timeout_degraded_read,15.0,0,0,50000,80,healthy,90,healthy,0,12.5,16.8,18.7,208201,4.1,8201,8201,220,0,0,0
dynamic_stress_100d_20pct_hdd,100,64,1000000,5000,1.0,timeout_degraded_read,15.0,1,50000,100000,80,healthy,90,healthy,0,12.5,16.8,18.7,208048,4.0,8048,8048,171,0,0,0
dynamic_stress_100d_20pct_hdd,100,64,1000000,5000,1.0,timeout_degraded_read,15.0,2,100000,150000,80,healthy,90,healthy,0,12.5,16.8,18.8,208211,4.1,8211,8211,174,0,0,0
dynamic_stress_100d_20pct_hdd,100,64,1000000,5000,1.0,timeout_degraded_read,15.0,3,150000,200000,80,mild_slow,90,healthy,10,12.8,27.7,35.8,211730,5.9,11730,11730,1932,0,0,0
dynamic_stress_100d_20pct_hdd,100,64,1000000,5000,1.0,timeout_degraded_read,15.0,4,200000,250000,80,mild_slow,90,healthy,10,12.8,27.7,36.3,211674,5.8,11674,11674,1921,0,0,0
dynamic_stress_100d_20pct_hdd,100,64,1000000,5000,1.0,timeout_degraded_read,15.0,5,250000,300000,80,mild_slow,90,healthy,10,12.8,27.8,36.2,211762,5.9,11762,11762,1910,0,0,0
dynamic_stress_100d_20pct_hdd,100,64,1000000,5000,1.0,timeout_degraded_read,15.0,6,300000,350000,80,severe_slow,90,healthy,10,12.8,60.7,79.7,211893,5.9,11893,11893,3076,0,0,0
dynamic_stress_100d_20pct_hdd,100,64,1000000,5000,1.0,timeout_degraded_read,15.0,7,350000,400000,80,severe_slow,90,healthy,10,12.8,59.8,79.1,211651,5.8,11651,11651,2957,0,0,0
dynamic_stress_100d_20pct_hdd,100,64,1000000,5000,1.0,timeout_degraded_read,15.0,8,400000,450000,80,severe_slow,90,healthy,10,12.8,61.2,79.1,211725,5.9,11725,11725,3169,0,0,0
dynamic_stress_100d_20pct_hdd,100,64,1000000,5000,1.0,timeout_degraded_read,15.0,9,450000,500000,80,recovery,90,mild_slow,10,13.0,27.7,35.8,214030,7.0,14030,14030,2252,0,0,0
dynamic_stress_100d_20pct_hdd,100,64,1000000,5000,1.0,timeout_degraded_read,15.0,10,500000,550000,80,recovery,90,mild_slow,10,13.0,27.5,35.7,214105,7.1,14105,14105,2304,0,0,0
dynamic_stress_100d_20pct_hdd,100,64,1000000,5000,1.0,timeout_degraded_read,15.0,11,550000,600000,80,healthy,90,severe_slow,10,12.8,60.5,79.1,211813,5.9,11813,11813,3231,0,0,0
dynamic_stress_100d_20pct_hdd,100,64,1000000,5000,1.0,timeout_degraded_read,15.0,12,600000,650000,80,healthy,90,severe_slow,10,12.8,60.1,78.9,211654,5.8,11654,11654,3179,0,0,0
dynamic_stress_100d_20pct_hdd,100,64,1000000,5000,1.0,timeout_degraded_read,15.0,13,650000,700000,80,healthy,90,severe_slow,10,12.8,59.7,78.5,211523,5.8,11523,11523,3067,0,0,0
dynamic_stress_100d_20pct_hdd,100,64,1000000,5000,1.0,timeout_degraded_read,15.0,14,700000,750000,80,mild_slow,90,recovery,10,13.0,28.5,36.1,213823,6.9,13823,13823,1956,0,0,0
dynamic_stress_100d_20pct_hdd,100,64,1000000,5000,1.0,timeout_degraded_read,15.0,15,750000,800000,80,recovery,90,recovery,0,13.0,19.9,23.8,213101,6.6,13101,13101,789,0,0,0
dynamic_stress_100d_20pct_hdd,100,64,1000000,5000,1.0,timeout_degraded_read,15.0,16,800000,850000,80,healthy,90,healthy,0,12.5,16.8,18.8,208156,4.1,8156,8156,175,0,0,0
dynamic_stress_100d_20pct_hdd,100,64,1000000,5000,1.0,timeout_degraded_read,15.0,17,850000,900000,80,healthy,90,healthy,0,12.5,16.8,18.7,207989,4.0,7989,7989,197,0,0,0
dynamic_stress_100d_20pct_hdd,100,64,1000000,5000,1.0,timeout_degraded_read,15.0,18,900000,950000,80,healthy,90,healthy,0,12.5,16.8,18.7,207970,4.0,7970,7970,184,0,0,0
dynamic_stress_100d_20pct_hdd,100,64,1000000,5000,1.0,timeout_degraded_read,15.0,19,950000,1000000,80,healthy,90,healthy,0,12.5,16.8,18.7,208048,4.0,8048,8048,211,0,0,0
dynamic_stress_100d_20pct_hdd,100,64,1000000,5000,1.0,health_ec,15.0,0,0,50000,80,healthy,90,healthy,0,12.5,16.9,18.8,200000,0.0,0,0,0,0,0,0
dynamic_stress_100d_20pct_hdd,100,64,1000000,5000,1.0,health_ec,15.0,1,50000,100000,80,healthy,90,healthy,0,12.5,16.8,18.8,200000,0.0,0,0,0,0,0,0
dynamic_stress_100d_20pct_hdd,100,64,1000000,5000,1.0,health_ec,15.0,2,100000,150000,80,healthy,90,healthy,0,12.5,16.8,18.9,200000,0.0,0,0,0,0,0,0
dynamic_stress_100d_20pct_hdd,100,64,1000000,5000,1.0,health_ec,15.0,3,150000,200000,80,mild_slow,90,healthy,10,12.8,27.6,36.8,201846,0.9,1846,1846,1514,0,0,0
dynamic_stress_100d_20pct_hdd,100,64,1000000,5000,1.0,health_ec,15.0,4,200000,250000,80,mild_slow,90,healthy,10,12.8,26.5,35.5,202685,1.3,2685,2685,2262,0,0,0
dynamic_stress_100d_20pct_hdd,100,64,1000000,5000,1.0,health_ec,15.0,5,250000,300000,80,mild_slow,90,healthy,10,12.8,26.4,35.1,202914,1.5,2914,2914,2406,2,2,0
dynamic_stress_100d_20pct_hdd,100,64,1000000,5000,1.0,health_ec,15.0,6,300000,350000,80,severe_slow,90,healthy,10,12.8,54.4,77.6,202812,1.4,2812,2812,2349,8,8,0
dynamic_stress_100d_20pct_hdd,100,64,1000000,5000,1.0,health_ec,15.0,7,350000,400000,80,severe_slow,90,healthy,10,12.7,51.6,75.7,202943,1.5,2943,2943,2454,0,0,0
dynamic_stress_100d_20pct_hdd,100,64,1000000,5000,1.0,health_ec,15.0,8,400000,450000,80,severe_slow,90,healthy,10,12.7,52.9,75.3,203251,1.6,3251,3251,2743,0,0,0
dynamic_stress_100d_20pct_hdd,100,64,1000000,5000,1.0,health_ec,15.0,9,450000,500000,80,recovery,90,mild_slow,10,12.9,26.7,36.8,204021,2.0,4021,4021,3007,5,5,0
dynamic_stress_100d_20pct_hdd,100,64,1000000,5000,1.0,health_ec,15.0,10,500000,550000,80,recovery,90,mild_slow,10,12.9,25.4,35.0,204191,2.1,4191,4191,3252,0,0,0
dynamic_stress_100d_20pct_hdd,100,64,1000000,5000,1.0,health_ec,15.0,11,550000,600000,80,healthy,90,severe_slow,10,12.7,54.8,78.3,203431,1.7,3431,3431,2688,5,5,0
dynamic_stress_100d_20pct_hdd,100,64,1000000,5000,1.0,health_ec,15.0,12,600000,650000,80,healthy,90,severe_slow,10,12.7,52.9,75.3,203157,1.6,3157,3157,2597,0,0,0
dynamic_stress_100d_20pct_hdd,100,64,1000000,5000,1.0,health_ec,15.0,13,650000,700000,80,healthy,90,severe_slow,10,12.7,51.6,74.8,203086,1.5,3086,3086,2595,0,0,0
dynamic_stress_100d_20pct_hdd,100,64,1000000,5000,1.0,health_ec,15.0,14,700000,750000,80,mild_slow,90,recovery,10,12.8,24.3,36.0,203829,1.9,3829,3829,3297,0,0,0
dynamic_stress_100d_20pct_hdd,100,64,1000000,5000,1.0,health_ec,15.0,15,750000,800000,80,recovery,90,recovery,0,12.8,18.5,22.3,203155,1.6,3155,3155,2637,0,0,0
dynamic_stress_100d_20pct_hdd,100,64,1000000,5000,1.0,health_ec,15.0,16,800000,850000,80,healthy,90,healthy,0,12.5,16.8,18.8,201113,0.6,1113,1113,882,0,0,0
dynamic_stress_100d_20pct_hdd,100,64,1000000,5000,1.0,health_ec,15.0,17,850000,900000,80,healthy,90,healthy,0,12.4,16.8,18.8,200306,0.2,306,306,235,0,0,0
dynamic_stress_100d_20pct_hdd,100,64,1000000,5000,1.0,health_ec,15.0,18,900000,950000,80,healthy,90,healthy,0,12.5,16.8,18.8,200130,0.1,130,130,103,0,0,0
dynamic_stress_100d_20pct_hdd,100,64,1000000,5000,1.0,health_ec,15.0,19,950000,1000000,80,healthy,90,healthy,0,12.5,16.8,18.8,200033,0.0,33,33,25,0,0,0
dynamic_stress_100d_20pct_hdd,100,65,1000000,5000,1.0,vanilla_ec,15.0,0,0,50000,80,healthy,90,healthy,0,12.5,16.8,18.8,200000,0.0,0,0,0,0,0,0
dynamic_stress_100d_20pct_hdd,100,65,1000000,5000,1.0,vanilla_ec,15.0,1,50000,100000,80,healthy,90,healthy,0,12.5,16.8,18.9,200000,0.0,0,0,0,0,0,0
dynamic_stress_100d_20pct_hdd,100,65,1000000,5000,1.0,vanilla_ec,15.0,2,100000,150000,80,healthy,90,healthy,0,12.5,16.8,18.8,200000,0.0,0,0,0,0,0,0
dynamic_stress_100d_20pct_hdd,100,65,1000000,5000,1.0,vanilla_ec,15.0,3,150000,200000,80,mild_slow,90,healthy,10,12.8,29.8,39.2,200000,0.0,0,0,0,0,0,0
dynamic_stress_100d_20pct_hdd,100,65,1000000,5000,1.0,vanilla_ec,15.0,4,200000,250000,80,mild_slow,90,healthy,10,12.8,29.9,39.3,200000,0.0,0,0,0,0,0,0
dynamic_stress_100d_20pct_hdd,100,65,1000000,5000,1.0,vanilla_ec,15.0,5,250000,300000,80,mild_slow,90,healthy,10,12.8,29.8,39.4,200000,0.0,0,0,0,0,0,0
dynamic_stress_100d_20pct_hdd,100,65,1000000,5000,1.0,vanilla_ec,15.0,6,300000,350000,80,severe_slow,90,healthy,10,12.8,67.7,97.4,200000,0.0,0,0,0,0,0,0
dynamic_stress_100d_20pct_hdd,100,65,1000000,5000,1.0,vanilla_ec,15.0,7,350000,400000,80,severe_slow,90,healthy,10,12.8,69.5,99.4,200000,0.0,0,0,0,0,0,0
dynamic_stress_100d_20pct_hdd,100,65,1000000,5000,1.0,vanilla_ec,15.0,8,400000,450000,80,severe_slow,90,healthy,10,12.8,69.4,99.1,200000,0.0,0,0,0,0,0,0
dynamic_stress_100d_20pct_hdd,100,65,1000000,5000,1.0,vanilla_ec,15.0,9,450000,500000,80,recovery,90,mild_slow,10,13.0,30.4,40.4,200000,0.0,0,0,0,0,0,0
dynamic_stress_100d_20pct_hdd,100,65,1000000,5000,1.0,vanilla_ec,15.0,10,500000,550000,80,recovery,90,mild_slow,10,13.0,30.0,40.1,200000,0.0,0,0,0,0,0,0
dynamic_stress_100d_20pct_hdd,100,65,1000000,5000,1.0,vanilla_ec,15.0,11,550000,600000,80,healthy,90,severe_slow,10,12.8,68.3,98.2,200000,0.0,0,0,0,0,0,0
dynamic_stress_100d_20pct_hdd,100,65,1000000,5000,1.0,vanilla_ec,15.0,12,600000,650000,80,healthy,90,severe_slow,10,12.8,69.3,100.4,200000,0.0,0,0,0,0,0,0
dynamic_stress_100d_20pct_hdd,100,65,1000000,5000,1.0,vanilla_ec,15.0,13,650000,700000,80,healthy,90,severe_slow,10,12.8,68.8,98.3,200000,0.0,0,0,0,0,0,0
dynamic_stress_100d_20pct_hdd,100,65,1000000,5000,1.0,vanilla_ec,15.0,14,700000,750000,80,mild_slow,90,recovery,10,13.0,29.9,39.3,200000,0.0,0,0,0,0,0,0
dynamic_stress_100d_20pct_hdd,100,65,1000000,5000,1.0,vanilla_ec,15.0,15,750000,800000,80,recovery,90,recovery,0,13.0,20.2,24.7,200000,0.0,0,0,0,0,0,0
dynamic_stress_100d_20pct_hdd,100,65,1000000,5000,1.0,vanilla_ec,15.0,16,800000,850000,80,healthy,90,healthy,0,12.5,16.8,18.8,200000,0.0,0,0,0,0,0,0
dynamic_stress_100d_20pct_hdd,100,65,1000000,5000,1.0,vanilla_ec,15.0,17,850000,900000,80,healthy,90,healthy,0,12.5,16.8,18.9,200000,0.0,0,0,0,0,0,0
dynamic_stress_100d_20pct_hdd,100,65,1000000,5000,1.0,vanilla_ec,15.0,18,900000,950000,80,healthy,90,healthy,0,12.5,16.8,18.8,200000,0.0,0,0,0,0,0,0
dynamic_stress_100d_20pct_hdd,100,65,1000000,5000,1.0,vanilla_ec,15.0,19,950000,1000000,80,healthy,90,healthy,0,12.5,16.8,18.8,200000,0.0,0,0,0,0,0,0
dynamic_stress_100d_20pct_hdd,100,65,1000000,5000,1.0,late_binding,15.0,0,0,50000,80,healthy,90,healthy,0,10.7,14.0,15.4,250000,25.0,50000,50000,39991,0,0,0
dynamic_stress_100d_20pct_hdd,100,65,1000000,5000,1.0,late_binding,15.0,1,50000,100000,80,healthy,90,healthy,0,10.7,14.1,15.5,250000,25.0,50000,50000,40042,0,0,0
dynamic_stress_100d_20pct_hdd,100,65,1000000,5000,1.0,late_binding,15.0,2,100000,150000,80,healthy,90,healthy,0,10.7,14.0,15.4,250000,25.0,50000,50000,39896,0,0,0
dynamic_stress_100d_20pct_hdd,100,65,1000000,5000,1.0,late_binding,15.0,3,150000,200000,80,mild_slow,90,healthy,10,10.9,24.9,32.8,250000,25.0,50000,50000,39716,0,0,0
dynamic_stress_100d_20pct_hdd,100,65,1000000,5000,1.0,late_binding,15.0,4,200000,250000,80,mild_slow,90,healthy,10,11.0,25.2,32.7,250000,25.0,50000,50000,39768,0,0,0
dynamic_stress_100d_20pct_hdd,100,65,1000000,5000,1.0,late_binding,15.0,5,250000,300000,80,mild_slow,90,healthy,10,10.9,25.1,32.6,250000,25.0,50000,50000,39511,0,0,0
dynamic_stress_100d_20pct_hdd,100,65,1000000,5000,1.0,late_binding,15.0,6,300000,350000,80,severe_slow,90,healthy,10,11.0,57.3,75.4,250000,25.0,50000,50000,39587,0,0,0
dynamic_stress_100d_20pct_hdd,100,65,1000000,5000,1.0,late_binding,15.0,7,350000,400000,80,severe_slow,90,healthy,10,10.9,58.0,75.9,250000,25.0,50000,50000,39671,0,0,0
dynamic_stress_100d_20pct_hdd,100,65,1000000,5000,1.0,late_binding,15.0,8,400000,450000,80,severe_slow,90,healthy,10,10.9,58.3,76.0,250000,25.0,50000,50000,39612,0,0,0
dynamic_stress_100d_20pct_hdd,100,65,1000000,5000,1.0,late_binding,15.0,9,450000,500000,80,recovery,90,mild_slow,10,11.1,25.2,32.8,250000,25.0,50000,50000,39497,0,0,0
dynamic_stress_100d_20pct_hdd,100,65,1000000,5000,1.0,late_binding,15.0,10,500000,550000,80,recovery,90,mild_slow,10,11.1,25.0,32.6,250000,25.0,50000,50000,39543,0,0,0
dynamic_stress_100d_20pct_hdd,100,65,1000000,5000,1.0,late_binding,15.0,11,550000,600000,80,healthy,90,severe_slow,10,10.9,57.5,75.4,250000,25.0,50000,50000,39650,0,0,0
dynamic_stress_100d_20pct_hdd,100,65,1000000,5000,1.0,late_binding,15.0,12,600000,650000,80,healthy,90,severe_slow,10,10.9,58.1,75.8,250000,25.0,50000,50000,39625,0,0,0
dynamic_stress_100d_20pct_hdd,100,65,1000000,5000,1.0,late_binding,15.0,13,650000,700000,80,healthy,90,severe_slow,10,10.9,57.6,76.1,250000,25.0,50000,50000,39755,0,0,0
dynamic_stress_100d_20pct_hdd,100,65,1000000,5000,1.0,late_binding,15.0,14,700000,750000,80,mild_slow,90,recovery,10,11.1,25.1,32.5,250000,25.0,50000,50000,39894,0,0,0
dynamic_stress_100d_20pct_hdd,100,65,1000000,5000,1.0,late_binding,15.0,15,750000,800000,80,recovery,90,recovery,0,11.1,16.9,20.1,250000,25.0,50000,50000,40011,0,0,0
dynamic_stress_100d_20pct_hdd,100,65,1000000,5000,1.0,late_binding,15.0,16,800000,850000,80,healthy,90,healthy,0,10.7,14.0,15.4,250000,25.0,50000,50000,39928,0,0,0
dynamic_stress_100d_20pct_hdd,100,65,1000000,5000,1.0,late_binding,15.0,17,850000,900000,80,healthy,90,healthy,0,10.7,14.0,15.4,250000,25.0,50000,50000,40005,0,0,0
dynamic_stress_100d_20pct_hdd,100,65,1000000,5000,1.0,late_binding,15.0,18,900000,950000,80,healthy,90,healthy,0,10.7,14.0,15.4,250000,25.0,50000,50000,39927,0,0,0
dynamic_stress_100d_20pct_hdd,100,65,1000000,5000,1.0,late_binding,15.0,19,950000,1000000,80,healthy,90,healthy,0,10.7,14.0,15.4,250000,25.0,50000,50000,40195,0,0,0
dynamic_stress_100d_20pct_hdd,100,65,1000000,5000,1.0,timeout_degraded_read,15.0,0,0,50000,80,healthy,90,healthy,0,12.5,16.8,18.7,208000,4.0,8000,8000,178,0,0,0
dynamic_stress_100d_20pct_hdd,100,65,1000000,5000,1.0,timeout_degraded_read,15.0,1,50000,100000,80,healthy,90,healthy,0,12.5,16.8,18.8,208175,4.1,8175,8175,199,0,0,0
dynamic_stress_100d_20pct_hdd,100,65,1000000,5000,1.0,timeout_degraded_read,15.0,2,100000,150000,80,healthy,90,healthy,0,12.5,16.8,18.8,207966,4.0,7966,7966,181,0,0,0
dynamic_stress_100d_20pct_hdd,100,65,1000000,5000,1.0,timeout_degraded_read,15.0,3,150000,200000,80,mild_slow,90,healthy,10,12.8,27.6,36.2,211602,5.8,11602,11602,1927,0,0,0
dynamic_stress_100d_20pct_hdd,100,65,1000000,5000,1.0,timeout_degraded_read,15.0,4,200000,250000,80,mild_slow,90,healthy,10,12.8,27.7,36.0,211673,5.8,11673,11673,1892,0,0,0
dynamic_stress_100d_20pct_hdd,100,65,1000000,5000,1.0,timeout_degraded_read,15.0,5,250000,300000,80,mild_slow,90,healthy,10,12.8,27.8,36.0,211772,5.9,11772,11772,1962,0,0,0
dynamic_stress_100d_20pct_hdd,100,65,1000000,5000,1.0,timeout_degraded_read,15.0,6,300000,350000,80,severe_slow,90,healthy,10,12.8,60.0,78.5,211719,5.9,11719,11719,2970,0,0,0
dynamic_stress_100d_20pct_hdd,100,65,1000000,5000,1.0,timeout_degraded_read,15.0,7,350000,400000,80,severe_slow,90,healthy,10,12.8,61.1,79.5,211796,5.9,11796,11796,3029,0,0,0
dynamic_stress_100d_20pct_hdd,100,65,1000000,5000,1.0,timeout_degraded_read,15.0,8,400000,450000,80,severe_slow,90,healthy,10,12.8,61.1,79.5,211622,5.8,11622,11622,3090,0,0,0
dynamic_stress_100d_20pct_hdd,100,65,1000000,5000,1.0,timeout_degraded_read,15.0,9,450000,500000,80,recovery,90,mild_slow,10,13.0,27.7,36.4,214038,7.0,14038,14038,2346,0,0,0
dynamic_stress_100d_20pct_hdd,100,65,1000000,5000,1.0,timeout_degraded_read,15.0,10,500000,550000,80,recovery,90,mild_slow,10,13.0,27.6,35.9,213907,7.0,13907,13907,2296,0,0,0
dynamic_stress_100d_20pct_hdd,100,65,1000000,5000,1.0,timeout_degraded_read,15.0,11,550000,600000,80,healthy,90,severe_slow,10,12.8,60.0,78.5,211534,5.8,11534,11534,3115,0,0,0
dynamic_stress_100d_20pct_hdd,100,65,1000000,5000,1.0,timeout_degraded_read,15.0,12,600000,650000,80,healthy,90,severe_slow,10,12.8,60.5,78.6,211743,5.9,11743,11743,3138,0,0,0
dynamic_stress_100d_20pct_hdd,100,65,1000000,5000,1.0,timeout_degraded_read,15.0,13,650000,700000,80,healthy,90,severe_slow,10,12.8,60.1,78.8,211677,5.8,11677,11677,3124,0,0,0
dynamic_stress_100d_20pct_hdd,100,65,1000000,5000,1.0,timeout_degraded_read,15.0,14,700000,750000,80,mild_slow,90,recovery,10,13.0,28.4,36.0,214090,7.0,14090,14090,1951,0,0,0
dynamic_stress_100d_20pct_hdd,100,65,1000000,5000,1.0,timeout_degraded_read,15.0,15,750000,800000,80,recovery,90,recovery,0,13.0,20.0,24.1,213311,6.7,13311,13311,781,0,0,0
dynamic_stress_100d_20pct_hdd,100,65,1000000,5000,1.0,timeout_degraded_read,15.0,16,800000,850000,80,healthy,90,healthy,0,12.5,16.8,18.7,208070,4.0,8070,8070,182,0,0,0
dynamic_stress_100d_20pct_hdd,100,65,1000000,5000,1.0,timeout_degraded_read,15.0,17,850000,900000,80,healthy,90,healthy,0,12.5,16.8,18.8,208130,4.1,8130,8130,212,0,0,0
dynamic_stress_100d_20pct_hdd,100,65,1000000,5000,1.0,timeout_degraded_read,15.0,18,900000,950000,80,healthy,90,healthy,0,12.5,16.8,18.8,208158,4.1,8158,8158,213,0,0,0
dynamic_stress_100d_20pct_hdd,100,65,1000000,5000,1.0,timeout_degraded_read,15.0,19,950000,1000000,80,healthy,90,healthy,0,12.5,16.8,18.8,208139,4.1,8139,8139,182,0,0,0
dynamic_stress_100d_20pct_hdd,100,65,1000000,5000,1.0,health_ec,15.0,0,0,50000,80,healthy,90,healthy,0,12.5,16.8,18.8,200000,0.0,0,0,0,0,0,0
dynamic_stress_100d_20pct_hdd,100,65,1000000,5000,1.0,health_ec,15.0,1,50000,100000,80,healthy,90,healthy,0,12.5,16.8,18.9,200000,0.0,0,0,0,0,0,0
dynamic_stress_100d_20pct_hdd,100,65,1000000,5000,1.0,health_ec,15.0,2,100000,150000,80,healthy,90,healthy,0,12.5,16.8,18.8,200000,0.0,0,0,0,0,0,0
dynamic_stress_100d_20pct_hdd,100,65,1000000,5000,1.0,health_ec,15.0,3,150000,200000,80,mild_slow,90,healthy,10,12.8,27.4,36.8,202022,1.0,2022,2022,1636,0,0,0
dynamic_stress_100d_20pct_hdd,100,65,1000000,5000,1.0,health_ec,15.0,4,200000,250000,80,mild_slow,90,healthy,10,12.8,26.6,35.3,202832,1.4,2832,2832,2318,1,1,0
dynamic_stress_100d_20pct_hdd,100,65,1000000,5000,1.0,health_ec,15.0,5,250000,300000,80,mild_slow,90,healthy,10,12.8,26.2,35.2,203061,1.5,3061,3061,2519,0,0,0
dynamic_stress_100d_20pct_hdd,100,65,1000000,5000,1.0,health_ec,15.0,6,300000,350000,80,severe_slow,90,healthy,10,12.7,54.0,77.4,202821,1.4,2821,2821,2338,9,9,0
dynamic_stress_100d_20pct_hdd,100,65,1000000,5000,1.0,health_ec,15.0,7,350000,400000,80,severe_slow,90,healthy,10,12.7,53.4,75.9,203045,1.5,3045,3045,2562,0,0,0
dynamic_stress_100d_20pct_hdd,100,65,1000000,5000,1.0,health_ec,15.0,8,400000,450000,80,severe_slow,90,healthy,10,12.7,53.0,75.4,203188,1.6,3188,3188,2701,0,0,0
dynamic_stress_100d_20pct_hdd,100,65,1000000,5000,1.0,health_ec,15.0,9,450000,500000,80,recovery,90,mild_slow,10,12.9,26.6,36.4,204364,2.2,4364,4364,3228,4,4,0
dynamic_stress_100d_20pct_hdd,100,65,1000000,5000,1.0,health_ec,15.0,10,500000,550000,80,recovery,90,mild_slow,10,12.9,25.6,35.0,204264,2.1,4264,4264,3308,0,0,0
dynamic_stress_100d_20pct_hdd,100,65,1000000,5000,1.0,health_ec,15.0,11,550000,600000,80,healthy,90,severe_slow,10,12.7,54.0,77.3,203332,1.7,3332,3332,2645,6,6,0
dynamic_stress_100d_20pct_hdd,100,65,1000000,5000,1.0,health_ec,15.0,12,600000,650000,80,healthy,90,severe_slow,10,12.7,52.7,75.5,203192,1.6,3192,3192,2580,0,0,0
dynamic_stress_100d_20pct_hdd,100,65,1000000,5000,1.0,health_ec,15.0,13,650000,700000,80,healthy,90,severe_slow,10,12.7,52.5,75.4,203110,1.6,3110,3110,2598,0,0,0
dynamic_stress_100d_20pct_hdd,100,65,1000000,5000,1.0,health_ec,15.0,14,700000,750000,80,mild_slow,90,recovery,10,12.8,24.6,36.1,203556,1.8,3556,3556,3105,0,0,0
dynamic_stress_100d_20pct_hdd,100,65,1000000,5000,1.0,health_ec,15.0,15,750000,800000,80,recovery,90,recovery,0,12.8,18.5,22.3,203249,1.6,3249,3249,2701,0,0,0
dynamic_stress_100d_20pct_hdd,100,65,1000000,5000,1.0,health_ec,15.0,16,800000,850000,80,healthy,90,healthy,0,12.4,16.8,18.8,201258,0.6,1258,1258,1030,0,0,0
dynamic_stress_100d_20pct_hdd,100,65,1000000,5000,1.0,health_ec,15.0,17,850000,900000,80,healthy,90,healthy,0,12.5,16.8,18.8,200271,0.1,271,271,212,0,0,0
dynamic_stress_100d_20pct_hdd,100,65,1000000,5000,1.0,health_ec,15.0,18,900000,950000,80,healthy,90,healthy,0,12.5,16.8,18.8,200087,0.0,87,87,67,0,0,0
dynamic_stress_100d_20pct_hdd,100,65,1000000,5000,1.0,health_ec,15.0,19,950000,1000000,80,healthy,90,healthy,0,12.5,16.8,18.8,200039,0.0,39,39,31,0,0,0
dynamic_stress_100d_20pct_hdd,100,66,1000000,5000,1.0,vanilla_ec,15.0,0,0,50000,80,healthy,90,healthy,0,12.5,16.8,18.8,200000,0.0,0,0,0,0,0,0
dynamic_stress_100d_20pct_hdd,100,66,1000000,5000,1.0,vanilla_ec,15.0,1,50000,100000,80,healthy,90,healthy,0,12.5,16.9,18.8,200000,0.0,0,0,0,0,0,0
dynamic_stress_100d_20pct_hdd,100,66,1000000,5000,1.0,vanilla_ec,15.0,2,100000,150000,80,healthy,90,healthy,0,12.5,16.8,18.8,200000,0.0,0,0,0,0,0,0
dynamic_stress_100d_20pct_hdd,100,66,1000000,5000,1.0,vanilla_ec,15.0,3,150000,200000,80,mild_slow,90,healthy,10,12.8,30.0,39.4,200000,0.0,0,0,0,0,0,0
dynamic_stress_100d_20pct_hdd,100,66,1000000,5000,1.0,vanilla_ec,15.0,4,200000,250000,80,mild_slow,90,healthy,10,12.8,29.6,39.3,200000,0.0,0,0,0,0,0,0
dynamic_stress_100d_20pct_hdd,100,66,1000000,5000,1.0,vanilla_ec,15.0,5,250000,300000,80,mild_slow,90,healthy,10,12.8,29.8,39.6,200000,0.0,0,0,0,0,0,0
dynamic_stress_100d_20pct_hdd,100,66,1000000,5000,1.0,vanilla_ec,15.0,6,300000,350000,80,severe_slow,90,healthy,10,12.8,70.0,98.9,200000,0.0,0,0,0,0,0,0
dynamic_stress_100d_20pct_hdd,100,66,1000000,5000,1.0,vanilla_ec,15.0,7,350000,400000,80,severe_slow,90,healthy,10,12.8,69.3,99.6,200000,0.0,0,0,0,0,0,0
dynamic_stress_100d_20pct_hdd,100,66,1000000,5000,1.0,vanilla_ec,15.0,8,400000,450000,80,severe_slow,90,healthy,10,12.8,69.2,103.5,200000,0.0,0,0,0,0,0,0
dynamic_stress_100d_20pct_hdd,100,66,1000000,5000,1.0,vanilla_ec,15.0,9,450000,500000,80,recovery,90,mild_slow,10,13.0,29.9,40.0,200000,0.0,0,0,0,0,0,0
dynamic_stress_100d_20pct_hdd,100,66,1000000,5000,1.0,vanilla_ec,15.0,10,500000,550000,80,recovery,90,mild_slow,10,13.0,30.1,40.3,200000,0.0,0,0,0,0,0,0
dynamic_stress_100d_20pct_hdd,100,66,1000000,5000,1.0,vanilla_ec,15.0,11,550000,600000,80,healthy,90,severe_slow,10,12.8,69.5,101.8,200000,0.0,0,0,0,0,0,0
dynamic_stress_100d_20pct_hdd,100,66,1000000,5000,1.0,vanilla_ec,15.0,12,600000,650000,80,healthy,90,severe_slow,10,12.8,68.9,97.8,200000,0.0,0,0,0,0,0,0
dynamic_stress_100d_20pct_hdd,100,66,1000000,5000,1.0,vanilla_ec,15.0,13,650000,700000,80,healthy,90,severe_slow,10,12.8,69.6,98.4,200000,0.0,0,0,0,0,0,0
dynamic_stress_100d_20pct_hdd,100,66,1000000,5000,1.0,vanilla_ec,15.0,14,700000,750000,80,mild_slow,90,recovery,10,13.1,30.4,40.6,200000,0.0,0,0,0,0,0,0
dynamic_stress_100d_20pct_hdd,100,66,1000000,5000,1.0,vanilla_ec,15.0,15,750000,800000,80,recovery,90,recovery,0,13.0,20.2,24.9,200000,0.0,0,0,0,0,0,0
dynamic_stress_100d_20pct_hdd,100,66,1000000,5000,1.0,vanilla_ec,15.0,16,800000,850000,80,healthy,90,healthy,0,12.5,16.8,18.8,200000,0.0,0,0,0,0,0,0
dynamic_stress_100d_20pct_hdd,100,66,1000000,5000,1.0,vanilla_ec,15.0,17,850000,900000,80,healthy,90,healthy,0,12.5,16.8,18.9,200000,0.0,0,0,0,0,0,0
dynamic_stress_100d_20pct_hdd,100,66,1000000,5000,1.0,vanilla_ec,15.0,18,900000,950000,80,healthy,90,healthy,0,12.5,16.8,18.8,200000,0.0,0,0,0,0,0,0
dynamic_stress_100d_20pct_hdd,100,66,1000000,5000,1.0,vanilla_ec,15.0,19,950000,1000000,80,healthy,90,healthy,0,12.5,16.8,18.7,200000,0.0,0,0,0,0,0,0
dynamic_stress_100d_20pct_hdd,100,66,1000000,5000,1.0,late_binding,15.0,0,0,50000,80,healthy,90,healthy,0,10.7,14.0,15.4,250000,25.0,50000,50000,39959,0,0,0
dynamic_stress_100d_20pct_hdd,100,66,1000000,5000,1.0,late_binding,15.0,1,50000,100000,80,healthy,90,healthy,0,10.7,14.0,15.5,250000,25.0,50000,50000,40119,0,0,0
dynamic_stress_100d_20pct_hdd,100,66,1000000,5000,1.0,late_binding,15.0,2,100000,150000,80,healthy,90,healthy,0,10.7,14.0,15.5,250000,25.0,50000,50000,39921,0,0,0
dynamic_stress_100d_20pct_hdd,100,66,1000000,5000,1.0,late_binding,15.0,3,150000,200000,80,mild_slow,90,healthy,10,10.9,25.2,32.8,250000,25.0,50000,50000,39690,0,0,0
dynamic_stress_100d_20pct_hdd,100,66,1000000,5000,1.0,late_binding,15.0,4,200000,250000,80,mild_slow,90,healthy,10,10.9,24.9,32.6,250000,25.0,50000,50000,39795,0,0,0
dynamic_stress_100d_20pct_hdd,100,66,1000000,5000,1.0,late_binding,15.0,5,250000,300000,80,mild_slow,90,healthy,10,10.9,25.2,32.5,250000,25.0,50000,50000,39536,0,0,0
dynamic_stress_100d_20pct_hdd,100,66,1000000,5000,1.0,late_binding,15.0,6,300000,350000,80,severe_slow,90,healthy,10,11.0,58.7,75.8,250000,25.0,50000,50000,39608,0,0,0
dynamic_stress_100d_20pct_hdd,100,66,1000000,5000,1.0,late_binding,15.0,7,350000,400000,80,severe_slow,90,healthy,10,11.0,58.1,75.9,250000,25.0,50000,50000,39511,0,0,0
dynamic_stress_100d_20pct_hdd,100,66,1000000,5000,1.0,late_binding,15.0,8,400000,450000,80,severe_slow,90,healthy,10,10.9,58.4,75.6,250000,25.0,50000,50000,39727,0,0,0
dynamic_stress_100d_20pct_hdd,100,66,1000000,5000,1.0,late_binding,15.0,9,450000,500000,80,recovery,90,mild_slow,10,11.2,24.9,32.4,250000,25.0,50000,50000,39582,0,0,0
dynamic_stress_100d_20pct_hdd,100,66,1000000,5000,1.0,late_binding,15.0,10,500000,550000,80,recovery,90,mild_slow,10,11.1,25.1,32.7,250000,25.0,50000,50000,39561,0,0,0
dynamic_stress_100d_20pct_hdd,100,66,1000000,5000,1.0,late_binding,15.0,11,550000,600000,80,healthy,90,severe_slow,10,11.0,57.7,76.0,250000,25.0,50000,50000,39756,0,0,0
dynamic_stress_100d_20pct_hdd,100,66,1000000,5000,1.0,late_binding,15.0,12,600000,650000,80,healthy,90,severe_slow,10,10.9,57.5,75.7,250000,25.0,50000,50000,39760,0,0,0
dynamic_stress_100d_20pct_hdd,100,66,1000000,5000,1.0,late_binding,15.0,13,650000,700000,80,healthy,90,severe_slow,10,10.9,58.1,75.6,250000,25.0,50000,50000,39753,0,0,0
dynamic_stress_100d_20pct_hdd,100,66,1000000,5000,1.0,late_binding,15.0,14,700000,750000,80,mild_slow,90,recovery,10,11.2,25.5,32.7,250000,25.0,50000,50000,39852,0,0,0
dynamic_stress_100d_20pct_hdd,100,66,1000000,5000,1.0,late_binding,15.0,15,750000,800000,80,recovery,90,recovery,0,11.1,16.9,20.2,250000,25.0,50000,50000,40059,0,0,0
dynamic_stress_100d_20pct_hdd,100,66,1000000,5000,1.0,late_binding,15.0,16,800000,850000,80,healthy,90,healthy,0,10.7,14.0,15.4,250000,25.0,50000,50000,40010,0,0,0
dynamic_stress_100d_20pct_hdd,100,66,1000000,5000,1.0,late_binding,15.0,17,850000,900000,80,healthy,90,healthy,0,10.7,14.0,15.5,250000,25.0,50000,50000,40093,0,0,0
dynamic_stress_100d_20pct_hdd,100,66,1000000,5000,1.0,late_binding,15.0,18,900000,950000,80,healthy,90,healthy,0,10.7,14.0,15.4,250000,25.0,50000,50000,40028,0,0,0
dynamic_stress_100d_20pct_hdd,100,66,1000000,5000,1.0,late_binding,15.0,19,950000,1000000,80,healthy,90,healthy,0,10.7,14.0,15.4,250000,25.0,50000,50000,40063,0,0,0
dynamic_stress_100d_20pct_hdd,100,66,1000000,5000,1.0,timeout_degraded_read,15.0,0,0,50000,80,healthy,90,healthy,0,12.5,16.8,18.8,208146,4.1,8146,8146,198,0,0,0
dynamic_stress_100d_20pct_hdd,100,66,1000000,5000,1.0,timeout_degraded_read,15.0,1,50000,100000,80,healthy,90,healthy,0,12.5,16.8,18.7,208235,4.1,8235,8235,197,0,0,0
dynamic_stress_100d_20pct_hdd,100,66,1000000,5000,1.0,timeout_degraded_read,15.0,2,100000,150000,80,healthy,90,healthy,0,12.5,16.8,18.7,208154,4.1,8154,8154,190,0,0,0
dynamic_stress_100d_20pct_hdd,100,66,1000000,5000,1.0,timeout_degraded_read,15.0,3,150000,200000,80,mild_slow,90,healthy,10,12.8,27.9,36.5,211831,5.9,11831,11831,1956,0,0,0
dynamic_stress_100d_20pct_hdd,100,66,1000000,5000,1.0,timeout_degraded_read,15.0,4,200000,250000,80,mild_slow,90,healthy,10,12.8,27.6,36.3,211626,5.8,11626,11626,1847,0,0,0
dynamic_stress_100d_20pct_hdd,100,66,1000000,5000,1.0,timeout_degraded_read,15.0,5,250000,300000,80,mild_slow,90,healthy,10,12.8,27.8,36.4,211688,5.8,11688,11688,1914,0,0,0
dynamic_stress_100d_20pct_hdd,100,66,1000000,5000,1.0,timeout_degraded_read,15.0,6,300000,350000,80,severe_slow,90,healthy,10,12.8,61.5,78.9,211798,5.9,11798,11798,3154,0,0,0
dynamic_stress_100d_20pct_hdd,100,66,1000000,5000,1.0,timeout_degraded_read,15.0,7,350000,400000,80,severe_slow,90,healthy,10,12.8,60.7,79.9,211828,5.9,11828,11828,3136,0,0,0
dynamic_stress_100d_20pct_hdd,100,66,1000000,5000,1.0,timeout_degraded_read,15.0,8,400000,450000,80,severe_slow,90,healthy,10,12.8,61.1,79.5,211702,5.9,11702,11702,3051,0,0,0
dynamic_stress_100d_20pct_hdd,100,66,1000000,5000,1.0,timeout_degraded_read,15.0,9,450000,500000,80,recovery,90,mild_slow,10,13.0,27.5,35.6,213849,6.9,13849,13849,2250,0,0,0
dynamic_stress_100d_20pct_hdd,100,66,1000000,5000,1.0,timeout_degraded_read,15.0,10,500000,550000,80,recovery,90,mild_slow,10,13.0,27.7,36.2,213929,7.0,13929,13929,2226,0,0,0
dynamic_stress_100d_20pct_hdd,100,66,1000000,5000,1.0,timeout_degraded_read,15.0,11,550000,600000,80,healthy,90,severe_slow,10,12.8,59.9,79.2,211686,5.8,11686,11686,3208,0,0,0
dynamic_stress_100d_20pct_hdd,100,66,1000000,5000,1.0,timeout_degraded_read,15.0,12,600000,650000,80,healthy,90,severe_slow,10,12.8,59.7,79.4,211553,5.8,11553,11553,3149,0,0,0
dynamic_stress_100d_20pct_hdd,100,66,1000000,5000,1.0,timeout_degraded_read,15.0,13,650000,700000,80,healthy,90,severe_slow,10,12.8,60.6,78.9,211693,5.8,11693,11693,3178,0,0,0
dynamic_stress_100d_20pct_hdd,100,66,1000000,5000,1.0,timeout_degraded_read,15.0,14,700000,750000,80,mild_slow,90,recovery,10,13.1,28.7,36.4,214192,7.1,14192,14192,1972,0,0,0
dynamic_stress_100d_20pct_hdd,100,66,1000000,5000,1.0,timeout_degraded_read,15.0,15,750000,800000,80,recovery,90,recovery,0,13.0,20.0,24.1,213198,6.6,13198,13198,801,0,0,0
dynamic_stress_100d_20pct_hdd,100,66,1000000,5000,1.0,timeout_degraded_read,15.0,16,800000,850000,80,healthy,90,healthy,0,12.5,16.8,18.7,208124,4.1,8124,8124,185,0,0,0
dynamic_stress_100d_20pct_hdd,100,66,1000000,5000,1.0,timeout_degraded_read,15.0,17,850000,900000,80,healthy,90,healthy,0,12.5,16.8,18.8,208188,4.1,8188,8188,199,0,0,0
dynamic_stress_100d_20pct_hdd,100,66,1000000,5000,1.0,timeout_degraded_read,15.0,18,900000,950000,80,healthy,90,healthy,0,12.5,16.8,18.7,208159,4.1,8159,8159,158,0,0,0
dynamic_stress_100d_20pct_hdd,100,66,1000000,5000,1.0,timeout_degraded_read,15.0,19,950000,1000000,80,healthy,90,healthy,0,12.5,16.8,18.7,208038,4.0,8038,8038,177,0,0,0
dynamic_stress_100d_20pct_hdd,100,66,1000000,5000,1.0,health_ec,15.0,0,0,50000,80,healthy,90,healthy,0,12.5,16.8,18.8,200000,0.0,0,0,0,0,0,0
dynamic_stress_100d_20pct_hdd,100,66,1000000,5000,1.0,health_ec,15.0,1,50000,100000,80,healthy,90,healthy,0,12.5,16.9,18.8,200000,0.0,0,0,0,0,0,0
dynamic_stress_100d_20pct_hdd,100,66,1000000,5000,1.0,health_ec,15.0,2,100000,150000,80,healthy,90,healthy,0,12.5,16.8,18.8,200000,0.0,0,0,0,0,0,0
dynamic_stress_100d_20pct_hdd,100,66,1000000,5000,1.0,health_ec,15.0,3,150000,200000,80,mild_slow,90,healthy,10,12.8,27.5,36.8,202121,1.1,2121,2121,1739,0,0,0
dynamic_stress_100d_20pct_hdd,100,66,1000000,5000,1.0,health_ec,15.0,4,200000,250000,80,mild_slow,90,healthy,10,12.8,26.2,35.0,202870,1.4,2870,2870,2375,1,1,0
dynamic_stress_100d_20pct_hdd,100,66,1000000,5000,1.0,health_ec,15.0,5,250000,300000,80,mild_slow,90,healthy,10,12.8,26.1,34.6,203146,1.6,3146,3146,2616,0,0,0
dynamic_stress_100d_20pct_hdd,100,66,1000000,5000,1.0,health_ec,15.0,6,300000,350000,80,severe_slow,90,healthy,10,12.7,55.5,77.8,202946,1.5,2946,2946,2454,9,9,0
dynamic_stress_100d_20pct_hdd,100,66,1000000,5000,1.0,health_ec,15.0,7,350000,400000,80,severe_slow,90,healthy,10,12.7,52.5,75.6,203051,1.5,3051,3051,2568,0,0,0
dynamic_stress_100d_20pct_hdd,100,66,1000000,5000,1.0,health_ec,15.0,8,400000,450000,80,severe_slow,90,healthy,10,12.7,52.7,74.9,203129,1.6,3129,3129,2621,0,0,0
dynamic_stress_100d_20pct_hdd,100,66,1000000,5000,1.0,health_ec,15.0,9,450000,500000,80,recovery,90,mild_slow,10,12.9,26.3,36.1,204179,2.1,4179,4179,3073,5,5,0
dynamic_stress_100d_20pct_hdd,100,66,1000000,5000,1.0,health_ec,15.0,10,500000,550000,80,recovery,90,mild_slow,10,12.9,25.8,35.2,204103,2.1,4103,4103,3190,0,0,0
dynamic_stress_100d_20pct_hdd,100,66,1000000,5000,1.0,health_ec,15.0,11,550000,600000,80,healthy,90,severe_slow,10,12.7,55.3,78.2,203496,1.7,3496,3496,2736,6,6,0
dynamic_stress_100d_20pct_hdd,100,66,1000000,5000,1.0,health_ec,15.0,12,600000,650000,80,healthy,90,severe_slow,10,12.7,52.2,75.6,203101,1.6,3101,3101,2561,0,0,0
dynamic_stress_100d_20pct_hdd,100,66,1000000,5000,1.0,health_ec,15.0,13,650000,700000,80,healthy,90,severe_slow,10,12.7,52.7,74.6,203173,1.6,3173,3173,2653,0,0,0
dynamic_stress_100d_20pct_hdd,100,66,1000000,5000,1.0,health_ec,15.0,14,700000,750000,80,mild_slow,90,recovery,10,12.9,25.2,36.4,203809,1.9,3809,3809,3283,0,0,0
dynamic_stress_100d_20pct_hdd,100,66,1000000,5000,1.0,health_ec,15.0,15,750000,800000,80,recovery,90,recovery,0,12.8,18.5,22.5,203306,1.7,3306,3306,2761,0,0,0
dynamic_stress_100d_20pct_hdd,100,66,1000000,5000,1.0,health_ec,15.0,16,800000,850000,80,healthy,90,healthy,0,12.4,16.8,18.8,201170,0.6,1170,1170,930,0,0,0
dynamic_stress_100d_20pct_hdd,100,66,1000000,5000,1.0,health_ec,15.0,17,850000,900000,80,healthy,90,healthy,0,12.5,16.8,18.9,200331,0.2,331,331,264,0,0,0
dynamic_stress_100d_20pct_hdd,100,66,1000000,5000,1.0,health_ec,15.0,18,900000,950000,80,healthy,90,healthy,0,12.5,16.8,18.8,200104,0.1,104,104,80,0,0,0
dynamic_stress_100d_20pct_hdd,100,66,1000000,5000,1.0,health_ec,15.0,19,950000,1000000,80,healthy,90,healthy,0,12.5,16.8,18.7,200044,0.0,44,44,39,0,0,0
dynamic_stress_100d_20pct_hdd,100,67,1000000,5000,1.0,vanilla_ec,15.0,0,0,50000,80,healthy,90,healthy,0,12.5,16.8,18.9,200000,0.0,0,0,0,0,0,0
dynamic_stress_100d_20pct_hdd,100,67,1000000,5000,1.0,vanilla_ec,15.0,1,50000,100000,80,healthy,90,healthy,0,12.5,16.8,18.7,200000,0.0,0,0,0,0,0,0
dynamic_stress_100d_20pct_hdd,100,67,1000000,5000,1.0,vanilla_ec,15.0,2,100000,150000,80,healthy,90,healthy,0,12.5,16.8,18.8,200000,0.0,0,0,0,0,0,0
dynamic_stress_100d_20pct_hdd,100,67,1000000,5000,1.0,vanilla_ec,15.0,3,150000,200000,80,mild_slow,90,healthy,10,12.8,29.9,39.3,200000,0.0,0,0,0,0,0,0
dynamic_stress_100d_20pct_hdd,100,67,1000000,5000,1.0,vanilla_ec,15.0,4,200000,250000,80,mild_slow,90,healthy,10,12.8,29.9,39.4,200000,0.0,0,0,0,0,0,0
dynamic_stress_100d_20pct_hdd,100,67,1000000,5000,1.0,vanilla_ec,15.0,5,250000,300000,80,mild_slow,90,healthy,10,12.8,30.0,39.7,200000,0.0,0,0,0,0,0,0
dynamic_stress_100d_20pct_hdd,100,67,1000000,5000,1.0,vanilla_ec,15.0,6,300000,350000,80,severe_slow,90,healthy,10,12.8,68.2,97.3,200000,0.0,0,0,0,0,0,0
dynamic_stress_100d_20pct_hdd,100,67,1000000,5000,1.0,vanilla_ec,15.0,7,350000,400000,80,severe_slow,90,healthy,10,12.8,68.3,96.7,200000,0.0,0,0,0,0,0,0
dynamic_stress_100d_20pct_hdd,100,67,1000000,5000,1.0,vanilla_ec,15.0,8,400000,450000,80,severe_slow,90,healthy,10,12.8,69.5,100.7,200000,0.0,0,0,0,0,0,0
dynamic_stress_100d_20pct_hdd,100,67,1000000,5000,1.0,vanilla_ec,15.0,9,450000,500000,80,recovery,90,mild_slow,10,13.0,30.1,40.4,200000,0.0,0,0,0,0,0,0
dynamic_stress_100d_20pct_hdd,100,67,1000000,5000,1.0,vanilla_ec,15.0,10,500000,550000,80,recovery,90,mild_slow,10,13.0,30.0,40.0,200000,0.0,0,0,0,0,0,0
dynamic_stress_100d_20pct_hdd,100,67,1000000,5000,1.0,vanilla_ec,15.0,11,550000,600000,80,healthy,90,severe_slow,10,12.8,68.4,97.1,200000,0.0,0,0,0,0,0,0
dynamic_stress_100d_20pct_hdd,100,67,1000000,5000,1.0,vanilla_ec,15.0,12,600000,650000,80,healthy,90,severe_slow,10,12.8,68.4,99.1,200000,0.0,0,0,0,0,0,0
dynamic_stress_100d_20pct_hdd,100,67,1000000,5000,1.0,vanilla_ec,15.0,13,650000,700000,80,healthy,90,severe_slow,10,12.8,68.7,98.7,200000,0.0,0,0,0,0,0,0
dynamic_stress_100d_20pct_hdd,100,67,1000000,5000,1.0,vanilla_ec,15.0,14,700000,750000,80,mild_slow,90,recovery,10,13.1,30.2,40.3,200000,0.0,0,0,0,0,0,0
dynamic_stress_100d_20pct_hdd,100,67,1000000,5000,1.0,vanilla_ec,15.0,15,750000,800000,80,recovery,90,recovery,0,13.0,20.2,24.5,200000,0.0,0,0,0,0,0,0
dynamic_stress_100d_20pct_hdd,100,67,1000000,5000,1.0,vanilla_ec,15.0,16,800000,850000,80,healthy,90,healthy,0,12.5,16.9,18.8,200000,0.0,0,0,0,0,0,0
dynamic_stress_100d_20pct_hdd,100,67,1000000,5000,1.0,vanilla_ec,15.0,17,850000,900000,80,healthy,90,healthy,0,12.5,16.8,18.7,200000,0.0,0,0,0,0,0,0
dynamic_stress_100d_20pct_hdd,100,67,1000000,5000,1.0,vanilla_ec,15.0,18,900000,950000,80,healthy,90,healthy,0,12.5,16.9,18.8,200000,0.0,0,0,0,0,0,0
dynamic_stress_100d_20pct_hdd,100,67,1000000,5000,1.0,vanilla_ec,15.0,19,950000,1000000,80,healthy,90,healthy,0,12.5,16.9,18.8,200000,0.0,0,0,0,0,0,0
dynamic_stress_100d_20pct_hdd,100,67,1000000,5000,1.0,late_binding,15.0,0,0,50000,80,healthy,90,healthy,0,10.7,14.0,15.4,250000,25.0,50000,50000,40054,0,0,0
dynamic_stress_100d_20pct_hdd,100,67,1000000,5000,1.0,late_binding,15.0,1,50000,100000,80,healthy,90,healthy,0,10.7,14.0,15.4,250000,25.0,50000,50000,39999,0,0,0
dynamic_stress_100d_20pct_hdd,100,67,1000000,5000,1.0,late_binding,15.0,2,100000,150000,80,healthy,90,healthy,0,10.7,14.0,15.5,250000,25.0,50000,50000,40106,0,0,0
dynamic_stress_100d_20pct_hdd,100,67,1000000,5000,1.0,late_binding,15.0,3,150000,200000,80,mild_slow,90,healthy,10,10.9,25.1,32.3,250000,25.0,50000,50000,39568,0,0,0
dynamic_stress_100d_20pct_hdd,100,67,1000000,5000,1.0,late_binding,15.0,4,200000,250000,80,mild_slow,90,healthy,10,10.9,25.1,32.7,250000,25.0,50000,50000,39610,0,0,0
dynamic_stress_100d_20pct_hdd,100,67,1000000,5000,1.0,late_binding,15.0,5,250000,300000,80,mild_slow,90,healthy,10,11.0,25.2,32.8,250000,25.0,50000,50000,39698,0,0,0
dynamic_stress_100d_20pct_hdd,100,67,1000000,5000,1.0,late_binding,15.0,6,300000,350000,80,severe_slow,90,healthy,10,11.0,57.5,74.8,250000,25.0,50000,50000,39779,0,0,0
dynamic_stress_100d_20pct_hdd,100,67,1000000,5000,1.0,late_binding,15.0,7,350000,400000,80,severe_slow,90,healthy,10,10.9,57.5,75.1,250000,25.0,50000,50000,39640,0,0,0
dynamic_stress_100d_20pct_hdd,100,67,1000000,5000,1.0,late_binding,15.0,8,400000,450000,80,severe_slow,90,healthy,10,10.9,58.3,76.5,250000,25.0,50000,50000,39597,0,0,0
dynamic_stress_100d_20pct_hdd,100,67,1000000,5000,1.0,late_binding,15.0,9,450000,500000,80,recovery,90,mild_slow,10,11.1,25.0,32.4,250000,25.0,50000,50000,39647,0,0,0
dynamic_stress_100d_20pct_hdd,100,67,1000000,5000,1.0,late_binding,15.0,10,500000,550000,80,recovery,90,mild_slow,10,11.1,25.0,32.3,250000,25.0,50000,50000,39438,0,0,0
dynamic_stress_100d_20pct_hdd,100,67,1000000,5000,1.0,late_binding,15.0,11,550000,600000,80,healthy,90,severe_slow,10,10.9,57.1,75.8,250000,25.0,50000,50000,39619,0,0,0
dynamic_stress_100d_20pct_hdd,100,67,1000000,5000,1.0,late_binding,15.0,12,600000,650000,80,healthy,90,severe_slow,10,10.9,56.6,75.4,250000,25.0,50000,50000,39608,0,0,0
dynamic_stress_100d_20pct_hdd,100,67,1000000,5000,1.0,late_binding,15.0,13,650000,700000,80,healthy,90,severe_slow,10,10.9,57.3,75.8,250000,25.0,50000,50000,39724,0,0,0
dynamic_stress_100d_20pct_hdd,100,67,1000000,5000,1.0,late_binding,15.0,14,700000,750000,80,mild_slow,90,recovery,10,11.1,25.4,32.9,250000,25.0,50000,50000,40125,0,0,0
dynamic_stress_100d_20pct_hdd,100,67,1000000,5000,1.0,late_binding,15.0,15,750000,800000,80,recovery,90,recovery,0,11.1,16.9,20.1,250000,25.0,50000,50000,39905,0,0,0
dynamic_stress_100d_20pct_hdd,100,67,1000000,5000,1.0,late_binding,15.0,16,800000,850000,80,healthy,90,healthy,0,10.7,14.0,15.5,250000,25.0,50000,50000,40148,0,0,0
dynamic_stress_100d_20pct_hdd,100,67,1000000,5000,1.0,late_binding,15.0,17,850000,900000,80,healthy,90,healthy,0,10.7,14.0,15.4,250000,25.0,50000,50000,40085,0,0,0
dynamic_stress_100d_20pct_hdd,100,67,1000000,5000,1.0,late_binding,15.0,18,900000,950000,80,healthy,90,healthy,0,10.7,14.0,15.4,250000,25.0,50000,50000,39836,0,0,0
dynamic_stress_100d_20pct_hdd,100,67,1000000,5000,1.0,late_binding,15.0,19,950000,1000000,80,healthy,90,healthy,0,10.7,14.0,15.4,250000,25.0,50000,50000,39948,0,0,0
dynamic_stress_100d_20pct_hdd,100,67,1000000,5000,1.0,timeout_degraded_read,15.0,0,0,50000,80,healthy,90,healthy,0,12.5,16.8,18.8,208041,4.0,8041,8041,184,0,0,0
dynamic_stress_100d_20pct_hdd,100,67,1000000,5000,1.0,timeout_degraded_read,15.0,1,50000,100000,80,healthy,90,healthy,0,12.5,16.7,18.6,208033,4.0,8033,8033,156,0,0,0
dynamic_stress_100d_20pct_hdd,100,67,1000000,5000,1.0,timeout_degraded_read,15.0,2,100000,150000,80,healthy,90,healthy,0,12.5,16.8,18.8,208182,4.1,8182,8182,191,0,0,0
dynamic_stress_100d_20pct_hdd,100,67,1000000,5000,1.0,timeout_degraded_read,15.0,3,150000,200000,80,mild_slow,90,healthy,10,12.8,27.8,36.1,211527,5.8,11527,11527,1941,0,0,0
dynamic_stress_100d_20pct_hdd,100,67,1000000,5000,1.0,timeout_degraded_read,15.0,4,200000,250000,80,mild_slow,90,healthy,10,12.8,27.8,36.1,211749,5.9,11749,11749,1897,0,0,0
dynamic_stress_100d_20pct_hdd,100,67,1000000,5000,1.0,timeout_degraded_read,15.0,5,250000,300000,80,mild_slow,90,healthy,10,12.8,27.8,36.3,211757,5.9,11757,11757,1947,0,0,0
dynamic_stress_100d_20pct_hdd,100,67,1000000,5000,1.0,timeout_degraded_read,15.0,6,300000,350000,80,severe_slow,90,healthy,10,12.8,60.0,78.5,211689,5.8,11689,11689,3016,0,0,0
dynamic_stress_100d_20pct_hdd,100,67,1000000,5000,1.0,timeout_degraded_read,15.0,7,350000,400000,80,severe_slow,90,healthy,10,12.8,60.3,78.6,211613,5.8,11613,11613,2976,0,0,0
dynamic_stress_100d_20pct_hdd,100,67,1000000,5000,1.0,timeout_degraded_read,15.0,8,400000,450000,80,severe_slow,90,healthy,10,12.8,61.1,79.8,211730,5.9,11730,11730,3107,0,0,0
dynamic_stress_100d_20pct_hdd,100,67,1000000,5000,1.0,timeout_degraded_read,15.0,9,450000,500000,80,recovery,90,mild_slow,10,13.0,27.6,35.9,213954,7.0,13954,13954,2290,0,0,0
dynamic_stress_100d_20pct_hdd,100,67,1000000,5000,1.0,timeout_degraded_read,15.0,10,500000,550000,80,recovery,90,mild_slow,10,13.0,27.5,35.9,213935,7.0,13935,13935,2313,0,0,0
dynamic_stress_100d_20pct_hdd,100,67,1000000,5000,1.0,timeout_degraded_read,15.0,11,550000,600000,80,healthy,90,severe_slow,10,12.8,59.7,78.8,211471,5.7,11471,11471,3090,0,0,0
dynamic_stress_100d_20pct_hdd,100,67,1000000,5000,1.0,timeout_degraded_read,15.0,12,600000,650000,80,healthy,90,severe_slow,10,12.8,59.3,78.6,211612,5.8,11612,11612,3155,0,0,0
dynamic_stress_100d_20pct_hdd,100,67,1000000,5000,1.0,timeout_degraded_read,15.0,13,650000,700000,80,healthy,90,severe_slow,10,12.8,59.6,79.1,211468,5.7,11468,11468,3153,0,0,0
dynamic_stress_100d_20pct_hdd,100,67,1000000,5000,1.0,timeout_degraded_read,15.0,14,700000,750000,80,mild_slow,90,recovery,10,13.1,28.7,36.3,214205,7.1,14205,14205,2069,0,0,0
dynamic_stress_100d_20pct_hdd,100,67,1000000,5000,1.0,timeout_degraded_read,15.0,15,750000,800000,80,recovery,90,recovery,0,13.0,20.0,23.9,213370,6.7,13370,13370,754,0,0,0
dynamic_stress_100d_20pct_hdd,100,67,1000000,5000,1.0,timeout_degraded_read,15.0,16,800000,850000,80,healthy,90,healthy,0,12.5,16.8,18.8,208353,4.2,8353,8353,199,0,0,0
dynamic_stress_100d_20pct_hdd,100,67,1000000,5000,1.0,timeout_degraded_read,15.0,17,850000,900000,80,healthy,90,healthy,0,12.5,16.7,18.7,208080,4.0,8080,8080,213,0,0,0
dynamic_stress_100d_20pct_hdd,100,67,1000000,5000,1.0,timeout_degraded_read,15.0,18,900000,950000,80,healthy,90,healthy,0,12.5,16.8,18.7,208212,4.1,8212,8212,190,0,0,0
dynamic_stress_100d_20pct_hdd,100,67,1000000,5000,1.0,timeout_degraded_read,15.0,19,950000,1000000,80,healthy,90,healthy,0,12.5,16.9,18.7,207991,4.0,7991,7991,186,0,0,0
dynamic_stress_100d_20pct_hdd,100,67,1000000,5000,1.0,health_ec,15.0,0,0,50000,80,healthy,90,healthy,0,12.5,16.8,18.9,200000,0.0,0,0,0,0,0,0
dynamic_stress_100d_20pct_hdd,100,67,1000000,5000,1.0,health_ec,15.0,1,50000,100000,80,healthy,90,healthy,0,12.5,16.8,18.7,200000,0.0,0,0,0,0,0,0
dynamic_stress_100d_20pct_hdd,100,67,1000000,5000,1.0,health_ec,15.0,2,100000,150000,80,healthy,90,healthy,0,12.5,16.8,18.8,200000,0.0,0,0,0,0,0,0
dynamic_stress_100d_20pct_hdd,100,67,1000000,5000,1.0,health_ec,15.0,3,150000,200000,80,mild_slow,90,healthy,10,12.8,27.3,36.6,202108,1.1,2108,2108,1710,0,0,0
dynamic_stress_100d_20pct_hdd,100,67,1000000,5000,1.0,health_ec,15.0,4,200000,250000,80,mild_slow,90,healthy,10,12.8,26.4,35.3,202852,1.4,2852,2852,2387,0,0,0
dynamic_stress_100d_20pct_hdd,100,67,1000000,5000,1.0,health_ec,15.0,5,250000,300000,80,mild_slow,90,healthy,10,12.8,26.2,34.9,203145,1.6,3145,3145,2601,0,0,0
dynamic_stress_100d_20pct_hdd,100,67,1000000,5000,1.0,health_ec,15.0,6,300000,350000,80,severe_slow,90,healthy,10,12.7,53.1,77.4,202771,1.4,2771,2771,2313,10,10,0
dynamic_stress_100d_20pct_hdd,100,67,1000000,5000,1.0,health_ec,15.0,7,350000,400000,80,severe_slow,90,healthy,10,12.7,52.5,75.8,203028,1.5,3028,3028,2539,0,0,0
dynamic_stress_100d_20pct_hdd,100,67,1000000,5000,1.0,health_ec,15.0,8,400000,450000,80,severe_slow,90,healthy,10,12.7,53.3,75.9,203156,1.6,3156,3156,2666,0,0,0
dynamic_stress_100d_20pct_hdd,100,67,1000000,5000,1.0,health_ec,15.0,9,450000,500000,80,recovery,90,mild_slow,10,12.9,26.6,36.5,204443,2.2,4443,4443,3253,4,4,0
dynamic_stress_100d_20pct_hdd,100,67,1000000,5000,1.0,health_ec,15.0,10,500000,550000,80,recovery,90,mild_slow,10,12.9,25.7,35.1,204174,2.1,4174,4174,3196,0,0,0
dynamic_stress_100d_20pct_hdd,100,67,1000000,5000,1.0,health_ec,15.0,11,550000,600000,80,healthy,90,severe_slow,10,12.7,53.6,77.3,203403,1.7,3403,3403,2640,6,6,0
dynamic_stress_100d_20pct_hdd,100,67,1000000,5000,1.0,health_ec,15.0,12,600000,650000,80,healthy,90,severe_slow,10,12.7,52.1,75.2,203247,1.6,3247,3247,2645,0,0,0
dynamic_stress_100d_20pct_hdd,100,67,1000000,5000,1.0,health_ec,15.0,13,650000,700000,80,healthy,90,severe_slow,10,12.7,52.5,75.4,203238,1.6,3238,3238,2669,0,0,0
dynamic_stress_100d_20pct_hdd,100,67,1000000,5000,1.0,health_ec,15.0,14,700000,750000,80,mild_slow,90,recovery,10,12.9,24.8,36.2,203963,2.0,3963,3963,3463,0,0,0
dynamic_stress_100d_20pct_hdd,100,67,1000000,5000,1.0,health_ec,15.0,15,750000,800000,80,recovery,90,recovery,0,12.8,18.5,22.2,203224,1.6,3224,3224,2674,0,0,0
dynamic_stress_100d_20pct_hdd,100,67,1000000,5000,1.0,health_ec,15.0,16,800000,850000,80,healthy,90,healthy,0,12.5,16.8,18.8,200997,0.5,997,997,801,0,0,0
dynamic_stress_100d_20pct_hdd,100,67,1000000,5000,1.0,health_ec,15.0,17,850000,900000,80,healthy,90,healthy,0,12.5,16.8,18.7,200247,0.1,247,247,198,0,0,0
dynamic_stress_100d_20pct_hdd,100,67,1000000,5000,1.0,health_ec,15.0,18,900000,950000,80,healthy,90,healthy,0,12.5,16.9,18.8,200081,0.0,81,81,63,0,0,0
dynamic_stress_100d_20pct_hdd,100,67,1000000,5000,1.0,health_ec,15.0,19,950000,1000000,80,healthy,90,healthy,0,12.5,16.9,18.8,200035,0.0,35,35,28,0,0,0
dynamic_stress_100d_20pct_hdd,100,68,1000000,5000,1.0,vanilla_ec,15.0,0,0,50000,80,healthy,90,healthy,0,12.5,16.8,18.7,200000,0.0,0,0,0,0,0,0
dynamic_stress_100d_20pct_hdd,100,68,1000000,5000,1.0,vanilla_ec,15.0,1,50000,100000,80,healthy,90,healthy,0,12.5,16.8,18.7,200000,0.0,0,0,0,0,0,0
dynamic_stress_100d_20pct_hdd,100,68,1000000,5000,1.0,vanilla_ec,15.0,2,100000,150000,80,healthy,90,healthy,0,12.5,16.8,18.8,200000,0.0,0,0,0,0,0,0
dynamic_stress_100d_20pct_hdd,100,68,1000000,5000,1.0,vanilla_ec,15.0,3,150000,200000,80,mild_slow,90,healthy,10,12.8,30.2,39.8,200000,0.0,0,0,0,0,0,0
dynamic_stress_100d_20pct_hdd,100,68,1000000,5000,1.0,vanilla_ec,15.0,4,200000,250000,80,mild_slow,90,healthy,10,12.8,29.9,39.6,200000,0.0,0,0,0,0,0,0
dynamic_stress_100d_20pct_hdd,100,68,1000000,5000,1.0,vanilla_ec,15.0,5,250000,300000,80,mild_slow,90,healthy,10,12.8,29.8,39.4,200000,0.0,0,0,0,0,0,0
dynamic_stress_100d_20pct_hdd,100,68,1000000,5000,1.0,vanilla_ec,15.0,6,300000,350000,80,severe_slow,90,healthy,10,12.8,69.3,98.9,200000,0.0,0,0,0,0,0,0
dynamic_stress_100d_20pct_hdd,100,68,1000000,5000,1.0,vanilla_ec,15.0,7,350000,400000,80,severe_slow,90,healthy,10,12.8,69.5,97.4,200000,0.0,0,0,0,0,0,0
dynamic_stress_100d_20pct_hdd,100,68,1000000,5000,1.0,vanilla_ec,15.0,8,400000,450000,80,severe_slow,90,healthy,10,12.8,68.5,100.2,200000,0.0,0,0,0,0,0,0
dynamic_stress_100d_20pct_hdd,100,68,1000000,5000,1.0,vanilla_ec,15.0,9,450000,500000,80,recovery,90,mild_slow,10,13.0,29.8,39.6,200000,0.0,0,0,0,0,0,0
dynamic_stress_100d_20pct_hdd,100,68,1000000,5000,1.0,vanilla_ec,15.0,10,500000,550000,80,recovery,90,mild_slow,10,13.0,30.2,40.4,200000,0.0,0,0,0,0,0,0
dynamic_stress_100d_20pct_hdd,100,68,1000000,5000,1.0,vanilla_ec,15.0,11,550000,600000,80,healthy,90,severe_slow,10,12.8,67.7,98.5,200000,0.0,0,0,0,0,0,0
dynamic_stress_100d_20pct_hdd,100,68,1000000,5000,1.0,vanilla_ec,15.0,12,600000,650000,80,healthy,90,severe_slow,10,12.8,68.5,98.5,200000,0.0,0,0,0,0,0,0
dynamic_stress_100d_20pct_hdd,100,68,1000000,5000,1.0,vanilla_ec,15.0,13,650000,700000,80,healthy,90,severe_slow,10,12.8,69.1,98.3,200000,0.0,0,0,0,0,0,0
dynamic_stress_100d_20pct_hdd,100,68,1000000,5000,1.0,vanilla_ec,15.0,14,700000,750000,80,mild_slow,90,recovery,10,13.0,29.8,40.2,200000,0.0,0,0,0,0,0,0
dynamic_stress_100d_20pct_hdd,100,68,1000000,5000,1.0,vanilla_ec,15.0,15,750000,800000,80,recovery,90,recovery,0,13.0,20.3,24.9,200000,0.0,0,0,0,0,0,0
dynamic_stress_100d_20pct_hdd,100,68,1000000,5000,1.0,vanilla_ec,15.0,16,800000,850000,80,healthy,90,healthy,0,12.5,16.8,18.9,200000,0.0,0,0,0,0,0,0
dynamic_stress_100d_20pct_hdd,100,68,1000000,5000,1.0,vanilla_ec,15.0,17,850000,900000,80,healthy,90,healthy,0,12.5,16.8,18.8,200000,0.0,0,0,0,0,0,0
dynamic_stress_100d_20pct_hdd,100,68,1000000,5000,1.0,vanilla_ec,15.0,18,900000,950000,80,healthy,90,healthy,0,12.5,16.8,18.8,200000,0.0,0,0,0,0,0,0
dynamic_stress_100d_20pct_hdd,100,68,1000000,5000,1.0,vanilla_ec,15.0,19,950000,1000000,80,healthy,90,healthy,0,12.5,16.8,18.8,200000,0.0,0,0,0,0,0,0
dynamic_stress_100d_20pct_hdd,100,68,1000000,5000,1.0,late_binding,15.0,0,0,50000,80,healthy,90,healthy,0,10.7,14.0,15.4,250000,25.0,50000,50000,39985,0,0,0
dynamic_stress_100d_20pct_hdd,100,68,1000000,5000,1.0,late_binding,15.0,1,50000,100000,80,healthy,90,healthy,0,10.7,14.0,15.4,250000,25.0,50000,50000,39918,0,0,0
dynamic_stress_100d_20pct_hdd,100,68,1000000,5000,1.0,late_binding,15.0,2,100000,150000,80,healthy,90,healthy,0,10.7,14.0,15.5,250000,25.0,50000,50000,40027,0,0,0
dynamic_stress_100d_20pct_hdd,100,68,1000000,5000,1.0,late_binding,15.0,3,150000,200000,80,mild_slow,90,healthy,10,10.9,25.2,32.7,250000,25.0,50000,50000,39674,0,0,0
dynamic_stress_100d_20pct_hdd,100,68,1000000,5000,1.0,late_binding,15.0,4,200000,250000,80,mild_slow,90,healthy,10,11.0,25.1,32.6,250000,25.0,50000,50000,39696,0,0,0
dynamic_stress_100d_20pct_hdd,100,68,1000000,5000,1.0,late_binding,15.0,5,250000,300000,80,mild_slow,90,healthy,10,10.9,25.1,32.5,250000,25.0,50000,50000,39823,0,0,0
dynamic_stress_100d_20pct_hdd,100,68,1000000,5000,1.0,late_binding,15.0,6,300000,350000,80,severe_slow,90,healthy,10,10.9,58.2,75.7,250000,25.0,50000,50000,39668,0,0,0
dynamic_stress_100d_20pct_hdd,100,68,1000000,5000,1.0,late_binding,15.0,7,350000,400000,80,severe_slow,90,healthy,10,11.0,58.2,75.7,250000,25.0,50000,50000,39704,0,0,0
dynamic_stress_100d_20pct_hdd,100,68,1000000,5000,1.0,late_binding,15.0,8,400000,450000,80,severe_slow,90,healthy,10,10.9,57.8,76.0,250000,25.0,50000,50000,39800,0,0,0
dynamic_stress_100d_20pct_hdd,100,68,1000000,5000,1.0,late_binding,15.0,9,450000,500000,80,recovery,90,mild_slow,10,11.1,24.9,32.4,250000,25.0,50000,50000,39443,0,0,0
dynamic_stress_100d_20pct_hdd,100,68,1000000,5000,1.0,late_binding,15.0,10,500000,550000,80,recovery,90,mild_slow,10,11.1,25.2,32.6,250000,25.0,50000,50000,39583,0,0,0
dynamic_stress_100d_20pct_hdd,100,68,1000000,5000,1.0,late_binding,15.0,11,550000,600000,80,healthy,90,severe_slow,10,10.9,57.2,75.1,250000,25.0,50000,50000,39628,0,0,0
dynamic_stress_100d_20pct_hdd,100,68,1000000,5000,1.0,late_binding,15.0,12,600000,650000,80,healthy,90,severe_slow,10,10.9,57.2,75.5,250000,25.0,50000,50000,39674,0,0,0
dynamic_stress_100d_20pct_hdd,100,68,1000000,5000,1.0,late_binding,15.0,13,650000,700000,80,healthy,90,severe_slow,10,10.9,57.7,75.6,250000,25.0,50000,50000,39741,0,0,0
dynamic_stress_100d_20pct_hdd,100,68,1000000,5000,1.0,late_binding,15.0,14,700000,750000,80,mild_slow,90,recovery,10,11.1,25.2,32.7,250000,25.0,50000,50000,40014,0,0,0
dynamic_stress_100d_20pct_hdd,100,68,1000000,5000,1.0,late_binding,15.0,15,750000,800000,80,recovery,90,recovery,0,11.1,16.9,20.2,250000,25.0,50000,50000,40137,0,0,0
dynamic_stress_100d_20pct_hdd,100,68,1000000,5000,1.0,late_binding,15.0,16,800000,850000,80,healthy,90,healthy,0,10.7,14.0,15.5,250000,25.0,50000,50000,40057,0,0,0
dynamic_stress_100d_20pct_hdd,100,68,1000000,5000,1.0,late_binding,15.0,17,850000,900000,80,healthy,90,healthy,0,10.7,14.0,15.5,250000,25.0,50000,50000,40054,0,0,0
dynamic_stress_100d_20pct_hdd,100,68,1000000,5000,1.0,late_binding,15.0,18,900000,950000,80,healthy,90,healthy,0,10.7,14.0,15.4,250000,25.0,50000,50000,40100,0,0,0
dynamic_stress_100d_20pct_hdd,100,68,1000000,5000,1.0,late_binding,15.0,19,950000,1000000,80,healthy,90,healthy,0,10.7,14.0,15.4,250000,25.0,50000,50000,40098,0,0,0
dynamic_stress_100d_20pct_hdd,100,68,1000000,5000,1.0,timeout_degraded_read,15.0,0,0,50000,80,healthy,90,healthy,0,12.5,16.7,18.7,207959,4.0,7959,7959,207,0,0,0
dynamic_stress_100d_20pct_hdd,100,68,1000000,5000,1.0,timeout_degraded_read,15.0,1,50000,100000,80,healthy,90,healthy,0,12.5,16.8,18.6,208048,4.0,8048,8048,167,0,0,0
dynamic_stress_100d_20pct_hdd,100,68,1000000,5000,1.0,timeout_degraded_read,15.0,2,100000,150000,80,healthy,90,healthy,0,12.5,16.8,18.7,208105,4.1,8105,8105,202,0,0,0
dynamic_stress_100d_20pct_hdd,100,68,1000000,5000,1.0,timeout_degraded_read,15.0,3,150000,200000,80,mild_slow,90,healthy,10,12.8,28.0,36.3,211619,5.8,11619,11619,1985,0,0,0
dynamic_stress_100d_20pct_hdd,100,68,1000000,5000,1.0,timeout_degraded_read,15.0,4,200000,250000,80,mild_slow,90,healthy,10,12.8,27.8,36.3,211602,5.8,11602,11602,1929,0,0,0
dynamic_stress_100d_20pct_hdd,100,68,1000000,5000,1.0,timeout_degraded_read,15.0,5,250000,300000,80,mild_slow,90,healthy,10,12.8,27.8,36.1,211728,5.9,11728,11728,1929,0,0,0
dynamic_stress_100d_20pct_hdd,100,68,1000000,5000,1.0,timeout_degraded_read,15.0,6,300000,350000,80,severe_slow,90,healthy,10,12.8,61.0,79.3,211564,5.8,11564,11564,3075,0,0,0
dynamic_stress_100d_20pct_hdd,100,68,1000000,5000,1.0,timeout_degraded_read,15.0,7,350000,400000,80,severe_slow,90,healthy,10,12.8,61.1,79.3,211710,5.9,11710,11710,3109,0,0,0
dynamic_stress_100d_20pct_hdd,100,68,1000000,5000,1.0,timeout_degraded_read,15.0,8,400000,450000,80,severe_slow,90,healthy,10,12.8,60.7,79.3,211776,5.9,11776,11776,3079,0,0,0
dynamic_stress_100d_20pct_hdd,100,68,1000000,5000,1.0,timeout_degraded_read,15.0,9,450000,500000,80,recovery,90,mild_slow,10,13.0,27.4,36.1,213971,7.0,13971,13971,2200,0,0,0
dynamic_stress_100d_20pct_hdd,100,68,1000000,5000,1.0,timeout_degraded_read,15.0,10,500000,550000,80,recovery,90,mild_slow,10,13.0,27.7,36.0,214001,7.0,14001,14001,2324,0,0,0
dynamic_stress_100d_20pct_hdd,100,68,1000000,5000,1.0,timeout_degraded_read,15.0,11,550000,600000,80,healthy,90,severe_slow,10,12.8,59.4,78.0,211512,5.8,11512,11512,3040,0,0,0
dynamic_stress_100d_20pct_hdd,100,68,1000000,5000,1.0,timeout_degraded_read,15.0,12,600000,650000,80,healthy,90,severe_slow,10,12.8,59.7,78.6,211391,5.7,11391,11391,3092,0,0,0
dynamic_stress_100d_20pct_hdd,100,68,1000000,5000,1.0,timeout_degraded_read,15.0,13,650000,700000,80,healthy,90,severe_slow,10,12.8,60.3,78.8,211617,5.8,11617,11617,3199,0,0,0
dynamic_stress_100d_20pct_hdd,100,68,1000000,5000,1.0,timeout_degraded_read,15.0,14,700000,750000,80,mild_slow,90,recovery,10,13.0,28.3,36.4,214209,7.1,14209,14209,1946,0,0,0
dynamic_stress_100d_20pct_hdd,100,68,1000000,5000,1.0,timeout_degraded_read,15.0,15,750000,800000,80,recovery,90,recovery,0,13.0,20.0,24.0,213439,6.7,13439,13439,824,0,0,0
dynamic_stress_100d_20pct_hdd,100,68,1000000,5000,1.0,timeout_degraded_read,15.0,16,800000,850000,80,healthy,90,healthy,0,12.5,16.8,18.8,208192,4.1,8192,8192,204,0,0,0
dynamic_stress_100d_20pct_hdd,100,68,1000000,5000,1.0,timeout_degraded_read,15.0,17,850000,900000,80,healthy,90,healthy,0,12.5,16.8,18.7,208099,4.0,8099,8099,186,0,0,0
dynamic_stress_100d_20pct_hdd,100,68,1000000,5000,1.0,timeout_degraded_read,15.0,18,900000,950000,80,healthy,90,healthy,0,12.5,16.8,18.7,208143,4.1,8143,8143,213,0,0,0
dynamic_stress_100d_20pct_hdd,100,68,1000000,5000,1.0,timeout_degraded_read,15.0,19,950000,1000000,80,healthy,90,healthy,0,12.5,16.8,18.7,208089,4.0,8089,8089,192,0,0,0
dynamic_stress_100d_20pct_hdd,100,68,1000000,5000,1.0,health_ec,15.0,0,0,50000,80,healthy,90,healthy,0,12.5,16.8,18.7,200000,0.0,0,0,0,0,0,0
dynamic_stress_100d_20pct_hdd,100,68,1000000,5000,1.0,health_ec,15.0,1,50000,100000,80,healthy,90,healthy,0,12.5,16.8,18.7,200000,0.0,0,0,0,0,0,0
dynamic_stress_100d_20pct_hdd,100,68,1000000,5000,1.0,health_ec,15.0,2,100000,150000,80,healthy,90,healthy,0,12.5,16.8,18.8,200000,0.0,0,0,0,0,0,0
dynamic_stress_100d_20pct_hdd,100,68,1000000,5000,1.0,health_ec,15.0,3,150000,200000,80,mild_slow,90,healthy,10,12.8,27.5,37.0,202143,1.1,2143,2143,1780,0,0,0
dynamic_stress_100d_20pct_hdd,100,68,1000000,5000,1.0,health_ec,15.0,4,200000,250000,80,mild_slow,90,healthy,10,12.8,26.3,35.6,202939,1.5,2939,2939,2430,1,1,0
dynamic_stress_100d_20pct_hdd,100,68,1000000,5000,1.0,health_ec,15.0,5,250000,300000,80,mild_slow,90,healthy,10,12.8,26.1,34.7,203238,1.6,3238,3238,2665,0,0,0
dynamic_stress_100d_20pct_hdd,100,68,1000000,5000,1.0,health_ec,15.0,6,300000,350000,80,severe_slow,90,healthy,10,12.7,54.7,78.2,202872,1.4,2872,2872,2382,9,9,0
dynamic_stress_100d_20pct_hdd,100,68,1000000,5000,1.0,health_ec,15.0,7,350000,400000,80,severe_slow,90,healthy,10,12.7,52.5,75.3,203016,1.5,3016,3016,2559,0,0,0
dynamic_stress_100d_20pct_hdd,100,68,1000000,5000,1.0,health_ec,15.0,8,400000,450000,80,severe_slow,90,healthy,10,12.7,52.0,74.9,203131,1.6,3131,3131,2642,0,0,0
dynamic_stress_100d_20pct_hdd,100,68,1000000,5000,1.0,health_ec,15.0,9,450000,500000,80,recovery,90,mild_slow,10,12.9,26.1,36.3,204106,2.1,4106,4106,3018,4,4,0
dynamic_stress_100d_20pct_hdd,100,68,1000000,5000,1.0,health_ec,15.0,10,500000,550000,80,recovery,90,mild_slow,10,12.9,25.6,35.4,203691,1.8,3691,3691,2943,0,0,0
dynamic_stress_100d_20pct_hdd,100,68,1000000,5000,1.0,health_ec,15.0,11,550000,600000,80,healthy,90,severe_slow,10,12.7,53.1,77.4,203234,1.6,3234,3234,2578,6,6,0
dynamic_stress_100d_20pct_hdd,100,68,1000000,5000,1.0,health_ec,15.0,12,600000,650000,80,healthy,90,severe_slow,10,12.7,52.2,75.8,203081,1.5,3081,3081,2531,0,0,0
dynamic_stress_100d_20pct_hdd,100,68,1000000,5000,1.0,health_ec,15.0,13,650000,700000,80,healthy,90,severe_slow,10,12.7,52.7,74.7,203182,1.6,3182,3182,2680,0,0,0
dynamic_stress_100d_20pct_hdd,100,68,1000000,5000,1.0,health_ec,15.0,14,700000,750000,80,mild_slow,90,recovery,10,12.9,24.4,36.0,203968,2.0,3968,3968,3442,1,1,0
dynamic_stress_100d_20pct_hdd,100,68,1000000,5000,1.0,health_ec,15.0,15,750000,800000,80,recovery,90,recovery,0,12.8,18.4,22.3,203578,1.8,3578,3578,3011,0,0,0
dynamic_stress_100d_20pct_hdd,100,68,1000000,5000,1.0,health_ec,15.0,16,800000,850000,80,healthy,90,healthy,0,12.5,16.8,18.9,201188,0.6,1188,1188,950,0,0,0
dynamic_stress_100d_20pct_hdd,100,68,1000000,5000,1.0,health_ec,15.0,17,850000,900000,80,healthy,90,healthy,0,12.5,16.8,18.8,200310,0.2,310,310,240,0,0,0
dynamic_stress_100d_20pct_hdd,100,68,1000000,5000,1.0,health_ec,15.0,18,900000,950000,80,healthy,90,healthy,0,12.5,16.8,18.8,200104,0.1,104,104,80,0,0,0
dynamic_stress_100d_20pct_hdd,100,68,1000000,5000,1.0,health_ec,15.0,19,950000,1000000,80,healthy,90,healthy,0,12.5,16.8,18.8,200048,0.0,48,48,40,0,0,0
dynamic_stress_100d_20pct_hdd,100,69,1000000,5000,1.0,vanilla_ec,15.0,0,0,50000,80,healthy,90,healthy,0,12.5,16.8,18.9,200000,0.0,0,0,0,0,0,0
dynamic_stress_100d_20pct_hdd,100,69,1000000,5000,1.0,vanilla_ec,15.0,1,50000,100000,80,healthy,90,healthy,0,12.5,16.8,18.8,200000,0.0,0,0,0,0,0,0
dynamic_stress_100d_20pct_hdd,100,69,1000000,5000,1.0,vanilla_ec,15.0,2,100000,150000,80,healthy,90,healthy,0,12.5,16.8,18.8,200000,0.0,0,0,0,0,0,0
dynamic_stress_100d_20pct_hdd,100,69,1000000,5000,1.0,vanilla_ec,15.0,3,150000,200000,80,mild_slow,90,healthy,10,12.8,29.5,39.2,200000,0.0,0,0,0,0,0,0
dynamic_stress_100d_20pct_hdd,100,69,1000000,5000,1.0,vanilla_ec,15.0,4,200000,250000,80,mild_slow,90,healthy,10,12.8,29.7,39.2,200000,0.0,0,0,0,0,0,0
dynamic_stress_100d_20pct_hdd,100,69,1000000,5000,1.0,vanilla_ec,15.0,5,250000,300000,80,mild_slow,90,healthy,10,12.7,29.8,39.3,200000,0.0,0,0,0,0,0,0
dynamic_stress_100d_20pct_hdd,100,69,1000000,5000,1.0,vanilla_ec,15.0,6,300000,350000,80,severe_slow,90,healthy,10,12.8,68.9,97.4,200000,0.0,0,0,0,0,0,0
dynamic_stress_100d_20pct_hdd,100,69,1000000,5000,1.0,vanilla_ec,15.0,7,350000,400000,80,severe_slow,90,healthy,10,12.8,69.2,97.1,200000,0.0,0,0,0,0,0,0
dynamic_stress_100d_20pct_hdd,100,69,1000000,5000,1.0,vanilla_ec,15.0,8,400000,450000,80,severe_slow,90,healthy,10,12.8,68.2,100.1,200000,0.0,0,0,0,0,0,0
dynamic_stress_100d_20pct_hdd,100,69,1000000,5000,1.0,vanilla_ec,15.0,9,450000,500000,80,recovery,90,mild_slow,10,13.0,30.1,40.2,200000,0.0,0,0,0,0,0,0
dynamic_stress_100d_20pct_hdd,100,69,1000000,5000,1.0,vanilla_ec,15.0,10,500000,550000,80,recovery,90,mild_slow,10,13.0,30.2,40.4,200000,0.0,0,0,0,0,0,0
dynamic_stress_100d_20pct_hdd,100,69,1000000,5000,1.0,vanilla_ec,15.0,11,550000,600000,80,healthy,90,severe_slow,10,12.8,69.2,100.4,200000,0.0,0,0,0,0,0,0
dynamic_stress_100d_20pct_hdd,100,69,1000000,5000,1.0,vanilla_ec,15.0,12,600000,650000,80,healthy,90,severe_slow,10,12.8,68.3,98.6,200000,0.0,0,0,0,0,0,0
dynamic_stress_100d_20pct_hdd,100,69,1000000,5000,1.0,vanilla_ec,15.0,13,650000,700000,80,healthy,90,severe_slow,10,12.8,68.3,98.2,200000,0.0,0,0,0,0,0,0
dynamic_stress_100d_20pct_hdd,100,69,1000000,5000,1.0,vanilla_ec,15.0,14,700000,750000,80,mild_slow,90,recovery,10,13.0,30.2,40.8,200000,0.0,0,0,0,0,0,0
dynamic_stress_100d_20pct_hdd,100,69,1000000,5000,1.0,vanilla_ec,15.0,15,750000,800000,80,recovery,90,recovery,0,13.0,20.1,24.5,200000,0.0,0,0,0,0,0,0
dynamic_stress_100d_20pct_hdd,100,69,1000000,5000,1.0,vanilla_ec,15.0,16,800000,850000,80,healthy,90,healthy,0,12.5,16.8,18.8,200000,0.0,0,0,0,0,0,0
dynamic_stress_100d_20pct_hdd,100,69,1000000,5000,1.0,vanilla_ec,15.0,17,850000,900000,80,healthy,90,healthy,0,12.5,16.8,18.8,200000,0.0,0,0,0,0,0,0
dynamic_stress_100d_20pct_hdd,100,69,1000000,5000,1.0,vanilla_ec,15.0,18,900000,950000,80,healthy,90,healthy,0,12.5,16.8,18.8,200000,0.0,0,0,0,0,0,0
dynamic_stress_100d_20pct_hdd,100,69,1000000,5000,1.0,vanilla_ec,15.0,19,950000,1000000,80,healthy,90,healthy,0,12.5,16.8,18.8,200000,0.0,0,0,0,0,0,0
dynamic_stress_100d_20pct_hdd,100,69,1000000,5000,1.0,late_binding,15.0,0,0,50000,80,healthy,90,healthy,0,10.7,14.0,15.4,250000,25.0,50000,50000,40086,0,0,0
dynamic_stress_100d_20pct_hdd,100,69,1000000,5000,1.0,late_binding,15.0,1,50000,100000,80,healthy,90,healthy,0,10.7,14.0,15.4,250000,25.0,50000,50000,40097,0,0,0
dynamic_stress_100d_20pct_hdd,100,69,1000000,5000,1.0,late_binding,15.0,2,100000,150000,80,healthy,90,healthy,0,10.7,14.0,15.4,250000,25.0,50000,50000,40028,0,0,0
dynamic_stress_100d_20pct_hdd,100,69,1000000,5000,1.0,late_binding,15.0,3,150000,200000,80,mild_slow,90,healthy,10,10.9,24.8,32.3,250000,25.0,50000,50000,39626,0,0,0
dynamic_stress_100d_20pct_hdd,100,69,1000000,5000,1.0,late_binding,15.0,4,200000,250000,80,mild_slow,90,healthy,10,10.9,25.0,32.6,250000,25.0,50000,50000,39782,0,0,0
dynamic_stress_100d_20pct_hdd,100,69,1000000,5000,1.0,late_binding,15.0,5,250000,300000,80,mild_slow,90,healthy,10,10.9,25.0,32.7,250000,25.0,50000,50000,39631,0,0,0
dynamic_stress_100d_20pct_hdd,100,69,1000000,5000,1.0,late_binding,15.0,6,300000,350000,80,severe_slow,90,healthy,10,10.9,58.1,75.6,250000,25.0,50000,50000,39550,0,0,0
dynamic_stress_100d_20pct_hdd,100,69,1000000,5000,1.0,late_binding,15.0,7,350000,400000,80,severe_slow,90,healthy,10,11.0,57.3,75.4,250000,25.0,50000,50000,39572,0,0,0
dynamic_stress_100d_20pct_hdd,100,69,1000000,5000,1.0,late_binding,15.0,8,400000,450000,80,severe_slow,90,healthy,10,10.9,57.3,75.9,250000,25.0,50000,50000,39585,0,0,0
dynamic_stress_100d_20pct_hdd,100,69,1000000,5000,1.0,late_binding,15.0,9,450000,500000,80,recovery,90,mild_slow,10,11.2,25.1,32.7,250000,25.0,50000,50000,39695,0,0,0
dynamic_stress_100d_20pct_hdd,100,69,1000000,5000,1.0,late_binding,15.0,10,500000,550000,80,recovery,90,mild_slow,10,11.1,25.2,32.8,250000,25.0,50000,50000,39499,0,0,0
dynamic_stress_100d_20pct_hdd,100,69,1000000,5000,1.0,late_binding,15.0,11,550000,600000,80,healthy,90,severe_slow,10,10.9,57.7,75.5,250000,25.0,50000,50000,39679,0,0,0
dynamic_stress_100d_20pct_hdd,100,69,1000000,5000,1.0,late_binding,15.0,12,600000,650000,80,healthy,90,severe_slow,10,11.0,57.0,75.3,250000,25.0,50000,50000,39723,0,0,0
dynamic_stress_100d_20pct_hdd,100,69,1000000,5000,1.0,late_binding,15.0,13,650000,700000,80,healthy,90,severe_slow,10,10.9,57.2,75.0,250000,25.0,50000,50000,39718,0,0,0
dynamic_stress_100d_20pct_hdd,100,69,1000000,5000,1.0,late_binding,15.0,14,700000,750000,80,mild_slow,90,recovery,10,11.1,25.2,32.7,250000,25.0,50000,50000,39832,0,0,0
dynamic_stress_100d_20pct_hdd,100,69,1000000,5000,1.0,late_binding,15.0,15,750000,800000,80,recovery,90,recovery,0,11.1,16.9,20.1,250000,25.0,50000,50000,39883,0,0,0
dynamic_stress_100d_20pct_hdd,100,69,1000000,5000,1.0,late_binding,15.0,16,800000,850000,80,healthy,90,healthy,0,10.7,14.0,15.4,250000,25.0,50000,50000,40085,0,0,0
dynamic_stress_100d_20pct_hdd,100,69,1000000,5000,1.0,late_binding,15.0,17,850000,900000,80,healthy,90,healthy,0,10.7,14.0,15.5,250000,25.0,50000,50000,40078,0,0,0
dynamic_stress_100d_20pct_hdd,100,69,1000000,5000,1.0,late_binding,15.0,18,900000,950000,80,healthy,90,healthy,0,10.7,14.0,15.5,250000,25.0,50000,50000,40130,0,0,0
dynamic_stress_100d_20pct_hdd,100,69,1000000,5000,1.0,late_binding,15.0,19,950000,1000000,80,healthy,90,healthy,0,10.7,14.0,15.5,250000,25.0,50000,50000,39915,0,0,0
dynamic_stress_100d_20pct_hdd,100,69,1000000,5000,1.0,timeout_degraded_read,15.0,0,0,50000,80,healthy,90,healthy,0,12.5,16.8,18.8,208042,4.0,8042,8042,195,0,0,0
dynamic_stress_100d_20pct_hdd,100,69,1000000,5000,1.0,timeout_degraded_read,15.0,1,50000,100000,80,healthy,90,healthy,0,12.5,16.8,18.7,208011,4.0,8011,8011,170,0,0,0
dynamic_stress_100d_20pct_hdd,100,69,1000000,5000,1.0,timeout_degraded_read,15.0,2,100000,150000,80,healthy,90,healthy,0,12.5,16.8,18.7,208075,4.0,8075,8075,186,0,0,0
dynamic_stress_100d_20pct_hdd,100,69,1000000,5000,1.0,timeout_degraded_read,15.0,3,150000,200000,80,mild_slow,90,healthy,10,12.8,27.4,35.8,211449,5.7,11449,11449,1879,0,0,0
dynamic_stress_100d_20pct_hdd,100,69,1000000,5000,1.0,timeout_degraded_read,15.0,4,200000,250000,80,mild_slow,90,healthy,10,12.8,27.7,36.1,211630,5.8,11630,11630,1877,0,0,0
dynamic_stress_100d_20pct_hdd,100,69,1000000,5000,1.0,timeout_degraded_read,15.0,5,250000,300000,80,mild_slow,90,healthy,10,12.7,27.7,36.0,211475,5.7,11475,11475,1900,0,0,0
dynamic_stress_100d_20pct_hdd,100,69,1000000,5000,1.0,timeout_degraded_read,15.0,6,300000,350000,80,severe_slow,90,healthy,10,12.8,60.9,78.7,211636,5.8,11636,11636,3074,0,0,0
dynamic_stress_100d_20pct_hdd,100,69,1000000,5000,1.0,timeout_degraded_read,15.0,7,350000,400000,80,severe_slow,90,healthy,10,12.8,60.2,78.8,211589,5.8,11589,11589,3104,0,0,0
dynamic_stress_100d_20pct_hdd,100,69,1000000,5000,1.0,timeout_degraded_read,15.0,8,400000,450000,80,severe_slow,90,healthy,10,12.8,60.2,79.3,211443,5.7,11443,11443,3051,0,0,0
dynamic_stress_100d_20pct_hdd,100,69,1000000,5000,1.0,timeout_degraded_read,15.0,9,450000,500000,80,recovery,90,mild_slow,10,13.0,27.6,36.0,214066,7.0,14066,14066,2295,0,0,0
dynamic_stress_100d_20pct_hdd,100,69,1000000,5000,1.0,timeout_degraded_read,15.0,10,500000,550000,80,recovery,90,mild_slow,10,13.0,27.7,35.8,214042,7.0,14042,14042,2320,0,0,0
dynamic_stress_100d_20pct_hdd,100,69,1000000,5000,1.0,timeout_degraded_read,15.0,11,550000,600000,80,healthy,90,severe_slow,10,12.8,60.3,79.0,211515,5.8,11515,11515,3177,0,0,0
dynamic_stress_100d_20pct_hdd,100,69,1000000,5000,1.0,timeout_degraded_read,15.0,12,600000,650000,80,healthy,90,severe_slow,10,12.8,59.4,78.4,211593,5.8,11593,11593,3144,0,0,0
dynamic_stress_100d_20pct_hdd,100,69,1000000,5000,1.0,timeout_degraded_read,15.0,13,650000,700000,80,healthy,90,severe_slow,10,12.8,59.7,78.3,211484,5.7,11484,11484,3125,0,0,0
dynamic_stress_100d_20pct_hdd,100,69,1000000,5000,1.0,timeout_degraded_read,15.0,14,700000,750000,80,mild_slow,90,recovery,10,13.0,28.5,36.3,214149,7.1,14149,14149,2025,0,0,0
dynamic_stress_100d_20pct_hdd,100,69,1000000,5000,1.0,timeout_degraded_read,15.0,15,750000,800000,80,recovery,90,recovery,0,13.0,20.0,23.9,213230,6.6,13230,13230,795,0,0,0
dynamic_stress_100d_20pct_hdd,100,69,1000000,5000,1.0,timeout_degraded_read,15.0,16,800000,850000,80,healthy,90,healthy,0,12.5,16.8,18.7,208191,4.1,8191,8191,173,0,0,0
dynamic_stress_100d_20pct_hdd,100,69,1000000,5000,1.0,timeout_degraded_read,15.0,17,850000,900000,80,healthy,90,healthy,0,12.5,16.8,18.7,208108,4.1,8108,8108,201,0,0,0
dynamic_stress_100d_20pct_hdd,100,69,1000000,5000,1.0,timeout_degraded_read,15.0,18,900000,950000,80,healthy,90,healthy,0,12.5,16.8,18.7,208119,4.1,8119,8119,209,0,0,0
dynamic_stress_100d_20pct_hdd,100,69,1000000,5000,1.0,timeout_degraded_read,15.0,19,950000,1000000,80,healthy,90,healthy,0,12.5,16.8,18.7,208145,4.1,8145,8145,201,0,0,0
dynamic_stress_100d_20pct_hdd,100,69,1000000,5000,1.0,health_ec,15.0,0,0,50000,80,healthy,90,healthy,0,12.5,16.8,18.9,200000,0.0,0,0,0,0,0,0
dynamic_stress_100d_20pct_hdd,100,69,1000000,5000,1.0,health_ec,15.0,1,50000,100000,80,healthy,90,healthy,0,12.5,16.8,18.8,200000,0.0,0,0,0,0,0,0
dynamic_stress_100d_20pct_hdd,100,69,1000000,5000,1.0,health_ec,15.0,2,100000,150000,80,healthy,90,healthy,0,12.5,16.8,18.8,200000,0.0,0,0,0,0,0,0
dynamic_stress_100d_20pct_hdd,100,69,1000000,5000,1.0,health_ec,15.0,3,150000,200000,80,mild_slow,90,healthy,10,12.8,27.1,36.8,201949,1.0,1949,1949,1593,0,0,0
dynamic_stress_100d_20pct_hdd,100,69,1000000,5000,1.0,health_ec,15.0,4,200000,250000,80,mild_slow,90,healthy,10,12.8,26.4,35.5,202720,1.4,2720,2720,2191,1,1,0
dynamic_stress_100d_20pct_hdd,100,69,1000000,5000,1.0,health_ec,15.0,5,250000,300000,80,mild_slow,90,healthy,10,12.7,25.9,34.9,202968,1.5,2968,2968,2406,0,0,0
dynamic_stress_100d_20pct_hdd,100,69,1000000,5000,1.0,health_ec,15.0,6,300000,350000,80,severe_slow,90,healthy,10,12.7,54.9,77.8,202900,1.5,2900,2900,2369,9,9,0
dynamic_stress_100d_20pct_hdd,100,69,1000000,5000,1.0,health_ec,15.0,7,350000,400000,80,severe_slow,90,healthy,10,12.7,52.0,75.3,203070,1.5,3070,3070,2600,0,0,0
dynamic_stress_100d_20pct_hdd,100,69,1000000,5000,1.0,health_ec,15.0,8,400000,450000,80,severe_slow,90,healthy,10,12.7,51.6,75.3,203052,1.5,3052,3052,2568,0,0,0
dynamic_stress_100d_20pct_hdd,100,69,1000000,5000,1.0,health_ec,15.0,9,450000,500000,80,recovery,90,mild_slow,10,12.9,26.7,36.3,204215,2.1,4215,4215,3093,4,4,0
dynamic_stress_100d_20pct_hdd,100,69,1000000,5000,1.0,health_ec,15.0,10,500000,550000,80,recovery,90,mild_slow,10,12.9,25.9,35.1,204196,2.1,4196,4196,3249,0,0,0
dynamic_stress_100d_20pct_hdd,100,69,1000000,5000,1.0,health_ec,15.0,11,550000,600000,80,healthy,90,severe_slow,10,12.7,54.4,77.6,203466,1.7,3466,3466,2741,6,6,0
dynamic_stress_100d_20pct_hdd,100,69,1000000,5000,1.0,health_ec,15.0,12,600000,650000,80,healthy,90,severe_slow,10,12.7,52.0,75.0,203201,1.6,3201,3201,2605,0,0,0
dynamic_stress_100d_20pct_hdd,100,69,1000000,5000,1.0,health_ec,15.0,13,650000,700000,80,healthy,90,severe_slow,10,12.7,52.3,74.3,203289,1.6,3289,3289,2704,0,0,0
dynamic_stress_100d_20pct_hdd,100,69,1000000,5000,1.0,health_ec,15.0,14,700000,750000,80,mild_slow,90,recovery,10,12.9,24.7,36.4,203774,1.9,3774,3774,3277,1,1,0
dynamic_stress_100d_20pct_hdd,100,69,1000000,5000,1.0,health_ec,15.0,15,750000,800000,80,recovery,90,recovery,0,12.8,18.5,22.2,203255,1.6,3255,3255,2696,0,0,0
dynamic_stress_100d_20pct_hdd,100,69,1000000,5000,1.0,health_ec,15.0,16,800000,850000,80,healthy,90,healthy,0,12.4,16.8,18.7,201130,0.6,1130,1130,917,0,0,0
dynamic_stress_100d_20pct_hdd,100,69,1000000,5000,1.0,health_ec,15.0,17,850000,900000,80,healthy,90,healthy,0,12.5,16.8,18.8,200255,0.1,255,255,198,0,0,0
dynamic_stress_100d_20pct_hdd,100,69,1000000,5000,1.0,health_ec,15.0,18,900000,950000,80,healthy,90,healthy,0,12.5,16.8,18.8,200112,0.1,112,112,93,0,0,0
dynamic_stress_100d_20pct_hdd,100,69,1000000,5000,1.0,health_ec,15.0,19,950000,1000000,80,healthy,90,healthy,0,12.5,16.8,18.8,200036,0.0,36,36,27,0,0,0
dynamic_stress_100d_20pct_hdd,100,70,1000000,5000,1.0,vanilla_ec,15.0,0,0,50000,80,healthy,90,healthy,0,12.5,16.8,18.9,200000,0.0,0,0,0,0,0,0
dynamic_stress_100d_20pct_hdd,100,70,1000000,5000,1.0,vanilla_ec,15.0,1,50000,100000,80,healthy,90,healthy,0,12.5,16.8,18.9,200000,0.0,0,0,0,0,0,0
dynamic_stress_100d_20pct_hdd,100,70,1000000,5000,1.0,vanilla_ec,15.0,2,100000,150000,80,healthy,90,healthy,0,12.5,16.8,18.8,200000,0.0,0,0,0,0,0,0
dynamic_stress_100d_20pct_hdd,100,70,1000000,5000,1.0,vanilla_ec,15.0,3,150000,200000,80,mild_slow,90,healthy,10,12.8,29.9,39.5,200000,0.0,0,0,0,0,0,0
dynamic_stress_100d_20pct_hdd,100,70,1000000,5000,1.0,vanilla_ec,15.0,4,200000,250000,80,mild_slow,90,healthy,10,12.8,29.9,39.6,200000,0.0,0,0,0,0,0,0
dynamic_stress_100d_20pct_hdd,100,70,1000000,5000,1.0,vanilla_ec,15.0,5,250000,300000,80,mild_slow,90,healthy,10,12.8,30.0,39.5,200000,0.0,0,0,0,0,0,0
dynamic_stress_100d_20pct_hdd,100,70,1000000,5000,1.0,vanilla_ec,15.0,6,300000,350000,80,severe_slow,90,healthy,10,12.8,69.5,100.2,200000,0.0,0,0,0,0,0,0
dynamic_stress_100d_20pct_hdd,100,70,1000000,5000,1.0,vanilla_ec,15.0,7,350000,400000,80,severe_slow,90,healthy,10,12.8,69.4,98.6,200000,0.0,0,0,0,0,0,0
dynamic_stress_100d_20pct_hdd,100,70,1000000,5000,1.0,vanilla_ec,15.0,8,400000,450000,80,severe_slow,90,healthy,10,12.8,69.3,98.8,200000,0.0,0,0,0,0,0,0
dynamic_stress_100d_20pct_hdd,100,70,1000000,5000,1.0,vanilla_ec,15.0,9,450000,500000,80,recovery,90,mild_slow,10,13.0,30.2,40.0,200000,0.0,0,0,0,0,0,0
dynamic_stress_100d_20pct_hdd,100,70,1000000,5000,1.0,vanilla_ec,15.0,10,500000,550000,80,recovery,90,mild_slow,10,13.0,29.7,40.1,200000,0.0,0,0,0,0,0,0
dynamic_stress_100d_20pct_hdd,100,70,1000000,5000,1.0,vanilla_ec,15.0,11,550000,600000,80,healthy,90,severe_slow,10,12.8,68.0,96.1,200000,0.0,0,0,0,0,0,0
dynamic_stress_100d_20pct_hdd,100,70,1000000,5000,1.0,vanilla_ec,15.0,12,600000,650000,80,healthy,90,severe_slow,10,12.7,68.0,98.8,200000,0.0,0,0,0,0,0,0
dynamic_stress_100d_20pct_hdd,100,70,1000000,5000,1.0,vanilla_ec,15.0,13,650000,700000,80,healthy,90,severe_slow,10,12.7,68.1,97.4,200000,0.0,0,0,0,0,0,0
dynamic_stress_100d_20pct_hdd,100,70,1000000,5000,1.0,vanilla_ec,15.0,14,700000,750000,80,mild_slow,90,recovery,10,13.0,30.0,39.5,200000,0.0,0,0,0,0,0,0
dynamic_stress_100d_20pct_hdd,100,70,1000000,5000,1.0,vanilla_ec,15.0,15,750000,800000,80,recovery,90,recovery,0,13.0,20.2,24.7,200000,0.0,0,0,0,0,0,0
dynamic_stress_100d_20pct_hdd,100,70,1000000,5000,1.0,vanilla_ec,15.0,16,800000,850000,80,healthy,90,healthy,0,12.5,16.8,18.8,200000,0.0,0,0,0,0,0,0
dynamic_stress_100d_20pct_hdd,100,70,1000000,5000,1.0,vanilla_ec,15.0,17,850000,900000,80,healthy,90,healthy,0,12.5,16.8,18.8,200000,0.0,0,0,0,0,0,0
dynamic_stress_100d_20pct_hdd,100,70,1000000,5000,1.0,vanilla_ec,15.0,18,900000,950000,80,healthy,90,healthy,0,12.5,16.8,18.8,200000,0.0,0,0,0,0,0,0
dynamic_stress_100d_20pct_hdd,100,70,1000000,5000,1.0,vanilla_ec,15.0,19,950000,1000000,80,healthy,90,healthy,0,12.5,16.8,18.8,200000,0.0,0,0,0,0,0,0
dynamic_stress_100d_20pct_hdd,100,70,1000000,5000,1.0,late_binding,15.0,0,0,50000,80,healthy,90,healthy,0,10.7,14.0,15.4,250000,25.0,50000,50000,39948,0,0,0
dynamic_stress_100d_20pct_hdd,100,70,1000000,5000,1.0,late_binding,15.0,1,50000,100000,80,healthy,90,healthy,0,10.7,14.0,15.4,250000,25.0,50000,50000,39993,0,0,0
dynamic_stress_100d_20pct_hdd,100,70,1000000,5000,1.0,late_binding,15.0,2,100000,150000,80,healthy,90,healthy,0,10.7,14.0,15.5,250000,25.0,50000,50000,39945,0,0,0
dynamic_stress_100d_20pct_hdd,100,70,1000000,5000,1.0,late_binding,15.0,3,150000,200000,80,mild_slow,90,healthy,10,10.9,25.2,32.6,250000,25.0,50000,50000,39658,0,0,0
dynamic_stress_100d_20pct_hdd,100,70,1000000,5000,1.0,late_binding,15.0,4,200000,250000,80,mild_slow,90,healthy,10,11.0,25.1,32.5,250000,25.0,50000,50000,39631,0,0,0
dynamic_stress_100d_20pct_hdd,100,70,1000000,5000,1.0,late_binding,15.0,5,250000,300000,80,mild_slow,90,healthy,10,10.9,25.3,32.7,250000,25.0,50000,50000,39645,0,0,0
dynamic_stress_100d_20pct_hdd,100,70,1000000,5000,1.0,late_binding,15.0,6,300000,350000,80,severe_slow,90,healthy,10,11.0,58.2,75.7,250000,25.0,50000,50000,39685,0,0,0
dynamic_stress_100d_20pct_hdd,100,70,1000000,5000,1.0,late_binding,15.0,7,350000,400000,80,severe_slow,90,healthy,10,10.9,58.3,75.9,250000,25.0,50000,50000,39746,0,0,0
dynamic_stress_100d_20pct_hdd,100,70,1000000,5000,1.0,late_binding,15.0,8,400000,450000,80,severe_slow,90,healthy,10,10.9,58.2,75.7,250000,25.0,50000,50000,39605,0,0,0
dynamic_stress_100d_20pct_hdd,100,70,1000000,5000,1.0,late_binding,15.0,9,450000,500000,80,recovery,90,mild_slow,10,11.1,25.2,32.3,250000,25.0,50000,50000,39402,0,0,0
dynamic_stress_100d_20pct_hdd,100,70,1000000,5000,1.0,late_binding,15.0,10,500000,550000,80,recovery,90,mild_slow,10,11.2,24.9,32.5,250000,25.0,50000,50000,39553,0,0,0
dynamic_stress_100d_20pct_hdd,100,70,1000000,5000,1.0,late_binding,15.0,11,550000,600000,80,healthy,90,severe_slow,10,10.9,56.9,75.2,250000,25.0,50000,50000,39666,0,0,0
dynamic_stress_100d_20pct_hdd,100,70,1000000,5000,1.0,late_binding,15.0,12,600000,650000,80,healthy,90,severe_slow,10,10.9,57.1,75.3,250000,25.0,50000,50000,39650,0,0,0
dynamic_stress_100d_20pct_hdd,100,70,1000000,5000,1.0,late_binding,15.0,13,650000,700000,80,healthy,90,severe_slow,10,10.9,56.8,74.9,250000,25.0,50000,50000,39568,0,0,0
dynamic_stress_100d_20pct_hdd,100,70,1000000,5000,1.0,late_binding,15.0,14,700000,750000,80,mild_slow,90,recovery,10,11.2,25.0,32.5,250000,25.0,50000,50000,39886,0,0,0
dynamic_stress_100d_20pct_hdd,100,70,1000000,5000,1.0,late_binding,15.0,15,750000,800000,80,recovery,90,recovery,0,11.1,17.0,20.1,250000,25.0,50000,50000,39936,0,0,0
dynamic_stress_100d_20pct_hdd,100,70,1000000,5000,1.0,late_binding,15.0,16,800000,850000,80,healthy,90,healthy,0,10.7,14.0,15.5,250000,25.0,50000,50000,39832,0,0,0
dynamic_stress_100d_20pct_hdd,100,70,1000000,5000,1.0,late_binding,15.0,17,850000,900000,80,healthy,90,healthy,0,10.7,14.0,15.4,250000,25.0,50000,50000,39919,0,0,0
dynamic_stress_100d_20pct_hdd,100,70,1000000,5000,1.0,late_binding,15.0,18,900000,950000,80,healthy,90,healthy,0,10.7,14.0,15.5,250000,25.0,50000,50000,40001,0,0,0
dynamic_stress_100d_20pct_hdd,100,70,1000000,5000,1.0,late_binding,15.0,19,950000,1000000,80,healthy,90,healthy,0,10.7,14.0,15.5,250000,25.0,50000,50000,39885,0,0,0
dynamic_stress_100d_20pct_hdd,100,70,1000000,5000,1.0,timeout_degraded_read,15.0,0,0,50000,80,healthy,90,healthy,0,12.5,16.8,18.8,207955,4.0,7955,7955,187,0,0,0
dynamic_stress_100d_20pct_hdd,100,70,1000000,5000,1.0,timeout_degraded_read,15.0,1,50000,100000,80,healthy,90,healthy,0,12.5,16.8,18.8,208180,4.1,8180,8180,195,0,0,0
dynamic_stress_100d_20pct_hdd,100,70,1000000,5000,1.0,timeout_degraded_read,15.0,2,100000,150000,80,healthy,90,healthy,0,12.5,16.8,18.7,207960,4.0,7960,7960,191,0,0,0
dynamic_stress_100d_20pct_hdd,100,70,1000000,5000,1.0,timeout_degraded_read,15.0,3,150000,200000,80,mild_slow,90,healthy,10,12.8,27.7,36.0,211596,5.8,11596,11596,1901,0,0,0
dynamic_stress_100d_20pct_hdd,100,70,1000000,5000,1.0,timeout_degraded_read,15.0,4,200000,250000,80,mild_slow,90,healthy,10,12.8,27.7,36.2,211802,5.9,11802,11802,1995,0,0,0
dynamic_stress_100d_20pct_hdd,100,70,1000000,5000,1.0,timeout_degraded_read,15.0,5,250000,300000,80,mild_slow,90,healthy,10,12.8,27.8,36.0,211810,5.9,11810,11810,1912,0,0,0
dynamic_stress_100d_20pct_hdd,100,70,1000000,5000,1.0,timeout_degraded_read,15.0,6,300000,350000,80,severe_slow,90,healthy,10,12.8,60.9,79.8,211728,5.9,11728,11728,3131,0,0,0
dynamic_stress_100d_20pct_hdd,100,70,1000000,5000,1.0,timeout_degraded_read,15.0,7,350000,400000,80,severe_slow,90,healthy,10,12.8,61.0,79.5,211734,5.9,11734,11734,3130,0,0,0
dynamic_stress_100d_20pct_hdd,100,70,1000000,5000,1.0,timeout_degraded_read,15.0,8,400000,450000,80,severe_slow,90,healthy,10,12.8,61.1,79.3,211654,5.8,11654,11654,3055,0,0,0
dynamic_stress_100d_20pct_hdd,100,70,1000000,5000,1.0,timeout_degraded_read,15.0,9,450000,500000,80,recovery,90,mild_slow,10,13.0,27.7,35.9,213861,6.9,13861,13861,2318,0,0,0
dynamic_stress_100d_20pct_hdd,100,70,1000000,5000,1.0,timeout_degraded_read,15.0,10,500000,550000,80,recovery,90,mild_slow,10,13.0,27.4,36.1,214023,7.0,14023,14023,2225,0,0,0
dynamic_stress_100d_20pct_hdd,100,70,1000000,5000,1.0,timeout_degraded_read,15.0,11,550000,600000,80,healthy,90,severe_slow,10,12.8,59.0,78.3,211472,5.7,11472,11472,3089,0,0,0
dynamic_stress_100d_20pct_hdd,100,70,1000000,5000,1.0,timeout_degraded_read,15.0,12,600000,650000,80,healthy,90,severe_slow,10,12.7,59.5,78.6,211498,5.7,11498,11498,3032,0,0,0
dynamic_stress_100d_20pct_hdd,100,70,1000000,5000,1.0,timeout_degraded_read,15.0,13,650000,700000,80,healthy,90,severe_slow,10,12.7,59.4,78.4,211455,5.7,11455,11455,3109,0,0,0
dynamic_stress_100d_20pct_hdd,100,70,1000000,5000,1.0,timeout_degraded_read,15.0,14,700000,750000,80,mild_slow,90,recovery,10,13.0,28.4,36.1,213969,7.0,13969,13969,1990,0,0,0
dynamic_stress_100d_20pct_hdd,100,70,1000000,5000,1.0,timeout_degraded_read,15.0,15,750000,800000,80,recovery,90,recovery,0,13.0,20.0,24.0,213281,6.6,13281,13281,846,0,0,0
dynamic_stress_100d_20pct_hdd,100,70,1000000,5000,1.0,timeout_degraded_read,15.0,16,800000,850000,80,healthy,90,healthy,0,12.5,16.8,18.7,208097,4.0,8097,8097,204,0,0,0
dynamic_stress_100d_20pct_hdd,100,70,1000000,5000,1.0,timeout_degraded_read,15.0,17,850000,900000,80,healthy,90,healthy,0,12.5,16.8,18.7,207999,4.0,7999,7999,173,0,0,0
dynamic_stress_100d_20pct_hdd,100,70,1000000,5000,1.0,timeout_degraded_read,15.0,18,900000,950000,80,healthy,90,healthy,0,12.5,16.8,18.7,208034,4.0,8034,8034,158,0,0,0
dynamic_stress_100d_20pct_hdd,100,70,1000000,5000,1.0,timeout_degraded_read,15.0,19,950000,1000000,80,healthy,90,healthy,0,12.5,16.8,18.8,208129,4.1,8129,8129,184,0,0,0
dynamic_stress_100d_20pct_hdd,100,70,1000000,5000,1.0,health_ec,15.0,0,0,50000,80,healthy,90,healthy,0,12.5,16.8,18.9,200000,0.0,0,0,0,0,0,0
dynamic_stress_100d_20pct_hdd,100,70,1000000,5000,1.0,health_ec,15.0,1,50000,100000,80,healthy,90,healthy,0,12.5,16.8,18.9,200000,0.0,0,0,0,0,0,0
dynamic_stress_100d_20pct_hdd,100,70,1000000,5000,1.0,health_ec,15.0,2,100000,150000,80,healthy,90,healthy,0,12.5,16.8,18.8,200000,0.0,0,0,0,0,0,0
dynamic_stress_100d_20pct_hdd,100,70,1000000,5000,1.0,health_ec,15.0,3,150000,200000,80,mild_slow,90,healthy,10,12.8,27.3,36.7,202146,1.1,2146,2146,1745,1,1,0
dynamic_stress_100d_20pct_hdd,100,70,1000000,5000,1.0,health_ec,15.0,4,200000,250000,80,mild_slow,90,healthy,10,12.8,26.5,36.0,202817,1.4,2817,2817,2330,0,0,0
dynamic_stress_100d_20pct_hdd,100,70,1000000,5000,1.0,health_ec,15.0,5,250000,300000,80,mild_slow,90,healthy,10,12.8,26.2,34.9,203081,1.5,3081,3081,2520,3,3,0
dynamic_stress_100d_20pct_hdd,100,70,1000000,5000,1.0,health_ec,15.0,6,300000,350000,80,severe_slow,90,healthy,10,12.7,54.6,77.6,202945,1.5,2945,2945,2476,6,6,0
dynamic_stress_100d_20pct_hdd,100,70,1000000,5000,1.0,health_ec,15.0,7,350000,400000,80,severe_slow,90,healthy,10,12.7,52.9,76.3,203068,1.5,3068,3068,2594,0,0,0
dynamic_stress_100d_20pct_hdd,100,70,1000000,5000,1.0,health_ec,15.0,8,400000,450000,80,severe_slow,90,healthy,10,12.7,52.6,74.9,203144,1.6,3144,3144,2610,0,0,0
dynamic_stress_100d_20pct_hdd,100,70,1000000,5000,1.0,health_ec,15.0,9,450000,500000,80,recovery,90,mild_slow,10,12.9,26.8,36.4,204182,2.1,4182,4182,3049,4,4,0
dynamic_stress_100d_20pct_hdd,100,70,1000000,5000,1.0,health_ec,15.0,10,500000,550000,80,recovery,90,mild_slow,10,12.9,25.6,35.3,203855,1.9,3855,3855,2981,0,0,0
dynamic_stress_100d_20pct_hdd,100,70,1000000,5000,1.0,health_ec,15.0,11,550000,600000,80,healthy,90,severe_slow,10,12.7,52.8,77.2,203248,1.6,3248,3248,2572,6,6,0
dynamic_stress_100d_20pct_hdd,100,70,1000000,5000,1.0,health_ec,15.0,12,600000,650000,80,healthy,90,severe_slow,10,12.7,51.6,75.5,203047,1.5,3047,3047,2519,0,0,0
dynamic_stress_100d_20pct_hdd,100,70,1000000,5000,1.0,health_ec,15.0,13,650000,700000,80,healthy,90,severe_slow,10,12.7,50.9,74.8,203060,1.5,3060,3060,2548,0,0,0
dynamic_stress_100d_20pct_hdd,100,70,1000000,5000,1.0,health_ec,15.0,14,700000,750000,80,mild_slow,90,recovery,10,12.8,24.3,35.6,203858,1.9,3858,3858,3323,0,0,0
dynamic_stress_100d_20pct_hdd,100,70,1000000,5000,1.0,health_ec,15.0,15,750000,800000,80,recovery,90,recovery,0,12.8,18.5,22.3,203489,1.7,3489,3489,2953,0,0,0
dynamic_stress_100d_20pct_hdd,100,70,1000000,5000,1.0,health_ec,15.0,16,800000,850000,80,healthy,90,healthy,0,12.5,16.8,18.8,201242,0.6,1242,1242,996,0,0,0
dynamic_stress_100d_20pct_hdd,100,70,1000000,5000,1.0,health_ec,15.0,17,850000,900000,80,healthy,90,healthy,0,12.5,16.8,18.8,200321,0.2,321,321,262,0,0,0
dynamic_stress_100d_20pct_hdd,100,70,1000000,5000,1.0,health_ec,15.0,18,900000,950000,80,healthy,90,healthy,0,12.5,16.8,18.8,200122,0.1,122,122,96,0,0,0
dynamic_stress_100d_20pct_hdd,100,70,1000000,5000,1.0,health_ec,15.0,19,950000,1000000,80,healthy,90,healthy,0,12.5,16.9,18.9,200032,0.0,32,32,26,0,0,0
dynamic_stress_100d_20pct_hdd,100,71,1000000,5000,1.0,vanilla_ec,15.0,0,0,50000,80,healthy,90,healthy,0,12.5,16.8,18.8,200000,0.0,0,0,0,0,0,0
dynamic_stress_100d_20pct_hdd,100,71,1000000,5000,1.0,vanilla_ec,15.0,1,50000,100000,80,healthy,90,healthy,0,12.5,16.8,18.8,200000,0.0,0,0,0,0,0,0
dynamic_stress_100d_20pct_hdd,100,71,1000000,5000,1.0,vanilla_ec,15.0,2,100000,150000,80,healthy,90,healthy,0,12.5,16.8,18.9,200000,0.0,0,0,0,0,0,0
dynamic_stress_100d_20pct_hdd,100,71,1000000,5000,1.0,vanilla_ec,15.0,3,150000,200000,80,mild_slow,90,healthy,10,12.8,29.6,39.5,200000,0.0,0,0,0,0,0,0
dynamic_stress_100d_20pct_hdd,100,71,1000000,5000,1.0,vanilla_ec,15.0,4,200000,250000,80,mild_slow,90,healthy,10,12.7,30.1,39.6,200000,0.0,0,0,0,0,0,0
dynamic_stress_100d_20pct_hdd,100,71,1000000,5000,1.0,vanilla_ec,15.0,5,250000,300000,80,mild_slow,90,healthy,10,12.8,29.8,39.4,200000,0.0,0,0,0,0,0,0
dynamic_stress_100d_20pct_hdd,100,71,1000000,5000,1.0,vanilla_ec,15.0,6,300000,350000,80,severe_slow,90,healthy,10,12.8,69.5,96.6,200000,0.0,0,0,0,0,0,0
dynamic_stress_100d_20pct_hdd,100,71,1000000,5000,1.0,vanilla_ec,15.0,7,350000,400000,80,severe_slow,90,healthy,10,12.8,69.1,98.8,200000,0.0,0,0,0,0,0,0
dynamic_stress_100d_20pct_hdd,100,71,1000000,5000,1.0,vanilla_ec,15.0,8,400000,450000,80,severe_slow,90,healthy,10,12.8,69.3,96.2,200000,0.0,0,0,0,0,0,0
dynamic_stress_100d_20pct_hdd,100,71,1000000,5000,1.0,vanilla_ec,15.0,9,450000,500000,80,recovery,90,mild_slow,10,13.0,30.1,40.0,200000,0.0,0,0,0,0,0,0
dynamic_stress_100d_20pct_hdd,100,71,1000000,5000,1.0,vanilla_ec,15.0,10,500000,550000,80,recovery,90,mild_slow,10,13.0,29.8,40.3,200000,0.0,0,0,0,0,0,0
dynamic_stress_100d_20pct_hdd,100,71,1000000,5000,1.0,vanilla_ec,15.0,11,550000,600000,80,healthy,90,severe_slow,10,12.8,68.6,100.6,200000,0.0,0,0,0,0,0,0
dynamic_stress_100d_20pct_hdd,100,71,1000000,5000,1.0,vanilla_ec,15.0,12,600000,650000,80,healthy,90,severe_slow,10,12.8,67.2,95.3,200000,0.0,0,0,0,0,0,0
dynamic_stress_100d_20pct_hdd,100,71,1000000,5000,1.0,vanilla_ec,15.0,13,650000,700000,80,healthy,90,severe_slow,10,12.8,68.6,101.3,200000,0.0,0,0,0,0,0,0
dynamic_stress_100d_20pct_hdd,100,71,1000000,5000,1.0,vanilla_ec,15.0,14,700000,750000,80,mild_slow,90,recovery,10,13.0,30.2,39.9,200000,0.0,0,0,0,0,0,0
dynamic_stress_100d_20pct_hdd,100,71,1000000,5000,1.0,vanilla_ec,15.0,15,750000,800000,80,recovery,90,recovery,0,13.0,20.2,24.5,200000,0.0,0,0,0,0,0,0
dynamic_stress_100d_20pct_hdd,100,71,1000000,5000,1.0,vanilla_ec,15.0,16,800000,850000,80,healthy,90,healthy,0,12.5,16.8,18.8,200000,0.0,0,0,0,0,0,0
dynamic_stress_100d_20pct_hdd,100,71,1000000,5000,1.0,vanilla_ec,15.0,17,850000,900000,80,healthy,90,healthy,0,12.5,16.8,18.9,200000,0.0,0,0,0,0,0,0
dynamic_stress_100d_20pct_hdd,100,71,1000000,5000,1.0,vanilla_ec,15.0,18,900000,950000,80,healthy,90,healthy,0,12.5,16.8,18.8,200000,0.0,0,0,0,0,0,0
dynamic_stress_100d_20pct_hdd,100,71,1000000,5000,1.0,vanilla_ec,15.0,19,950000,1000000,80,healthy,90,healthy,0,12.5,16.8,18.8,200000,0.0,0,0,0,0,0,0
dynamic_stress_100d_20pct_hdd,100,71,1000000,5000,1.0,late_binding,15.0,0,0,50000,80,healthy,90,healthy,0,10.7,14.0,15.5,250000,25.0,50000,50000,40017,0,0,0
dynamic_stress_100d_20pct_hdd,100,71,1000000,5000,1.0,late_binding,15.0,1,50000,100000,80,healthy,90,healthy,0,10.7,14.0,15.5,250000,25.0,50000,50000,39951,0,0,0
dynamic_stress_100d_20pct_hdd,100,71,1000000,5000,1.0,late_binding,15.0,2,100000,150000,80,healthy,90,healthy,0,10.7,14.0,15.5,250000,25.0,50000,50000,40111,0,0,0
dynamic_stress_100d_20pct_hdd,100,71,1000000,5000,1.0,late_binding,15.0,3,150000,200000,80,mild_slow,90,healthy,10,10.9,24.9,32.5,250000,25.0,50000,50000,39597,0,0,0
dynamic_stress_100d_20pct_hdd,100,71,1000000,5000,1.0,late_binding,15.0,4,200000,250000,80,mild_slow,90,healthy,10,10.9,25.4,32.6,250000,25.0,50000,50000,39730,0,0,0
dynamic_stress_100d_20pct_hdd,100,71,1000000,5000,1.0,late_binding,15.0,5,250000,300000,80,mild_slow,90,healthy,10,10.9,25.2,32.7,250000,25.0,50000,50000,39795,0,0,0
dynamic_stress_100d_20pct_hdd,100,71,1000000,5000,1.0,late_binding,15.0,6,300000,350000,80,severe_slow,90,healthy,10,10.9,58.1,75.9,250000,25.0,50000,50000,39824,0,0,0
dynamic_stress_100d_20pct_hdd,100,71,1000000,5000,1.0,late_binding,15.0,7,350000,400000,80,severe_slow,90,healthy,10,10.9,58.1,75.8,250000,25.0,50000,50000,39686,0,0,0
dynamic_stress_100d_20pct_hdd,100,71,1000000,5000,1.0,late_binding,15.0,8,400000,450000,80,severe_slow,90,healthy,10,11.0,57.6,75.6,250000,25.0,50000,50000,39709,0,0,0
dynamic_stress_100d_20pct_hdd,100,71,1000000,5000,1.0,late_binding,15.0,9,450000,500000,80,recovery,90,mild_slow,10,11.1,24.9,32.4,250000,25.0,50000,50000,39644,0,0,0
dynamic_stress_100d_20pct_hdd,100,71,1000000,5000,1.0,late_binding,15.0,10,500000,550000,80,recovery,90,mild_slow,10,11.1,24.8,32.5,250000,25.0,50000,50000,39549,0,0,0
dynamic_stress_100d_20pct_hdd,100,71,1000000,5000,1.0,late_binding,15.0,11,550000,600000,80,healthy,90,severe_slow,10,10.9,57.5,75.8,250000,25.0,50000,50000,39536,0,0,0
dynamic_stress_100d_20pct_hdd,100,71,1000000,5000,1.0,late_binding,15.0,12,600000,650000,80,healthy,90,severe_slow,10,10.9,56.7,75.1,250000,25.0,50000,50000,39667,0,0,0
dynamic_stress_100d_20pct_hdd,100,71,1000000,5000,1.0,late_binding,15.0,13,650000,700000,80,healthy,90,severe_slow,10,11.0,57.3,75.8,250000,25.0,50000,50000,39747,0,0,0
dynamic_stress_100d_20pct_hdd,100,71,1000000,5000,1.0,late_binding,15.0,14,700000,750000,80,mild_slow,90,recovery,10,11.1,25.3,32.8,250000,25.0,50000,50000,39899,0,0,0
dynamic_stress_100d_20pct_hdd,100,71,1000000,5000,1.0,late_binding,15.0,15,750000,800000,80,recovery,90,recovery,0,11.1,17.1,20.2,250000,25.0,50000,50000,39870,0,0,0
dynamic_stress_100d_20pct_hdd,100,71,1000000,5000,1.0,late_binding,15.0,16,800000,850000,80,healthy,90,healthy,0,10.7,14.0,15.4,250000,25.0,50000,50000,40120,0,0,0
dynamic_stress_100d_20pct_hdd,100,71,1000000,5000,1.0,late_binding,15.0,17,850000,900000,80,healthy,90,healthy,0,10.7,14.0,15.4,250000,25.0,50000,50000,39939,0,0,0
dynamic_stress_100d_20pct_hdd,100,71,1000000,5000,1.0,late_binding,15.0,18,900000,950000,80,healthy,90,healthy,0,10.7,14.0,15.5,250000,25.0,50000,50000,40038,0,0,0
dynamic_stress_100d_20pct_hdd,100,71,1000000,5000,1.0,late_binding,15.0,19,950000,1000000,80,healthy,90,healthy,0,10.7,14.0,15.5,250000,25.0,50000,50000,40127,0,0,0
dynamic_stress_100d_20pct_hdd,100,71,1000000,5000,1.0,timeout_degraded_read,15.0,0,0,50000,80,healthy,90,healthy,0,12.5,16.8,18.7,208089,4.0,8089,8089,170,0,0,0
dynamic_stress_100d_20pct_hdd,100,71,1000000,5000,1.0,timeout_degraded_read,15.0,1,50000,100000,80,healthy,90,healthy,0,12.5,16.8,18.7,208187,4.1,8187,8187,180,0,0,0
dynamic_stress_100d_20pct_hdd,100,71,1000000,5000,1.0,timeout_degraded_read,15.0,2,100000,150000,80,healthy,90,healthy,0,12.5,16.8,18.8,208155,4.1,8155,8155,195,0,0,0
dynamic_stress_100d_20pct_hdd,100,71,1000000,5000,1.0,timeout_degraded_read,15.0,3,150000,200000,80,mild_slow,90,healthy,10,12.8,27.6,36.0,211746,5.9,11746,11746,1862,0,0,0
dynamic_stress_100d_20pct_hdd,100,71,1000000,5000,1.0,timeout_degraded_read,15.0,4,200000,250000,80,mild_slow,90,healthy,10,12.7,28.0,36.1,211628,5.8,11628,11628,1916,0,0,0
dynamic_stress_100d_20pct_hdd,100,71,1000000,5000,1.0,timeout_degraded_read,15.0,5,250000,300000,80,mild_slow,90,healthy,10,12.8,27.6,36.1,211717,5.9,11717,11717,1946,0,0,0
dynamic_stress_100d_20pct_hdd,100,71,1000000,5000,1.0,timeout_degraded_read,15.0,6,300000,350000,80,severe_slow,90,healthy,10,12.8,60.8,79.3,211689,5.8,11689,11689,3147,0,0,0
dynamic_stress_100d_20pct_hdd,100,71,1000000,5000,1.0,timeout_degraded_read,15.0,7,350000,400000,80,severe_slow,90,healthy,10,12.8,60.8,79.4,211803,5.9,11803,11803,3101,0,0,0
dynamic_stress_100d_20pct_hdd,100,71,1000000,5000,1.0,timeout_degraded_read,15.0,8,400000,450000,80,severe_slow,90,healthy,10,12.8,60.5,78.8,211803,5.9,11803,11803,3031,0,0,0
dynamic_stress_100d_20pct_hdd,100,71,1000000,5000,1.0,timeout_degraded_read,15.0,9,450000,500000,80,recovery,90,mild_slow,10,13.0,27.4,35.9,213857,6.9,13857,13857,2324,0,0,0
dynamic_stress_100d_20pct_hdd,100,71,1000000,5000,1.0,timeout_degraded_read,15.0,10,500000,550000,80,recovery,90,mild_slow,10,13.0,27.5,35.8,213839,6.9,13839,13839,2206,0,0,0
dynamic_stress_100d_20pct_hdd,100,71,1000000,5000,1.0,timeout_degraded_read,15.0,11,550000,600000,80,healthy,90,severe_slow,10,12.8,60.0,78.6,211476,5.7,11476,11476,3112,0,0,0
dynamic_stress_100d_20pct_hdd,100,71,1000000,5000,1.0,timeout_degraded_read,15.0,12,600000,650000,80,healthy,90,severe_slow,10,12.8,58.8,78.1,211601,5.8,11601,11601,3026,0,0,0
dynamic_stress_100d_20pct_hdd,100,71,1000000,5000,1.0,timeout_degraded_read,15.0,13,650000,700000,80,healthy,90,severe_slow,10,12.8,59.6,78.8,211668,5.8,11668,11668,3195,0,0,0
dynamic_stress_100d_20pct_hdd,100,71,1000000,5000,1.0,timeout_degraded_read,15.0,14,700000,750000,80,mild_slow,90,recovery,10,13.0,28.5,36.3,213874,6.9,13874,13874,1976,0,0,0
dynamic_stress_100d_20pct_hdd,100,71,1000000,5000,1.0,timeout_degraded_read,15.0,15,750000,800000,80,recovery,90,recovery,0,13.0,20.0,23.9,213476,6.7,13476,13476,797,0,0,0
dynamic_stress_100d_20pct_hdd,100,71,1000000,5000,1.0,timeout_degraded_read,15.0,16,800000,850000,80,healthy,90,healthy,0,12.5,16.8,18.7,208160,4.1,8160,8160,206,0,0,0
dynamic_stress_100d_20pct_hdd,100,71,1000000,5000,1.0,timeout_degraded_read,15.0,17,850000,900000,80,healthy,90,healthy,0,12.5,16.8,18.8,208076,4.0,8076,8076,197,0,0,0
dynamic_stress_100d_20pct_hdd,100,71,1000000,5000,1.0,timeout_degraded_read,15.0,18,900000,950000,80,healthy,90,healthy,0,12.5,16.8,18.7,207988,4.0,7988,7988,187,0,0,0
dynamic_stress_100d_20pct_hdd,100,71,1000000,5000,1.0,timeout_degraded_read,15.0,19,950000,1000000,80,healthy,90,healthy,0,12.5,16.8,18.7,208074,4.0,8074,8074,187,0,0,0
dynamic_stress_100d_20pct_hdd,100,71,1000000,5000,1.0,health_ec,15.0,0,0,50000,80,healthy,90,healthy,0,12.5,16.8,18.8,200000,0.0,0,0,0,0,0,0
dynamic_stress_100d_20pct_hdd,100,71,1000000,5000,1.0,health_ec,15.0,1,50000,100000,80,healthy,90,healthy,0,12.5,16.8,18.8,200000,0.0,0,0,0,0,0,0
dynamic_stress_100d_20pct_hdd,100,71,1000000,5000,1.0,health_ec,15.0,2,100000,150000,80,healthy,90,healthy,0,12.5,16.8,18.9,200000,0.0,0,0,0,0,0,0
dynamic_stress_100d_20pct_hdd,100,71,1000000,5000,1.0,health_ec,15.0,3,150000,200000,80,mild_slow,90,healthy,10,12.8,27.1,37.0,202057,1.0,2057,2057,1653,1,1,0
dynamic_stress_100d_20pct_hdd,100,71,1000000,5000,1.0,health_ec,15.0,4,200000,250000,80,mild_slow,90,healthy,10,12.7,26.3,35.3,202823,1.4,2823,2823,2279,4,4,0
dynamic_stress_100d_20pct_hdd,100,71,1000000,5000,1.0,health_ec,15.0,5,250000,300000,80,mild_slow,90,healthy,10,12.8,25.4,34.5,203192,1.6,3192,3192,2595,0,0,0
dynamic_stress_100d_20pct_hdd,100,71,1000000,5000,1.0,health_ec,15.0,6,300000,350000,80,severe_slow,90,healthy,10,12.7,54.0,78.2,202849,1.4,2849,2849,2374,5,5,0
dynamic_stress_100d_20pct_hdd,100,71,1000000,5000,1.0,health_ec,15.0,7,350000,400000,80,severe_slow,90,healthy,10,12.7,53.4,76.0,203115,1.6,3115,3115,2607,0,0,0
dynamic_stress_100d_20pct_hdd,100,71,1000000,5000,1.0,health_ec,15.0,8,400000,450000,80,severe_slow,90,healthy,10,12.7,51.5,75.0,203095,1.5,3095,3095,2612,0,0,0
dynamic_stress_100d_20pct_hdd,100,71,1000000,5000,1.0,health_ec,15.0,9,450000,500000,80,recovery,90,mild_slow,10,12.9,26.1,36.3,204365,2.2,4365,4365,3230,6,6,0
dynamic_stress_100d_20pct_hdd,100,71,1000000,5000,1.0,health_ec,15.0,10,500000,550000,80,recovery,90,mild_slow,10,12.9,25.3,35.2,204136,2.1,4136,4136,3165,0,0,0
dynamic_stress_100d_20pct_hdd,100,71,1000000,5000,1.0,health_ec,15.0,11,550000,600000,80,healthy,90,severe_slow,10,12.7,53.5,77.1,203434,1.7,3434,3434,2634,4,4,0
dynamic_stress_100d_20pct_hdd,100,71,1000000,5000,1.0,health_ec,15.0,12,600000,650000,80,healthy,90,severe_slow,10,12.7,52.3,75.4,203238,1.6,3238,3238,2590,0,0,0
dynamic_stress_100d_20pct_hdd,100,71,1000000,5000,1.0,health_ec,15.0,13,650000,700000,80,healthy,90,severe_slow,10,12.7,52.2,75.0,203276,1.6,3276,3276,2669,0,0,0
dynamic_stress_100d_20pct_hdd,100,71,1000000,5000,1.0,health_ec,15.0,14,700000,750000,80,mild_slow,90,recovery,10,12.8,24.6,36.4,203787,1.9,3787,3787,3266,1,1,0
dynamic_stress_100d_20pct_hdd,100,71,1000000,5000,1.0,health_ec,15.0,15,750000,800000,80,recovery,90,recovery,0,12.8,18.6,22.3,203175,1.6,3175,3175,2608,0,0,0
dynamic_stress_100d_20pct_hdd,100,71,1000000,5000,1.0,health_ec,15.0,16,800000,850000,80,healthy,90,healthy,0,12.5,16.8,18.8,201016,0.5,1016,1016,809,0,0,0
dynamic_stress_100d_20pct_hdd,100,71,1000000,5000,1.0,health_ec,15.0,17,850000,900000,80,healthy,90,healthy,0,12.5,16.8,18.9,200279,0.1,279,279,209,0,0,0
dynamic_stress_100d_20pct_hdd,100,71,1000000,5000,1.0,health_ec,15.0,18,900000,950000,80,healthy,90,healthy,0,12.5,16.8,18.8,200087,0.0,87,87,69,0,0,0
dynamic_stress_100d_20pct_hdd,100,71,1000000,5000,1.0,health_ec,15.0,19,950000,1000000,80,healthy,90,healthy,0,12.5,16.8,18.8,200032,0.0,32,32,25,0,0,0
