case_id,sensitivity_axis,sensitivity_value,slowdown_scale,scenario,num_disks,seed,num_reads,num_stripes,zipf_s,num_windows,window_size,policy,timeout_ms,p50_ms,p95_ms,p99_ms,p99_improvement_pct,post_onset_p95_auc_ms,post_onset_p99_auc_ms,issued_shard_reads,bandwidth_overhead_pct,parity_reads,pre_slowdown_parity_reads,recovery_parity_reads,proactive_or_degraded_reads,decode_count,migration_triggers,migration_true_positives,migration_false_positives,migration_false_negatives,first_detection_latency_reads,first_mitigation_latency_reads,recovery_regret_reads,post_warmup_windowed_p99_ms,severe_window_p99_ms,read_bypass_eligible_events,read_bypass_triggered_events,read_bypass_coverage_pct
slow_ratio_2pct,slow_ratio,2pct,1,dynamic_sensitivity_100d_2pct_hdd,100,42,1000000,5000,1.0,20,50000,vanilla_ec,15.0,12.6,17.3,31.2,0.0,12.7,322.2,4000000,0.0,0,0,0,0,0,0,-1,-1,-1,-1,-1,0,27.5,63.8,-1,-1,-1.0
slow_ratio_2pct,slow_ratio,2pct,1,dynamic_sensitivity_100d_2pct_hdd,100,42,1000000,5000,1.0,20,50000,late_binding,15.0,10.7,14.1,15.8,49.4,3.0,6.8,5000000,25.0,1000000,150000,5962,1000000,799930,0,-1,-1,-1,-1,12,16404,15.8,15.8,-1,-1,-1.0
slow_ratio_2pct,slow_ratio,2pct,1,dynamic_sensitivity_100d_2pct_hdd,100,42,1000000,5000,1.0,20,50000,timeout_degraded_read,15.0,12.6,17.3,22.3,28.5,11.9,67.3,4176422,4.4,176422,24130,5095,176422,17044,0,-1,-1,-1,12,94,10559,23.2,25.4,-1,-1,-1.0
slow_ratio_2pct,slow_ratio,2pct,1,dynamic_sensitivity_100d_2pct_hdd,100,42,1000000,5000,1.0,20,50000,health_ec,15.0,12.5,16.9,19.0,39.0,1.4,4.6,4013126,0.3,13126,0,3908,13126,12804,4,4,0,585,770,1294,7628,18.9,18.9,12047,10734,89.1
slow_ratio_2pct,slow_ratio,2pct,1,dynamic_sensitivity_100d_2pct_hdd,100,43,1000000,5000,1.0,20,50000,vanilla_ec,15.0,12.6,17.3,31.0,0.0,11.8,320.3,4000000,0.0,0,0,0,0,0,0,-1,-1,-1,-1,-1,0,27.6,63.1,-1,-1,-1.0
slow_ratio_2pct,slow_ratio,2pct,1,dynamic_sensitivity_100d_2pct_hdd,100,43,1000000,5000,1.0,20,50000,late_binding,15.0,10.7,14.1,15.8,49.2,2.7,7.1,5000000,25.0,1000000,150000,6037,1000000,799829,0,-1,-1,-1,-1,96,16492,15.7,15.8,-1,-1,-1.0
slow_ratio_2pct,slow_ratio,2pct,1,dynamic_sensitivity_100d_2pct_hdd,100,43,1000000,5000,1.0,20,50000,timeout_degraded_read,15.0,12.6,17.3,22.3,28.1,11.0,67.4,4176829,4.4,176829,24335,5185,176829,16913,0,-1,-1,-1,96,117,10551,23.2,25.4,-1,-1,-1.0
slow_ratio_2pct,slow_ratio,2pct,1,dynamic_sensitivity_100d_2pct_hdd,100,43,1000000,5000,1.0,20,50000,health_ec,15.0,12.5,16.9,19.0,38.8,0.9,4.4,4013208,0.3,13208,0,3902,13208,12904,4,4,0,580,634,634,7722,18.9,18.8,12038,10733,89.2
slow_ratio_2pct,slow_ratio,2pct,1,dynamic_sensitivity_100d_2pct_hdd,100,44,1000000,5000,1.0,20,50000,vanilla_ec,15.0,12.5,17.4,31.3,0.0,12.5,323.0,4000000,0.0,0,0,0,0,0,0,-1,-1,-1,-1,-1,0,27.4,64.1,-1,-1,-1.0
slow_ratio_2pct,slow_ratio,2pct,1,dynamic_sensitivity_100d_2pct_hdd,100,44,1000000,5000,1.0,20,50000,late_binding,15.0,10.7,14.1,15.8,49.6,2.6,7.0,5000000,25.0,1000000,150000,5963,1000000,799767,0,-1,-1,-1,-1,43,16522,15.8,15.8,-1,-1,-1.0
slow_ratio_2pct,slow_ratio,2pct,1,dynamic_sensitivity_100d_2pct_hdd,100,44,1000000,5000,1.0,20,50000,timeout_degraded_read,15.0,12.5,17.3,22.3,28.6,11.6,67.0,4176844,4.4,176844,24274,5130,176844,17030,0,-1,-1,-1,56,56,10678,23.3,25.3,-1,-1,-1.0
slow_ratio_2pct,slow_ratio,2pct,1,dynamic_sensitivity_100d_2pct_hdd,100,44,1000000,5000,1.0,20,50000,health_ec,15.0,12.5,16.9,19.0,39.3,1.2,3.9,4013483,0.3,13483,0,3931,13483,13145,4,4,0,571,1014,1014,7958,18.9,18.8,12250,11007,89.9
slow_ratio_2pct,slow_ratio,2pct,1,dynamic_sensitivity_100d_2pct_hdd,100,45,1000000,5000,1.0,20,50000,vanilla_ec,15.0,12.5,17.3,31.0,0.0,12.1,318.8,4000000,0.0,0,0,0,0,0,0,-1,-1,-1,-1,-1,0,27.5,63.2,-1,-1,-1.0
slow_ratio_2pct,slow_ratio,2pct,1,dynamic_sensitivity_100d_2pct_hdd,100,45,1000000,5000,1.0,20,50000,late_binding,15.0,10.7,14.1,15.8,49.1,3.1,6.8,5000000,25.0,1000000,150000,6147,1000000,799909,0,-1,-1,-1,-1,30,16403,15.7,15.8,-1,-1,-1.0
slow_ratio_2pct,slow_ratio,2pct,1,dynamic_sensitivity_100d_2pct_hdd,100,45,1000000,5000,1.0,20,50000,timeout_degraded_read,15.0,12.5,17.3,22.3,27.9,11.4,67.1,4176366,4.4,176366,24045,5283,176366,17072,0,-1,-1,-1,30,30,10564,23.2,25.4,-1,-1,-1.0
slow_ratio_2pct,slow_ratio,2pct,1,dynamic_sensitivity_100d_2pct_hdd,100,45,1000000,5000,1.0,20,50000,health_ec,15.0,12.5,16.9,19.0,38.7,1.0,3.9,4013306,0.3,13306,0,3999,13306,12976,4,4,0,596,171,171,7755,18.9,18.9,12042,10764,89.4
slow_ratio_2pct,slow_ratio,2pct,1,dynamic_sensitivity_100d_2pct_hdd,100,46,1000000,5000,1.0,20,50000,vanilla_ec,15.0,12.6,17.3,31.6,0.0,12.3,325.0,4000000,0.0,0,0,0,0,0,0,-1,-1,-1,-1,-1,0,28.1,63.8,-1,-1,-1.0
slow_ratio_2pct,slow_ratio,2pct,1,dynamic_sensitivity_100d_2pct_hdd,100,46,1000000,5000,1.0,20,50000,late_binding,15.0,10.7,14.1,15.8,50.1,2.8,6.6,5000000,25.0,1000000,150000,5951,1000000,799651,0,-1,-1,-1,-1,26,16411,15.8,15.7,-1,-1,-1.0
slow_ratio_2pct,slow_ratio,2pct,1,dynamic_sensitivity_100d_2pct_hdd,100,46,1000000,5000,1.0,20,50000,timeout_degraded_read,15.0,12.6,17.3,22.4,29.2,11.6,66.9,4177141,4.4,177141,24428,5134,177141,17224,0,-1,-1,-1,26,26,10638,23.3,25.3,-1,-1,-1.0
slow_ratio_2pct,slow_ratio,2pct,1,dynamic_sensitivity_100d_2pct_hdd,100,46,1000000,5000,1.0,20,50000,health_ec,15.0,12.5,16.9,19.0,39.9,1.1,4.1,4013136,0.3,13136,0,3886,13136,12816,4,4,0,593,805,805,7803,18.8,18.8,11961,10609,88.7
slow_ratio_2pct,slow_ratio,2pct,1,dynamic_sensitivity_100d_2pct_hdd,100,47,1000000,5000,1.0,20,50000,vanilla_ec,15.0,12.6,17.4,30.9,0.0,12.6,325.2,4000000,0.0,0,0,0,0,0,0,-1,-1,-1,-1,-1,0,27.7,63.8,-1,-1,-1.0
slow_ratio_2pct,slow_ratio,2pct,1,dynamic_sensitivity_100d_2pct_hdd,100,47,1000000,5000,1.0,20,50000,late_binding,15.0,10.7,14.1,15.8,49.0,2.6,7.1,5000000,25.0,1000000,150000,6106,1000000,799732,0,-1,-1,-1,-1,25,16547,15.8,15.8,-1,-1,-1.0
slow_ratio_2pct,slow_ratio,2pct,1,dynamic_sensitivity_100d_2pct_hdd,100,47,1000000,5000,1.0,20,50000,timeout_degraded_read,15.0,12.6,17.3,22.3,27.9,11.7,67.5,4176235,4.4,176235,24012,5241,176235,17068,0,-1,-1,-1,25,25,10607,23.3,25.3,-1,-1,-1.0
slow_ratio_2pct,slow_ratio,2pct,1,dynamic_sensitivity_100d_2pct_hdd,100,47,1000000,5000,1.0,20,50000,health_ec,15.0,12.5,16.9,19.0,38.5,1.5,5.1,4013145,0.3,13145,0,3893,13145,12779,4,4,0,592,501,501,7696,18.9,18.9,12106,10675,88.2
slow_ratio_2pct,slow_ratio,2pct,1,dynamic_sensitivity_100d_2pct_hdd,100,48,1000000,5000,1.0,20,50000,vanilla_ec,15.0,12.6,17.3,30.7,0.0,11.9,321.9,4000000,0.0,0,0,0,0,0,0,-1,-1,-1,-1,-1,0,27.7,63.4,-1,-1,-1.0
slow_ratio_2pct,slow_ratio,2pct,1,dynamic_sensitivity_100d_2pct_hdd,100,48,1000000,5000,1.0,20,50000,late_binding,15.0,10.7,14.1,15.8,48.7,2.8,6.6,5000000,25.0,1000000,150000,6036,1000000,800006,0,-1,-1,-1,-1,19,16320,15.8,15.8,-1,-1,-1.0
slow_ratio_2pct,slow_ratio,2pct,1,dynamic_sensitivity_100d_2pct_hdd,100,48,1000000,5000,1.0,20,50000,timeout_degraded_read,15.0,12.6,17.3,22.2,27.6,10.9,66.5,4176746,4.4,176746,24350,5217,176746,16901,0,-1,-1,-1,19,19,10533,23.1,25.3,-1,-1,-1.0
slow_ratio_2pct,slow_ratio,2pct,1,dynamic_sensitivity_100d_2pct_hdd,100,48,1000000,5000,1.0,20,50000,health_ec,15.0,12.5,16.9,19.0,38.1,1.0,4.1,4012786,0.3,12786,0,3933,12786,12465,4,4,0,579,1763,1763,7719,19.0,18.8,11602,10279,88.6
slow_ratio_2pct,slow_ratio,2pct,1,dynamic_sensitivity_100d_2pct_hdd,100,49,1000000,5000,1.0,20,50000,vanilla_ec,15.0,12.6,17.4,31.4,0.0,12.4,323.4,4000000,0.0,0,0,0,0,0,0,-1,-1,-1,-1,-1,0,27.7,63.6,-1,-1,-1.0
slow_ratio_2pct,slow_ratio,2pct,1,dynamic_sensitivity_100d_2pct_hdd,100,49,1000000,5000,1.0,20,50000,late_binding,15.0,10.7,14.1,15.8,49.8,2.7,7.0,5000000,25.0,1000000,150000,6012,1000000,799809,0,-1,-1,-1,-1,13,16633,15.8,15.8,-1,-1,-1.0
slow_ratio_2pct,slow_ratio,2pct,1,dynamic_sensitivity_100d_2pct_hdd,100,49,1000000,5000,1.0,20,50000,timeout_degraded_read,15.0,12.6,17.3,22.3,28.8,11.6,67.8,4176440,4.4,176440,24215,5164,176440,17325,0,-1,-1,-1,13,32,10711,23.2,25.4,-1,-1,-1.0
slow_ratio_2pct,slow_ratio,2pct,1,dynamic_sensitivity_100d_2pct_hdd,100,49,1000000,5000,1.0,20,50000,health_ec,15.0,12.5,16.9,19.0,39.5,1.2,4.6,4013314,0.3,13314,0,3880,13314,12964,4,4,0,589,1056,1087,7849,18.9,18.9,12201,10860,89.0
slow_ratio_2pct,slow_ratio,2pct,1,dynamic_sensitivity_100d_2pct_hdd,100,50,1000000,5000,1.0,20,50000,vanilla_ec,15.0,12.6,17.3,30.4,0.0,11.6,317.8,4000000,0.0,0,0,0,0,0,0,-1,-1,-1,-1,-1,0,27.5,63.2,-1,-1,-1.0
slow_ratio_2pct,slow_ratio,2pct,1,dynamic_sensitivity_100d_2pct_hdd,100,50,1000000,5000,1.0,20,50000,late_binding,15.0,10.7,14.1,15.7,48.3,2.9,6.4,5000000,25.0,1000000,150000,5871,1000000,800632,0,-1,-1,-1,-1,9,16166,15.7,15.8,-1,-1,-1.0
slow_ratio_2pct,slow_ratio,2pct,1,dynamic_sensitivity_100d_2pct_hdd,100,50,1000000,5000,1.0,20,50000,timeout_degraded_read,15.0,12.6,17.3,22.1,27.3,10.8,66.0,4176863,4.4,176863,24316,5030,176863,16805,0,-1,-1,-1,9,122,10304,23.1,25.3,-1,-1,-1.0
slow_ratio_2pct,slow_ratio,2pct,1,dynamic_sensitivity_100d_2pct_hdd,100,50,1000000,5000,1.0,20,50000,health_ec,15.0,12.5,16.9,19.0,37.6,0.9,4.1,4013142,0.3,13142,0,3805,13142,12828,4,4,0,589,584,749,7550,18.9,18.9,11973,10731,89.6
slow_ratio_2pct,slow_ratio,2pct,1,dynamic_sensitivity_100d_2pct_hdd,100,51,1000000,5000,1.0,20,50000,vanilla_ec,15.0,12.6,17.3,30.8,0.0,12.1,321.5,4000000,0.0,0,0,0,0,0,0,-1,-1,-1,-1,-1,0,27.8,63.0,-1,-1,-1.0
slow_ratio_2pct,slow_ratio,2pct,1,dynamic_sensitivity_100d_2pct_hdd,100,51,1000000,5000,1.0,20,50000,late_binding,15.0,10.7,14.1,15.8,48.8,2.9,6.8,5000000,25.0,1000000,150000,6027,1000000,800206,0,-1,-1,-1,-1,6,16511,15.8,15.8,-1,-1,-1.0
slow_ratio_2pct,slow_ratio,2pct,1,dynamic_sensitivity_100d_2pct_hdd,100,51,1000000,5000,1.0,20,50000,timeout_degraded_read,15.0,12.6,17.3,22.2,27.9,11.1,67.1,4177030,4.4,177030,24297,5182,177030,16952,0,-1,-1,-1,6,6,10567,23.3,25.2,-1,-1,-1.0
slow_ratio_2pct,slow_ratio,2pct,1,dynamic_sensitivity_100d_2pct_hdd,100,51,1000000,5000,1.0,20,50000,health_ec,15.0,12.5,16.9,19.0,38.3,1.0,4.9,4013318,0.3,13318,0,3948,13318,12979,4,4,0,581,518,518,7829,18.9,18.9,12066,10792,89.4
slow_ratio_2pct,slow_ratio,2pct,1,dynamic_sensitivity_100d_2pct_hdd,100,52,1000000,5000,1.0,20,50000,vanilla_ec,15.0,12.6,17.3,30.8,0.0,12.0,325.1,4000000,0.0,0,0,0,0,0,0,-1,-1,-1,-1,-1,0,27.8,63.6,-1,-1,-1.0
slow_ratio_2pct,slow_ratio,2pct,1,dynamic_sensitivity_100d_2pct_hdd,100,52,1000000,5000,1.0,20,50000,late_binding,15.0,10.7,14.1,15.8,48.9,2.9,6.6,5000000,25.0,1000000,150000,5919,1000000,800309,0,-1,-1,-1,-1,39,16229,15.7,15.7,-1,-1,-1.0
slow_ratio_2pct,slow_ratio,2pct,1,dynamic_sensitivity_100d_2pct_hdd,100,52,1000000,5000,1.0,20,50000,timeout_degraded_read,15.0,12.6,17.3,22.2,28.0,11.2,66.3,4176735,4.4,176735,24278,5074,176735,16861,0,-1,-1,-1,39,39,10338,23.2,25.3,-1,-1,-1.0
slow_ratio_2pct,slow_ratio,2pct,1,dynamic_sensitivity_100d_2pct_hdd,100,52,1000000,5000,1.0,20,50000,health_ec,15.0,12.5,16.9,19.0,38.4,1.2,4.5,4013288,0.3,13288,0,3804,13288,12940,4,4,0,584,436,436,7560,18.9,18.9,12157,10841,89.2
slow_ratio_2pct,slow_ratio,2pct,1,dynamic_sensitivity_100d_2pct_hdd,100,53,1000000,5000,1.0,20,50000,vanilla_ec,15.0,12.6,17.3,30.9,0.0,12.0,322.1,4000000,0.0,0,0,0,0,0,0,-1,-1,-1,-1,-1,0,27.7,63.6,-1,-1,-1.0
slow_ratio_2pct,slow_ratio,2pct,1,dynamic_sensitivity_100d_2pct_hdd,100,53,1000000,5000,1.0,20,50000,late_binding,15.0,10.7,14.1,15.8,49.0,2.5,7.3,5000000,25.0,1000000,150000,5870,1000000,799969,0,-1,-1,-1,-1,47,16199,15.8,15.8,-1,-1,-1.0
slow_ratio_2pct,slow_ratio,2pct,1,dynamic_sensitivity_100d_2pct_hdd,100,53,1000000,5000,1.0,20,50000,timeout_degraded_read,15.0,12.6,17.3,22.2,28.0,11.2,67.4,4176987,4.4,176987,24278,5083,176987,16978,0,-1,-1,-1,47,47,10351,23.2,25.4,-1,-1,-1.0
slow_ratio_2pct,slow_ratio,2pct,1,dynamic_sensitivity_100d_2pct_hdd,100,53,1000000,5000,1.0,20,50000,health_ec,15.0,12.5,16.9,19.0,38.5,1.1,4.5,4013106,0.3,13106,0,3838,13106,12763,4,4,0,576,462,462,7590,18.9,18.9,12044,10700,88.8
slow_ratio_2pct,slow_ratio,2pct,1,dynamic_sensitivity_100d_2pct_hdd,100,54,1000000,5000,1.0,20,50000,vanilla_ec,15.0,12.5,17.3,31.0,0.0,12.0,322.2,4000000,0.0,0,0,0,0,0,0,-1,-1,-1,-1,-1,0,27.8,63.6,-1,-1,-1.0
slow_ratio_2pct,slow_ratio,2pct,1,dynamic_sensitivity_100d_2pct_hdd,100,54,1000000,5000,1.0,20,50000,late_binding,15.0,10.7,14.1,15.8,49.2,2.9,6.9,5000000,25.0,1000000,150000,5984,1000000,799402,0,-1,-1,-1,-1,31,16500,15.8,15.8,-1,-1,-1.0
slow_ratio_2pct,slow_ratio,2pct,1,dynamic_sensitivity_100d_2pct_hdd,100,54,1000000,5000,1.0,20,50000,timeout_degraded_read,15.0,12.5,17.3,22.3,28.2,11.2,66.4,4176518,4.4,176518,24333,5124,176518,17002,0,-1,-1,-1,31,185,10511,23.2,25.4,-1,-1,-1.0
slow_ratio_2pct,slow_ratio,2pct,1,dynamic_sensitivity_100d_2pct_hdd,100,54,1000000,5000,1.0,20,50000,health_ec,15.0,12.5,16.9,19.0,38.8,1.0,4.5,4013155,0.3,13155,0,3842,13155,12842,4,4,0,591,871,871,7678,19.0,18.9,12043,10699,88.8
slow_ratio_2pct,slow_ratio,2pct,1,dynamic_sensitivity_100d_2pct_hdd,100,55,1000000,5000,1.0,20,50000,vanilla_ec,15.0,12.5,17.3,30.3,0.0,11.8,320.5,4000000,0.0,0,0,0,0,0,0,-1,-1,-1,-1,-1,0,27.7,63.0,-1,-1,-1.0
slow_ratio_2pct,slow_ratio,2pct,1,dynamic_sensitivity_100d_2pct_hdd,100,55,1000000,5000,1.0,20,50000,late_binding,15.0,10.7,14.1,15.8,48.0,2.7,6.9,5000000,25.0,1000000,150000,6015,1000000,800268,0,-1,-1,-1,-1,15,16335,15.8,15.8,-1,-1,-1.0
slow_ratio_2pct,slow_ratio,2pct,1,dynamic_sensitivity_100d_2pct_hdd,100,55,1000000,5000,1.0,20,50000,timeout_degraded_read,15.0,12.5,17.3,22.2,26.7,11.1,66.7,4177104,4.4,177104,24352,5178,177104,16858,0,-1,-1,-1,15,164,10486,23.3,25.2,-1,-1,-1.0
slow_ratio_2pct,slow_ratio,2pct,1,dynamic_sensitivity_100d_2pct_hdd,100,55,1000000,5000,1.0,20,50000,health_ec,15.0,12.5,16.9,19.0,37.4,1.1,3.8,4013432,0.3,13432,0,3941,13432,13098,4,4,0,584,231,231,7783,18.9,18.8,12125,10918,90.0
slow_ratio_2pct,slow_ratio,2pct,1,dynamic_sensitivity_100d_2pct_hdd,100,56,1000000,5000,1.0,20,50000,vanilla_ec,15.0,12.5,17.3,31.0,0.0,12.2,323.3,4000000,0.0,0,0,0,0,0,0,-1,-1,-1,-1,-1,0,27.4,63.9,-1,-1,-1.0
slow_ratio_2pct,slow_ratio,2pct,1,dynamic_sensitivity_100d_2pct_hdd,100,56,1000000,5000,1.0,20,50000,late_binding,15.0,10.7,14.1,15.8,49.2,2.4,6.4,5000000,25.0,1000000,150000,5907,1000000,799383,0,-1,-1,-1,-1,46,16386,15.8,15.7,-1,-1,-1.0
slow_ratio_2pct,slow_ratio,2pct,1,dynamic_sensitivity_100d_2pct_hdd,100,56,1000000,5000,1.0,20,50000,timeout_degraded_read,15.0,12.5,17.3,22.3,28.0,11.6,67.7,4176621,4.4,176621,24156,5059,176621,17043,0,-1,-1,-1,46,46,10488,23.2,25.4,-1,-1,-1.0
slow_ratio_2pct,slow_ratio,2pct,1,dynamic_sensitivity_100d_2pct_hdd,100,56,1000000,5000,1.0,20,50000,health_ec,15.0,12.5,16.9,19.0,38.8,1.3,5.0,4013314,0.3,13314,0,3799,13314,12997,4,4,0,596,373,373,7709,18.9,18.8,12213,10877,89.1
slow_ratio_2pct,slow_ratio,2pct,1,dynamic_sensitivity_100d_2pct_hdd,100,57,1000000,5000,1.0,20,50000,vanilla_ec,15.0,12.6,17.3,30.7,0.0,12.0,322.2,4000000,0.0,0,0,0,0,0,0,-1,-1,-1,-1,-1,0,27.8,63.7,-1,-1,-1.0
slow_ratio_2pct,slow_ratio,2pct,1,dynamic_sensitivity_100d_2pct_hdd,100,57,1000000,5000,1.0,20,50000,late_binding,15.0,10.7,14.1,15.8,48.7,2.5,6.5,5000000,25.0,1000000,150000,5997,1000000,800070,0,-1,-1,-1,-1,5,16474,15.8,15.8,-1,-1,-1.0
slow_ratio_2pct,slow_ratio,2pct,1,dynamic_sensitivity_100d_2pct_hdd,100,57,1000000,5000,1.0,20,50000,timeout_degraded_read,15.0,12.6,17.3,22.2,27.7,11.2,66.1,4177013,4.4,177013,24491,5147,177013,16950,0,-1,-1,-1,5,5,10511,23.3,25.2,-1,-1,-1.0
slow_ratio_2pct,slow_ratio,2pct,1,dynamic_sensitivity_100d_2pct_hdd,100,57,1000000,5000,1.0,20,50000,health_ec,15.0,12.5,16.9,19.0,38.2,1.1,4.7,4013228,0.3,13228,0,3955,13228,12934,4,4,0,580,593,593,7683,18.9,18.9,12184,10833,88.9
slow_ratio_2pct,slow_ratio,2pct,1,dynamic_sensitivity_100d_2pct_hdd,100,58,1000000,5000,1.0,20,50000,vanilla_ec,15.0,12.6,17.3,30.7,0.0,12.0,318.1,4000000,0.0,0,0,0,0,0,0,-1,-1,-1,-1,-1,0,27.2,63.3,-1,-1,-1.0
slow_ratio_2pct,slow_ratio,2pct,1,dynamic_sensitivity_100d_2pct_hdd,100,58,1000000,5000,1.0,20,50000,late_binding,15.0,10.7,14.1,15.7,48.7,2.4,6.0,5000000,25.0,1000000,150000,5847,1000000,800179,0,-1,-1,-1,-1,15,16285,15.8,15.7,-1,-1,-1.0
slow_ratio_2pct,slow_ratio,2pct,1,dynamic_sensitivity_100d_2pct_hdd,100,58,1000000,5000,1.0,20,50000,timeout_degraded_read,15.0,12.6,17.3,22.3,27.5,11.2,66.4,4176274,4.4,176274,24507,5008,176274,16911,0,-1,-1,-1,175,412,10392,23.0,25.2,-1,-1,-1.0
slow_ratio_2pct,slow_ratio,2pct,1,dynamic_sensitivity_100d_2pct_hdd,100,58,1000000,5000,1.0,20,50000,health_ec,15.0,12.5,16.9,19.0,38.2,0.9,3.9,4013304,0.3,13304,0,3801,13304,12943,4,4,0,592,738,738,7736,18.9,18.9,12113,10820,89.3
slow_ratio_2pct,slow_ratio,2pct,1,dynamic_sensitivity_100d_2pct_hdd,100,59,1000000,5000,1.0,20,50000,vanilla_ec,15.0,12.5,17.3,30.8,0.0,11.5,320.5,4000000,0.0,0,0,0,0,0,0,-1,-1,-1,-1,-1,0,27.6,63.3,-1,-1,-1.0
slow_ratio_2pct,slow_ratio,2pct,1,dynamic_sensitivity_100d_2pct_hdd,100,59,1000000,5000,1.0,20,50000,late_binding,15.0,10.7,14.1,15.8,48.8,2.4,6.3,5000000,25.0,1000000,150000,5874,1000000,799809,0,-1,-1,-1,-1,14,16285,15.8,15.8,-1,-1,-1.0
slow_ratio_2pct,slow_ratio,2pct,1,dynamic_sensitivity_100d_2pct_hdd,100,59,1000000,5000,1.0,20,50000,timeout_degraded_read,15.0,12.5,17.3,22.2,27.9,10.6,65.2,4177432,4.4,177432,24873,5053,177432,16872,0,-1,-1,-1,14,14,10387,23.1,25.3,-1,-1,-1.0
slow_ratio_2pct,slow_ratio,2pct,1,dynamic_sensitivity_100d_2pct_hdd,100,59,1000000,5000,1.0,20,50000,health_ec,15.0,12.5,16.9,19.0,38.3,0.8,4.6,4012738,0.3,12738,0,3835,12738,12413,4,4,0,585,394,394,7637,19.0,18.9,11617,10250,88.2
slow_ratio_2pct,slow_ratio,2pct,1,dynamic_sensitivity_100d_2pct_hdd,100,60,1000000,5000,1.0,20,50000,vanilla_ec,15.0,12.5,17.3,30.7,0.0,12.0,322.4,4000000,0.0,0,0,0,0,0,0,-1,-1,-1,-1,-1,0,27.5,63.6,-1,-1,-1.0
slow_ratio_2pct,slow_ratio,2pct,1,dynamic_sensitivity_100d_2pct_hdd,100,60,1000000,5000,1.0,20,50000,late_binding,15.0,10.7,14.1,15.8,48.7,2.8,7.1,5000000,25.0,1000000,150000,5893,1000000,799969,0,-1,-1,-1,-1,9,16072,15.8,15.8,-1,-1,-1.0
slow_ratio_2pct,slow_ratio,2pct,1,dynamic_sensitivity_100d_2pct_hdd,100,60,1000000,5000,1.0,20,50000,timeout_degraded_read,15.0,12.5,17.3,22.2,27.6,11.2,66.2,4176922,4.4,176922,24376,5028,176922,16959,0,-1,-1,-1,9,9,10329,23.2,25.2,-1,-1,-1.0
slow_ratio_2pct,slow_ratio,2pct,1,dynamic_sensitivity_100d_2pct_hdd,100,60,1000000,5000,1.0,20,50000,health_ec,15.0,12.5,16.9,19.0,38.2,1.0,4.3,4013196,0.3,13196,0,3877,13196,12865,4,4,0,587,1258,1258,7665,19.0,18.9,11980,10655,88.9
slow_ratio_2pct,slow_ratio,2pct,1,dynamic_sensitivity_100d_2pct_hdd,100,61,1000000,5000,1.0,20,50000,vanilla_ec,15.0,12.5,17.3,31.1,0.0,12.0,322.5,4000000,0.0,0,0,0,0,0,0,-1,-1,-1,-1,-1,0,27.6,63.6,-1,-1,-1.0
slow_ratio_2pct,slow_ratio,2pct,1,dynamic_sensitivity_100d_2pct_hdd,100,61,1000000,5000,1.0,20,50000,late_binding,15.0,10.7,14.1,15.8,49.4,2.9,6.8,5000000,25.0,1000000,150000,5953,1000000,799751,0,-1,-1,-1,-1,223,16403,15.8,15.7,-1,-1,-1.0
slow_ratio_2pct,slow_ratio,2pct,1,dynamic_sensitivity_100d_2pct_hdd,100,61,1000000,5000,1.0,20,50000,timeout_degraded_read,15.0,12.5,17.3,22.2,28.6,11.1,66.6,4176269,4.4,176269,24063,5110,176269,17057,0,-1,-1,-1,223,375,10466,23.1,25.3,-1,-1,-1.0
slow_ratio_2pct,slow_ratio,2pct,1,dynamic_sensitivity_100d_2pct_hdd,100,61,1000000,5000,1.0,20,50000,health_ec,15.0,12.5,16.9,19.0,39.1,1.0,3.8,4013395,0.3,13395,0,3864,13395,13029,4,4,0,588,1589,1589,7700,18.9,18.8,12098,10797,89.2
slow_ratio_2pct,slow_ratio,2pct,1,dynamic_sensitivity_100d_2pct_hdd,100,62,1000000,5000,1.0,20,50000,vanilla_ec,15.0,12.6,17.3,30.6,0.0,11.9,324.1,4000000,0.0,0,0,0,0,0,0,-1,-1,-1,-1,-1,0,27.9,63.5,-1,-1,-1.0
slow_ratio_2pct,slow_ratio,2pct,1,dynamic_sensitivity_100d_2pct_hdd,100,62,1000000,5000,1.0,20,50000,late_binding,15.0,10.7,14.1,15.8,48.5,2.6,6.9,5000000,25.0,1000000,150000,6092,1000000,799983,0,-1,-1,-1,-1,6,16539,15.8,15.8,-1,-1,-1.0
slow_ratio_2pct,slow_ratio,2pct,1,dynamic_sensitivity_100d_2pct_hdd,100,62,1000000,5000,1.0,20,50000,timeout_degraded_read,15.0,12.6,17.3,22.2,27.4,11.0,67.2,4176614,4.4,176614,24069,5193,176614,16950,0,-1,-1,-1,18,54,10492,23.3,25.3,-1,-1,-1.0
slow_ratio_2pct,slow_ratio,2pct,1,dynamic_sensitivity_100d_2pct_hdd,100,62,1000000,5000,1.0,20,50000,health_ec,15.0,12.5,16.9,19.0,38.0,1.1,4.8,4013208,0.3,13208,0,3964,13208,12841,4,4,0,583,137,137,7750,18.9,18.9,12099,10752,88.9
slow_ratio_2pct,slow_ratio,2pct,1,dynamic_sensitivity_100d_2pct_hdd,100,63,1000000,5000,1.0,20,50000,vanilla_ec,15.0,12.6,17.3,30.8,0.0,11.8,322.9,4000000,0.0,0,0,0,0,0,0,-1,-1,-1,-1,-1,0,27.3,64.4,-1,-1,-1.0
slow_ratio_2pct,slow_ratio,2pct,1,dynamic_sensitivity_100d_2pct_hdd,100,63,1000000,5000,1.0,20,50000,late_binding,15.0,10.7,14.1,15.8,48.9,2.8,7.0,5000000,25.0,1000000,150000,5988,1000000,800490,0,-1,-1,-1,-1,4,16463,15.8,15.8,-1,-1,-1.0
slow_ratio_2pct,slow_ratio,2pct,1,dynamic_sensitivity_100d_2pct_hdd,100,63,1000000,5000,1.0,20,50000,timeout_degraded_read,15.0,12.6,17.3,22.3,27.7,11.0,66.0,4176726,4.4,176726,24322,5186,176726,16908,0,-1,-1,-1,4,20,10584,23.1,25.4,-1,-1,-1.0
slow_ratio_2pct,slow_ratio,2pct,1,dynamic_sensitivity_100d_2pct_hdd,100,63,1000000,5000,1.0,20,50000,health_ec,15.0,12.5,16.9,19.0,38.4,0.9,3.4,4013230,0.3,13230,0,3888,13230,12901,4,4,0,577,2246,2246,7735,18.9,18.9,11993,10744,89.6
slow_ratio_2pct,slow_ratio,2pct,1,dynamic_sensitivity_100d_2pct_hdd,100,64,1000000,5000,1.0,20,50000,vanilla_ec,15.0,12.6,17.3,31.3,0.0,11.9,323.7,4000000,0.0,0,0,0,0,0,0,-1,-1,-1,-1,-1,0,27.7,64.2,-1,-1,-1.0
slow_ratio_2pct,slow_ratio,2pct,1,dynamic_sensitivity_100d_2pct_hdd,100,64,1000000,5000,1.0,20,50000,late_binding,15.0,10.7,14.1,15.8,49.6,2.7,6.9,5000000,25.0,1000000,150000,5945,1000000,799954,0,-1,-1,-1,-1,39,16349,15.8,15.8,-1,-1,-1.0
slow_ratio_2pct,slow_ratio,2pct,1,dynamic_sensitivity_100d_2pct_hdd,100,64,1000000,5000,1.0,20,50000,timeout_degraded_read,15.0,12.6,17.3,22.3,28.8,11.1,67.5,4177207,4.4,177207,24460,5092,177207,17062,0,-1,-1,-1,39,39,10524,23.2,25.4,-1,-1,-1.0
slow_ratio_2pct,slow_ratio,2pct,1,dynamic_sensitivity_100d_2pct_hdd,100,64,1000000,5000,1.0,20,50000,health_ec,15.0,12.5,16.9,19.0,39.3,0.9,4.0,4013149,0.3,13149,0,3859,13149,12797,4,4,0,593,685,685,7730,18.9,18.9,11949,10652,89.1
slow_ratio_2pct,slow_ratio,2pct,1,dynamic_sensitivity_100d_2pct_hdd,100,65,1000000,5000,1.0,20,50000,vanilla_ec,15.0,12.5,17.4,31.1,0.0,12.2,324.1,4000000,0.0,0,0,0,0,0,0,-1,-1,-1,-1,-1,0,27.8,63.8,-1,-1,-1.0
slow_ratio_2pct,slow_ratio,2pct,1,dynamic_sensitivity_100d_2pct_hdd,100,65,1000000,5000,1.0,20,50000,late_binding,15.0,10.7,14.1,15.8,49.3,3.0,7.3,5000000,25.0,1000000,150000,5956,1000000,799819,0,-1,-1,-1,-1,40,16372,15.8,15.8,-1,-1,-1.0
slow_ratio_2pct,slow_ratio,2pct,1,dynamic_sensitivity_100d_2pct_hdd,100,65,1000000,5000,1.0,20,50000,timeout_degraded_read,15.0,12.5,17.3,22.3,28.3,11.4,67.4,4177513,4.4,177513,24141,5119,177513,17077,0,-1,-1,-1,40,40,10527,23.4,25.3,-1,-1,-1.0
slow_ratio_2pct,slow_ratio,2pct,1,dynamic_sensitivity_100d_2pct_hdd,100,65,1000000,5000,1.0,20,50000,health_ec,15.0,12.5,16.9,19.0,38.9,1.2,4.8,4012905,0.3,12905,0,3865,12905,12588,4,4,0,575,326,326,7696,18.9,18.9,11746,10474,89.2
slow_ratio_2pct,slow_ratio,2pct,1,dynamic_sensitivity_100d_2pct_hdd,100,66,1000000,5000,1.0,20,50000,vanilla_ec,15.0,12.5,17.4,31.4,0.0,12.0,325.8,4000000,0.0,0,0,0,0,0,0,-1,-1,-1,-1,-1,0,27.8,63.9,-1,-1,-1.0
slow_ratio_2pct,slow_ratio,2pct,1,dynamic_sensitivity_100d_2pct_hdd,100,66,1000000,5000,1.0,20,50000,late_binding,15.0,10.7,14.1,15.8,49.8,2.4,6.7,5000000,25.0,1000000,150000,6000,1000000,800010,0,-1,-1,-1,-1,24,16478,15.8,15.8,-1,-1,-1.0
slow_ratio_2pct,slow_ratio,2pct,1,dynamic_sensitivity_100d_2pct_hdd,100,66,1000000,5000,1.0,20,50000,timeout_degraded_read,15.0,12.5,17.3,22.4,28.6,11.2,68.1,4177423,4.4,177423,24535,5140,177423,17197,0,-1,-1,-1,24,24,10566,23.2,25.4,-1,-1,-1.0
slow_ratio_2pct,slow_ratio,2pct,1,dynamic_sensitivity_100d_2pct_hdd,100,66,1000000,5000,1.0,20,50000,health_ec,15.0,12.5,16.9,19.0,39.5,1.0,4.8,4013435,0.3,13435,0,3955,13435,13112,4,4,0,600,303,303,7811,19.0,18.9,12194,10838,88.9
slow_ratio_2pct,slow_ratio,2pct,1,dynamic_sensitivity_100d_2pct_hdd,100,67,1000000,5000,1.0,20,50000,vanilla_ec,15.0,12.5,17.3,30.9,0.0,12.2,321.9,4000000,0.0,0,0,0,0,0,0,-1,-1,-1,-1,-1,0,27.6,63.7,-1,-1,-1.0
slow_ratio_2pct,slow_ratio,2pct,1,dynamic_sensitivity_100d_2pct_hdd,100,67,1000000,5000,1.0,20,50000,late_binding,15.0,10.7,14.1,15.7,49.0,2.6,6.8,5000000,25.0,1000000,150000,6129,1000000,799961,0,-1,-1,-1,-1,0,16717,15.8,15.7,-1,-1,-1.0
slow_ratio_2pct,slow_ratio,2pct,1,dynamic_sensitivity_100d_2pct_hdd,100,67,1000000,5000,1.0,20,50000,timeout_degraded_read,15.0,12.5,17.3,22.3,27.8,11.3,66.5,4176997,4.4,176997,24256,5207,176997,16910,0,-1,-1,-1,0,0,10665,23.2,25.3,-1,-1,-1.0
slow_ratio_2pct,slow_ratio,2pct,1,dynamic_sensitivity_100d_2pct_hdd,100,67,1000000,5000,1.0,20,50000,health_ec,15.0,12.5,16.9,19.0,38.5,1.3,4.4,4012719,0.3,12719,0,3961,12719,12399,4,4,0,571,243,243,7696,19.0,18.9,11598,10268,88.5
slow_ratio_2pct,slow_ratio,2pct,1,dynamic_sensitivity_100d_2pct_hdd,100,68,1000000,5000,1.0,20,50000,vanilla_ec,15.0,12.5,17.3,30.7,0.0,12.2,322.2,4000000,0.0,0,0,0,0,0,0,-1,-1,-1,-1,-1,0,27.5,63.9,-1,-1,-1.0
slow_ratio_2pct,slow_ratio,2pct,1,dynamic_sensitivity_100d_2pct_hdd,100,68,1000000,5000,1.0,20,50000,late_binding,15.0,10.7,14.1,15.8,48.6,3.0,7.3,5000000,25.0,1000000,150000,6074,1000000,800717,0,-1,-1,-1,-1,48,16481,15.8,15.7,-1,-1,-1.0
slow_ratio_2pct,slow_ratio,2pct,1,dynamic_sensitivity_100d_2pct_hdd,100,68,1000000,5000,1.0,20,50000,timeout_degraded_read,15.0,12.5,17.3,22.3,27.5,11.5,67.1,4176911,4.4,176911,24112,5213,176911,16862,0,-1,-1,-1,23,48,10580,23.2,25.3,-1,-1,-1.0
slow_ratio_2pct,slow_ratio,2pct,1,dynamic_sensitivity_100d_2pct_hdd,100,68,1000000,5000,1.0,20,50000,health_ec,15.0,12.5,16.9,19.0,38.1,1.3,5.4,4013196,0.3,13196,0,3947,13196,12846,4,4,0,579,842,842,7760,18.9,18.9,12050,10685,88.7
slow_ratio_2pct,slow_ratio,2pct,1,dynamic_sensitivity_100d_2pct_hdd,100,69,1000000,5000,1.0,20,50000,vanilla_ec,15.0,12.5,17.3,31.0,0.0,12.6,326.4,4000000,0.0,0,0,0,0,0,0,-1,-1,-1,-1,-1,0,27.8,64.2,-1,-1,-1.0
slow_ratio_2pct,slow_ratio,2pct,1,dynamic_sensitivity_100d_2pct_hdd,100,69,1000000,5000,1.0,20,50000,late_binding,15.0,10.7,14.1,15.8,49.2,3.1,7.2,5000000,25.0,1000000,150000,6026,1000000,800038,0,-1,-1,-1,-1,42,16374,15.8,15.8,-1,-1,-1.0
slow_ratio_2pct,slow_ratio,2pct,1,dynamic_sensitivity_100d_2pct_hdd,100,69,1000000,5000,1.0,20,50000,timeout_degraded_read,15.0,12.5,17.3,22.3,28.2,11.7,67.7,4176287,4.4,176287,24128,5167,176287,17119,0,-1,-1,-1,42,70,10534,23.2,25.3,-1,-1,-1.0
slow_ratio_2pct,slow_ratio,2pct,1,dynamic_sensitivity_100d_2pct_hdd,100,69,1000000,5000,1.0,20,50000,health_ec,15.0,12.5,16.9,19.0,38.7,1.5,4.9,4013233,0.3,13233,0,3916,13233,12931,4,4,0,599,2668,2668,7706,18.9,18.9,12194,10792,88.5
slow_ratio_2pct,slow_ratio,2pct,1,dynamic_sensitivity_100d_2pct_hdd,100,70,1000000,5000,1.0,20,50000,vanilla_ec,15.0,12.5,17.3,31.0,0.0,12.0,325.3,4000000,0.0,0,0,0,0,0,0,-1,-1,-1,-1,-1,0,27.5,64.6,-1,-1,-1.0
slow_ratio_2pct,slow_ratio,2pct,1,dynamic_sensitivity_100d_2pct_hdd,100,70,1000000,5000,1.0,20,50000,late_binding,15.0,10.7,14.1,15.7,49.1,2.8,6.6,5000000,25.0,1000000,150000,5867,1000000,798980,0,-1,-1,-1,-1,75,16254,15.7,15.8,-1,-1,-1.0
slow_ratio_2pct,slow_ratio,2pct,1,dynamic_sensitivity_100d_2pct_hdd,100,70,1000000,5000,1.0,20,50000,timeout_degraded_read,15.0,12.5,17.3,22.2,28.3,11.3,65.5,4176331,4.4,176331,24095,5024,176331,16960,0,-1,-1,-1,75,75,10441,23.0,25.4,-1,-1,-1.0
slow_ratio_2pct,slow_ratio,2pct,1,dynamic_sensitivity_100d_2pct_hdd,100,70,1000000,5000,1.0,20,50000,health_ec,15.0,12.5,16.9,19.0,38.7,1.2,3.4,4013213,0.3,13213,0,3818,13213,12877,4,4,0,575,682,1221,7693,18.9,18.8,11941,10610,88.9
slow_ratio_2pct,slow_ratio,2pct,1,dynamic_sensitivity_100d_2pct_hdd,100,71,1000000,5000,1.0,20,50000,vanilla_ec,15.0,12.5,17.3,30.4,0.0,11.7,320.7,4000000,0.0,0,0,0,0,0,0,-1,-1,-1,-1,-1,0,27.4,63.2,-1,-1,-1.0
slow_ratio_2pct,slow_ratio,2pct,1,dynamic_sensitivity_100d_2pct_hdd,100,71,1000000,5000,1.0,20,50000,late_binding,15.0,10.7,14.1,15.8,48.2,2.7,6.4,5000000,25.0,1000000,150000,5926,1000000,800298,0,-1,-1,-1,-1,120,16448,15.7,15.8,-1,-1,-1.0
slow_ratio_2pct,slow_ratio,2pct,1,dynamic_sensitivity_100d_2pct_hdd,100,71,1000000,5000,1.0,20,50000,timeout_degraded_read,15.0,12.5,17.3,22.2,27.1,10.9,66.4,4176920,4.4,176920,24431,5092,176920,16847,0,-1,-1,-1,120,120,10485,23.1,25.3,-1,-1,-1.0
slow_ratio_2pct,slow_ratio,2pct,1,dynamic_sensitivity_100d_2pct_hdd,100,71,1000000,5000,1.0,20,50000,health_ec,15.0,12.5,16.9,19.0,37.6,1.0,4.7,4012791,0.3,12791,0,3843,12791,12479,4,4,0,581,1795,1795,7648,18.9,18.8,11784,10411,88.3
slow_ratio_4pct_base,slow_ratio,4pct,1,dynamic_sensitivity_100d_4pct_hdd,100,42,1000000,5000,1.0,20,50000,vanilla_ec,15.0,12.6,17.4,35.8,0.0,14.6,401.6,4000000,0.0,0,0,0,0,0,0,-1,-1,-1,-1,-1,0,31.4,73.0,-1,-1,-1.0
slow_ratio_4pct_base,slow_ratio,4pct,1,dynamic_sensitivity_100d_4pct_hdd,100,42,1000000,5000,1.0,20,50000,late_binding,15.0,10.8,14.4,24.6,31.2,10.6,262.0,5000000,25.0,1000000,150000,6389,1000000,797433,0,-1,-1,-1,-1,12,18898,22.3,51.9,-1,-1,-1.0
slow_ratio_4pct_base,slow_ratio,4pct,1,dynamic_sensitivity_100d_4pct_hdd,100,42,1000000,5000,1.0,20,50000,timeout_degraded_read,15.0,12.6,17.4,27.0,24.5,14.2,242.6,4178129,4.5,178129,24130,5220,178129,18954,0,-1,-1,-1,12,94,9434,25.5,51.9,-1,-1,-1.0
slow_ratio_4pct_base,slow_ratio,4pct,1,dynamic_sensitivity_100d_4pct_hdd,100,42,1000000,5000,1.0,20,50000,health_ec,15.0,12.5,17.2,22.1,38.3,8.4,203.7,4013691,0.3,13691,0,3754,13691,12566,6,6,0,1133,770,770,6335,23.9,47.6,12997,10290,79.2
slow_ratio_4pct_base,slow_ratio,4pct,1,dynamic_sensitivity_100d_4pct_hdd,100,43,1000000,5000,1.0,20,50000,vanilla_ec,15.0,12.6,17.4,35.7,0.0,13.7,397.5,4000000,0.0,0,0,0,0,0,0,-1,-1,-1,-1,-1,0,31.4,73.0,-1,-1,-1.0
slow_ratio_4pct_base,slow_ratio,4pct,1,dynamic_sensitivity_100d_4pct_hdd,100,43,1000000,5000,1.0,20,50000,late_binding,15.0,10.8,14.4,24.9,30.2,10.3,262.3,5000000,25.0,1000000,150000,6447,1000000,797378,0,-1,-1,-1,-1,119,18875,22.7,51.8,-1,-1,-1.0
slow_ratio_4pct_base,slow_ratio,4pct,1,dynamic_sensitivity_100d_4pct_hdd,100,43,1000000,5000,1.0,20,50000,timeout_degraded_read,15.0,12.6,17.4,27.1,23.9,13.3,242.5,4178582,4.5,178582,24335,5232,178582,18826,0,-1,-1,-1,119,119,9330,25.9,51.8,-1,-1,-1.0
slow_ratio_4pct_base,slow_ratio,4pct,1,dynamic_sensitivity_100d_4pct_hdd,100,43,1000000,5000,1.0,20,50000,health_ec,15.0,12.5,17.2,22.3,37.6,7.7,205.7,4013584,0.3,13584,0,3784,13584,12461,6,6,0,1197,1819,1819,6528,24.3,47.1,12873,10042,78.0
slow_ratio_4pct_base,slow_ratio,4pct,1,dynamic_sensitivity_100d_4pct_hdd,100,44,1000000,5000,1.0,20,50000,vanilla_ec,15.0,12.6,17.4,36.1,0.0,14.4,400.2,4000000,0.0,0,0,0,0,0,0,-1,-1,-1,-1,-1,0,31.3,72.5,-1,-1,-1.0
slow_ratio_4pct_base,slow_ratio,4pct,1,dynamic_sensitivity_100d_4pct_hdd,100,44,1000000,5000,1.0,20,50000,late_binding,15.0,10.8,14.5,24.9,30.9,10.2,263.7,5000000,25.0,1000000,150000,6334,1000000,797350,0,-1,-1,-1,-1,56,18892,22.7,52.0,-1,-1,-1.0
slow_ratio_4pct_base,slow_ratio,4pct,1,dynamic_sensitivity_100d_4pct_hdd,100,44,1000000,5000,1.0,20,50000,timeout_degraded_read,15.0,12.6,17.4,27.2,24.7,14.0,242.7,4178597,4.5,178597,24274,5171,178597,18965,0,-1,-1,-1,56,58,9370,25.9,52.0,-1,-1,-1.0
slow_ratio_4pct_base,slow_ratio,4pct,1,dynamic_sensitivity_100d_4pct_hdd,100,44,1000000,5000,1.0,20,50000,health_ec,15.0,12.5,17.2,22.2,38.5,8.1,206.0,4013995,0.3,13995,0,3718,13995,12864,6,5,0,1148,764,764,6525,23.7,47.8,13033,10531,80.8
slow_ratio_4pct_base,slow_ratio,4pct,1,dynamic_sensitivity_100d_4pct_hdd,100,45,1000000,5000,1.0,20,50000,vanilla_ec,15.0,12.6,17.4,35.9,0.0,14.1,399.4,4000000,0.0,0,0,0,0,0,0,-1,-1,-1,-1,-1,0,31.4,72.5,-1,-1,-1.0
slow_ratio_4pct_base,slow_ratio,4pct,1,dynamic_sensitivity_100d_4pct_hdd,100,45,1000000,5000,1.0,20,50000,late_binding,15.0,10.8,14.4,24.5,31.9,10.7,258.8,5000000,25.0,1000000,150000,6633,1000000,797465,0,-1,-1,-1,-1,19,18906,22.6,51.3,-1,-1,-1.0
slow_ratio_4pct_base,slow_ratio,4pct,1,dynamic_sensitivity_100d_4pct_hdd,100,45,1000000,5000,1.0,20,50000,timeout_degraded_read,15.0,12.6,17.4,27.0,24.8,13.8,239.0,4178232,4.5,178232,24045,5422,178232,18984,0,-1,-1,-1,19,19,9554,25.7,51.3,-1,-1,-1.0
slow_ratio_4pct_base,slow_ratio,4pct,1,dynamic_sensitivity_100d_4pct_hdd,100,45,1000000,5000,1.0,20,50000,health_ec,15.0,12.5,17.2,22.1,38.4,7.8,202.9,4013719,0.3,13719,0,3910,13719,12625,6,6,0,1206,460,481,6502,24.1,47.2,12971,10211,78.7
slow_ratio_4pct_base,slow_ratio,4pct,1,dynamic_sensitivity_100d_4pct_hdd,100,46,1000000,5000,1.0,20,50000,vanilla_ec,15.0,12.6,17.4,35.8,0.0,14.1,400.0,4000000,0.0,0,0,0,0,0,0,-1,-1,-1,-1,-1,0,31.3,72.5,-1,-1,-1.0
slow_ratio_4pct_base,slow_ratio,4pct,1,dynamic_sensitivity_100d_4pct_hdd,100,46,1000000,5000,1.0,20,50000,late_binding,15.0,10.8,14.5,24.7,31.0,10.4,262.1,5000000,25.0,1000000,150000,6309,1000000,797108,0,-1,-1,-1,-1,10,18958,22.5,51.9,-1,-1,-1.0
slow_ratio_4pct_base,slow_ratio,4pct,1,dynamic_sensitivity_100d_4pct_hdd,100,46,1000000,5000,1.0,20,50000,timeout_degraded_read,15.0,12.6,17.4,27.2,24.2,13.8,241.9,4178712,4.5,178712,24428,5112,178712,19013,0,-1,-1,-1,10,10,9402,25.9,51.9,-1,-1,-1.0
slow_ratio_4pct_base,slow_ratio,4pct,1,dynamic_sensitivity_100d_4pct_hdd,100,46,1000000,5000,1.0,20,50000,health_ec,15.0,12.5,17.2,22.3,37.9,7.9,204.1,4013807,0.3,13807,0,3637,13807,12701,6,6,0,1152,2023,2023,6371,23.9,47.3,13011,10431,80.2
slow_ratio_4pct_base,slow_ratio,4pct,1,dynamic_sensitivity_100d_4pct_hdd,100,47,1000000,5000,1.0,20,50000,vanilla_ec,15.0,12.6,17.4,35.5,0.0,14.5,400.9,4000000,0.0,0,0,0,0,0,0,-1,-1,-1,-1,-1,0,31.4,72.6,-1,-1,-1.0
slow_ratio_4pct_base,slow_ratio,4pct,1,dynamic_sensitivity_100d_4pct_hdd,100,47,1000000,5000,1.0,20,50000,late_binding,15.0,10.8,14.4,24.5,31.1,10.2,261.3,5000000,25.0,1000000,150000,6500,1000000,797327,0,-1,-1,-1,-1,9,18978,22.3,51.8,-1,-1,-1.0
slow_ratio_4pct_base,slow_ratio,4pct,1,dynamic_sensitivity_100d_4pct_hdd,100,47,1000000,5000,1.0,20,50000,timeout_degraded_read,15.0,12.6,17.4,27.0,24.0,14.0,241.5,4177894,4.4,177894,24012,5301,177894,18950,0,-1,-1,-1,9,9,9410,25.8,51.8,-1,-1,-1.0
slow_ratio_4pct_base,slow_ratio,4pct,1,dynamic_sensitivity_100d_4pct_hdd,100,47,1000000,5000,1.0,20,50000,health_ec,15.0,12.5,17.2,22.2,37.5,8.3,203.6,4013624,0.3,13624,0,3757,13624,12485,6,6,0,1164,1632,1632,6461,23.8,47.5,12915,10121,78.4
slow_ratio_4pct_base,slow_ratio,4pct,1,dynamic_sensitivity_100d_4pct_hdd,100,48,1000000,5000,1.0,20,50000,vanilla_ec,15.0,12.6,17.4,35.5,0.0,14.0,397.4,4000000,0.0,0,0,0,0,0,0,-1,-1,-1,-1,-1,0,31.4,72.3,-1,-1,-1.0
slow_ratio_4pct_base,slow_ratio,4pct,1,dynamic_sensitivity_100d_4pct_hdd,100,48,1000000,5000,1.0,20,50000,late_binding,15.0,10.8,14.4,24.4,31.5,10.3,259.0,5000000,25.0,1000000,150000,6440,1000000,797461,0,-1,-1,-1,-1,19,18769,22.8,51.3,-1,-1,-1.0
slow_ratio_4pct_base,slow_ratio,4pct,1,dynamic_sensitivity_100d_4pct_hdd,100,48,1000000,5000,1.0,20,50000,timeout_degraded_read,15.0,12.6,17.4,26.8,24.5,13.4,239.3,4178584,4.5,178584,24350,5313,178584,18909,0,-1,-1,-1,19,19,9368,25.7,51.3,-1,-1,-1.0
slow_ratio_4pct_base,slow_ratio,4pct,1,dynamic_sensitivity_100d_4pct_hdd,100,48,1000000,5000,1.0,20,50000,health_ec,15.0,12.5,17.2,21.8,38.5,7.7,197.9,4013700,0.3,13700,0,3778,13700,12614,6,6,0,1151,1543,1543,6388,23.1,47.1,12801,10252,80.1
slow_ratio_4pct_base,slow_ratio,4pct,1,dynamic_sensitivity_100d_4pct_hdd,100,49,1000000,5000,1.0,20,50000,vanilla_ec,15.0,12.6,17.4,36.3,0.0,14.5,400.9,4000000,0.0,0,0,0,0,0,0,-1,-1,-1,-1,-1,0,31.4,72.6,-1,-1,-1.0
slow_ratio_4pct_base,slow_ratio,4pct,1,dynamic_sensitivity_100d_4pct_hdd,100,49,1000000,5000,1.0,20,50000,late_binding,15.0,10.8,14.5,24.8,31.6,10.5,262.4,5000000,25.0,1000000,150000,6354,1000000,797302,0,-1,-1,-1,-1,13,18963,22.7,51.9,-1,-1,-1.0
slow_ratio_4pct_base,slow_ratio,4pct,1,dynamic_sensitivity_100d_4pct_hdd,100,49,1000000,5000,1.0,20,50000,timeout_degraded_read,15.0,12.6,17.4,27.1,25.3,14.1,242.4,4178177,4.5,178177,24215,5218,178177,19305,0,-1,-1,-1,13,32,9419,25.8,51.9,-1,-1,-1.0
slow_ratio_4pct_base,slow_ratio,4pct,1,dynamic_sensitivity_100d_4pct_hdd,100,49,1000000,5000,1.0,20,50000,health_ec,15.0,12.5,17.2,22.4,38.1,8.3,205.9,4014114,0.4,14114,0,3856,14114,12898,6,6,0,1194,2837,2837,6637,24.7,47.4,13176,10459,79.4
slow_ratio_4pct_base,slow_ratio,4pct,1,dynamic_sensitivity_100d_4pct_hdd,100,50,1000000,5000,1.0,20,50000,vanilla_ec,15.0,12.6,17.4,34.9,0.0,13.4,394.4,4000000,0.0,0,0,0,0,0,0,-1,-1,-1,-1,-1,0,31.2,71.8,-1,-1,-1.0
slow_ratio_4pct_base,slow_ratio,4pct,1,dynamic_sensitivity_100d_4pct_hdd,100,50,1000000,5000,1.0,20,50000,late_binding,15.0,10.8,14.4,24.1,30.9,10.2,260.0,5000000,25.0,1000000,150000,6364,1000000,798041,0,-1,-1,-1,-1,2,18805,22.8,51.3,-1,-1,-1.0
slow_ratio_4pct_base,slow_ratio,4pct,1,dynamic_sensitivity_100d_4pct_hdd,100,50,1000000,5000,1.0,20,50000,timeout_degraded_read,15.0,12.6,17.4,26.7,23.5,13.0,240.0,4178515,4.5,178515,24316,5198,178515,18633,0,-1,-1,-1,2,51,9268,25.5,51.3,-1,-1,-1.0
slow_ratio_4pct_base,slow_ratio,4pct,1,dynamic_sensitivity_100d_4pct_hdd,100,50,1000000,5000,1.0,20,50000,health_ec,15.0,12.5,17.2,21.9,37.3,7.5,200.7,4013569,0.3,13569,0,3845,13569,12396,6,6,0,1164,101,101,6506,24.0,47.5,12651,9928,78.5
slow_ratio_4pct_base,slow_ratio,4pct,1,dynamic_sensitivity_100d_4pct_hdd,100,51,1000000,5000,1.0,20,50000,vanilla_ec,15.0,12.6,17.4,35.8,0.0,14.2,401.2,4000000,0.0,0,0,0,0,0,0,-1,-1,-1,-1,-1,0,31.4,73.0,-1,-1,-1.0
slow_ratio_4pct_base,slow_ratio,4pct,1,dynamic_sensitivity_100d_4pct_hdd,100,51,1000000,5000,1.0,20,50000,late_binding,15.0,10.8,14.5,24.5,31.5,10.2,260.4,5000000,25.0,1000000,150000,6472,1000000,797934,0,-1,-1,-1,-1,6,18872,22.8,51.4,-1,-1,-1.0
slow_ratio_4pct_base,slow_ratio,4pct,1,dynamic_sensitivity_100d_4pct_hdd,100,51,1000000,5000,1.0,20,50000,timeout_degraded_read,15.0,12.6,17.4,27.1,24.4,13.7,241.5,4178916,4.5,178916,24297,5246,178916,18952,0,-1,-1,-1,6,6,9279,25.8,51.4,-1,-1,-1.0
slow_ratio_4pct_base,slow_ratio,4pct,1,dynamic_sensitivity_100d_4pct_hdd,100,51,1000000,5000,1.0,20,50000,health_ec,15.0,12.5,17.2,22.4,37.4,8.1,208.1,4013672,0.3,13672,0,3794,13672,12482,6,6,0,1188,2302,2302,6459,23.9,48.1,13081,10149,77.6
slow_ratio_4pct_base,slow_ratio,4pct,1,dynamic_sensitivity_100d_4pct_hdd,100,52,1000000,5000,1.0,20,50000,vanilla_ec,15.0,12.6,17.4,35.0,0.0,14.0,397.8,4000000,0.0,0,0,0,0,0,0,-1,-1,-1,-1,-1,0,31.4,72.3,-1,-1,-1.0
slow_ratio_4pct_base,slow_ratio,4pct,1,dynamic_sensitivity_100d_4pct_hdd,100,52,1000000,5000,1.0,20,50000,late_binding,15.0,10.8,14.4,24.3,30.6,10.2,261.6,5000000,25.0,1000000,150000,6321,1000000,797846,0,-1,-1,-1,-1,21,18776,22.8,51.6,-1,-1,-1.0
slow_ratio_4pct_base,slow_ratio,4pct,1,dynamic_sensitivity_100d_4pct_hdd,100,52,1000000,5000,1.0,20,50000,timeout_degraded_read,15.0,12.6,17.4,26.8,23.5,13.6,241.1,4178427,4.5,178427,24278,5157,178427,18682,0,-1,-1,-1,21,21,9266,25.7,51.6,-1,-1,-1.0
slow_ratio_4pct_base,slow_ratio,4pct,1,dynamic_sensitivity_100d_4pct_hdd,100,52,1000000,5000,1.0,20,50000,health_ec,15.0,12.5,17.2,22.1,36.8,8.0,206.7,4013594,0.3,13594,0,3678,13594,12446,6,6,0,1188,759,759,6358,24.6,47.5,12951,10132,78.2
slow_ratio_4pct_base,slow_ratio,4pct,1,dynamic_sensitivity_100d_4pct_hdd,100,53,1000000,5000,1.0,20,50000,vanilla_ec,15.0,12.6,17.4,35.1,0.0,13.9,396.3,4000000,0.0,0,0,0,0,0,0,-1,-1,-1,-1,-1,0,31.0,72.0,-1,-1,-1.0
slow_ratio_4pct_base,slow_ratio,4pct,1,dynamic_sensitivity_100d_4pct_hdd,100,53,1000000,5000,1.0,20,50000,late_binding,15.0,10.8,14.4,24.4,30.6,9.8,260.5,5000000,25.0,1000000,150000,6350,1000000,797493,0,-1,-1,-1,-1,1,18772,22.6,51.5,-1,-1,-1.0
slow_ratio_4pct_base,slow_ratio,4pct,1,dynamic_sensitivity_100d_4pct_hdd,100,53,1000000,5000,1.0,20,50000,timeout_degraded_read,15.0,12.6,17.4,26.9,23.5,13.4,239.8,4178512,4.5,178512,24278,5153,178512,18612,0,-1,-1,-1,1,1,9174,25.8,51.5,-1,-1,-1.0
slow_ratio_4pct_base,slow_ratio,4pct,1,dynamic_sensitivity_100d_4pct_hdd,100,53,1000000,5000,1.0,20,50000,health_ec,15.0,12.5,17.2,22.0,37.3,7.7,199.3,4013689,0.3,13689,0,3797,13689,12530,6,6,0,1152,1639,1639,6487,23.6,47.2,12813,10195,79.6
slow_ratio_4pct_base,slow_ratio,4pct,1,dynamic_sensitivity_100d_4pct_hdd,100,54,1000000,5000,1.0,20,50000,vanilla_ec,15.0,12.6,17.4,35.7,0.0,14.0,399.1,4000000,0.0,0,0,0,0,0,0,-1,-1,-1,-1,-1,0,31.5,72.6,-1,-1,-1.0
slow_ratio_4pct_base,slow_ratio,4pct,1,dynamic_sensitivity_100d_4pct_hdd,100,54,1000000,5000,1.0,20,50000,late_binding,15.0,10.8,14.5,24.8,30.5,10.5,262.6,5000000,25.0,1000000,150000,6376,1000000,797024,0,-1,-1,-1,-1,31,19004,22.8,51.5,-1,-1,-1.0
slow_ratio_4pct_base,slow_ratio,4pct,1,dynamic_sensitivity_100d_4pct_hdd,100,54,1000000,5000,1.0,20,50000,timeout_degraded_read,15.0,12.6,17.4,27.0,24.3,13.5,241.4,4178239,4.5,178239,24333,5221,178239,18925,0,-1,-1,-1,31,56,9365,25.9,51.5,-1,-1,-1.0
slow_ratio_4pct_base,slow_ratio,4pct,1,dynamic_sensitivity_100d_4pct_hdd,100,54,1000000,5000,1.0,20,50000,health_ec,15.0,12.5,17.2,22.4,37.1,8.0,205.8,4013439,0.3,13439,0,3627,13439,12349,6,6,0,1182,1322,1322,6281,24.2,47.3,13045,10097,77.4
slow_ratio_4pct_base,slow_ratio,4pct,1,dynamic_sensitivity_100d_4pct_hdd,100,55,1000000,5000,1.0,20,50000,vanilla_ec,15.0,12.6,17.4,35.2,0.0,13.7,394.7,4000000,0.0,0,0,0,0,0,0,-1,-1,-1,-1,-1,0,31.2,71.7,-1,-1,-1.0
slow_ratio_4pct_base,slow_ratio,4pct,1,dynamic_sensitivity_100d_4pct_hdd,100,55,1000000,5000,1.0,20,50000,late_binding,15.0,10.8,14.5,24.4,30.7,10.2,259.1,5000000,25.0,1000000,150000,6353,1000000,797675,0,-1,-1,-1,-1,4,18825,22.6,51.4,-1,-1,-1.0
slow_ratio_4pct_base,slow_ratio,4pct,1,dynamic_sensitivity_100d_4pct_hdd,100,55,1000000,5000,1.0,20,50000,timeout_degraded_read,15.0,12.6,17.4,26.9,23.7,13.4,239.7,4178753,4.5,178753,24352,5165,178753,18790,0,-1,-1,-1,4,4,9322,25.8,51.4,-1,-1,-1.0
slow_ratio_4pct_base,slow_ratio,4pct,1,dynamic_sensitivity_100d_4pct_hdd,100,55,1000000,5000,1.0,20,50000,health_ec,15.0,12.5,17.2,22.1,37.2,7.8,203.7,4013716,0.3,13716,0,3699,13716,12614,6,6,0,1152,1562,1562,6423,23.7,47.3,12877,10298,80.0
slow_ratio_4pct_base,slow_ratio,4pct,1,dynamic_sensitivity_100d_4pct_hdd,100,56,1000000,5000,1.0,20,50000,vanilla_ec,15.0,12.6,17.4,35.4,0.0,14.0,397.6,4000000,0.0,0,0,0,0,0,0,-1,-1,-1,-1,-1,0,31.4,72.1,-1,-1,-1.0
slow_ratio_4pct_base,slow_ratio,4pct,1,dynamic_sensitivity_100d_4pct_hdd,100,56,1000000,5000,1.0,20,50000,late_binding,15.0,10.8,14.4,24.4,31.1,9.8,261.8,5000000,25.0,1000000,150000,6342,1000000,796757,0,-1,-1,-1,-1,26,18945,22.7,51.8,-1,-1,-1.0
slow_ratio_4pct_base,slow_ratio,4pct,1,dynamic_sensitivity_100d_4pct_hdd,100,56,1000000,5000,1.0,20,50000,timeout_degraded_read,15.0,12.6,17.4,26.9,24.0,13.8,241.5,4178208,4.5,178208,24156,5192,178208,18872,0,-1,-1,-1,26,26,9395,25.7,51.8,-1,-1,-1.0
slow_ratio_4pct_base,slow_ratio,4pct,1,dynamic_sensitivity_100d_4pct_hdd,100,56,1000000,5000,1.0,20,50000,health_ec,15.0,12.5,17.2,22.2,37.4,8.0,203.6,4013831,0.3,13831,0,3701,13831,12681,6,6,0,1186,288,288,6495,23.8,47.5,12938,10360,80.1
slow_ratio_4pct_base,slow_ratio,4pct,1,dynamic_sensitivity_100d_4pct_hdd,100,57,1000000,5000,1.0,20,50000,vanilla_ec,15.0,12.6,17.4,35.6,0.0,13.9,398.3,4000000,0.0,0,0,0,0,0,0,-1,-1,-1,-1,-1,0,31.2,72.1,-1,-1,-1.0
slow_ratio_4pct_base,slow_ratio,4pct,1,dynamic_sensitivity_100d_4pct_hdd,100,57,1000000,5000,1.0,20,50000,late_binding,15.0,10.8,14.4,24.7,30.7,10.0,259.2,5000000,25.0,1000000,150000,6515,1000000,797736,0,-1,-1,-1,-1,5,19048,22.6,51.4,-1,-1,-1.0
slow_ratio_4pct_base,slow_ratio,4pct,1,dynamic_sensitivity_100d_4pct_hdd,100,57,1000000,5000,1.0,20,50000,timeout_degraded_read,15.0,12.6,17.4,27.0,24.1,13.5,239.1,4178683,4.5,178683,24491,5261,178683,18831,0,-1,-1,-1,5,5,9430,25.8,51.4,-1,-1,-1.0
slow_ratio_4pct_base,slow_ratio,4pct,1,dynamic_sensitivity_100d_4pct_hdd,100,57,1000000,5000,1.0,20,50000,health_ec,15.0,12.5,17.2,22.3,37.2,7.9,203.3,4013417,0.3,13417,0,3768,13417,12320,6,6,0,1164,266,266,6305,23.9,47.1,12858,10045,78.1
slow_ratio_4pct_base,slow_ratio,4pct,1,dynamic_sensitivity_100d_4pct_hdd,100,58,1000000,5000,1.0,20,50000,vanilla_ec,15.0,12.6,17.4,35.2,0.0,13.8,393.7,4000000,0.0,0,0,0,0,0,0,-1,-1,-1,-1,-1,0,31.0,71.7,-1,-1,-1.0
slow_ratio_4pct_base,slow_ratio,4pct,1,dynamic_sensitivity_100d_4pct_hdd,100,58,1000000,5000,1.0,20,50000,late_binding,15.0,10.8,14.4,24.3,30.9,9.9,260.3,5000000,25.0,1000000,150000,6214,1000000,797591,0,-1,-1,-1,-1,73,18754,22.3,51.9,-1,-1,-1.0
slow_ratio_4pct_base,slow_ratio,4pct,1,dynamic_sensitivity_100d_4pct_hdd,100,58,1000000,5000,1.0,20,50000,timeout_degraded_read,15.0,12.6,17.4,26.9,23.6,13.5,241.4,4177898,4.4,177898,24507,5076,177898,18687,0,-1,-1,-1,73,73,9230,25.5,51.9,-1,-1,-1.0
slow_ratio_4pct_base,slow_ratio,4pct,1,dynamic_sensitivity_100d_4pct_hdd,100,58,1000000,5000,1.0,20,50000,health_ec,15.0,12.5,17.2,22.1,37.2,7.7,204.6,4013335,0.3,13335,0,3502,13335,12224,6,6,0,1178,1565,1565,6251,23.9,47.6,12801,10045,78.5
slow_ratio_4pct_base,slow_ratio,4pct,1,dynamic_sensitivity_100d_4pct_hdd,100,59,1000000,5000,1.0,20,50000,vanilla_ec,15.0,12.6,17.4,34.9,0.0,13.2,392.7,4000000,0.0,0,0,0,0,0,0,-1,-1,-1,-1,-1,0,31.1,71.6,-1,-1,-1.0
slow_ratio_4pct_base,slow_ratio,4pct,1,dynamic_sensitivity_100d_4pct_hdd,100,59,1000000,5000,1.0,20,50000,late_binding,15.0,10.8,14.4,24.2,30.6,9.8,257.4,5000000,25.0,1000000,150000,6256,1000000,797280,0,-1,-1,-1,-1,14,18679,22.3,51.3,-1,-1,-1.0
slow_ratio_4pct_base,slow_ratio,4pct,1,dynamic_sensitivity_100d_4pct_hdd,100,59,1000000,5000,1.0,20,50000,timeout_degraded_read,15.0,12.6,17.4,26.8,23.4,12.6,237.7,4178979,4.5,178979,24873,5136,178979,18573,0,-1,-1,-1,14,56,9255,25.7,51.3,-1,-1,-1.0
slow_ratio_4pct_base,slow_ratio,4pct,1,dynamic_sensitivity_100d_4pct_hdd,100,59,1000000,5000,1.0,20,50000,health_ec,15.0,12.5,17.2,22.0,37.1,7.3,201.2,4013677,0.3,13677,0,3796,13677,12546,6,6,0,1142,1466,1466,6530,24.1,47.0,12692,10038,79.1
slow_ratio_4pct_base,slow_ratio,4pct,1,dynamic_sensitivity_100d_4pct_hdd,100,60,1000000,5000,1.0,20,50000,vanilla_ec,15.0,12.6,17.4,35.4,0.0,13.7,399.9,4000000,0.0,0,0,0,0,0,0,-1,-1,-1,-1,-1,0,31.2,72.7,-1,-1,-1.0
slow_ratio_4pct_base,slow_ratio,4pct,1,dynamic_sensitivity_100d_4pct_hdd,100,60,1000000,5000,1.0,20,50000,late_binding,15.0,10.8,14.4,24.5,30.8,10.1,261.7,5000000,25.0,1000000,150000,6302,1000000,797553,0,-1,-1,-1,-1,38,18429,22.9,51.6,-1,-1,-1.0
slow_ratio_4pct_base,slow_ratio,4pct,1,dynamic_sensitivity_100d_4pct_hdd,100,60,1000000,5000,1.0,20,50000,timeout_degraded_read,15.0,12.6,17.4,27.0,23.8,13.4,241.2,4178477,4.5,178477,24376,5106,178477,18757,0,-1,-1,-1,38,38,9186,25.7,51.6,-1,-1,-1.0
slow_ratio_4pct_base,slow_ratio,4pct,1,dynamic_sensitivity_100d_4pct_hdd,100,60,1000000,5000,1.0,20,50000,health_ec,15.0,12.5,17.2,22.0,37.8,7.8,203.5,4013659,0.3,13659,0,3678,13659,12518,6,6,0,1162,677,677,6382,23.4,48.1,12698,10114,79.7
slow_ratio_4pct_base,slow_ratio,4pct,1,dynamic_sensitivity_100d_4pct_hdd,100,61,1000000,5000,1.0,20,50000,vanilla_ec,15.0,12.6,17.4,35.7,0.0,14.0,399.2,4000000,0.0,0,0,0,0,0,0,-1,-1,-1,-1,-1,0,31.4,72.4,-1,-1,-1.0
slow_ratio_4pct_base,slow_ratio,4pct,1,dynamic_sensitivity_100d_4pct_hdd,100,61,1000000,5000,1.0,20,50000,late_binding,15.0,10.8,14.4,24.7,30.9,10.6,261.5,5000000,25.0,1000000,150000,6389,1000000,797367,0,-1,-1,-1,-1,223,19035,22.8,51.6,-1,-1,-1.0
slow_ratio_4pct_base,slow_ratio,4pct,1,dynamic_sensitivity_100d_4pct_hdd,100,61,1000000,5000,1.0,20,50000,timeout_degraded_read,15.0,12.6,17.4,27.1,24.1,13.5,241.4,4177902,4.4,177902,24063,5213,177902,18937,0,-1,-1,-1,223,223,9368,25.6,51.6,-1,-1,-1.0
slow_ratio_4pct_base,slow_ratio,4pct,1,dynamic_sensitivity_100d_4pct_hdd,100,61,1000000,5000,1.0,20,50000,health_ec,15.0,12.5,17.2,22.2,37.7,7.7,202.9,4013860,0.3,13860,0,3794,13860,12726,6,6,0,1176,1802,1802,6511,24.1,48.1,12949,10223,78.9
slow_ratio_4pct_base,slow_ratio,4pct,1,dynamic_sensitivity_100d_4pct_hdd,100,62,1000000,5000,1.0,20,50000,vanilla_ec,15.0,12.6,17.4,35.2,0.0,14.0,400.2,4000000,0.0,0,0,0,0,0,0,-1,-1,-1,-1,-1,0,31.7,72.2,-1,-1,-1.0
slow_ratio_4pct_base,slow_ratio,4pct,1,dynamic_sensitivity_100d_4pct_hdd,100,62,1000000,5000,1.0,20,50000,late_binding,15.0,10.8,14.4,24.4,30.8,10.0,261.4,5000000,25.0,1000000,150000,6518,1000000,797458,0,-1,-1,-1,-1,18,19107,22.8,51.7,-1,-1,-1.0
slow_ratio_4pct_base,slow_ratio,4pct,1,dynamic_sensitivity_100d_4pct_hdd,100,62,1000000,5000,1.0,20,50000,timeout_degraded_read,15.0,12.6,17.4,26.9,23.6,13.5,241.2,4178322,4.5,178322,24069,5260,178322,18891,0,-1,-1,-1,18,113,9385,25.9,51.7,-1,-1,-1.0
slow_ratio_4pct_base,slow_ratio,4pct,1,dynamic_sensitivity_100d_4pct_hdd,100,62,1000000,5000,1.0,20,50000,health_ec,15.0,12.5,17.2,22.0,37.4,7.8,203.4,4013888,0.3,13888,0,3831,13888,12731,6,6,0,1173,403,403,6506,24.2,47.2,12947,10348,79.9
slow_ratio_4pct_base,slow_ratio,4pct,1,dynamic_sensitivity_100d_4pct_hdd,100,63,1000000,5000,1.0,20,50000,vanilla_ec,15.0,12.6,17.4,36.1,0.0,14.0,400.8,4000000,0.0,0,0,0,0,0,0,-1,-1,-1,-1,-1,0,31.3,73.5,-1,-1,-1.0
slow_ratio_4pct_base,slow_ratio,4pct,1,dynamic_sensitivity_100d_4pct_hdd,100,63,1000000,5000,1.0,20,50000,late_binding,15.0,10.8,14.5,24.8,31.3,10.4,263.6,5000000,25.0,1000000,150000,6428,1000000,798155,0,-1,-1,-1,-1,2,18972,22.8,52.0,-1,-1,-1.0
slow_ratio_4pct_base,slow_ratio,4pct,1,dynamic_sensitivity_100d_4pct_hdd,100,63,1000000,5000,1.0,20,50000,timeout_degraded_read,15.0,12.6,17.4,27.2,24.7,13.6,242.5,4178613,4.5,178613,24322,5242,178613,18975,0,-1,-1,-1,2,14,9359,25.8,52.0,-1,-1,-1.0
slow_ratio_4pct_base,slow_ratio,4pct,1,dynamic_sensitivity_100d_4pct_hdd,100,63,1000000,5000,1.0,20,50000,health_ec,15.0,12.5,17.2,22.4,37.9,7.9,206.6,4013761,0.3,13761,0,3777,13761,12579,6,6,0,1172,2957,2957,6421,23.8,48.1,13055,10182,78.0
slow_ratio_4pct_base,slow_ratio,4pct,1,dynamic_sensitivity_100d_4pct_hdd,100,64,1000000,5000,1.0,20,50000,vanilla_ec,15.0,12.6,17.4,36.4,0.0,13.8,399.0,4000000,0.0,0,0,0,0,0,0,-1,-1,-1,-1,-1,0,31.3,72.5,-1,-1,-1.0
slow_ratio_4pct_base,slow_ratio,4pct,1,dynamic_sensitivity_100d_4pct_hdd,100,64,1000000,5000,1.0,20,50000,late_binding,15.0,10.8,14.4,25.0,31.4,10.5,263.3,5000000,25.0,1000000,150000,6337,1000000,797513,0,-1,-1,-1,-1,121,18799,22.6,52.1,-1,-1,-1.0
slow_ratio_4pct_base,slow_ratio,4pct,1,dynamic_sensitivity_100d_4pct_hdd,100,64,1000000,5000,1.0,20,50000,timeout_degraded_read,15.0,12.6,17.4,27.2,25.2,13.4,243.1,4178889,4.5,178889,24460,5146,178889,18984,0,-1,-1,-1,121,121,9330,25.9,52.1,-1,-1,-1.0
slow_ratio_4pct_base,slow_ratio,4pct,1,dynamic_sensitivity_100d_4pct_hdd,100,64,1000000,5000,1.0,20,50000,health_ec,15.0,12.5,17.2,22.2,38.9,7.7,203.2,4013854,0.3,13854,0,3787,13854,12668,6,6,0,1205,1051,1051,6556,23.7,47.3,13031,10229,78.5
slow_ratio_4pct_base,slow_ratio,4pct,1,dynamic_sensitivity_100d_4pct_hdd,100,65,1000000,5000,1.0,20,50000,vanilla_ec,15.0,12.6,17.4,35.8,0.0,14.1,400.1,4000000,0.0,0,0,0,0,0,0,-1,-1,-1,-1,-1,0,31.6,72.5,-1,-1,-1.0
slow_ratio_4pct_base,slow_ratio,4pct,1,dynamic_sensitivity_100d_4pct_hdd,100,65,1000000,5000,1.0,20,50000,late_binding,15.0,10.8,14.5,24.7,31.1,10.6,261.7,5000000,25.0,1000000,150000,6432,1000000,797411,0,-1,-1,-1,-1,84,18837,22.5,51.7,-1,-1,-1.0
slow_ratio_4pct_base,slow_ratio,4pct,1,dynamic_sensitivity_100d_4pct_hdd,100,65,1000000,5000,1.0,20,50000,timeout_degraded_read,15.0,12.6,17.4,27.0,24.6,13.7,240.6,4179122,4.5,179122,24141,5227,179122,19021,0,-1,-1,-1,84,84,9376,25.7,51.7,-1,-1,-1.0
slow_ratio_4pct_base,slow_ratio,4pct,1,dynamic_sensitivity_100d_4pct_hdd,100,65,1000000,5000,1.0,20,50000,health_ec,15.0,12.5,17.2,22.3,37.8,8.1,205.6,4013636,0.3,13636,0,3779,13636,12496,6,6,0,1164,902,902,6408,23.9,47.6,12860,10156,79.0
slow_ratio_4pct_base,slow_ratio,4pct,1,dynamic_sensitivity_100d_4pct_hdd,100,66,1000000,5000,1.0,20,50000,vanilla_ec,15.0,12.6,17.4,35.9,0.0,13.9,397.6,4000000,0.0,0,0,0,0,0,0,-1,-1,-1,-1,-1,0,31.4,72.3,-1,-1,-1.0
slow_ratio_4pct_base,slow_ratio,4pct,1,dynamic_sensitivity_100d_4pct_hdd,100,66,1000000,5000,1.0,20,50000,late_binding,15.0,10.8,14.5,24.6,31.6,10.0,260.2,5000000,25.0,1000000,150000,6447,1000000,797396,0,-1,-1,-1,-1,24,19055,22.7,51.8,-1,-1,-1.0
slow_ratio_4pct_base,slow_ratio,4pct,1,dynamic_sensitivity_100d_4pct_hdd,100,66,1000000,5000,1.0,20,50000,timeout_degraded_read,15.0,12.6,17.4,27.1,24.7,13.5,241.1,4179101,4.5,179101,24535,5235,179101,18978,0,-1,-1,-1,24,51,9493,25.8,51.8,-1,-1,-1.0
slow_ratio_4pct_base,slow_ratio,4pct,1,dynamic_sensitivity_100d_4pct_hdd,100,66,1000000,5000,1.0,20,50000,health_ec,15.0,12.5,17.2,22.3,38.0,7.7,203.8,4013889,0.3,13889,0,3924,13889,12714,6,6,0,1182,5214,5214,6672,24.0,46.4,13027,10203,78.3
slow_ratio_4pct_base,slow_ratio,4pct,1,dynamic_sensitivity_100d_4pct_hdd,100,67,1000000,5000,1.0,20,50000,vanilla_ec,15.0,12.6,17.4,35.3,0.0,14.1,397.3,4000000,0.0,0,0,0,0,0,0,-1,-1,-1,-1,-1,0,31.3,72.1,-1,-1,-1.0
slow_ratio_4pct_base,slow_ratio,4pct,1,dynamic_sensitivity_100d_4pct_hdd,100,67,1000000,5000,1.0,20,50000,late_binding,15.0,10.8,14.4,24.4,31.0,10.0,257.9,5000000,25.0,1000000,150000,6540,1000000,797578,0,-1,-1,-1,-1,40,19038,22.7,51.4,-1,-1,-1.0
slow_ratio_4pct_base,slow_ratio,4pct,1,dynamic_sensitivity_100d_4pct_hdd,100,67,1000000,5000,1.0,20,50000,timeout_degraded_read,15.0,12.6,17.4,26.9,23.9,13.5,237.7,4178605,4.5,178605,24256,5327,178605,18780,0,-1,-1,-1,40,40,9530,25.6,51.4,-1,-1,-1.0
slow_ratio_4pct_base,slow_ratio,4pct,1,dynamic_sensitivity_100d_4pct_hdd,100,67,1000000,5000,1.0,20,50000,health_ec,15.0,12.5,17.2,22.0,37.9,8.0,198.3,4013820,0.3,13820,0,3886,13820,12661,6,6,0,1134,776,776,6594,24.0,46.9,12756,10190,79.9
slow_ratio_4pct_base,slow_ratio,4pct,1,dynamic_sensitivity_100d_4pct_hdd,100,68,1000000,5000,1.0,20,50000,vanilla_ec,15.0,12.6,17.4,35.5,0.0,14.2,399.0,4000000,0.0,0,0,0,0,0,0,-1,-1,-1,-1,-1,0,31.5,72.7,-1,-1,-1.0
slow_ratio_4pct_base,slow_ratio,4pct,1,dynamic_sensitivity_100d_4pct_hdd,100,68,1000000,5000,1.0,20,50000,late_binding,15.0,10.8,14.4,24.5,31.0,10.7,263.2,5000000,25.0,1000000,150000,6471,1000000,798197,0,-1,-1,-1,-1,69,18842,22.9,51.7,-1,-1,-1.0
slow_ratio_4pct_base,slow_ratio,4pct,1,dynamic_sensitivity_100d_4pct_hdd,100,68,1000000,5000,1.0,20,50000,timeout_degraded_read,15.0,12.6,17.4,26.9,24.1,13.9,242.7,4178584,4.5,178584,24112,5311,178584,18883,0,-1,-1,-1,69,69,9370,25.8,51.7,-1,-1,-1.0
slow_ratio_4pct_base,slow_ratio,4pct,1,dynamic_sensitivity_100d_4pct_hdd,100,68,1000000,5000,1.0,20,50000,health_ec,15.0,12.5,17.2,22.1,37.8,8.0,205.3,4013920,0.3,13920,0,3914,13920,12798,6,6,0,1176,132,132,6574,24.3,47.9,12874,10281,79.9
slow_ratio_4pct_base,slow_ratio,4pct,1,dynamic_sensitivity_100d_4pct_hdd,100,69,1000000,5000,1.0,20,50000,vanilla_ec,15.0,12.6,17.4,35.6,0.0,14.6,399.9,4000000,0.0,0,0,0,0,0,0,-1,-1,-1,-1,-1,0,31.5,72.9,-1,-1,-1.0
slow_ratio_4pct_base,slow_ratio,4pct,1,dynamic_sensitivity_100d_4pct_hdd,100,69,1000000,5000,1.0,20,50000,late_binding,15.0,10.8,14.4,24.8,30.3,10.7,264.0,5000000,25.0,1000000,150000,6465,1000000,797612,0,-1,-1,-1,-1,104,18803,22.7,52.0,-1,-1,-1.0
slow_ratio_4pct_base,slow_ratio,4pct,1,dynamic_sensitivity_100d_4pct_hdd,100,69,1000000,5000,1.0,20,50000,timeout_degraded_read,15.0,12.6,17.4,27.1,23.9,14.2,243.9,4178051,4.5,178051,24128,5245,178051,19059,0,-1,-1,-1,104,104,9324,25.9,52.0,-1,-1,-1.0
slow_ratio_4pct_base,slow_ratio,4pct,1,dynamic_sensitivity_100d_4pct_hdd,100,69,1000000,5000,1.0,20,50000,health_ec,15.0,12.5,17.2,22.4,37.2,8.5,207.4,4013928,0.3,13928,0,4019,13928,12735,6,6,0,1176,1716,1716,6590,24.1,48.3,13077,10336,79.0
slow_ratio_4pct_base,slow_ratio,4pct,1,dynamic_sensitivity_100d_4pct_hdd,100,70,1000000,5000,1.0,20,50000,vanilla_ec,15.0,12.5,17.4,35.4,0.0,14.0,396.2,4000000,0.0,0,0,0,0,0,0,-1,-1,-1,-1,-1,0,31.1,72.0,-1,-1,-1.0
slow_ratio_4pct_base,slow_ratio,4pct,1,dynamic_sensitivity_100d_4pct_hdd,100,70,1000000,5000,1.0,20,50000,late_binding,15.0,10.8,14.5,24.6,30.7,10.3,260.0,5000000,25.0,1000000,150000,6284,1000000,796471,0,-1,-1,-1,-1,84,18761,22.5,51.2,-1,-1,-1.0
slow_ratio_4pct_base,slow_ratio,4pct,1,dynamic_sensitivity_100d_4pct_hdd,100,70,1000000,5000,1.0,20,50000,timeout_degraded_read,15.0,12.5,17.4,26.9,24.0,13.7,238.4,4178041,4.5,178041,24095,5140,178041,18910,0,-1,-1,-1,84,84,9323,25.7,51.2,-1,-1,-1.0
slow_ratio_4pct_base,slow_ratio,4pct,1,dynamic_sensitivity_100d_4pct_hdd,100,70,1000000,5000,1.0,20,50000,health_ec,15.0,12.5,17.2,22.1,37.6,7.9,200.3,4013863,0.3,13863,0,3799,13863,12657,6,6,0,1158,1976,1976,6559,23.8,47.5,12838,10160,79.1
slow_ratio_4pct_base,slow_ratio,4pct,1,dynamic_sensitivity_100d_4pct_hdd,100,71,1000000,5000,1.0,20,50000,vanilla_ec,15.0,12.6,17.4,35.4,0.0,13.7,397.5,4000000,0.0,0,0,0,0,0,0,-1,-1,-1,-1,-1,0,31.2,72.5,-1,-1,-1.0
slow_ratio_4pct_base,slow_ratio,4pct,1,dynamic_sensitivity_100d_4pct_hdd,100,71,1000000,5000,1.0,20,50000,late_binding,15.0,10.8,14.4,24.6,30.5,10.1,262.2,5000000,25.0,1000000,150000,6284,1000000,797865,0,-1,-1,-1,-1,120,18878,22.7,51.6,-1,-1,-1.0
slow_ratio_4pct_base,slow_ratio,4pct,1,dynamic_sensitivity_100d_4pct_hdd,100,71,1000000,5000,1.0,20,50000,timeout_degraded_read,15.0,12.6,17.4,26.9,24.2,13.2,241.4,4178550,4.5,178550,24431,5112,178550,18785,0,-1,-1,-1,120,120,9238,25.7,51.6,-1,-1,-1.0
slow_ratio_4pct_base,slow_ratio,4pct,1,dynamic_sensitivity_100d_4pct_hdd,100,71,1000000,5000,1.0,20,50000,health_ec,15.0,12.5,17.2,22.1,37.6,7.6,207.1,4013436,0.3,13436,0,3735,13436,12282,6,6,0,1167,822,822,6389,24.0,47.3,12840,9985,77.8
slow_ratio_10pct,slow_ratio,10pct,1,dynamic_sensitivity_100d_10pct_hdd,100,42,1000000,5000,1.0,20,50000,vanilla_ec,15.0,12.6,18.3,65.6,0.0,193.4,507.9,4000000,0.0,0,0,0,0,0,0,-1,-1,-1,-1,-1,0,36.3,85.5,-1,-1,-1.0
slow_ratio_10pct,slow_ratio,10pct,1,dynamic_sensitivity_100d_10pct_hdd,100,42,1000000,5000,1.0,20,50000,late_binding,15.0,10.8,15.0,50.5,23.1,78.4,404.2,5000000,25.0,1000000,150000,12262,1000000,797518,0,-1,-1,-1,-1,16,36943,29.8,68.1,-1,-1,-1.0
slow_ratio_10pct,slow_ratio,10pct,1,dynamic_sensitivity_100d_10pct_hdd,100,42,1000000,5000,1.0,20,50000,timeout_degraded_read,15.0,12.6,18.3,52.6,19.8,97.3,400.0,4193766,4.8,193766,24130,10348,193766,23801,0,-1,-1,-1,16,98,17491,32.7,71.1,-1,-1,-1.0
slow_ratio_10pct,slow_ratio,10pct,1,dynamic_sensitivity_100d_10pct_hdd,100,42,1000000,5000,1.0,20,50000,health_ec,15.0,12.6,17.7,43.0,34.5,23.8,361.9,4027111,0.7,27111,0,7333,27111,23069,14,14,0,2985,1619,1619,11807,31.1,66.0,23629,17950,76.0
slow_ratio_10pct,slow_ratio,10pct,1,dynamic_sensitivity_100d_10pct_hdd,100,43,1000000,5000,1.0,20,50000,vanilla_ec,15.0,12.6,18.3,65.6,0.0,190.0,505.4,4000000,0.0,0,0,0,0,0,0,-1,-1,-1,-1,-1,0,36.3,85.0,-1,-1,-1.0
slow_ratio_10pct,slow_ratio,10pct,1,dynamic_sensitivity_100d_10pct_hdd,100,43,1000000,5000,1.0,20,50000,late_binding,15.0,10.8,15.0,50.4,23.1,77.2,405.3,5000000,25.0,1000000,150000,12051,1000000,797384,0,-1,-1,-1,-1,36,36640,29.6,68.4,-1,-1,-1.0
slow_ratio_10pct,slow_ratio,10pct,1,dynamic_sensitivity_100d_10pct_hdd,100,43,1000000,5000,1.0,20,50000,timeout_degraded_read,15.0,12.6,18.2,52.9,19.5,94.7,399.1,4193923,4.8,193923,24335,10193,193923,23555,0,-1,-1,-1,36,38,17168,32.8,71.0,-1,-1,-1.0
slow_ratio_10pct,slow_ratio,10pct,1,dynamic_sensitivity_100d_10pct_hdd,100,43,1000000,5000,1.0,20,50000,health_ec,15.0,12.6,17.6,42.1,35.8,22.2,360.0,4026688,0.7,26688,0,7302,26688,22448,13,13,0,2915,1410,1410,12003,31.3,65.9,22952,17187,74.9
slow_ratio_10pct,slow_ratio,10pct,1,dynamic_sensitivity_100d_10pct_hdd,100,44,1000000,5000,1.0,20,50000,vanilla_ec,15.0,12.6,18.3,65.9,0.0,195.6,505.7,4000000,0.0,0,0,0,0,0,0,-1,-1,-1,-1,-1,0,36.1,85.2,-1,-1,-1.0
slow_ratio_10pct,slow_ratio,10pct,1,dynamic_sensitivity_100d_10pct_hdd,100,44,1000000,5000,1.0,20,50000,late_binding,15.0,10.8,15.0,50.8,22.9,78.6,405.1,5000000,25.0,1000000,150000,11886,1000000,797493,0,-1,-1,-1,-1,16,36467,29.6,68.5,-1,-1,-1.0
slow_ratio_10pct,slow_ratio,10pct,1,dynamic_sensitivity_100d_10pct_hdd,100,44,1000000,5000,1.0,20,50000,timeout_degraded_read,15.0,12.6,18.2,53.0,19.6,95.3,398.1,4193791,4.8,193791,24274,10014,193791,23626,0,-1,-1,-1,16,78,17012,32.7,70.9,-1,-1,-1.0
slow_ratio_10pct,slow_ratio,10pct,1,dynamic_sensitivity_100d_10pct_hdd,100,44,1000000,5000,1.0,20,50000,health_ec,15.0,12.6,17.7,42.9,34.9,23.2,359.0,4027110,0.7,27110,0,7232,27110,23031,13,12,0,2893,1115,1115,11898,30.9,66.4,23112,17702,76.6
slow_ratio_10pct,slow_ratio,10pct,1,dynamic_sensitivity_100d_10pct_hdd,100,45,1000000,5000,1.0,20,50000,vanilla_ec,15.0,12.6,18.3,65.1,0.0,173.0,504.8,4000000,0.0,0,0,0,0,0,0,-1,-1,-1,-1,-1,0,36.4,85.0,-1,-1,-1.0
slow_ratio_10pct,slow_ratio,10pct,1,dynamic_sensitivity_100d_10pct_hdd,100,45,1000000,5000,1.0,20,50000,late_binding,15.0,10.8,15.0,49.6,23.8,73.9,402.1,5000000,25.0,1000000,150000,12543,1000000,797489,0,-1,-1,-1,-1,19,37186,29.6,67.9,-1,-1,-1.0
slow_ratio_10pct,slow_ratio,10pct,1,dynamic_sensitivity_100d_10pct_hdd,100,45,1000000,5000,1.0,20,50000,timeout_degraded_read,15.0,12.6,18.2,51.8,20.4,86.8,396.7,4193729,4.8,193729,24045,10605,193729,23570,0,-1,-1,-1,19,70,17644,32.6,70.7,-1,-1,-1.0
slow_ratio_10pct,slow_ratio,10pct,1,dynamic_sensitivity_100d_10pct_hdd,100,45,1000000,5000,1.0,20,50000,health_ec,15.0,12.6,17.7,41.6,36.0,22.9,358.6,4027005,0.7,27005,0,7788,27005,22795,13,13,0,2951,490,490,12428,31.2,66.3,23308,17225,73.9
slow_ratio_10pct,slow_ratio,10pct,1,dynamic_sensitivity_100d_10pct_hdd,100,46,1000000,5000,1.0,20,50000,vanilla_ec,15.0,12.6,18.3,65.3,0.0,192.4,503.2,4000000,0.0,0,0,0,0,0,0,-1,-1,-1,-1,-1,0,36.0,84.8,-1,-1,-1.0
slow_ratio_10pct,slow_ratio,10pct,1,dynamic_sensitivity_100d_10pct_hdd,100,46,1000000,5000,1.0,20,50000,late_binding,15.0,10.8,15.0,50.4,22.9,76.0,401.6,5000000,25.0,1000000,150000,12146,1000000,797225,0,-1,-1,-1,-1,7,36809,29.6,68.0,-1,-1,-1.0
slow_ratio_10pct,slow_ratio,10pct,1,dynamic_sensitivity_100d_10pct_hdd,100,46,1000000,5000,1.0,20,50000,timeout_degraded_read,15.0,12.6,18.2,52.6,19.5,96.6,396.7,4194189,4.9,194189,24428,10253,194189,23689,0,-1,-1,-1,7,7,17390,32.7,70.9,-1,-1,-1.0
slow_ratio_10pct,slow_ratio,10pct,1,dynamic_sensitivity_100d_10pct_hdd,100,46,1000000,5000,1.0,20,50000,health_ec,15.0,12.6,17.7,42.5,34.9,22.7,356.5,4026934,0.7,26934,0,7284,26934,22672,13,13,0,2940,2102,2102,11921,30.8,66.1,23172,17466,75.4
slow_ratio_10pct,slow_ratio,10pct,1,dynamic_sensitivity_100d_10pct_hdd,100,47,1000000,5000,1.0,20,50000,vanilla_ec,15.0,12.6,18.3,65.5,0.0,177.1,504.5,4000000,0.0,0,0,0,0,0,0,-1,-1,-1,-1,-1,0,36.4,85.0,-1,-1,-1.0
slow_ratio_10pct,slow_ratio,10pct,1,dynamic_sensitivity_100d_10pct_hdd,100,47,1000000,5000,1.0,20,50000,late_binding,15.0,10.8,15.0,50.0,23.7,72.4,405.0,5000000,25.0,1000000,150000,12181,1000000,797457,0,-1,-1,-1,-1,9,36794,29.5,68.4,-1,-1,-1.0
slow_ratio_10pct,slow_ratio,10pct,1,dynamic_sensitivity_100d_10pct_hdd,100,47,1000000,5000,1.0,20,50000,timeout_degraded_read,15.0,12.6,18.2,52.3,20.1,88.5,400.4,4193388,4.8,193388,24012,10291,193388,23622,0,-1,-1,-1,9,9,17302,32.4,71.5,-1,-1,-1.0
slow_ratio_10pct,slow_ratio,10pct,1,dynamic_sensitivity_100d_10pct_hdd,100,47,1000000,5000,1.0,20,50000,health_ec,15.0,12.6,17.7,41.7,36.3,23.2,358.6,4026787,0.7,26787,0,7330,26787,22577,13,13,0,2945,152,152,11977,31.0,66.4,22846,17281,75.6
slow_ratio_10pct,slow_ratio,10pct,1,dynamic_sensitivity_100d_10pct_hdd,100,48,1000000,5000,1.0,20,50000,vanilla_ec,15.0,12.6,18.3,65.5,0.0,185.5,504.2,4000000,0.0,0,0,0,0,0,0,-1,-1,-1,-1,-1,0,36.4,84.7,-1,-1,-1.0
slow_ratio_10pct,slow_ratio,10pct,1,dynamic_sensitivity_100d_10pct_hdd,100,48,1000000,5000,1.0,20,50000,late_binding,15.0,10.8,15.0,50.3,23.2,74.3,402.8,5000000,25.0,1000000,150000,12250,1000000,797548,0,-1,-1,-1,-1,41,36799,29.6,67.8,-1,-1,-1.0
slow_ratio_10pct,slow_ratio,10pct,1,dynamic_sensitivity_100d_10pct_hdd,100,48,1000000,5000,1.0,20,50000,timeout_degraded_read,15.0,12.6,18.2,52.6,19.6,90.7,398.6,4194301,4.9,194301,24350,10375,194301,23688,0,-1,-1,-1,41,100,17499,32.7,70.9,-1,-1,-1.0
slow_ratio_10pct,slow_ratio,10pct,1,dynamic_sensitivity_100d_10pct_hdd,100,48,1000000,5000,1.0,20,50000,health_ec,15.0,12.6,17.7,41.9,36.1,22.9,358.1,4026653,0.7,26653,0,7254,26653,22488,13,13,0,2944,1105,1105,11902,31.1,65.6,23049,17259,74.9
slow_ratio_10pct,slow_ratio,10pct,1,dynamic_sensitivity_100d_10pct_hdd,100,49,1000000,5000,1.0,20,50000,vanilla_ec,15.0,12.6,18.3,65.5,0.0,184.0,510.3,4000000,0.0,0,0,0,0,0,0,-1,-1,-1,-1,-1,0,36.4,85.5,-1,-1,-1.0
slow_ratio_10pct,slow_ratio,10pct,1,dynamic_sensitivity_100d_10pct_hdd,100,49,1000000,5000,1.0,20,50000,late_binding,15.0,10.8,15.0,50.2,23.4,83.2,405.6,5000000,25.0,1000000,150000,12053,1000000,797339,0,-1,-1,-1,-1,79,36762,29.8,68.1,-1,-1,-1.0
slow_ratio_10pct,slow_ratio,10pct,1,dynamic_sensitivity_100d_10pct_hdd,100,49,1000000,5000,1.0,20,50000,timeout_degraded_read,15.0,12.6,18.3,52.6,19.7,97.4,400.5,4193498,4.8,193498,24215,10221,193498,24013,0,-1,-1,-1,62,79,17352,32.9,70.8,-1,-1,-1.0
slow_ratio_10pct,slow_ratio,10pct,1,dynamic_sensitivity_100d_10pct_hdd,100,49,1000000,5000,1.0,20,50000,health_ec,15.0,12.6,17.7,42.7,34.9,23.6,358.9,4027246,0.7,27246,0,7388,27246,23136,13,13,0,2912,3037,3037,12159,31.2,66.5,23374,17728,75.8
slow_ratio_10pct,slow_ratio,10pct,1,dynamic_sensitivity_100d_10pct_hdd,100,50,1000000,5000,1.0,20,50000,vanilla_ec,15.0,12.6,18.3,65.0,0.0,155.5,506.4,4000000,0.0,0,0,0,0,0,0,-1,-1,-1,-1,-1,0,36.1,85.1,-1,-1,-1.0
slow_ratio_10pct,slow_ratio,10pct,1,dynamic_sensitivity_100d_10pct_hdd,100,50,1000000,5000,1.0,20,50000,late_binding,15.0,10.8,15.0,49.5,23.9,65.1,402.5,5000000,25.0,1000000,150000,12337,1000000,798125,0,-1,-1,-1,-1,72,36739,29.6,67.8,-1,-1,-1.0
slow_ratio_10pct,slow_ratio,10pct,1,dynamic_sensitivity_100d_10pct_hdd,100,50,1000000,5000,1.0,20,50000,timeout_degraded_read,15.0,12.6,18.2,51.7,20.5,81.8,398.5,4193944,4.8,193944,24316,10449,193944,23182,0,-1,-1,-1,72,72,17326,32.8,70.6,-1,-1,-1.0
slow_ratio_10pct,slow_ratio,10pct,1,dynamic_sensitivity_100d_10pct_hdd,100,50,1000000,5000,1.0,20,50000,health_ec,15.0,12.6,17.7,41.5,36.0,22.4,355.0,4026683,0.7,26683,0,7319,26683,22570,13,13,0,2929,337,337,11890,31.1,65.6,22850,17314,75.8
slow_ratio_10pct,slow_ratio,10pct,1,dynamic_sensitivity_100d_10pct_hdd,100,51,1000000,5000,1.0,20,50000,vanilla_ec,15.0,12.6,18.3,65.1,0.0,175.0,503.1,4000000,0.0,0,0,0,0,0,0,-1,-1,-1,-1,-1,0,36.2,84.2,-1,-1,-1.0
slow_ratio_10pct,slow_ratio,10pct,1,dynamic_sensitivity_100d_10pct_hdd,100,51,1000000,5000,1.0,20,50000,late_binding,15.0,10.8,15.0,49.6,23.9,70.2,402.7,5000000,25.0,1000000,150000,12309,1000000,798031,0,-1,-1,-1,-1,35,37001,29.7,67.9,-1,-1,-1.0
slow_ratio_10pct,slow_ratio,10pct,1,dynamic_sensitivity_100d_10pct_hdd,100,51,1000000,5000,1.0,20,50000,timeout_degraded_read,15.0,12.6,18.3,52.0,20.1,85.2,397.7,4194367,4.9,194367,24297,10397,194367,23477,0,-1,-1,-1,35,35,17380,32.8,70.6,-1,-1,-1.0
slow_ratio_10pct,slow_ratio,10pct,1,dynamic_sensitivity_100d_10pct_hdd,100,51,1000000,5000,1.0,20,50000,health_ec,15.0,12.6,17.7,42.2,35.2,23.4,357.5,4026667,0.7,26667,0,7222,26667,22683,13,13,0,2858,947,947,11798,30.9,65.7,23207,17470,75.3
slow_ratio_10pct,slow_ratio,10pct,1,dynamic_sensitivity_100d_10pct_hdd,100,52,1000000,5000,1.0,20,50000,vanilla_ec,15.0,12.6,18.3,65.4,0.0,189.3,505.7,4000000,0.0,0,0,0,0,0,0,-1,-1,-1,-1,-1,0,36.2,84.8,-1,-1,-1.0
slow_ratio_10pct,slow_ratio,10pct,1,dynamic_sensitivity_100d_10pct_hdd,100,52,1000000,5000,1.0,20,50000,late_binding,15.0,10.8,15.0,50.4,23.0,72.6,406.3,5000000,25.0,1000000,150000,12257,1000000,798006,0,-1,-1,-1,-1,4,36790,29.9,68.2,-1,-1,-1.0
slow_ratio_10pct,slow_ratio,10pct,1,dynamic_sensitivity_100d_10pct_hdd,100,52,1000000,5000,1.0,20,50000,timeout_degraded_read,15.0,12.6,18.3,52.7,19.5,91.5,399.7,4194156,4.9,194156,24278,10410,194156,23436,0,-1,-1,-1,4,4,17380,32.8,71.0,-1,-1,-1.0
slow_ratio_10pct,slow_ratio,10pct,1,dynamic_sensitivity_100d_10pct_hdd,100,52,1000000,5000,1.0,20,50000,health_ec,15.0,12.6,17.7,42.2,35.5,23.0,359.5,4026871,0.7,26871,0,7172,26871,22781,14,14,0,2923,1565,1565,11765,31.4,66.0,23384,17723,75.8
slow_ratio_10pct,slow_ratio,10pct,1,dynamic_sensitivity_100d_10pct_hdd,100,53,1000000,5000,1.0,20,50000,vanilla_ec,15.0,12.6,18.3,65.1,0.0,177.1,506.3,4000000,0.0,0,0,0,0,0,0,-1,-1,-1,-1,-1,0,36.2,85.3,-1,-1,-1.0
slow_ratio_10pct,slow_ratio,10pct,1,dynamic_sensitivity_100d_10pct_hdd,100,53,1000000,5000,1.0,20,50000,late_binding,15.0,10.8,15.0,49.8,23.5,66.3,403.0,5000000,25.0,1000000,150000,12061,1000000,797401,0,-1,-1,-1,-1,1,36540,29.5,68.1,-1,-1,-1.0
slow_ratio_10pct,slow_ratio,10pct,1,dynamic_sensitivity_100d_10pct_hdd,100,53,1000000,5000,1.0,20,50000,timeout_degraded_read,15.0,12.6,18.2,52.1,20.0,84.3,397.4,4193881,4.8,193881,24278,10188,193881,23352,0,-1,-1,-1,1,6,17159,32.7,70.8,-1,-1,-1.0
slow_ratio_10pct,slow_ratio,10pct,1,dynamic_sensitivity_100d_10pct_hdd,100,53,1000000,5000,1.0,20,50000,health_ec,15.0,12.6,17.7,42.0,35.5,22.5,357.1,4026516,0.7,26516,0,7129,26516,22295,13,13,0,2914,733,733,11661,31.1,65.6,22883,17217,75.2
slow_ratio_10pct,slow_ratio,10pct,1,dynamic_sensitivity_100d_10pct_hdd,100,54,1000000,5000,1.0,20,50000,vanilla_ec,15.0,12.6,18.3,65.0,0.0,176.0,502.7,4000000,0.0,0,0,0,0,0,0,-1,-1,-1,-1,-1,0,36.2,84.6,-1,-1,-1.0
slow_ratio_10pct,slow_ratio,10pct,1,dynamic_sensitivity_100d_10pct_hdd,100,54,1000000,5000,1.0,20,50000,late_binding,15.0,10.8,15.0,49.8,23.5,72.1,403.3,5000000,25.0,1000000,150000,12202,1000000,796894,0,-1,-1,-1,-1,15,36872,29.6,67.7,-1,-1,-1.0
slow_ratio_10pct,slow_ratio,10pct,1,dynamic_sensitivity_100d_10pct_hdd,100,54,1000000,5000,1.0,20,50000,timeout_degraded_read,15.0,12.6,18.2,52.0,20.0,87.4,397.6,4193631,4.8,193631,24333,10294,193631,23391,0,-1,-1,-1,15,84,17290,32.8,70.3,-1,-1,-1.0
slow_ratio_10pct,slow_ratio,10pct,1,dynamic_sensitivity_100d_10pct_hdd,100,54,1000000,5000,1.0,20,50000,health_ec,15.0,12.6,17.7,41.9,35.6,22.5,357.6,4026525,0.7,26525,0,7083,26525,22432,13,13,0,2912,1653,1653,11546,31.0,66.4,23045,17409,75.5
slow_ratio_10pct,slow_ratio,10pct,1,dynamic_sensitivity_100d_10pct_hdd,100,55,1000000,5000,1.0,20,50000,vanilla_ec,15.0,12.6,18.3,65.3,0.0,178.7,504.7,4000000,0.0,0,0,0,0,0,0,-1,-1,-1,-1,-1,0,36.2,84.9,-1,-1,-1.0
slow_ratio_10pct,slow_ratio,10pct,1,dynamic_sensitivity_100d_10pct_hdd,100,55,1000000,5000,1.0,20,50000,late_binding,15.0,10.8,15.0,50.0,23.4,71.7,404.6,5000000,25.0,1000000,150000,12146,1000000,797743,0,-1,-1,-1,-1,4,36814,29.7,68.4,-1,-1,-1.0
slow_ratio_10pct,slow_ratio,10pct,1,dynamic_sensitivity_100d_10pct_hdd,100,55,1000000,5000,1.0,20,50000,timeout_degraded_read,15.0,12.6,18.3,52.4,19.7,89.5,397.3,4194440,4.9,194440,24352,10235,194440,23532,0,-1,-1,-1,4,11,17289,32.7,71.1,-1,-1,-1.0
slow_ratio_10pct,slow_ratio,10pct,1,dynamic_sensitivity_100d_10pct_hdd,100,55,1000000,5000,1.0,20,50000,health_ec,15.0,12.6,17.7,42.1,35.6,23.1,358.1,4027205,0.7,27205,0,7316,27205,22937,13,13,0,2946,1954,2373,12001,31.0,66.3,23168,17724,76.5
slow_ratio_10pct,slow_ratio,10pct,1,dynamic_sensitivity_100d_10pct_hdd,100,56,1000000,5000,1.0,20,50000,vanilla_ec,15.0,12.6,18.3,65.1,0.0,173.5,505.0,4000000,0.0,0,0,0,0,0,0,-1,-1,-1,-1,-1,0,36.4,84.7,-1,-1,-1.0
slow_ratio_10pct,slow_ratio,10pct,1,dynamic_sensitivity_100d_10pct_hdd,100,56,1000000,5000,1.0,20,50000,late_binding,15.0,10.8,15.0,49.9,23.3,73.2,402.7,5000000,25.0,1000000,150000,12153,1000000,796997,0,-1,-1,-1,-1,25,36863,29.7,68.1,-1,-1,-1.0
slow_ratio_10pct,slow_ratio,10pct,1,dynamic_sensitivity_100d_10pct_hdd,100,56,1000000,5000,1.0,20,50000,timeout_degraded_read,15.0,12.6,18.2,52.2,19.8,88.6,397.1,4193732,4.8,193732,24156,10236,193732,23508,0,-1,-1,-1,25,37,17284,32.7,70.7,-1,-1,-1.0
slow_ratio_10pct,slow_ratio,10pct,1,dynamic_sensitivity_100d_10pct_hdd,100,56,1000000,5000,1.0,20,50000,health_ec,15.0,12.6,17.7,42.1,35.4,23.1,356.4,4026880,0.7,26880,0,7382,26880,22663,13,13,0,2941,1669,1669,12090,31.0,66.3,23064,17342,75.2
slow_ratio_10pct,slow_ratio,10pct,1,dynamic_sensitivity_100d_10pct_hdd,100,57,1000000,5000,1.0,20,50000,vanilla_ec,15.0,12.6,18.3,65.3,0.0,180.3,505.5,4000000,0.0,0,0,0,0,0,0,-1,-1,-1,-1,-1,0,36.2,85.0,-1,-1,-1.0
slow_ratio_10pct,slow_ratio,10pct,1,dynamic_sensitivity_100d_10pct_hdd,100,57,1000000,5000,1.0,20,50000,late_binding,15.0,10.8,15.0,49.9,23.6,74.6,404.3,5000000,25.0,1000000,150000,12359,1000000,797748,0,-1,-1,-1,-1,15,37005,29.6,68.0,-1,-1,-1.0
slow_ratio_10pct,slow_ratio,10pct,1,dynamic_sensitivity_100d_10pct_hdd,100,57,1000000,5000,1.0,20,50000,timeout_degraded_read,15.0,12.6,18.3,52.4,19.8,90.3,399.9,4194404,4.9,194404,24491,10427,194404,23513,0,-1,-1,-1,15,15,17471,32.8,70.8,-1,-1,-1.0
slow_ratio_10pct,slow_ratio,10pct,1,dynamic_sensitivity_100d_10pct_hdd,100,57,1000000,5000,1.0,20,50000,health_ec,15.0,12.6,17.7,41.8,36.1,23.5,360.8,4026778,0.7,26778,0,7424,26778,22680,13,13,0,2954,2646,2646,11977,31.1,66.8,23263,17417,74.9
slow_ratio_10pct,slow_ratio,10pct,1,dynamic_sensitivity_100d_10pct_hdd,100,58,1000000,5000,1.0,20,50000,vanilla_ec,15.0,12.6,18.3,64.8,0.0,173.3,501.2,4000000,0.0,0,0,0,0,0,0,-1,-1,-1,-1,-1,0,36.1,84.9,-1,-1,-1.0
slow_ratio_10pct,slow_ratio,10pct,1,dynamic_sensitivity_100d_10pct_hdd,100,58,1000000,5000,1.0,20,50000,late_binding,15.0,10.8,15.0,49.9,23.1,67.4,402.8,5000000,25.0,1000000,150000,11901,1000000,797678,0,-1,-1,-1,-1,0,36563,29.7,68.3,-1,-1,-1.0
slow_ratio_10pct,slow_ratio,10pct,1,dynamic_sensitivity_100d_10pct_hdd,100,58,1000000,5000,1.0,20,50000,timeout_degraded_read,15.0,12.6,18.2,52.1,19.7,82.8,398.3,4193339,4.8,193339,24507,10011,193339,23341,0,-1,-1,-1,0,49,16983,32.9,71.1,-1,-1,-1.0
slow_ratio_10pct,slow_ratio,10pct,1,dynamic_sensitivity_100d_10pct_hdd,100,58,1000000,5000,1.0,20,50000,health_ec,15.0,12.6,17.7,41.8,35.5,22.7,356.7,4026520,0.7,26520,0,6970,26520,22440,13,13,0,2989,3505,3505,11541,30.8,65.8,23137,17412,75.3
slow_ratio_10pct,slow_ratio,10pct,1,dynamic_sensitivity_100d_10pct_hdd,100,59,1000000,5000,1.0,20,50000,vanilla_ec,15.0,12.6,18.3,64.9,0.0,161.2,502.1,4000000,0.0,0,0,0,0,0,0,-1,-1,-1,-1,-1,0,36.2,84.0,-1,-1,-1.0
slow_ratio_10pct,slow_ratio,10pct,1,dynamic_sensitivity_100d_10pct_hdd,100,59,1000000,5000,1.0,20,50000,late_binding,15.0,10.8,15.0,49.6,23.6,69.2,401.8,5000000,25.0,1000000,150000,11967,1000000,797198,0,-1,-1,-1,-1,19,36529,29.6,67.5,-1,-1,-1.0
slow_ratio_10pct,slow_ratio,10pct,1,dynamic_sensitivity_100d_10pct_hdd,100,59,1000000,5000,1.0,20,50000,timeout_degraded_read,15.0,12.6,18.2,52.1,19.8,85.6,397.9,4194298,4.9,194298,24873,10138,194298,23221,0,-1,-1,-1,19,19,17193,33.0,70.4,-1,-1,-1.0
slow_ratio_10pct,slow_ratio,10pct,1,dynamic_sensitivity_100d_10pct_hdd,100,59,1000000,5000,1.0,20,50000,health_ec,15.0,12.6,17.7,41.9,35.4,22.2,357.6,4026825,0.7,26825,0,7328,26825,22642,13,13,0,2880,1191,1191,12040,31.3,65.9,22852,17310,75.7
slow_ratio_10pct,slow_ratio,10pct,1,dynamic_sensitivity_100d_10pct_hdd,100,60,1000000,5000,1.0,20,50000,vanilla_ec,15.0,12.6,18.3,65.0,0.0,169.9,503.3,4000000,0.0,0,0,0,0,0,0,-1,-1,-1,-1,-1,0,36.2,84.8,-1,-1,-1.0
slow_ratio_10pct,slow_ratio,10pct,1,dynamic_sensitivity_100d_10pct_hdd,100,60,1000000,5000,1.0,20,50000,late_binding,15.0,10.8,15.0,49.5,23.9,61.2,404.6,5000000,25.0,1000000,150000,12039,1000000,797654,0,-1,-1,-1,-1,38,36380,29.6,68.4,-1,-1,-1.0
slow_ratio_10pct,slow_ratio,10pct,1,dynamic_sensitivity_100d_10pct_hdd,100,60,1000000,5000,1.0,20,50000,timeout_degraded_read,15.0,12.6,18.2,51.9,20.2,79.8,398.5,4193731,4.8,193731,24376,10136,193731,23331,0,-1,-1,-1,31,171,17107,32.7,71.1,-1,-1,-1.0
slow_ratio_10pct,slow_ratio,10pct,1,dynamic_sensitivity_100d_10pct_hdd,100,60,1000000,5000,1.0,20,50000,health_ec,15.0,12.6,17.7,41.3,36.5,22.5,357.3,4026907,0.7,26907,0,7369,26907,22756,14,14,0,2914,988,988,12051,30.7,65.8,22915,17372,75.8
slow_ratio_10pct,slow_ratio,10pct,1,dynamic_sensitivity_100d_10pct_hdd,100,61,1000000,5000,1.0,20,50000,vanilla_ec,15.0,12.6,18.3,65.4,0.0,182.5,505.4,4000000,0.0,0,0,0,0,0,0,-1,-1,-1,-1,-1,0,36.1,85.3,-1,-1,-1.0
slow_ratio_10pct,slow_ratio,10pct,1,dynamic_sensitivity_100d_10pct_hdd,100,61,1000000,5000,1.0,20,50000,late_binding,15.0,10.8,15.0,50.1,23.4,73.1,403.8,5000000,25.0,1000000,150000,12214,1000000,797464,0,-1,-1,-1,-1,19,36743,29.6,68.0,-1,-1,-1.0
slow_ratio_10pct,slow_ratio,10pct,1,dynamic_sensitivity_100d_10pct_hdd,100,61,1000000,5000,1.0,20,50000,timeout_degraded_read,15.0,12.6,18.2,52.4,19.9,89.7,399.6,4193340,4.8,193340,24063,10396,193340,23570,0,-1,-1,-1,17,64,17383,32.8,70.9,-1,-1,-1.0
slow_ratio_10pct,slow_ratio,10pct,1,dynamic_sensitivity_100d_10pct_hdd,100,61,1000000,5000,1.0,20,50000,health_ec,15.0,12.6,17.7,41.9,35.9,22.2,357.8,4026984,0.7,26984,0,7498,26984,22815,13,13,0,2896,855,855,12299,31.1,66.2,22984,17199,74.8
slow_ratio_10pct,slow_ratio,10pct,1,dynamic_sensitivity_100d_10pct_hdd,100,62,1000000,5000,1.0,20,50000,vanilla_ec,15.0,12.6,18.3,65.1,0.0,176.0,506.0,4000000,0.0,0,0,0,0,0,0,-1,-1,-1,-1,-1,0,36.2,84.5,-1,-1,-1.0
slow_ratio_10pct,slow_ratio,10pct,1,dynamic_sensitivity_100d_10pct_hdd,100,62,1000000,5000,1.0,20,50000,late_binding,15.0,10.8,15.0,49.7,23.7,71.7,403.6,5000000,25.0,1000000,150000,12199,1000000,797703,0,-1,-1,-1,-1,4,37068,29.7,68.1,-1,-1,-1.0
slow_ratio_10pct,slow_ratio,10pct,1,dynamic_sensitivity_100d_10pct_hdd,100,62,1000000,5000,1.0,20,50000,timeout_degraded_read,15.0,12.6,18.2,52.0,20.1,87.4,397.4,4193781,4.8,193781,24069,10293,193781,23529,0,-1,-1,-1,4,24,17443,32.7,70.7,-1,-1,-1.0
slow_ratio_10pct,slow_ratio,10pct,1,dynamic_sensitivity_100d_10pct_hdd,100,62,1000000,5000,1.0,20,50000,health_ec,15.0,12.6,17.7,41.8,35.9,23.1,358.5,4027036,0.7,27036,0,7266,27036,22741,13,13,0,2957,783,783,12002,31.1,66.3,23128,17514,75.7
slow_ratio_10pct,slow_ratio,10pct,1,dynamic_sensitivity_100d_10pct_hdd,100,63,1000000,5000,1.0,20,50000,vanilla_ec,15.0,12.6,18.3,65.6,0.0,188.2,505.7,4000000,0.0,0,0,0,0,0,0,-1,-1,-1,-1,-1,0,36.3,85.1,-1,-1,-1.0
slow_ratio_10pct,slow_ratio,10pct,1,dynamic_sensitivity_100d_10pct_hdd,100,63,1000000,5000,1.0,20,50000,late_binding,15.0,10.8,15.0,50.0,23.8,74.3,403.4,5000000,25.0,1000000,150000,12420,1000000,798246,0,-1,-1,-1,-1,2,37396,29.7,67.7,-1,-1,-1.0
slow_ratio_10pct,slow_ratio,10pct,1,dynamic_sensitivity_100d_10pct_hdd,100,63,1000000,5000,1.0,20,50000,timeout_degraded_read,15.0,12.6,18.3,52.3,20.3,91.5,397.9,4194080,4.9,194080,24322,10523,194080,23704,0,-1,-1,-1,2,2,17671,32.6,70.5,-1,-1,-1.0
slow_ratio_10pct,slow_ratio,10pct,1,dynamic_sensitivity_100d_10pct_hdd,100,63,1000000,5000,1.0,20,50000,health_ec,15.0,12.6,17.7,42.3,35.6,22.9,356.7,4027318,0.7,27318,0,7525,27318,23211,13,13,0,2918,225,225,12025,30.9,66.1,23283,17877,76.8
slow_ratio_10pct,slow_ratio,10pct,1,dynamic_sensitivity_100d_10pct_hdd,100,64,1000000,5000,1.0,20,50000,vanilla_ec,15.0,12.6,18.3,65.2,0.0,183.4,506.6,4000000,0.0,0,0,0,0,0,0,-1,-1,-1,-1,-1,0,36.4,85.4,-1,-1,-1.0
slow_ratio_10pct,slow_ratio,10pct,1,dynamic_sensitivity_100d_10pct_hdd,100,64,1000000,5000,1.0,20,50000,late_binding,15.0,10.8,15.0,49.9,23.4,70.5,403.4,5000000,25.0,1000000,150000,12086,1000000,797614,0,-1,-1,-1,-1,44,36678,29.4,68.3,-1,-1,-1.0
slow_ratio_10pct,slow_ratio,10pct,1,dynamic_sensitivity_100d_10pct_hdd,100,64,1000000,5000,1.0,20,50000,timeout_degraded_read,15.0,12.6,18.2,52.3,19.8,87.6,397.0,4194214,4.9,194214,24460,10195,194214,23580,0,-1,-1,-1,44,78,17073,32.5,70.8,-1,-1,-1.0
slow_ratio_10pct,slow_ratio,10pct,1,dynamic_sensitivity_100d_10pct_hdd,100,64,1000000,5000,1.0,20,50000,health_ec,15.0,12.6,17.7,41.7,36.1,22.4,356.7,4027040,0.7,27040,0,7297,27040,22763,13,13,0,2934,1252,1252,11890,30.8,66.0,23125,17595,76.1
slow_ratio_10pct,slow_ratio,10pct,1,dynamic_sensitivity_100d_10pct_hdd,100,65,1000000,5000,1.0,20,50000,vanilla_ec,15.0,12.6,18.3,65.0,0.0,170.5,505.6,4000000,0.0,0,0,0,0,0,0,-1,-1,-1,-1,-1,0,36.2,84.9,-1,-1,-1.0
slow_ratio_10pct,slow_ratio,10pct,1,dynamic_sensitivity_100d_10pct_hdd,100,65,1000000,5000,1.0,20,50000,late_binding,15.0,10.8,15.0,49.8,23.5,72.7,402.9,5000000,25.0,1000000,150000,12172,1000000,797465,0,-1,-1,-1,-1,6,36666,29.8,68.0,-1,-1,-1.0
slow_ratio_10pct,slow_ratio,10pct,1,dynamic_sensitivity_100d_10pct_hdd,100,65,1000000,5000,1.0,20,50000,timeout_degraded_read,15.0,12.6,18.2,51.9,20.2,88.0,396.2,4194496,4.9,194496,24141,10280,194496,23445,0,-1,-1,-1,6,6,17340,32.7,70.7,-1,-1,-1.0
slow_ratio_10pct,slow_ratio,10pct,1,dynamic_sensitivity_100d_10pct_hdd,100,65,1000000,5000,1.0,20,50000,health_ec,15.0,12.6,17.7,41.5,36.2,23.3,358.1,4026786,0.7,26786,0,7271,26786,22598,14,14,0,2938,1256,1256,11849,31.3,65.8,23050,17443,75.7
slow_ratio_10pct,slow_ratio,10pct,1,dynamic_sensitivity_100d_10pct_hdd,100,66,1000000,5000,1.0,20,50000,vanilla_ec,15.0,12.6,18.3,65.7,0.0,189.6,506.2,4000000,0.0,0,0,0,0,0,0,-1,-1,-1,-1,-1,0,36.2,85.1,-1,-1,-1.0
slow_ratio_10pct,slow_ratio,10pct,1,dynamic_sensitivity_100d_10pct_hdd,100,66,1000000,5000,1.0,20,50000,late_binding,15.0,10.8,15.0,50.4,23.2,79.4,404.8,5000000,25.0,1000000,150000,12294,1000000,797645,0,-1,-1,-1,-1,32,36887,29.6,68.3,-1,-1,-1.0
slow_ratio_10pct,slow_ratio,10pct,1,dynamic_sensitivity_100d_10pct_hdd,100,66,1000000,5000,1.0,20,50000,timeout_degraded_read,15.0,12.6,18.2,52.6,20.0,94.9,398.8,4194541,4.9,194541,24535,10357,194541,23667,0,-1,-1,-1,18,49,17477,32.9,70.7,-1,-1,-1.0
slow_ratio_10pct,slow_ratio,10pct,1,dynamic_sensitivity_100d_10pct_hdd,100,66,1000000,5000,1.0,20,50000,health_ec,15.0,12.6,17.7,42.6,35.1,23.1,358.8,4027024,0.7,27024,0,7364,27024,22815,13,13,0,2964,1084,1084,12039,30.9,66.0,23246,17567,75.6
slow_ratio_10pct,slow_ratio,10pct,1,dynamic_sensitivity_100d_10pct_hdd,100,67,1000000,5000,1.0,20,50000,vanilla_ec,15.0,12.6,18.3,65.1,0.0,173.1,501.4,4000000,0.0,0,0,0,0,0,0,-1,-1,-1,-1,-1,0,36.2,84.7,-1,-1,-1.0
slow_ratio_10pct,slow_ratio,10pct,1,dynamic_sensitivity_100d_10pct_hdd,100,67,1000000,5000,1.0,20,50000,late_binding,15.0,10.8,15.0,49.7,23.7,65.8,402.8,5000000,25.0,1000000,150000,12389,1000000,797662,0,-1,-1,-1,-1,40,36802,29.7,67.9,-1,-1,-1.0
slow_ratio_10pct,slow_ratio,10pct,1,dynamic_sensitivity_100d_10pct_hdd,100,67,1000000,5000,1.0,20,50000,timeout_degraded_read,15.0,12.6,18.2,51.9,20.2,83.8,396.8,4194266,4.9,194266,24256,10498,194266,23428,0,-1,-1,-1,2,40,17420,32.7,70.7,-1,-1,-1.0
slow_ratio_10pct,slow_ratio,10pct,1,dynamic_sensitivity_100d_10pct_hdd,100,67,1000000,5000,1.0,20,50000,health_ec,15.0,12.6,17.7,41.1,36.9,22.7,357.1,4026631,0.7,26631,0,7511,26631,22523,13,13,0,2873,1418,1418,11918,31.2,66.2,23055,17209,74.6
slow_ratio_10pct,slow_ratio,10pct,1,dynamic_sensitivity_100d_10pct_hdd,100,68,1000000,5000,1.0,20,50000,vanilla_ec,15.0,12.6,18.3,65.3,0.0,172.2,505.1,4000000,0.0,0,0,0,0,0,0,-1,-1,-1,-1,-1,0,36.2,84.6,-1,-1,-1.0
slow_ratio_10pct,slow_ratio,10pct,1,dynamic_sensitivity_100d_10pct_hdd,100,68,1000000,5000,1.0,20,50000,late_binding,15.0,10.8,15.0,49.9,23.6,66.6,404.4,5000000,25.0,1000000,150000,12199,1000000,798140,0,-1,-1,-1,-1,56,36635,29.7,67.8,-1,-1,-1.0
slow_ratio_10pct,slow_ratio,10pct,1,dynamic_sensitivity_100d_10pct_hdd,100,68,1000000,5000,1.0,20,50000,timeout_degraded_read,15.0,12.6,18.2,52.2,20.0,83.8,397.2,4193850,4.8,193850,24112,10316,193850,23478,0,-1,-1,-1,47,69,17293,32.7,70.4,-1,-1,-1.0
slow_ratio_10pct,slow_ratio,10pct,1,dynamic_sensitivity_100d_10pct_hdd,100,68,1000000,5000,1.0,20,50000,health_ec,15.0,12.6,17.7,41.3,36.8,22.5,357.3,4027184,0.7,27184,0,7507,27184,22952,13,13,0,2906,523,523,12061,30.9,66.2,22946,17519,76.3
slow_ratio_10pct,slow_ratio,10pct,1,dynamic_sensitivity_100d_10pct_hdd,100,69,1000000,5000,1.0,20,50000,vanilla_ec,15.0,12.6,18.3,64.9,0.0,174.1,505.2,4000000,0.0,0,0,0,0,0,0,-1,-1,-1,-1,-1,0,36.1,84.8,-1,-1,-1.0
slow_ratio_10pct,slow_ratio,10pct,1,dynamic_sensitivity_100d_10pct_hdd,100,69,1000000,5000,1.0,20,50000,late_binding,15.0,10.8,15.0,49.6,23.7,65.7,403.6,5000000,25.0,1000000,150000,12169,1000000,797673,0,-1,-1,-1,-1,50,36667,29.7,68.0,-1,-1,-1.0
slow_ratio_10pct,slow_ratio,10pct,1,dynamic_sensitivity_100d_10pct_hdd,100,69,1000000,5000,1.0,20,50000,timeout_degraded_read,15.0,12.6,18.2,51.9,20.1,82.0,397.6,4193247,4.8,193247,24128,10256,193247,23593,0,-1,-1,-1,50,50,17150,32.7,70.5,-1,-1,-1.0
slow_ratio_10pct,slow_ratio,10pct,1,dynamic_sensitivity_100d_10pct_hdd,100,69,1000000,5000,1.0,20,50000,health_ec,15.0,12.6,17.7,42.0,35.3,23.1,358.3,4026923,0.7,26923,0,7478,26923,22900,14,14,0,2876,828,828,11904,30.7,65.9,23204,17527,75.5
slow_ratio_10pct,slow_ratio,10pct,1,dynamic_sensitivity_100d_10pct_hdd,100,70,1000000,5000,1.0,20,50000,vanilla_ec,15.0,12.6,18.3,65.3,0.0,176.3,505.5,4000000,0.0,0,0,0,0,0,0,-1,-1,-1,-1,-1,0,36.1,85.2,-1,-1,-1.0
slow_ratio_10pct,slow_ratio,10pct,1,dynamic_sensitivity_100d_10pct_hdd,100,70,1000000,5000,1.0,20,50000,late_binding,15.0,10.8,15.0,49.8,23.6,66.1,404.8,5000000,25.0,1000000,150000,12125,1000000,796556,0,-1,-1,-1,-1,18,36474,29.8,68.1,-1,-1,-1.0
slow_ratio_10pct,slow_ratio,10pct,1,dynamic_sensitivity_100d_10pct_hdd,100,70,1000000,5000,1.0,20,50000,timeout_degraded_read,15.0,12.6,18.2,52.1,20.2,84.4,397.6,4193519,4.8,193519,24095,10262,193519,23608,0,-1,-1,-1,18,18,17085,32.9,70.7,-1,-1,-1.0
slow_ratio_10pct,slow_ratio,10pct,1,dynamic_sensitivity_100d_10pct_hdd,100,70,1000000,5000,1.0,20,50000,health_ec,15.0,12.6,17.7,41.6,36.2,22.4,356.0,4026999,0.7,26999,0,7337,26999,22790,13,13,0,2884,569,569,11902,31.2,65.8,22890,17407,76.0
slow_ratio_10pct,slow_ratio,10pct,1,dynamic_sensitivity_100d_10pct_hdd,100,71,1000000,5000,1.0,20,50000,vanilla_ec,15.0,12.6,18.3,65.4,0.0,182.8,506.4,4000000,0.0,0,0,0,0,0,0,-1,-1,-1,-1,-1,0,36.2,85.3,-1,-1,-1.0
slow_ratio_10pct,slow_ratio,10pct,1,dynamic_sensitivity_100d_10pct_hdd,100,71,1000000,5000,1.0,20,50000,late_binding,15.0,10.8,15.0,50.3,23.2,67.9,402.7,5000000,25.0,1000000,150000,12076,1000000,797927,0,-1,-1,-1,-1,41,36605,29.6,68.0,-1,-1,-1.0
slow_ratio_10pct,slow_ratio,10pct,1,dynamic_sensitivity_100d_10pct_hdd,100,71,1000000,5000,1.0,20,50000,timeout_degraded_read,15.0,12.6,18.2,52.5,19.8,85.7,396.8,4194176,4.9,194176,24431,10217,194176,23431,0,-1,-1,-1,41,93,17091,32.8,70.7,-1,-1,-1.0
slow_ratio_10pct,slow_ratio,10pct,1,dynamic_sensitivity_100d_10pct_hdd,100,71,1000000,5000,1.0,20,50000,health_ec,15.0,12.6,17.7,41.8,36.1,22.1,358.3,4026560,0.7,26560,0,7043,26560,22464,13,13,0,2888,2087,2087,11507,31.1,65.9,23000,17399,75.6
slow_ratio_20pct,slow_ratio,20pct,1,dynamic_sensitivity_100d_20pct_hdd,100,42,1000000,5000,1.0,20,50000,vanilla_ec,15.0,12.7,23.7,78.9,0.0,398.4,615.6,4000000,0.0,0,0,0,0,0,0,-1,-1,-1,-1,-1,0,39.9,99.4,-1,-1,-1.0
slow_ratio_20pct,slow_ratio,20pct,1,dynamic_sensitivity_100d_20pct_hdd,100,42,1000000,5000,1.0,20,50000,late_binding,15.0,10.9,19.4,64.3,18.5,334.5,469.8,5000000,25.0,1000000,150000,20872,1000000,796275,0,-1,-1,-1,-1,3,65463,32.6,75.9,-1,-1,-1.0
slow_ratio_20pct,slow_ratio,20pct,1,dynamic_sensitivity_100d_20pct_hdd,100,42,1000000,5000,1.0,20,50000,timeout_degraded_read,15.0,12.7,22.8,67.1,14.9,332.8,472.0,4216869,5.4,216869,24130,17251,216869,33402,0,-1,-1,-1,3,3,25939,36.2,79.1,-1,-1,-1.0
slow_ratio_20pct,slow_ratio,20pct,1,dynamic_sensitivity_100d_20pct_hdd,100,42,1000000,5000,1.0,20,50000,health_ec,15.0,12.7,19.7,63.0,20.1,279.1,451.1,4044050,1.1,44050,0,10338,44050,35650,21,21,0,5888,348,348,14332,35.9,75.6,37673,27199,72.2
slow_ratio_20pct,slow_ratio,20pct,1,dynamic_sensitivity_100d_20pct_hdd,100,43,1000000,5000,1.0,20,50000,vanilla_ec,15.0,12.7,23.4,78.4,0.0,394.8,608.4,4000000,0.0,0,0,0,0,0,0,-1,-1,-1,-1,-1,0,39.8,98.1,-1,-1,-1.0
slow_ratio_20pct,slow_ratio,20pct,1,dynamic_sensitivity_100d_20pct_hdd,100,43,1000000,5000,1.0,20,50000,late_binding,15.0,10.9,19.2,64.2,18.2,332.0,467.2,5000000,25.0,1000000,150000,20426,1000000,796041,0,-1,-1,-1,-1,8,64756,32.5,75.4,-1,-1,-1.0
slow_ratio_20pct,slow_ratio,20pct,1,dynamic_sensitivity_100d_20pct_hdd,100,43,1000000,5000,1.0,20,50000,timeout_degraded_read,15.0,12.7,22.6,66.9,14.6,330.4,469.2,4216572,5.4,216572,24335,16830,216572,33049,0,-1,-1,-1,8,8,25416,36.0,78.7,-1,-1,-1.0
slow_ratio_20pct,slow_ratio,20pct,1,dynamic_sensitivity_100d_20pct_hdd,100,43,1000000,5000,1.0,20,50000,health_ec,15.0,12.7,19.5,62.7,20.0,273.2,448.0,4043052,1.1,43052,0,10272,43052,35162,21,21,0,5863,603,603,14201,36.0,75.7,36831,26729,72.6
slow_ratio_20pct,slow_ratio,20pct,1,dynamic_sensitivity_100d_20pct_hdd,100,44,1000000,5000,1.0,20,50000,vanilla_ec,15.0,12.7,23.4,78.7,0.0,395.4,619.6,4000000,0.0,0,0,0,0,0,0,-1,-1,-1,-1,-1,0,39.9,98.6,-1,-1,-1.0
slow_ratio_20pct,slow_ratio,20pct,1,dynamic_sensitivity_100d_20pct_hdd,100,44,1000000,5000,1.0,20,50000,late_binding,15.0,10.9,19.2,64.2,18.4,331.4,467.7,5000000,25.0,1000000,150000,20592,1000000,796048,0,-1,-1,-1,-1,3,65105,32.5,75.7,-1,-1,-1.0
slow_ratio_20pct,slow_ratio,20pct,1,dynamic_sensitivity_100d_20pct_hdd,100,44,1000000,5000,1.0,20,50000,timeout_degraded_read,15.0,12.7,22.6,67.0,14.9,330.6,469.7,4216677,5.4,216677,24274,17043,216677,33180,0,-1,-1,-1,3,16,25680,36.0,78.9,-1,-1,-1.0
slow_ratio_20pct,slow_ratio,20pct,1,dynamic_sensitivity_100d_20pct_hdd,100,44,1000000,5000,1.0,20,50000,health_ec,15.0,12.7,19.5,62.8,20.2,273.8,447.7,4043323,1.1,43323,0,10647,43323,35419,20,19,0,5828,390,406,14649,35.8,76.1,36800,26587,72.2
slow_ratio_20pct,slow_ratio,20pct,1,dynamic_sensitivity_100d_20pct_hdd,100,45,1000000,5000,1.0,20,50000,vanilla_ec,15.0,12.7,23.7,78.5,0.0,396.0,610.9,4000000,0.0,0,0,0,0,0,0,-1,-1,-1,-1,-1,0,39.9,99.2,-1,-1,-1.0
slow_ratio_20pct,slow_ratio,20pct,1,dynamic_sensitivity_100d_20pct_hdd,100,45,1000000,5000,1.0,20,50000,late_binding,15.0,10.9,19.4,64.1,18.4,332.9,467.8,5000000,25.0,1000000,150000,20879,1000000,795843,0,-1,-1,-1,-1,4,65055,32.6,75.6,-1,-1,-1.0
slow_ratio_20pct,slow_ratio,20pct,1,dynamic_sensitivity_100d_20pct_hdd,100,45,1000000,5000,1.0,20,50000,timeout_degraded_read,15.0,12.7,22.8,66.9,14.8,331.6,469.0,4216705,5.4,216705,24045,17364,216705,33179,0,-1,-1,-1,4,39,26030,36.0,78.8,-1,-1,-1.0
slow_ratio_20pct,slow_ratio,20pct,1,dynamic_sensitivity_100d_20pct_hdd,100,45,1000000,5000,1.0,20,50000,health_ec,15.0,12.7,19.7,63.0,19.8,279.2,449.0,4044640,1.1,44640,0,10935,44640,35978,20,20,0,6032,146,146,14977,35.9,75.7,37658,27051,71.8
slow_ratio_20pct,slow_ratio,20pct,1,dynamic_sensitivity_100d_20pct_hdd,100,46,1000000,5000,1.0,20,50000,vanilla_ec,15.0,12.7,23.7,78.7,0.0,396.1,609.9,4000000,0.0,0,0,0,0,0,0,-1,-1,-1,-1,-1,0,39.8,98.0,-1,-1,-1.0
slow_ratio_20pct,slow_ratio,20pct,1,dynamic_sensitivity_100d_20pct_hdd,100,46,1000000,5000,1.0,20,50000,late_binding,15.0,10.9,19.3,64.1,18.6,331.9,467.3,5000000,25.0,1000000,150000,20472,1000000,795818,0,-1,-1,-1,-1,1,64800,32.5,75.6,-1,-1,-1.0
slow_ratio_20pct,slow_ratio,20pct,1,dynamic_sensitivity_100d_20pct_hdd,100,46,1000000,5000,1.0,20,50000,timeout_degraded_read,15.0,12.7,22.8,67.0,14.9,331.1,469.1,4217086,5.4,217086,24428,16962,217086,33458,0,-1,-1,-1,1,42,25663,36.1,78.8,-1,-1,-1.0
slow_ratio_20pct,slow_ratio,20pct,1,dynamic_sensitivity_100d_20pct_hdd,100,46,1000000,5000,1.0,20,50000,health_ec,15.0,12.7,19.5,62.7,20.3,275.0,447.4,4043719,1.1,43719,0,10600,43719,35646,21,21,0,5931,735,735,14613,36.1,75.7,37194,26888,72.3
slow_ratio_20pct,slow_ratio,20pct,1,dynamic_sensitivity_100d_20pct_hdd,100,47,1000000,5000,1.0,20,50000,vanilla_ec,15.0,12.7,23.6,78.7,0.0,395.1,615.2,4000000,0.0,0,0,0,0,0,0,-1,-1,-1,-1,-1,0,39.9,98.4,-1,-1,-1.0
slow_ratio_20pct,slow_ratio,20pct,1,dynamic_sensitivity_100d_20pct_hdd,100,47,1000000,5000,1.0,20,50000,late_binding,15.0,10.9,19.3,64.1,18.5,332.8,467.8,5000000,25.0,1000000,150000,20694,1000000,796126,0,-1,-1,-1,-1,17,65115,32.6,75.3,-1,-1,-1.0
slow_ratio_20pct,slow_ratio,20pct,1,dynamic_sensitivity_100d_20pct_hdd,100,47,1000000,5000,1.0,20,50000,timeout_degraded_read,15.0,12.7,22.7,67.0,14.8,331.8,471.0,4216324,5.4,216324,24012,17119,216324,33257,0,-1,-1,-1,17,38,25750,36.3,78.8,-1,-1,-1.0
slow_ratio_20pct,slow_ratio,20pct,1,dynamic_sensitivity_100d_20pct_hdd,100,47,1000000,5000,1.0,20,50000,health_ec,15.0,12.7,19.6,62.9,20.0,274.7,448.9,4044355,1.1,44355,0,10623,44355,35871,20,20,0,5933,464,464,14576,36.0,75.6,37362,27170,72.7
slow_ratio_20pct,slow_ratio,20pct,1,dynamic_sensitivity_100d_20pct_hdd,100,48,1000000,5000,1.0,20,50000,vanilla_ec,15.0,12.7,23.8,78.7,0.0,396.7,609.4,4000000,0.0,0,0,0,0,0,0,-1,-1,-1,-1,-1,0,39.8,98.2,-1,-1,-1.0
slow_ratio_20pct,slow_ratio,20pct,1,dynamic_sensitivity_100d_20pct_hdd,100,48,1000000,5000,1.0,20,50000,late_binding,15.0,10.9,19.4,64.2,18.5,333.1,469.9,5000000,25.0,1000000,150000,20856,1000000,796252,0,-1,-1,-1,-1,7,65206,32.7,75.6,-1,-1,-1.0
slow_ratio_20pct,slow_ratio,20pct,1,dynamic_sensitivity_100d_20pct_hdd,100,48,1000000,5000,1.0,20,50000,timeout_degraded_read,15.0,12.7,22.8,67.1,14.8,331.3,470.4,4217180,5.4,217180,24350,17368,217180,33440,0,-1,-1,-1,7,26,26106,36.2,78.9,-1,-1,-1.0
slow_ratio_20pct,slow_ratio,20pct,1,dynamic_sensitivity_100d_20pct_hdd,100,48,1000000,5000,1.0,20,50000,health_ec,15.0,12.7,19.5,62.8,20.2,276.9,450.6,4043354,1.1,43354,0,10638,43354,35422,22,21,0,5941,242,242,14459,36.6,75.7,37456,26887,71.8
slow_ratio_20pct,slow_ratio,20pct,1,dynamic_sensitivity_100d_20pct_hdd,100,49,1000000,5000,1.0,20,50000,vanilla_ec,15.0,12.7,23.5,79.1,0.0,396.3,618.5,4000000,0.0,0,0,0,0,0,0,-1,-1,-1,-1,-1,0,39.7,99.8,-1,-1,-1.0
slow_ratio_20pct,slow_ratio,20pct,1,dynamic_sensitivity_100d_20pct_hdd,100,49,1000000,5000,1.0,20,50000,late_binding,15.0,10.9,19.2,64.5,18.4,334.1,469.3,5000000,25.0,1000000,150000,20718,1000000,796114,0,-1,-1,-1,-1,3,65292,32.5,75.8,-1,-1,-1.0
slow_ratio_20pct,slow_ratio,20pct,1,dynamic_sensitivity_100d_20pct_hdd,100,49,1000000,5000,1.0,20,50000,timeout_degraded_read,15.0,12.7,22.6,67.3,14.9,333.3,471.7,4216250,5.4,216250,24215,17205,216250,33479,0,-1,-1,-1,3,3,25840,36.0,79.1,-1,-1,-1.0
slow_ratio_20pct,slow_ratio,20pct,1,dynamic_sensitivity_100d_20pct_hdd,100,49,1000000,5000,1.0,20,50000,health_ec,15.0,12.7,19.5,63.1,20.1,277.4,449.5,4043192,1.1,43192,0,10437,43192,35387,20,20,0,5926,197,197,14447,36.1,75.7,37003,26674,72.1
slow_ratio_20pct,slow_ratio,20pct,1,dynamic_sensitivity_100d_20pct_hdd,100,50,1000000,5000,1.0,20,50000,vanilla_ec,15.0,12.7,23.5,78.7,0.0,393.6,616.1,4000000,0.0,0,0,0,0,0,0,-1,-1,-1,-1,-1,0,39.7,99.7,-1,-1,-1.0
slow_ratio_20pct,slow_ratio,20pct,1,dynamic_sensitivity_100d_20pct_hdd,100,50,1000000,5000,1.0,20,50000,late_binding,15.0,10.9,19.2,64.0,18.7,331.0,468.6,5000000,25.0,1000000,150000,20735,1000000,796958,0,-1,-1,-1,-1,1,65043,32.7,75.7,-1,-1,-1.0
slow_ratio_20pct,slow_ratio,20pct,1,dynamic_sensitivity_100d_20pct_hdd,100,50,1000000,5000,1.0,20,50000,timeout_degraded_read,15.0,12.7,22.6,66.8,15.0,329.7,471.9,4217139,5.4,217139,24316,17260,217139,33005,0,-1,-1,-1,1,1,25833,36.1,79.3,-1,-1,-1.0
slow_ratio_20pct,slow_ratio,20pct,1,dynamic_sensitivity_100d_20pct_hdd,100,50,1000000,5000,1.0,20,50000,health_ec,15.0,12.7,19.5,62.6,20.4,272.8,448.0,4043423,1.1,43423,0,10516,43423,35484,21,21,0,5965,718,718,14448,36.2,75.5,37238,26756,71.9
slow_ratio_20pct,slow_ratio,20pct,1,dynamic_sensitivity_100d_20pct_hdd,100,51,1000000,5000,1.0,20,50000,vanilla_ec,15.0,12.7,23.4,78.7,0.0,394.1,612.0,4000000,0.0,0,0,0,0,0,0,-1,-1,-1,-1,-1,0,39.9,98.7,-1,-1,-1.0
slow_ratio_20pct,slow_ratio,20pct,1,dynamic_sensitivity_100d_20pct_hdd,100,51,1000000,5000,1.0,20,50000,late_binding,15.0,10.9,19.2,64.1,18.5,331.8,466.8,5000000,25.0,1000000,150000,20624,1000000,796511,0,-1,-1,-1,-1,8,64955,32.6,75.3,-1,-1,-1.0
slow_ratio_20pct,slow_ratio,20pct,1,dynamic_sensitivity_100d_20pct_hdd,100,51,1000000,5000,1.0,20,50000,timeout_degraded_read,15.0,12.7,22.6,67.0,14.9,330.2,470.4,4217110,5.4,217110,24297,17100,217110,32936,0,-1,-1,-1,8,8,25790,36.2,78.9,-1,-1,-1.0
slow_ratio_20pct,slow_ratio,20pct,1,dynamic_sensitivity_100d_20pct_hdd,100,51,1000000,5000,1.0,20,50000,health_ec,15.0,12.7,19.5,62.9,20.1,275.2,447.9,4043730,1.1,43730,0,10696,43730,35783,23,23,0,5766,326,326,14642,35.9,75.4,37104,26842,72.3
slow_ratio_20pct,slow_ratio,20pct,1,dynamic_sensitivity_100d_20pct_hdd,100,52,1000000,5000,1.0,20,50000,vanilla_ec,15.0,12.7,23.3,78.4,0.0,393.2,606.1,4000000,0.0,0,0,0,0,0,0,-1,-1,-1,-1,-1,0,39.9,98.1,-1,-1,-1.0
slow_ratio_20pct,slow_ratio,20pct,1,dynamic_sensitivity_100d_20pct_hdd,100,52,1000000,5000,1.0,20,50000,late_binding,15.0,10.9,19.1,64.0,18.4,330.9,468.5,5000000,25.0,1000000,150000,20740,1000000,796546,0,-1,-1,-1,-1,14,65133,32.7,75.6,-1,-1,-1.0
slow_ratio_20pct,slow_ratio,20pct,1,dynamic_sensitivity_100d_20pct_hdd,100,52,1000000,5000,1.0,20,50000,timeout_degraded_read,15.0,12.7,22.5,66.8,14.9,329.3,471.4,4216613,5.4,216613,24278,17279,216613,32837,0,-1,-1,-1,14,15,25837,36.2,79.1,-1,-1,-1.0
slow_ratio_20pct,slow_ratio,20pct,1,dynamic_sensitivity_100d_20pct_hdd,100,52,1000000,5000,1.0,20,50000,health_ec,15.0,12.7,19.6,62.8,20.0,274.8,449.5,4043271,1.1,43271,0,10142,43271,35069,20,20,0,5856,259,259,13932,35.8,76.1,37237,26796,72.0
slow_ratio_20pct,slow_ratio,20pct,1,dynamic_sensitivity_100d_20pct_hdd,100,53,1000000,5000,1.0,20,50000,vanilla_ec,15.0,12.7,23.0,78.4,0.0,390.7,615.3,4000000,0.0,0,0,0,0,0,0,-1,-1,-1,-1,-1,0,39.8,99.7,-1,-1,-1.0
slow_ratio_20pct,slow_ratio,20pct,1,dynamic_sensitivity_100d_20pct_hdd,100,53,1000000,5000,1.0,20,50000,late_binding,15.0,10.9,18.9,63.8,18.6,328.1,467.9,5000000,25.0,1000000,150000,20688,1000000,796015,0,-1,-1,-1,-1,16,64803,32.4,75.5,-1,-1,-1.0
slow_ratio_20pct,slow_ratio,20pct,1,dynamic_sensitivity_100d_20pct_hdd,100,53,1000000,5000,1.0,20,50000,timeout_degraded_read,15.0,12.7,22.3,66.7,14.9,327.3,470.0,4216383,5.4,216383,24278,17113,216383,32756,0,-1,-1,-1,16,16,25653,36.1,79.0,-1,-1,-1.0
slow_ratio_20pct,slow_ratio,20pct,1,dynamic_sensitivity_100d_20pct_hdd,100,53,1000000,5000,1.0,20,50000,health_ec,15.0,12.7,19.5,62.3,20.5,270.6,448.0,4043263,1.1,43263,0,10482,43263,35022,20,20,0,5811,953,1120,14452,36.0,75.1,36771,26412,71.8
slow_ratio_20pct,slow_ratio,20pct,1,dynamic_sensitivity_100d_20pct_hdd,100,54,1000000,5000,1.0,20,50000,vanilla_ec,15.0,12.7,23.5,78.5,0.0,394.0,612.1,4000000,0.0,0,0,0,0,0,0,-1,-1,-1,-1,-1,0,39.6,99.3,-1,-1,-1.0
slow_ratio_20pct,slow_ratio,20pct,1,dynamic_sensitivity_100d_20pct_hdd,100,54,1000000,5000,1.0,20,50000,late_binding,15.0,10.9,19.2,64.0,18.5,331.8,468.9,5000000,25.0,1000000,150000,20672,1000000,795696,0,-1,-1,-1,-1,21,65289,32.5,75.6,-1,-1,-1.0
slow_ratio_20pct,slow_ratio,20pct,1,dynamic_sensitivity_100d_20pct_hdd,100,54,1000000,5000,1.0,20,50000,timeout_degraded_read,15.0,12.7,22.7,66.8,14.9,330.4,470.1,4216729,5.4,216729,24333,17209,216729,33239,0,-1,-1,-1,21,28,25753,36.0,79.0,-1,-1,-1.0
slow_ratio_20pct,slow_ratio,20pct,1,dynamic_sensitivity_100d_20pct_hdd,100,54,1000000,5000,1.0,20,50000,health_ec,15.0,12.7,19.6,62.7,20.1,276.4,448.7,4043952,1.1,43952,0,10370,43952,35579,20,20,0,5834,376,376,14240,35.7,75.6,37391,27148,72.6
slow_ratio_20pct,slow_ratio,20pct,1,dynamic_sensitivity_100d_20pct_hdd,100,55,1000000,5000,1.0,20,50000,vanilla_ec,15.0,12.7,23.5,78.5,0.0,394.7,611.1,4000000,0.0,0,0,0,0,0,0,-1,-1,-1,-1,-1,0,39.8,99.2,-1,-1,-1.0
slow_ratio_20pct,slow_ratio,20pct,1,dynamic_sensitivity_100d_20pct_hdd,100,55,1000000,5000,1.0,20,50000,late_binding,15.0,10.9,19.2,64.1,18.3,332.2,467.6,5000000,25.0,1000000,150000,20869,1000000,796378,0,-1,-1,-1,-1,18,65313,32.5,75.6,-1,-1,-1.0
slow_ratio_20pct,slow_ratio,20pct,1,dynamic_sensitivity_100d_20pct_hdd,100,55,1000000,5000,1.0,20,50000,timeout_degraded_read,15.0,12.7,22.7,66.9,14.7,329.5,469.8,4217276,5.4,217276,24352,17213,217276,33138,0,-1,-1,-1,18,18,25887,36.1,79.1,-1,-1,-1.0
slow_ratio_20pct,slow_ratio,20pct,1,dynamic_sensitivity_100d_20pct_hdd,100,55,1000000,5000,1.0,20,50000,health_ec,15.0,12.7,19.7,63.1,19.6,278.2,449.0,4045242,1.1,45242,0,11011,45242,36543,21,21,0,5862,1432,1432,15104,36.0,76.0,37531,27531,73.4
slow_ratio_20pct,slow_ratio,20pct,1,dynamic_sensitivity_100d_20pct_hdd,100,56,1000000,5000,1.0,20,50000,vanilla_ec,15.0,12.7,23.3,78.7,0.0,394.9,614.1,4000000,0.0,0,0,0,0,0,0,-1,-1,-1,-1,-1,0,40.1,98.6,-1,-1,-1.0
slow_ratio_20pct,slow_ratio,20pct,1,dynamic_sensitivity_100d_20pct_hdd,100,56,1000000,5000,1.0,20,50000,late_binding,15.0,10.9,19.0,64.1,18.6,330.4,467.7,5000000,25.0,1000000,150000,20693,1000000,795604,0,-1,-1,-1,-1,15,64893,32.5,75.6,-1,-1,-1.0
slow_ratio_20pct,slow_ratio,20pct,1,dynamic_sensitivity_100d_20pct_hdd,100,56,1000000,5000,1.0,20,50000,timeout_degraded_read,15.0,12.7,22.5,67.0,14.9,329.9,470.7,4216371,5.4,216371,24156,17083,216371,33122,0,-1,-1,-1,15,15,25776,36.0,79.0,-1,-1,-1.0
slow_ratio_20pct,slow_ratio,20pct,1,dynamic_sensitivity_100d_20pct_hdd,100,56,1000000,5000,1.0,20,50000,health_ec,15.0,12.7,19.4,62.8,20.3,276.0,449.8,4043151,1.1,43151,0,10718,43151,35273,22,22,0,5902,1823,1823,14683,36.2,76.0,36947,26480,71.7
slow_ratio_20pct,slow_ratio,20pct,1,dynamic_sensitivity_100d_20pct_hdd,100,57,1000000,5000,1.0,20,50000,vanilla_ec,15.0,12.7,23.5,78.5,0.0,395.5,610.5,4000000,0.0,0,0,0,0,0,0,-1,-1,-1,-1,-1,0,39.8,98.7,-1,-1,-1.0
slow_ratio_20pct,slow_ratio,20pct,1,dynamic_sensitivity_100d_20pct_hdd,100,57,1000000,5000,1.0,20,50000,late_binding,15.0,10.9,19.3,64.2,18.2,331.7,469.6,5000000,25.0,1000000,150000,20996,1000000,796211,0,-1,-1,-1,-1,6,65385,32.6,75.9,-1,-1,-1.0
slow_ratio_20pct,slow_ratio,20pct,1,dynamic_sensitivity_100d_20pct_hdd,100,57,1000000,5000,1.0,20,50000,timeout_degraded_read,15.0,12.7,22.6,67.1,14.5,331.5,471.1,4217249,5.4,217249,24491,17335,217249,32795,0,-1,-1,-1,6,7,25966,36.0,79.2,-1,-1,-1.0
slow_ratio_20pct,slow_ratio,20pct,1,dynamic_sensitivity_100d_20pct_hdd,100,57,1000000,5000,1.0,20,50000,health_ec,15.0,12.7,19.5,62.7,20.1,273.1,450.1,4042840,1.1,42840,0,10284,42840,34929,20,20,0,5842,2019,2185,14061,36.1,75.8,36939,26569,71.9
slow_ratio_20pct,slow_ratio,20pct,1,dynamic_sensitivity_100d_20pct_hdd,100,58,1000000,5000,1.0,20,50000,vanilla_ec,15.0,12.7,23.4,78.5,0.0,393.7,610.9,4000000,0.0,0,0,0,0,0,0,-1,-1,-1,-1,-1,0,39.7,98.1,-1,-1,-1.0
slow_ratio_20pct,slow_ratio,20pct,1,dynamic_sensitivity_100d_20pct_hdd,100,58,1000000,5000,1.0,20,50000,late_binding,15.0,10.9,19.2,64.0,18.4,332.1,466.0,5000000,25.0,1000000,150000,20566,1000000,796337,0,-1,-1,-1,-1,10,65265,32.5,75.4,-1,-1,-1.0
slow_ratio_20pct,slow_ratio,20pct,1,dynamic_sensitivity_100d_20pct_hdd,100,58,1000000,5000,1.0,20,50000,timeout_degraded_read,15.0,12.7,22.6,67.0,14.7,330.4,468.4,4216314,5.4,216314,24507,16951,216314,33030,0,-1,-1,-1,10,68,25652,36.0,78.7,-1,-1,-1.0
slow_ratio_20pct,slow_ratio,20pct,1,dynamic_sensitivity_100d_20pct_hdd,100,58,1000000,5000,1.0,20,50000,health_ec,15.0,12.7,19.5,62.7,20.1,274.8,447.0,4042855,1.1,42855,0,10295,42855,35124,20,20,0,5913,1358,1358,14338,36.1,75.5,37027,26630,71.9
slow_ratio_20pct,slow_ratio,20pct,1,dynamic_sensitivity_100d_20pct_hdd,100,59,1000000,5000,1.0,20,50000,vanilla_ec,15.0,12.7,23.4,78.7,0.0,394.9,609.0,4000000,0.0,0,0,0,0,0,0,-1,-1,-1,-1,-1,0,39.8,98.5,-1,-1,-1.0
slow_ratio_20pct,slow_ratio,20pct,1,dynamic_sensitivity_100d_20pct_hdd,100,59,1000000,5000,1.0,20,50000,late_binding,15.0,10.9,19.2,64.2,18.4,332.3,468.5,5000000,25.0,1000000,150000,20456,1000000,795931,0,-1,-1,-1,-1,22,64517,32.6,75.6,-1,-1,-1.0
slow_ratio_20pct,slow_ratio,20pct,1,dynamic_sensitivity_100d_20pct_hdd,100,59,1000000,5000,1.0,20,50000,timeout_degraded_read,15.0,12.7,22.6,66.9,14.9,330.4,471.2,4217274,5.4,217274,24873,17056,217274,32963,0,-1,-1,-1,6,22,25595,36.2,79.2,-1,-1,-1.0
slow_ratio_20pct,slow_ratio,20pct,1,dynamic_sensitivity_100d_20pct_hdd,100,59,1000000,5000,1.0,20,50000,health_ec,15.0,12.7,19.4,62.9,20.1,273.5,448.5,4043227,1.1,43227,0,10383,43227,35204,21,21,0,5880,587,636,14304,35.9,75.6,36798,26571,72.2
slow_ratio_20pct,slow_ratio,20pct,1,dynamic_sensitivity_100d_20pct_hdd,100,60,1000000,5000,1.0,20,50000,vanilla_ec,15.0,12.7,23.2,78.5,0.0,393.8,610.7,4000000,0.0,0,0,0,0,0,0,-1,-1,-1,-1,-1,0,39.8,98.1,-1,-1,-1.0
slow_ratio_20pct,slow_ratio,20pct,1,dynamic_sensitivity_100d_20pct_hdd,100,60,1000000,5000,1.0,20,50000,late_binding,15.0,10.9,19.0,64.2,18.3,331.3,468.8,5000000,25.0,1000000,150000,20324,1000000,796104,0,-1,-1,-1,-1,23,64248,32.5,75.6,-1,-1,-1.0
slow_ratio_20pct,slow_ratio,20pct,1,dynamic_sensitivity_100d_20pct_hdd,100,60,1000000,5000,1.0,20,50000,timeout_degraded_read,15.0,12.7,22.4,67.0,14.7,330.2,470.5,4216365,5.4,216365,24376,16790,216365,32865,0,-1,-1,-1,7,58,25335,36.1,79.0,-1,-1,-1.0
slow_ratio_20pct,slow_ratio,20pct,1,dynamic_sensitivity_100d_20pct_hdd,100,60,1000000,5000,1.0,20,50000,health_ec,15.0,12.7,19.4,62.7,20.2,272.1,449.5,4043012,1.1,43012,0,10592,43012,35005,24,24,0,5623,386,386,14660,36.0,75.8,36654,26106,71.2
slow_ratio_20pct,slow_ratio,20pct,1,dynamic_sensitivity_100d_20pct_hdd,100,61,1000000,5000,1.0,20,50000,vanilla_ec,15.0,12.7,23.4,78.3,0.0,394.4,614.0,4000000,0.0,0,0,0,0,0,0,-1,-1,-1,-1,-1,0,39.9,99.7,-1,-1,-1.0
slow_ratio_20pct,slow_ratio,20pct,1,dynamic_sensitivity_100d_20pct_hdd,100,61,1000000,5000,1.0,20,50000,late_binding,15.0,10.9,19.2,64.1,18.2,332.6,466.8,5000000,25.0,1000000,150000,20615,1000000,796118,0,-1,-1,-1,-1,3,65115,32.5,75.5,-1,-1,-1.0
slow_ratio_20pct,slow_ratio,20pct,1,dynamic_sensitivity_100d_20pct_hdd,100,61,1000000,5000,1.0,20,50000,timeout_degraded_read,15.0,12.7,22.6,66.9,14.6,329.9,469.6,4216155,5.4,216155,24063,17059,216155,33050,0,-1,-1,-1,3,3,25660,36.3,78.9,-1,-1,-1.0
slow_ratio_20pct,slow_ratio,20pct,1,dynamic_sensitivity_100d_20pct_hdd,100,61,1000000,5000,1.0,20,50000,health_ec,15.0,12.7,19.5,62.6,20.1,273.8,446.5,4043881,1.1,43881,0,10582,43881,35672,23,23,0,5802,217,217,14729,35.8,75.6,36937,26764,72.5
slow_ratio_20pct,slow_ratio,20pct,1,dynamic_sensitivity_100d_20pct_hdd,100,62,1000000,5000,1.0,20,50000,vanilla_ec,15.0,12.7,23.6,78.9,0.0,395.6,615.7,4000000,0.0,0,0,0,0,0,0,-1,-1,-1,-1,-1,0,40.1,98.9,-1,-1,-1.0
slow_ratio_20pct,slow_ratio,20pct,1,dynamic_sensitivity_100d_20pct_hdd,100,62,1000000,5000,1.0,20,50000,late_binding,15.0,10.9,19.2,64.2,18.7,332.3,469.3,5000000,25.0,1000000,150000,20288,1000000,796383,0,-1,-1,-1,-1,0,64841,32.6,75.7,-1,-1,-1.0
slow_ratio_20pct,slow_ratio,20pct,1,dynamic_sensitivity_100d_20pct_hdd,100,62,1000000,5000,1.0,20,50000,timeout_degraded_read,15.0,12.7,22.6,67.0,15.1,331.2,471.1,4216531,5.4,216531,24069,16722,216531,33216,0,-1,-1,-1,0,0,25454,36.2,79.1,-1,-1,-1.0
slow_ratio_20pct,slow_ratio,20pct,1,dynamic_sensitivity_100d_20pct_hdd,100,62,1000000,5000,1.0,20,50000,health_ec,15.0,12.7,19.6,63.0,20.2,278.0,451.1,4044433,1.1,44433,0,10612,44433,35991,21,21,0,5913,573,573,14613,36.3,75.9,37484,27148,72.4
slow_ratio_20pct,slow_ratio,20pct,1,dynamic_sensitivity_100d_20pct_hdd,100,63,1000000,5000,1.0,20,50000,vanilla_ec,15.0,12.7,23.5,78.8,0.0,395.3,609.3,4000000,0.0,0,0,0,0,0,0,-1,-1,-1,-1,-1,0,40.1,98.3,-1,-1,-1.0
slow_ratio_20pct,slow_ratio,20pct,1,dynamic_sensitivity_100d_20pct_hdd,100,63,1000000,5000,1.0,20,50000,late_binding,15.0,10.9,19.2,64.1,18.6,332.3,468.1,5000000,25.0,1000000,150000,20551,1000000,796545,0,-1,-1,-1,-1,10,65219,32.5,75.4,-1,-1,-1.0
slow_ratio_20pct,slow_ratio,20pct,1,dynamic_sensitivity_100d_20pct_hdd,100,63,1000000,5000,1.0,20,50000,timeout_degraded_read,15.0,12.7,22.5,67.0,15.0,329.9,469.0,4216652,5.4,216652,24322,17025,216652,33221,0,-1,-1,-1,10,24,25734,36.1,78.9,-1,-1,-1.0
slow_ratio_20pct,slow_ratio,20pct,1,dynamic_sensitivity_100d_20pct_hdd,100,63,1000000,5000,1.0,20,50000,health_ec,15.0,12.7,19.5,62.9,20.2,275.4,448.5,4044562,1.1,44562,0,10737,44562,36081,21,21,0,5924,690,690,14674,36.0,75.7,37448,27227,72.7
slow_ratio_20pct,slow_ratio,20pct,1,dynamic_sensitivity_100d_20pct_hdd,100,64,1000000,5000,1.0,20,50000,vanilla_ec,15.0,12.7,23.5,78.5,0.0,394.6,611.8,4000000,0.0,0,0,0,0,0,0,-1,-1,-1,-1,-1,0,39.8,99.5,-1,-1,-1.0
slow_ratio_20pct,slow_ratio,20pct,1,dynamic_sensitivity_100d_20pct_hdd,100,64,1000000,5000,1.0,20,50000,late_binding,15.0,10.9,19.3,64.2,18.3,332.3,467.3,5000000,25.0,1000000,150000,20519,1000000,796144,0,-1,-1,-1,-1,7,64931,32.5,75.6,-1,-1,-1.0
slow_ratio_20pct,slow_ratio,20pct,1,dynamic_sensitivity_100d_20pct_hdd,100,64,1000000,5000,1.0,20,50000,timeout_degraded_read,15.0,12.7,22.7,67.0,14.7,330.3,470.5,4217107,5.4,217107,24460,17011,217107,33075,0,-1,-1,-1,7,7,25713,36.1,79.1,-1,-1,-1.0
slow_ratio_20pct,slow_ratio,20pct,1,dynamic_sensitivity_100d_20pct_hdd,100,64,1000000,5000,1.0,20,50000,health_ec,15.0,12.7,19.5,62.8,20.1,274.9,449.5,4042903,1.1,42903,0,10756,42903,35046,20,20,0,5773,1506,1506,14761,36.0,75.5,37015,26193,70.8
slow_ratio_20pct,slow_ratio,20pct,1,dynamic_sensitivity_100d_20pct_hdd,100,65,1000000,5000,1.0,20,50000,vanilla_ec,15.0,12.7,23.5,78.5,0.0,394.3,610.9,4000000,0.0,0,0,0,0,0,0,-1,-1,-1,-1,-1,0,39.4,98.7,-1,-1,-1.0
slow_ratio_20pct,slow_ratio,20pct,1,dynamic_sensitivity_100d_20pct_hdd,100,65,1000000,5000,1.0,20,50000,late_binding,15.0,10.9,19.2,64.0,18.5,332.6,470.3,5000000,25.0,1000000,150000,20464,1000000,795824,0,-1,-1,-1,-1,2,64611,32.7,75.9,-1,-1,-1.0
slow_ratio_20pct,slow_ratio,20pct,1,dynamic_sensitivity_100d_20pct_hdd,100,65,1000000,5000,1.0,20,50000,timeout_degraded_read,15.0,12.7,22.7,67.0,14.7,331.3,470.1,4217122,5.4,217122,24141,16984,217122,32968,0,-1,-1,-1,2,2,25635,36.0,78.7,-1,-1,-1.0
slow_ratio_20pct,slow_ratio,20pct,1,dynamic_sensitivity_100d_20pct_hdd,100,65,1000000,5000,1.0,20,50000,health_ec,15.0,12.7,19.5,62.8,19.9,276.2,449.4,4043691,1.1,43691,0,10866,43691,35579,20,20,0,5821,1441,1441,14951,36.1,75.7,36959,26610,72.0
slow_ratio_20pct,slow_ratio,20pct,1,dynamic_sensitivity_100d_20pct_hdd,100,66,1000000,5000,1.0,20,50000,vanilla_ec,15.0,12.7,23.8,79.1,0.0,397.4,619.6,4000000,0.0,0,0,0,0,0,0,-1,-1,-1,-1,-1,0,40.0,99.3,-1,-1,-1.0
slow_ratio_20pct,slow_ratio,20pct,1,dynamic_sensitivity_100d_20pct_hdd,100,66,1000000,5000,1.0,20,50000,late_binding,15.0,10.9,19.4,64.3,18.7,333.8,469.4,5000000,25.0,1000000,150000,20753,1000000,796383,0,-1,-1,-1,-1,13,65078,32.7,75.8,-1,-1,-1.0
slow_ratio_20pct,slow_ratio,20pct,1,dynamic_sensitivity_100d_20pct_hdd,100,66,1000000,5000,1.0,20,50000,timeout_degraded_read,15.0,12.7,22.9,67.2,15.1,332.0,473.7,4217617,5.4,217617,24535,17206,217617,33146,0,-1,-1,-1,13,13,25708,36.4,79.3,-1,-1,-1.0
slow_ratio_20pct,slow_ratio,20pct,1,dynamic_sensitivity_100d_20pct_hdd,100,66,1000000,5000,1.0,20,50000,health_ec,15.0,12.7,19.5,63.1,20.3,277.4,448.7,4044079,1.1,44079,0,10959,44079,35943,21,21,0,5961,422,422,14902,36.1,75.6,37250,26941,72.3
slow_ratio_20pct,slow_ratio,20pct,1,dynamic_sensitivity_100d_20pct_hdd,100,67,1000000,5000,1.0,20,50000,vanilla_ec,15.0,12.7,23.4,78.4,0.0,393.4,608.6,4000000,0.0,0,0,0,0,0,0,-1,-1,-1,-1,-1,0,40.0,98.0,-1,-1,-1.0
slow_ratio_20pct,slow_ratio,20pct,1,dynamic_sensitivity_100d_20pct_hdd,100,67,1000000,5000,1.0,20,50000,late_binding,15.0,10.9,19.1,63.8,18.6,330.0,468.0,5000000,25.0,1000000,150000,21035,1000000,796134,0,-1,-1,-1,-1,23,65123,32.7,75.6,-1,-1,-1.0
slow_ratio_20pct,slow_ratio,20pct,1,dynamic_sensitivity_100d_20pct_hdd,100,67,1000000,5000,1.0,20,50000,timeout_degraded_read,15.0,12.7,22.6,66.7,15.0,329.1,470.2,4216972,5.4,216972,24256,17489,216972,33027,0,-1,-1,-1,23,23,26273,36.1,78.7,-1,-1,-1.0
slow_ratio_20pct,slow_ratio,20pct,1,dynamic_sensitivity_100d_20pct_hdd,100,67,1000000,5000,1.0,20,50000,health_ec,15.0,12.7,19.5,62.6,20.2,274.4,449.1,4044112,1.1,44112,0,10990,44112,35846,20,20,0,5746,191,191,14721,36.2,75.8,37167,26963,72.5
slow_ratio_20pct,slow_ratio,20pct,1,dynamic_sensitivity_100d_20pct_hdd,100,68,1000000,5000,1.0,20,50000,vanilla_ec,15.0,12.7,23.5,78.6,0.0,394.2,612.2,4000000,0.0,0,0,0,0,0,0,-1,-1,-1,-1,-1,0,39.8,98.5,-1,-1,-1.0
slow_ratio_20pct,slow_ratio,20pct,1,dynamic_sensitivity_100d_20pct_hdd,100,68,1000000,5000,1.0,20,50000,late_binding,15.0,10.9,19.2,64.0,18.5,332.3,469.1,5000000,25.0,1000000,150000,20714,1000000,796824,0,-1,-1,-1,-1,2,64669,32.6,75.7,-1,-1,-1.0
slow_ratio_20pct,slow_ratio,20pct,1,dynamic_sensitivity_100d_20pct_hdd,100,68,1000000,5000,1.0,20,50000,timeout_degraded_read,15.0,12.7,22.7,67.0,14.8,331.2,471.6,4216774,5.4,216774,24112,17178,216774,33102,0,-1,-1,-1,0,16,25611,36.3,79.0,-1,-1,-1.0
slow_ratio_20pct,slow_ratio,20pct,1,dynamic_sensitivity_100d_20pct_hdd,100,68,1000000,5000,1.0,20,50000,health_ec,15.0,12.7,19.4,62.6,20.3,273.0,450.0,4043829,1.1,43829,0,10747,43829,35971,21,21,0,5687,491,491,14661,36.0,75.6,36945,26947,72.9
slow_ratio_20pct,slow_ratio,20pct,1,dynamic_sensitivity_100d_20pct_hdd,100,69,1000000,5000,1.0,20,50000,vanilla_ec,15.0,12.7,23.4,78.4,0.0,393.6,610.9,4000000,0.0,0,0,0,0,0,0,-1,-1,-1,-1,-1,0,40.2,98.4,-1,-1,-1.0
slow_ratio_20pct,slow_ratio,20pct,1,dynamic_sensitivity_100d_20pct_hdd,100,69,1000000,5000,1.0,20,50000,late_binding,15.0,10.9,19.1,63.9,18.5,330.4,468.2,5000000,25.0,1000000,150000,20556,1000000,796194,0,-1,-1,-1,-1,59,64915,32.7,75.5,-1,-1,-1.0
slow_ratio_20pct,slow_ratio,20pct,1,dynamic_sensitivity_100d_20pct_hdd,100,69,1000000,5000,1.0,20,50000,timeout_degraded_read,15.0,12.7,22.6,66.7,14.9,329.3,469.4,4215992,5.4,215992,24128,16969,215992,33101,0,-1,-1,-1,30,152,25689,36.0,78.8,-1,-1,-1.0
slow_ratio_20pct,slow_ratio,20pct,1,dynamic_sensitivity_100d_20pct_hdd,100,69,1000000,5000,1.0,20,50000,health_ec,15.0,12.7,19.5,62.7,20.0,274.2,447.8,4043588,1.1,43588,0,10545,43588,35327,21,21,0,5761,587,587,14440,36.3,75.3,37107,26664,71.9
slow_ratio_20pct,slow_ratio,20pct,1,dynamic_sensitivity_100d_20pct_hdd,100,70,1000000,5000,1.0,20,50000,vanilla_ec,15.0,12.7,23.4,78.4,0.0,393.6,607.6,4000000,0.0,0,0,0,0,0,0,-1,-1,-1,-1,-1,0,39.6,98.7,-1,-1,-1.0
slow_ratio_20pct,slow_ratio,20pct,1,dynamic_sensitivity_100d_20pct_hdd,100,70,1000000,5000,1.0,20,50000,late_binding,15.0,10.9,19.2,64.0,18.5,331.3,467.6,5000000,25.0,1000000,150000,20560,1000000,795154,0,-1,-1,-1,-1,29,65111,32.5,75.5,-1,-1,-1.0
slow_ratio_20pct,slow_ratio,20pct,1,dynamic_sensitivity_100d_20pct_hdd,100,70,1000000,5000,1.0,20,50000,timeout_degraded_read,15.0,12.7,22.6,66.8,14.9,329.7,469.7,4216237,5.4,216237,24095,17048,216237,33025,0,-1,-1,-1,29,29,25685,36.1,79.0,-1,-1,-1.0
slow_ratio_20pct,slow_ratio,20pct,1,dynamic_sensitivity_100d_20pct_hdd,100,70,1000000,5000,1.0,20,50000,health_ec,15.0,12.7,19.4,62.5,20.3,272.0,448.1,4043657,1.1,43657,0,10797,43657,35600,20,20,0,5887,398,398,14841,36.0,75.9,36953,26603,72.0
slow_ratio_20pct,slow_ratio,20pct,1,dynamic_sensitivity_100d_20pct_hdd,100,71,1000000,5000,1.0,20,50000,vanilla_ec,15.0,12.7,23.2,78.4,0.0,393.1,607.6,4000000,0.0,0,0,0,0,0,0,-1,-1,-1,-1,-1,0,39.9,97.7,-1,-1,-1.0
slow_ratio_20pct,slow_ratio,20pct,1,dynamic_sensitivity_100d_20pct_hdd,100,71,1000000,5000,1.0,20,50000,late_binding,15.0,10.9,19.0,63.9,18.5,331.0,468.7,5000000,25.0,1000000,150000,20790,1000000,796556,0,-1,-1,-1,-1,24,64853,32.6,75.8,-1,-1,-1.0
slow_ratio_20pct,slow_ratio,20pct,1,dynamic_sensitivity_100d_20pct_hdd,100,71,1000000,5000,1.0,20,50000,timeout_degraded_read,15.0,12.7,22.5,66.7,14.8,328.7,469.6,4216906,5.4,216906,24431,17258,216906,32961,0,-1,-1,-1,24,24,25797,36.1,78.8,-1,-1,-1.0
slow_ratio_20pct,slow_ratio,20pct,1,dynamic_sensitivity_100d_20pct_hdd,100,71,1000000,5000,1.0,20,50000,health_ec,15.0,12.7,19.4,62.5,20.2,271.5,449.4,4043956,1.1,43956,0,10823,43956,35394,21,21,0,5665,290,290,14634,36.3,75.7,36861,26573,72.1
zipf_0_8,zipf,0.8,1,dynamic_sensitivity_100d_4pct_hdd,100,42,1000000,5000,0.8,20,50000,vanilla_ec,15.0,12.6,17.6,46.0,0.0,19.8,426.6,4000000,0.0,0,0,0,0,0,0,-1,-1,-1,-1,-1,0,32.4,75.9,-1,-1,-1.0
zipf_0_8,zipf,0.8,1,dynamic_sensitivity_100d_4pct_hdd,100,42,1000000,5000,0.8,20,50000,late_binding,15.0,10.8,14.6,28.8,37.5,13.8,282.2,5000000,25.0,1000000,150000,7845,1000000,796636,0,-1,-1,-1,-1,61,23485,23.7,54.5,-1,-1,-1.0
zipf_0_8,zipf,0.8,1,dynamic_sensitivity_100d_4pct_hdd,100,42,1000000,5000,0.8,20,50000,timeout_degraded_read,15.0,12.6,17.5,29.8,35.3,18.9,261.5,4182070,4.6,182070,24309,6261,182070,22054,0,-1,-1,-1,61,61,11238,26.4,54.5,-1,-1,-1.0
zipf_0_8,zipf,0.8,1,dynamic_sensitivity_100d_4pct_hdd,100,42,1000000,5000,0.8,20,50000,health_ec,15.0,12.6,17.4,28.3,38.5,12.8,247.4,4019652,0.5,19652,0,5533,19652,18044,6,6,0,1674,1228,1228,9196,26.2,52.4,17988,14680,81.6
zipf_0_8,zipf,0.8,1,dynamic_sensitivity_100d_4pct_hdd,100,43,1000000,5000,0.8,20,50000,vanilla_ec,15.0,12.6,17.6,44.9,0.0,19.3,421.3,4000000,0.0,0,0,0,0,0,0,-1,-1,-1,-1,-1,0,32.8,74.6,-1,-1,-1.0
zipf_0_8,zipf,0.8,1,dynamic_sensitivity_100d_4pct_hdd,100,43,1000000,5000,0.8,20,50000,late_binding,15.0,10.8,14.6,28.3,37.1,13.8,281.0,5000000,25.0,1000000,150000,7937,1000000,796512,0,-1,-1,-1,-1,11,23180,23.8,53.7,-1,-1,-1.0
zipf_0_8,zipf,0.8,1,dynamic_sensitivity_100d_4pct_hdd,100,43,1000000,5000,0.8,20,50000,timeout_degraded_read,15.0,12.6,17.5,29.4,34.5,18.6,258.7,4182528,4.6,182528,24246,6459,182528,22004,0,-1,-1,-1,15,53,11268,26.3,53.7,-1,-1,-1.0
zipf_0_8,zipf,0.8,1,dynamic_sensitivity_100d_4pct_hdd,100,43,1000000,5000,0.8,20,50000,health_ec,15.0,12.6,17.4,28.1,37.6,12.2,244.6,4019465,0.5,19465,0,5559,19465,17868,6,6,0,1696,217,217,9262,26.3,52.1,17874,14429,80.7
zipf_0_8,zipf,0.8,1,dynamic_sensitivity_100d_4pct_hdd,100,44,1000000,5000,0.8,20,50000,vanilla_ec,15.0,12.6,17.6,44.1,0.0,19.2,421.9,4000000,0.0,0,0,0,0,0,0,-1,-1,-1,-1,-1,0,32.6,75.2,-1,-1,-1.0
zipf_0_8,zipf,0.8,1,dynamic_sensitivity_100d_4pct_hdd,100,44,1000000,5000,0.8,20,50000,late_binding,15.0,10.8,14.6,28.4,35.5,13.9,282.2,5000000,25.0,1000000,150000,7759,1000000,796033,0,-1,-1,-1,-1,15,23078,23.7,53.9,-1,-1,-1.0
zipf_0_8,zipf,0.8,1,dynamic_sensitivity_100d_4pct_hdd,100,44,1000000,5000,0.8,20,50000,timeout_degraded_read,15.0,12.6,17.5,29.5,33.0,18.6,259.3,4181885,4.5,181885,23976,6259,181885,22019,0,-1,-1,-1,15,15,11082,26.3,53.9,-1,-1,-1.0
zipf_0_8,zipf,0.8,1,dynamic_sensitivity_100d_4pct_hdd,100,44,1000000,5000,0.8,20,50000,health_ec,15.0,12.5,17.4,28.2,35.9,12.2,247.2,4019456,0.5,19456,0,5388,19456,17824,6,6,0,1704,1545,1545,9131,26.4,51.7,18100,14477,80.0
zipf_0_8,zipf,0.8,1,dynamic_sensitivity_100d_4pct_hdd,100,45,1000000,5000,0.8,20,50000,vanilla_ec,15.0,12.6,17.6,45.1,0.0,19.2,423.9,4000000,0.0,0,0,0,0,0,0,-1,-1,-1,-1,-1,0,32.5,75.5,-1,-1,-1.0
zipf_0_8,zipf,0.8,1,dynamic_sensitivity_100d_4pct_hdd,100,45,1000000,5000,0.8,20,50000,late_binding,15.0,10.8,14.6,28.4,37.1,14.0,281.4,5000000,25.0,1000000,150000,7569,1000000,796115,0,-1,-1,-1,-1,68,22804,23.6,53.8,-1,-1,-1.0
zipf_0_8,zipf,0.8,1,dynamic_sensitivity_100d_4pct_hdd,100,45,1000000,5000,0.8,20,50000,timeout_degraded_read,15.0,12.6,17.5,29.5,34.6,18.4,258.8,4181744,4.5,181744,24221,6151,181744,21903,0,-1,-1,-1,68,83,11036,26.3,53.8,-1,-1,-1.0
zipf_0_8,zipf,0.8,1,dynamic_sensitivity_100d_4pct_hdd,100,45,1000000,5000,0.8,20,50000,health_ec,15.0,12.5,17.3,27.8,38.4,12.1,243.4,4019552,0.5,19552,0,5378,19552,18002,6,6,0,1662,1091,1091,8970,26.1,51.8,17754,14642,82.5
zipf_0_8,zipf,0.8,1,dynamic_sensitivity_100d_4pct_hdd,100,46,1000000,5000,0.8,20,50000,vanilla_ec,15.0,12.6,17.6,45.1,0.0,19.2,422.6,4000000,0.0,0,0,0,0,0,0,-1,-1,-1,-1,-1,0,32.5,75.1,-1,-1,-1.0
zipf_0_8,zipf,0.8,1,dynamic_sensitivity_100d_4pct_hdd,100,46,1000000,5000,0.8,20,50000,late_binding,15.0,10.8,14.6,28.5,36.8,13.5,282.4,5000000,25.0,1000000,150000,7746,1000000,796039,0,-1,-1,-1,-1,8,23183,23.6,53.9,-1,-1,-1.0
zipf_0_8,zipf,0.8,1,dynamic_sensitivity_100d_4pct_hdd,100,46,1000000,5000,0.8,20,50000,timeout_degraded_read,15.0,12.6,17.5,29.6,34.4,18.4,260.3,4182272,4.6,182272,24471,6198,182272,21994,0,-1,-1,-1,8,8,11040,26.2,53.9,-1,-1,-1.0
zipf_0_8,zipf,0.8,1,dynamic_sensitivity_100d_4pct_hdd,100,46,1000000,5000,0.8,20,50000,health_ec,15.0,12.6,17.3,28.1,37.8,12.0,245.4,4019576,0.5,19576,0,5457,19576,17944,6,6,0,1704,575,575,9107,25.8,52.2,17831,14502,81.3
zipf_0_8,zipf,0.8,1,dynamic_sensitivity_100d_4pct_hdd,100,47,1000000,5000,0.8,20,50000,vanilla_ec,15.0,12.6,17.6,45.5,0.0,19.1,421.7,4000000,0.0,0,0,0,0,0,0,-1,-1,-1,-1,-1,0,32.5,75.3,-1,-1,-1.0
zipf_0_8,zipf,0.8,1,dynamic_sensitivity_100d_4pct_hdd,100,47,1000000,5000,0.8,20,50000,late_binding,15.0,10.8,14.6,28.5,37.4,13.7,280.2,5000000,25.0,1000000,150000,7795,1000000,796385,0,-1,-1,-1,-1,13,22988,24.0,53.4,-1,-1,-1.0
zipf_0_8,zipf,0.8,1,dynamic_sensitivity_100d_4pct_hdd,100,47,1000000,5000,0.8,20,50000,timeout_degraded_read,15.0,12.6,17.5,29.5,35.1,18.3,258.0,4182266,4.6,182266,24482,6267,182266,22057,0,-1,-1,-1,13,28,11120,26.4,53.4,-1,-1,-1.0
zipf_0_8,zipf,0.8,1,dynamic_sensitivity_100d_4pct_hdd,100,47,1000000,5000,0.8,20,50000,health_ec,15.0,12.6,17.3,28.1,38.2,11.9,243.8,4019627,0.5,19627,0,5609,19627,17990,6,6,0,1658,1353,1353,9201,26.6,52.0,17939,14546,81.1
zipf_0_8,zipf,0.8,1,dynamic_sensitivity_100d_4pct_hdd,100,48,1000000,5000,0.8,20,50000,vanilla_ec,15.0,12.6,17.6,46.5,0.0,19.6,427.3,4000000,0.0,0,0,0,0,0,0,-1,-1,-1,-1,-1,0,32.4,76.2,-1,-1,-1.0
zipf_0_8,zipf,0.8,1,dynamic_sensitivity_100d_4pct_hdd,100,48,1000000,5000,0.8,20,50000,late_binding,15.0,10.8,14.6,29.0,37.7,13.8,284.4,5000000,25.0,1000000,150000,7757,1000000,796875,0,-1,-1,-1,-1,15,23282,23.7,54.5,-1,-1,-1.0
zipf_0_8,zipf,0.8,1,dynamic_sensitivity_100d_4pct_hdd,100,48,1000000,5000,0.8,20,50000,timeout_degraded_read,15.0,12.6,17.6,30.0,35.6,18.9,262.4,4182364,4.6,182364,24280,6249,182364,22003,0,-1,-1,-1,15,15,11238,26.5,54.5,-1,-1,-1.0
zipf_0_8,zipf,0.8,1,dynamic_sensitivity_100d_4pct_hdd,100,48,1000000,5000,0.8,20,50000,health_ec,15.0,12.6,17.4,28.6,38.5,12.6,250.0,4019249,0.5,19249,0,5484,19249,17663,6,6,0,1682,722,722,9059,26.4,52.4,18075,14426,79.8
zipf_0_8,zipf,0.8,1,dynamic_sensitivity_100d_4pct_hdd,100,49,1000000,5000,0.8,20,50000,vanilla_ec,15.0,12.6,17.6,46.1,0.0,18.5,422.4,4000000,0.0,0,0,0,0,0,0,-1,-1,-1,-1,-1,0,32.2,75.5,-1,-1,-1.0
zipf_0_8,zipf,0.8,1,dynamic_sensitivity_100d_4pct_hdd,100,49,1000000,5000,0.8,20,50000,late_binding,15.0,10.8,14.6,28.5,38.3,13.7,280.9,5000000,25.0,1000000,150000,7837,1000000,796601,0,-1,-1,-1,-1,11,23315,23.5,54.2,-1,-1,-1.0
zipf_0_8,zipf,0.8,1,dynamic_sensitivity_100d_4pct_hdd,100,49,1000000,5000,0.8,20,50000,timeout_degraded_read,15.0,12.6,17.5,29.6,35.8,17.9,259.9,4182228,4.6,182228,24304,6237,182228,21983,0,-1,-1,-1,23,23,11172,26.3,54.2,-1,-1,-1.0
zipf_0_8,zipf,0.8,1,dynamic_sensitivity_100d_4pct_hdd,100,49,1000000,5000,0.8,20,50000,health_ec,15.0,12.6,17.3,28.0,39.3,11.5,243.6,4019750,0.5,19750,0,5540,19750,18090,6,6,0,1666,904,904,9273,25.8,52.2,17909,14694,82.0
zipf_0_8,zipf,0.8,1,dynamic_sensitivity_100d_4pct_hdd,100,50,1000000,5000,0.8,20,50000,vanilla_ec,15.0,12.6,17.6,46.6,0.0,19.4,425.9,4000000,0.0,0,0,0,0,0,0,-1,-1,-1,-1,-1,0,32.5,75.9,-1,-1,-1.0
zipf_0_8,zipf,0.8,1,dynamic_sensitivity_100d_4pct_hdd,100,50,1000000,5000,0.8,20,50000,late_binding,15.0,10.8,14.6,29.1,37.7,13.6,285.9,5000000,25.0,1000000,150000,7589,1000000,796770,0,-1,-1,-1,-1,18,23034,23.6,54.8,-1,-1,-1.0
zipf_0_8,zipf,0.8,1,dynamic_sensitivity_100d_4pct_hdd,100,50,1000000,5000,0.8,20,50000,timeout_degraded_read,15.0,12.6,17.5,30.0,35.7,18.5,263.9,4182319,4.6,182319,24401,6139,182319,22035,0,-1,-1,-1,18,18,11068,26.4,54.8,-1,-1,-1.0
zipf_0_8,zipf,0.8,1,dynamic_sensitivity_100d_4pct_hdd,100,50,1000000,5000,0.8,20,50000,health_ec,15.0,12.6,17.3,28.5,38.9,12.5,249.0,4019500,0.5,19500,0,5422,19500,17884,6,6,0,1678,454,454,9175,26.5,53.3,17875,14485,81.0
zipf_0_8,zipf,0.8,1,dynamic_sensitivity_100d_4pct_hdd,100,51,1000000,5000,0.8,20,50000,vanilla_ec,15.0,12.6,17.6,45.8,0.0,19.2,423.9,4000000,0.0,0,0,0,0,0,0,-1,-1,-1,-1,-1,0,32.6,75.5,-1,-1,-1.0
zipf_0_8,zipf,0.8,1,dynamic_sensitivity_100d_4pct_hdd,100,51,1000000,5000,0.8,20,50000,late_binding,15.0,10.8,14.6,29.0,36.7,14.0,283.6,5000000,25.0,1000000,150000,7848,1000000,796367,0,-1,-1,-1,-1,10,23334,23.6,54.2,-1,-1,-1.0
zipf_0_8,zipf,0.8,1,dynamic_sensitivity_100d_4pct_hdd,100,51,1000000,5000,0.8,20,50000,timeout_degraded_read,15.0,12.6,17.6,29.9,34.7,18.4,261.1,4182418,4.6,182418,24393,6338,182418,22260,0,-1,-1,-1,10,41,11226,26.3,54.2,-1,-1,-1.0
zipf_0_8,zipf,0.8,1,dynamic_sensitivity_100d_4pct_hdd,100,51,1000000,5000,0.8,20,50000,health_ec,15.0,12.6,17.4,28.4,38.0,12.0,246.3,4019541,0.5,19541,0,5499,19541,17967,6,6,0,1692,455,455,9191,26.2,52.2,18024,14535,80.6
zipf_0_8,zipf,0.8,1,dynamic_sensitivity_100d_4pct_hdd,100,52,1000000,5000,0.8,20,50000,vanilla_ec,15.0,12.6,17.6,45.8,0.0,19.2,426.9,4000000,0.0,0,0,0,0,0,0,-1,-1,-1,-1,-1,0,32.7,75.9,-1,-1,-1.0
zipf_0_8,zipf,0.8,1,dynamic_sensitivity_100d_4pct_hdd,100,52,1000000,5000,0.8,20,50000,late_binding,15.0,10.8,14.6,28.9,36.9,13.5,284.9,5000000,25.0,1000000,150000,7743,1000000,796695,0,-1,-1,-1,-1,23,23218,23.9,54.2,-1,-1,-1.0
zipf_0_8,zipf,0.8,1,dynamic_sensitivity_100d_4pct_hdd,100,52,1000000,5000,0.8,20,50000,timeout_degraded_read,15.0,12.6,17.5,29.8,35.0,18.6,262.2,4181812,4.5,181812,24504,6221,181812,22226,0,-1,-1,-1,23,23,11092,26.4,54.2,-1,-1,-1.0
zipf_0_8,zipf,0.8,1,dynamic_sensitivity_100d_4pct_hdd,100,52,1000000,5000,0.8,20,50000,health_ec,15.0,12.5,17.3,28.5,37.9,12.0,247.4,4019965,0.5,19965,0,5590,19965,18347,6,6,0,1718,387,387,9344,26.3,52.3,18076,14845,82.1
zipf_0_8,zipf,0.8,1,dynamic_sensitivity_100d_4pct_hdd,100,53,1000000,5000,0.8,20,50000,vanilla_ec,15.0,12.6,17.6,45.3,0.0,19.0,424.3,4000000,0.0,0,0,0,0,0,0,-1,-1,-1,-1,-1,0,32.6,75.4,-1,-1,-1.0
zipf_0_8,zipf,0.8,1,dynamic_sensitivity_100d_4pct_hdd,100,53,1000000,5000,0.8,20,50000,late_binding,15.0,10.8,14.6,28.6,36.8,13.7,283.2,5000000,25.0,1000000,150000,7789,1000000,796401,0,-1,-1,-1,-1,76,23360,23.9,54.1,-1,-1,-1.0
zipf_0_8,zipf,0.8,1,dynamic_sensitivity_100d_4pct_hdd,100,53,1000000,5000,0.8,20,50000,timeout_degraded_read,15.0,12.6,17.5,29.7,34.3,18.4,259.8,4182670,4.6,182670,24484,6266,182670,22068,0,-1,-1,-1,76,95,11211,26.3,54.1,-1,-1,-1.0
zipf_0_8,zipf,0.8,1,dynamic_sensitivity_100d_4pct_hdd,100,53,1000000,5000,0.8,20,50000,health_ec,15.0,12.6,17.4,28.2,37.8,12.1,246.0,4019387,0.5,19387,0,5395,19387,17813,6,6,0,1676,1586,1586,9099,25.9,51.9,17944,14477,80.7
zipf_0_8,zipf,0.8,1,dynamic_sensitivity_100d_4pct_hdd,100,54,1000000,5000,0.8,20,50000,vanilla_ec,15.0,12.6,17.6,45.2,0.0,18.8,424.9,4000000,0.0,0,0,0,0,0,0,-1,-1,-1,-1,-1,0,32.5,75.7,-1,-1,-1.0
zipf_0_8,zipf,0.8,1,dynamic_sensitivity_100d_4pct_hdd,100,54,1000000,5000,0.8,20,50000,late_binding,15.0,10.8,14.6,28.5,37.0,13.9,281.9,5000000,25.0,1000000,150000,7726,1000000,796713,0,-1,-1,-1,-1,1,23229,23.5,54.0,-1,-1,-1.0
zipf_0_8,zipf,0.8,1,dynamic_sensitivity_100d_4pct_hdd,100,54,1000000,5000,0.8,20,50000,timeout_degraded_read,15.0,12.6,17.5,29.6,34.4,18.2,259.7,4182369,4.6,182369,24126,6271,182369,21909,0,-1,-1,-1,1,1,11219,26.3,54.0,-1,-1,-1.0
zipf_0_8,zipf,0.8,1,dynamic_sensitivity_100d_4pct_hdd,100,54,1000000,5000,0.8,20,50000,health_ec,15.0,12.6,17.3,28.2,37.7,12.0,244.6,4019200,0.5,19200,0,5454,19200,17584,6,6,0,1660,2121,2121,9162,25.8,51.6,17899,14307,79.9
zipf_0_8,zipf,0.8,1,dynamic_sensitivity_100d_4pct_hdd,100,55,1000000,5000,0.8,20,50000,vanilla_ec,15.0,12.6,17.6,46.4,0.0,19.1,423.9,4000000,0.0,0,0,0,0,0,0,-1,-1,-1,-1,-1,0,32.5,75.8,-1,-1,-1.0
zipf_0_8,zipf,0.8,1,dynamic_sensitivity_100d_4pct_hdd,100,55,1000000,5000,0.8,20,50000,late_binding,15.0,10.8,14.6,29.0,37.5,13.7,283.6,5000000,25.0,1000000,150000,7699,1000000,795936,0,-1,-1,-1,-1,16,22986,23.7,54.4,-1,-1,-1.0
zipf_0_8,zipf,0.8,1,dynamic_sensitivity_100d_4pct_hdd,100,55,1000000,5000,0.8,20,50000,timeout_degraded_read,15.0,12.6,17.5,29.9,35.5,18.4,261.1,4182496,4.6,182496,24247,6184,182496,22190,0,-1,-1,-1,16,16,11064,26.3,54.4,-1,-1,-1.0
zipf_0_8,zipf,0.8,1,dynamic_sensitivity_100d_4pct_hdd,100,55,1000000,5000,0.8,20,50000,health_ec,15.0,12.5,17.4,28.6,38.4,12.0,248.5,4019607,0.5,19607,0,5443,19607,18008,6,6,0,1710,1005,1005,9164,26.4,52.4,17996,14610,81.2
zipf_0_8,zipf,0.8,1,dynamic_sensitivity_100d_4pct_hdd,100,56,1000000,5000,0.8,20,50000,vanilla_ec,15.0,12.6,17.6,45.2,0.0,19.1,422.5,4000000,0.0,0,0,0,0,0,0,-1,-1,-1,-1,-1,0,32.5,75.4,-1,-1,-1.0
zipf_0_8,zipf,0.8,1,dynamic_sensitivity_100d_4pct_hdd,100,56,1000000,5000,0.8,20,50000,late_binding,15.0,10.8,14.6,28.4,37.1,13.9,279.7,5000000,25.0,1000000,150000,7695,1000000,796258,0,-1,-1,-1,-1,44,23010,23.3,53.7,-1,-1,-1.0
zipf_0_8,zipf,0.8,1,dynamic_sensitivity_100d_4pct_hdd,100,56,1000000,5000,0.8,20,50000,timeout_degraded_read,15.0,12.6,17.5,29.5,34.6,18.4,258.5,4182149,4.6,182149,24425,6211,182149,21924,0,-1,-1,-1,44,44,11074,26.2,53.7,-1,-1,-1.0
zipf_0_8,zipf,0.8,1,dynamic_sensitivity_100d_4pct_hdd,100,56,1000000,5000,0.8,20,50000,health_ec,15.0,12.6,17.3,28.1,37.8,12.2,244.7,4019147,0.5,19147,0,5411,19147,17591,6,6,0,1650,1994,1994,9170,26.1,52.1,17757,14224,80.1
zipf_0_8,zipf,0.8,1,dynamic_sensitivity_100d_4pct_hdd,100,57,1000000,5000,0.8,20,50000,vanilla_ec,15.0,12.6,17.6,45.2,0.0,19.5,423.4,4000000,0.0,0,0,0,0,0,0,-1,-1,-1,-1,-1,0,32.8,75.2,-1,-1,-1.0
zipf_0_8,zipf,0.8,1,dynamic_sensitivity_100d_4pct_hdd,100,57,1000000,5000,0.8,20,50000,late_binding,15.0,10.8,14.6,28.7,36.6,13.8,280.7,5000000,25.0,1000000,150000,7923,1000000,796521,0,-1,-1,-1,-1,26,23229,23.6,53.6,-1,-1,-1.0
zipf_0_8,zipf,0.8,1,dynamic_sensitivity_100d_4pct_hdd,100,57,1000000,5000,0.8,20,50000,timeout_degraded_read,15.0,12.6,17.6,29.8,34.2,18.6,258.3,4182030,4.6,182030,24263,6323,182030,21990,0,-1,-1,-1,26,29,11233,26.5,53.6,-1,-1,-1.0
zipf_0_8,zipf,0.8,1,dynamic_sensitivity_100d_4pct_hdd,100,57,1000000,5000,0.8,20,50000,health_ec,15.0,12.5,17.4,27.9,38.4,12.1,242.0,4019884,0.5,19884,0,5575,19884,18206,6,6,0,1676,737,737,9272,26.3,51.6,17930,14836,82.7
zipf_0_8,zipf,0.8,1,dynamic_sensitivity_100d_4pct_hdd,100,58,1000000,5000,0.8,20,50000,vanilla_ec,15.0,12.6,17.6,45.8,0.0,18.4,424.9,4000000,0.0,0,0,0,0,0,0,-1,-1,-1,-1,-1,0,32.5,75.9,-1,-1,-1.0
zipf_0_8,zipf,0.8,1,dynamic_sensitivity_100d_4pct_hdd,100,58,1000000,5000,0.8,20,50000,late_binding,15.0,10.8,14.6,28.8,37.1,13.9,285.1,5000000,25.0,1000000,150000,7732,1000000,796534,0,-1,-1,-1,-1,28,23400,23.7,54.6,-1,-1,-1.0
zipf_0_8,zipf,0.8,1,dynamic_sensitivity_100d_4pct_hdd,100,58,1000000,5000,0.8,20,50000,timeout_degraded_read,15.0,12.6,17.5,29.8,34.9,17.8,261.8,4182266,4.6,182266,24456,6174,182266,21968,0,-1,-1,-1,28,28,11182,26.3,54.6,-1,-1,-1.0
zipf_0_8,zipf,0.8,1,dynamic_sensitivity_100d_4pct_hdd,100,58,1000000,5000,0.8,20,50000,health_ec,15.0,12.6,17.4,28.4,38.0,11.6,247.0,4019420,0.5,19420,0,5302,19420,17803,6,6,0,1688,2063,2063,8916,26.0,52.1,18060,14581,80.7
zipf_0_8,zipf,0.8,1,dynamic_sensitivity_100d_4pct_hdd,100,59,1000000,5000,0.8,20,50000,vanilla_ec,15.0,12.6,17.6,45.4,0.0,19.0,423.2,4000000,0.0,0,0,0,0,0,0,-1,-1,-1,-1,-1,0,32.5,75.2,-1,-1,-1.0
zipf_0_8,zipf,0.8,1,dynamic_sensitivity_100d_4pct_hdd,100,59,1000000,5000,0.8,20,50000,late_binding,15.0,10.8,14.6,28.6,37.2,13.7,283.5,5000000,25.0,1000000,150000,7859,1000000,796267,0,-1,-1,-1,-1,18,23305,23.5,54.2,-1,-1,-1.0
zipf_0_8,zipf,0.8,1,dynamic_sensitivity_100d_4pct_hdd,100,59,1000000,5000,0.8,20,50000,timeout_degraded_read,15.0,12.6,17.5,29.6,34.9,18.2,262.5,4181857,4.5,181857,24137,6266,181857,21896,0,-1,-1,-1,18,18,11125,26.3,54.2,-1,-1,-1.0
zipf_0_8,zipf,0.8,1,dynamic_sensitivity_100d_4pct_hdd,100,59,1000000,5000,0.8,20,50000,health_ec,15.0,12.6,17.3,28.2,38.0,12.0,248.0,4019860,0.5,19860,0,5617,19860,18203,6,6,0,1673,1946,1946,9306,26.4,52.7,17955,14694,81.8
zipf_0_8,zipf,0.8,1,dynamic_sensitivity_100d_4pct_hdd,100,60,1000000,5000,0.8,20,50000,vanilla_ec,15.0,12.6,17.6,46.0,0.0,18.8,424.7,4000000,0.0,0,0,0,0,0,0,-1,-1,-1,-1,-1,0,32.7,75.8,-1,-1,-1.0
zipf_0_8,zipf,0.8,1,dynamic_sensitivity_100d_4pct_hdd,100,60,1000000,5000,0.8,20,50000,late_binding,15.0,10.8,14.6,28.8,37.3,14.0,283.5,5000000,25.0,1000000,150000,7789,1000000,796630,0,-1,-1,-1,-1,1,23375,23.5,54.2,-1,-1,-1.0
zipf_0_8,zipf,0.8,1,dynamic_sensitivity_100d_4pct_hdd,100,60,1000000,5000,0.8,20,50000,timeout_degraded_read,15.0,12.6,17.5,29.8,35.2,18.2,260.2,4182668,4.6,182668,24486,6209,182668,22080,0,-1,-1,-1,1,51,11176,26.5,54.2,-1,-1,-1.0
zipf_0_8,zipf,0.8,1,dynamic_sensitivity_100d_4pct_hdd,100,60,1000000,5000,0.8,20,50000,health_ec,15.0,12.5,17.3,28.4,38.2,11.7,246.0,4019693,0.5,19693,0,5451,19693,18130,6,6,0,1696,1129,1129,9177,26.7,51.8,18025,14705,81.6
zipf_0_8,zipf,0.8,1,dynamic_sensitivity_100d_4pct_hdd,100,61,1000000,5000,0.8,20,50000,vanilla_ec,15.0,12.6,17.6,46.0,0.0,19.2,421.3,4000000,0.0,0,0,0,0,0,0,-1,-1,-1,-1,-1,0,32.3,75.5,-1,-1,-1.0
zipf_0_8,zipf,0.8,1,dynamic_sensitivity_100d_4pct_hdd,100,61,1000000,5000,0.8,20,50000,late_binding,15.0,10.8,14.6,28.6,37.9,13.6,280.7,5000000,25.0,1000000,150000,7920,1000000,796140,0,-1,-1,-1,-1,4,23341,23.6,54.0,-1,-1,-1.0
zipf_0_8,zipf,0.8,1,dynamic_sensitivity_100d_4pct_hdd,100,61,1000000,5000,0.8,20,50000,timeout_degraded_read,15.0,12.6,17.5,29.7,35.6,18.4,258.4,4181269,4.5,181269,24335,6364,181269,22101,0,-1,-1,-1,4,4,11174,26.3,54.0,-1,-1,-1.0
zipf_0_8,zipf,0.8,1,dynamic_sensitivity_100d_4pct_hdd,100,61,1000000,5000,0.8,20,50000,health_ec,15.0,12.5,17.3,28.3,38.5,12.1,246.2,4019317,0.5,19317,0,5581,19317,17689,6,6,0,1708,1531,1531,9198,26.5,52.5,17856,14292,80.0
zipf_0_8,zipf,0.8,1,dynamic_sensitivity_100d_4pct_hdd,100,62,1000000,5000,0.8,20,50000,vanilla_ec,15.0,12.6,17.6,46.3,0.0,18.9,424.3,4000000,0.0,0,0,0,0,0,0,-1,-1,-1,-1,-1,0,32.4,75.3,-1,-1,-1.0
zipf_0_8,zipf,0.8,1,dynamic_sensitivity_100d_4pct_hdd,100,62,1000000,5000,0.8,20,50000,late_binding,15.0,10.8,14.6,28.9,37.6,13.8,281.9,5000000,25.0,1000000,150000,7893,1000000,796338,0,-1,-1,-1,-1,65,23411,23.6,54.5,-1,-1,-1.0
zipf_0_8,zipf,0.8,1,dynamic_sensitivity_100d_4pct_hdd,100,62,1000000,5000,0.8,20,50000,timeout_degraded_read,15.0,12.6,17.6,29.9,35.5,18.1,260.4,4182290,4.6,182290,24456,6320,182290,22220,0,-1,-1,-1,65,65,11293,26.3,54.5,-1,-1,-1.0
zipf_0_8,zipf,0.8,1,dynamic_sensitivity_100d_4pct_hdd,100,62,1000000,5000,0.8,20,50000,health_ec,15.0,12.6,17.4,28.5,38.5,11.9,247.5,4019308,0.5,19308,0,5408,19308,17680,6,6,0,1688,2262,2262,9108,26.2,52.6,17906,14445,80.7
zipf_0_8,zipf,0.8,1,dynamic_sensitivity_100d_4pct_hdd,100,63,1000000,5000,0.8,20,50000,vanilla_ec,15.0,12.6,17.6,45.0,0.0,19.2,423.2,4000000,0.0,0,0,0,0,0,0,-1,-1,-1,-1,-1,0,32.6,75.0,-1,-1,-1.0
zipf_0_8,zipf,0.8,1,dynamic_sensitivity_100d_4pct_hdd,100,63,1000000,5000,0.8,20,50000,late_binding,15.0,10.8,14.6,28.7,36.3,13.8,283.2,5000000,25.0,1000000,150000,7821,1000000,796624,0,-1,-1,-1,-1,53,23129,24.0,53.8,-1,-1,-1.0
zipf_0_8,zipf,0.8,1,dynamic_sensitivity_100d_4pct_hdd,100,63,1000000,5000,0.8,20,50000,timeout_degraded_read,15.0,12.6,17.5,29.7,33.9,18.5,260.4,4182112,4.6,182112,24393,6330,182112,22043,0,-1,-1,-1,53,200,11112,26.4,53.8,-1,-1,-1.0
zipf_0_8,zipf,0.8,1,dynamic_sensitivity_100d_4pct_hdd,100,63,1000000,5000,0.8,20,50000,health_ec,15.0,12.6,17.3,28.6,36.4,12.2,248.8,4019354,0.5,19354,0,5442,19354,17708,6,6,0,1702,1567,1567,9116,26.5,51.9,17949,14359,80.0
zipf_0_8,zipf,0.8,1,dynamic_sensitivity_100d_4pct_hdd,100,64,1000000,5000,0.8,20,50000,vanilla_ec,15.0,12.6,17.6,46.3,0.0,19.6,425.5,4000000,0.0,0,0,0,0,0,0,-1,-1,-1,-1,-1,0,32.6,75.8,-1,-1,-1.0
zipf_0_8,zipf,0.8,1,dynamic_sensitivity_100d_4pct_hdd,100,64,1000000,5000,0.8,20,50000,late_binding,15.0,10.8,14.6,29.0,37.3,13.9,283.3,5000000,25.0,1000000,150000,7923,1000000,796361,0,-1,-1,-1,-1,27,23498,23.7,54.3,-1,-1,-1.0
zipf_0_8,zipf,0.8,1,dynamic_sensitivity_100d_4pct_hdd,100,64,1000000,5000,0.8,20,50000,timeout_degraded_read,15.0,12.6,17.6,29.9,35.6,19.0,260.5,4183084,4.6,183084,24166,6410,183084,22352,0,-1,-1,-1,27,27,11421,26.3,54.3,-1,-1,-1.0
zipf_0_8,zipf,0.8,1,dynamic_sensitivity_100d_4pct_hdd,100,64,1000000,5000,0.8,20,50000,health_ec,15.0,12.6,17.4,28.6,38.3,12.3,248.0,4020030,0.5,20030,0,5617,20030,18404,6,6,0,1708,940,940,9386,26.1,52.7,18327,14932,81.5
zipf_0_8,zipf,0.8,1,dynamic_sensitivity_100d_4pct_hdd,100,65,1000000,5000,0.8,20,50000,vanilla_ec,15.0,12.6,17.6,46.1,0.0,19.5,423.9,4000000,0.0,0,0,0,0,0,0,-1,-1,-1,-1,-1,0,32.4,75.5,-1,-1,-1.0
zipf_0_8,zipf,0.8,1,dynamic_sensitivity_100d_4pct_hdd,100,65,1000000,5000,0.8,20,50000,late_binding,15.0,10.8,14.6,28.9,37.4,13.5,284.3,5000000,25.0,1000000,150000,7799,1000000,796623,0,-1,-1,-1,-1,13,23208,23.5,54.4,-1,-1,-1.0
zipf_0_8,zipf,0.8,1,dynamic_sensitivity_100d_4pct_hdd,100,65,1000000,5000,0.8,20,50000,timeout_degraded_read,15.0,12.6,17.5,29.8,35.3,18.8,262.2,4182158,4.6,182158,24390,6280,182158,22011,0,-1,-1,-1,13,13,11159,26.2,54.4,-1,-1,-1.0
zipf_0_8,zipf,0.8,1,dynamic_sensitivity_100d_4pct_hdd,100,65,1000000,5000,0.8,20,50000,health_ec,15.0,12.6,17.3,28.5,38.2,12.3,247.8,4019338,0.5,19338,0,5334,19338,17740,6,6,0,1696,1163,1163,9051,26.2,52.1,17935,14471,80.7
zipf_0_8,zipf,0.8,1,dynamic_sensitivity_100d_4pct_hdd,100,66,1000000,5000,0.8,20,50000,vanilla_ec,15.0,12.6,17.6,44.5,0.0,18.7,419.3,4000000,0.0,0,0,0,0,0,0,-1,-1,-1,-1,-1,0,32.5,75.1,-1,-1,-1.0
zipf_0_8,zipf,0.8,1,dynamic_sensitivity_100d_4pct_hdd,100,66,1000000,5000,0.8,20,50000,late_binding,15.0,10.8,14.6,28.3,36.4,13.4,277.7,5000000,25.0,1000000,150000,7647,1000000,796221,0,-1,-1,-1,-1,2,23133,23.5,53.5,-1,-1,-1.0
zipf_0_8,zipf,0.8,1,dynamic_sensitivity_100d_4pct_hdd,100,66,1000000,5000,0.8,20,50000,timeout_degraded_read,15.0,12.6,17.5,29.5,33.8,17.9,256.9,4181581,4.5,181581,24211,6128,181581,21782,0,-1,-1,-1,2,2,11177,26.2,53.5,-1,-1,-1.0
zipf_0_8,zipf,0.8,1,dynamic_sensitivity_100d_4pct_hdd,100,66,1000000,5000,0.8,20,50000,health_ec,15.0,12.6,17.3,27.8,37.5,11.7,241.8,4019368,0.5,19368,0,5453,19368,17724,6,6,0,1700,819,819,9346,26.0,51.8,17638,14299,81.1
zipf_0_8,zipf,0.8,1,dynamic_sensitivity_100d_4pct_hdd,100,67,1000000,5000,0.8,20,50000,vanilla_ec,15.0,12.6,17.6,46.8,0.0,19.2,424.8,4000000,0.0,0,0,0,0,0,0,-1,-1,-1,-1,-1,0,32.6,75.7,-1,-1,-1.0
zipf_0_8,zipf,0.8,1,dynamic_sensitivity_100d_4pct_hdd,100,67,1000000,5000,0.8,20,50000,late_binding,15.0,10.8,14.6,29.1,37.8,13.8,285.3,5000000,25.0,1000000,150000,7836,1000000,796517,0,-1,-1,-1,-1,4,23087,23.7,54.6,-1,-1,-1.0
zipf_0_8,zipf,0.8,1,dynamic_sensitivity_100d_4pct_hdd,100,67,1000000,5000,0.8,20,50000,timeout_degraded_read,15.0,12.6,17.6,30.0,35.8,18.6,263.0,4182575,4.6,182575,24215,6299,182575,22261,0,-1,-1,-1,4,4,11165,26.4,54.6,-1,-1,-1.0
zipf_0_8,zipf,0.8,1,dynamic_sensitivity_100d_4pct_hdd,100,67,1000000,5000,0.8,20,50000,health_ec,15.0,12.6,17.3,28.5,39.1,12.0,248.2,4019330,0.5,19330,0,5485,19330,17752,6,6,0,1676,2768,2768,9108,25.9,52.5,17952,14449,80.5
zipf_0_8,zipf,0.8,1,dynamic_sensitivity_100d_4pct_hdd,100,68,1000000,5000,0.8,20,50000,vanilla_ec,15.0,12.6,17.6,45.3,0.0,19.3,423.9,4000000,0.0,0,0,0,0,0,0,-1,-1,-1,-1,-1,0,32.8,75.2,-1,-1,-1.0
zipf_0_8,zipf,0.8,1,dynamic_sensitivity_100d_4pct_hdd,100,68,1000000,5000,0.8,20,50000,late_binding,15.0,10.8,14.6,28.5,37.0,14.0,281.0,5000000,25.0,1000000,150000,7863,1000000,796451,0,-1,-1,-1,-1,0,23523,23.7,53.7,-1,-1,-1.0
zipf_0_8,zipf,0.8,1,dynamic_sensitivity_100d_4pct_hdd,100,68,1000000,5000,0.8,20,50000,timeout_degraded_read,15.0,12.6,17.6,29.7,34.5,18.6,260.0,4182679,4.6,182679,24309,6342,182679,22138,0,-1,-1,-1,0,0,11345,26.5,53.7,-1,-1,-1.0
zipf_0_8,zipf,0.8,1,dynamic_sensitivity_100d_4pct_hdd,100,68,1000000,5000,0.8,20,50000,health_ec,15.0,12.6,17.3,28.2,37.8,12.0,246.1,4019534,0.5,19534,0,5537,19534,17903,6,6,0,1698,1106,1106,9271,26.1,51.9,18038,14499,80.4
zipf_0_8,zipf,0.8,1,dynamic_sensitivity_100d_4pct_hdd,100,69,1000000,5000,0.8,20,50000,vanilla_ec,15.0,12.6,17.6,46.3,0.0,19.7,423.2,4000000,0.0,0,0,0,0,0,0,-1,-1,-1,-1,-1,0,32.4,75.3,-1,-1,-1.0
zipf_0_8,zipf,0.8,1,dynamic_sensitivity_100d_4pct_hdd,100,69,1000000,5000,0.8,20,50000,late_binding,15.0,10.8,14.6,29.2,37.0,14.1,283.7,5000000,25.0,1000000,150000,7883,1000000,796644,0,-1,-1,-1,-1,21,23202,23.5,54.1,-1,-1,-1.0
zipf_0_8,zipf,0.8,1,dynamic_sensitivity_100d_4pct_hdd,100,69,1000000,5000,0.8,20,50000,timeout_degraded_read,15.0,12.6,17.5,30.0,35.2,18.8,262.0,4182527,4.6,182527,24318,6312,182527,22247,0,-1,-1,-1,21,21,11169,26.4,54.1,-1,-1,-1.0
zipf_0_8,zipf,0.8,1,dynamic_sensitivity_100d_4pct_hdd,100,69,1000000,5000,0.8,20,50000,health_ec,15.0,12.6,17.4,28.6,38.3,12.5,247.6,4019649,0.5,19649,0,5627,19649,18014,6,6,0,1696,1945,1945,9229,26.6,52.6,18042,14675,81.3
zipf_0_8,zipf,0.8,1,dynamic_sensitivity_100d_4pct_hdd,100,70,1000000,5000,0.8,20,50000,vanilla_ec,15.0,12.6,17.6,44.6,0.0,18.9,422.6,4000000,0.0,0,0,0,0,0,0,-1,-1,-1,-1,-1,0,32.6,74.8,-1,-1,-1.0
zipf_0_8,zipf,0.8,1,dynamic_sensitivity_100d_4pct_hdd,100,70,1000000,5000,0.8,20,50000,late_binding,15.0,10.8,14.6,28.5,36.1,13.9,285.1,5000000,25.0,1000000,150000,7746,1000000,796014,0,-1,-1,-1,-1,16,23070,23.9,54.4,-1,-1,-1.0
zipf_0_8,zipf,0.8,1,dynamic_sensitivity_100d_4pct_hdd,100,70,1000000,5000,0.8,20,50000,timeout_degraded_read,15.0,12.6,17.5,29.6,33.7,18.3,261.8,4182652,4.6,182652,24177,6220,182652,22024,0,-1,-1,-1,16,16,10963,26.3,54.4,-1,-1,-1.0
zipf_0_8,zipf,0.8,1,dynamic_sensitivity_100d_4pct_hdd,100,70,1000000,5000,0.8,20,50000,health_ec,15.0,12.6,17.3,28.2,36.8,11.9,246.1,4019694,0.5,19694,0,5385,19694,18092,6,6,0,1711,850,850,8971,26.4,52.2,18091,14830,82.0
zipf_0_8,zipf,0.8,1,dynamic_sensitivity_100d_4pct_hdd,100,71,1000000,5000,0.8,20,50000,vanilla_ec,15.0,12.6,17.6,45.5,0.0,19.0,421.5,4000000,0.0,0,0,0,0,0,0,-1,-1,-1,-1,-1,0,32.6,75.0,-1,-1,-1.0
zipf_0_8,zipf,0.8,1,dynamic_sensitivity_100d_4pct_hdd,100,71,1000000,5000,0.8,20,50000,late_binding,15.0,10.8,14.6,28.7,36.8,13.9,280.6,5000000,25.0,1000000,150000,7807,1000000,796820,0,-1,-1,-1,-1,33,23232,23.5,54.1,-1,-1,-1.0
zipf_0_8,zipf,0.8,1,dynamic_sensitivity_100d_4pct_hdd,100,71,1000000,5000,0.8,20,50000,timeout_degraded_read,15.0,12.6,17.5,29.8,34.5,18.2,259.9,4182544,4.6,182544,24462,6275,182544,22143,0,-1,-1,-1,33,41,11174,26.3,54.1,-1,-1,-1.0
zipf_0_8,zipf,0.8,1,dynamic_sensitivity_100d_4pct_hdd,100,71,1000000,5000,0.8,20,50000,health_ec,15.0,12.6,17.3,28.4,37.5,11.9,246.3,4019433,0.5,19433,0,5338,19433,17875,6,6,0,1672,1533,1533,9044,26.5,52.4,17998,14537,80.8
zipf_1_2,zipf,1.2,1,dynamic_sensitivity_100d_4pct_hdd,100,42,1000000,5000,1.2,20,50000,vanilla_ec,15.0,12.5,17.2,27.1,0.0,8.9,349.0,4000000,0.0,0,0,0,0,0,0,-1,-1,-1,-1,-1,0,29.0,66.8,-1,-1,-1.0
zipf_1_2,zipf,1.2,1,dynamic_sensitivity_100d_4pct_hdd,100,42,1000000,5000,1.2,20,50000,late_binding,15.0,10.7,14.3,19.0,29.8,6.6,215.8,5000000,25.0,1000000,150000,4591,1000000,798144,0,-1,-1,-1,-1,64,13458,20.6,46.2,-1,-1,-1.0
zipf_1_2,zipf,1.2,1,dynamic_sensitivity_100d_4pct_hdd,100,42,1000000,5000,1.2,20,50000,timeout_degraded_read,15.0,12.5,17.2,23.2,14.1,8.6,200.4,4173749,4.3,173749,24412,3821,173749,14682,0,-1,-1,-1,64,64,6981,24.5,46.2,-1,-1,-1.0
zipf_1_2,zipf,1.2,1,dynamic_sensitivity_100d_4pct_hdd,100,42,1000000,5000,1.2,20,50000,health_ec,15.0,12.5,17.0,20.0,26.3,4.3,95.3,4007529,0.2,7529,0,2016,7529,6917,6,6,0,558,5839,5839,3383,20.8,32.4,7795,5691,73.0
zipf_1_2,zipf,1.2,1,dynamic_sensitivity_100d_4pct_hdd,100,43,1000000,5000,1.2,20,50000,vanilla_ec,15.0,12.5,17.2,27.1,0.0,8.5,352.0,4000000,0.0,0,0,0,0,0,0,-1,-1,-1,-1,-1,0,28.9,67.8,-1,-1,-1.0
zipf_1_2,zipf,1.2,1,dynamic_sensitivity_100d_4pct_hdd,100,43,1000000,5000,1.2,20,50000,late_binding,15.0,10.7,14.3,18.9,30.4,6.7,219.9,5000000,25.0,1000000,150000,4448,1000000,798243,0,-1,-1,-1,-1,48,13274,20.4,46.9,-1,-1,-1.0
zipf_1_2,zipf,1.2,1,dynamic_sensitivity_100d_4pct_hdd,100,43,1000000,5000,1.2,20,50000,timeout_degraded_read,15.0,12.5,17.2,23.2,14.4,8.4,203.2,4173592,4.3,173592,24409,3695,173592,14843,0,-1,-1,-1,48,127,6791,24.5,46.9,-1,-1,-1.0
zipf_1_2,zipf,1.2,1,dynamic_sensitivity_100d_4pct_hdd,100,43,1000000,5000,1.2,20,50000,health_ec,15.0,12.5,17.0,20.0,26.3,4.2,109.4,4007536,0.2,7536,0,1948,7536,6977,6,6,0,546,2531,2531,3292,20.9,34.1,7815,5744,73.5
zipf_1_2,zipf,1.2,1,dynamic_sensitivity_100d_4pct_hdd,100,44,1000000,5000,1.2,20,50000,vanilla_ec,15.0,12.5,17.2,27.0,0.0,8.3,351.0,4000000,0.0,0,0,0,0,0,0,-1,-1,-1,-1,-1,0,29.0,67.0,-1,-1,-1.0
zipf_1_2,zipf,1.2,1,dynamic_sensitivity_100d_4pct_hdd,100,44,1000000,5000,1.2,20,50000,late_binding,15.0,10.7,14.3,19.0,29.7,6.7,218.6,5000000,25.0,1000000,150000,4567,1000000,798909,0,-1,-1,-1,-1,0,13443,20.9,47.0,-1,-1,-1.0
zipf_1_2,zipf,1.2,1,dynamic_sensitivity_100d_4pct_hdd,100,44,1000000,5000,1.2,20,50000,timeout_degraded_read,15.0,12.5,17.2,23.3,13.6,8.0,201.9,4174060,4.4,174060,24372,3817,174060,14681,0,-1,-1,-1,0,0,6928,24.7,47.0,-1,-1,-1.0
zipf_1_2,zipf,1.2,1,dynamic_sensitivity_100d_4pct_hdd,100,44,1000000,5000,1.2,20,50000,health_ec,15.0,12.5,17.0,19.9,26.1,3.7,93.0,4007525,0.2,7525,0,2031,7525,6959,6,6,0,559,2401,2401,3385,21.5,32.8,7881,5697,72.3
zipf_1_2,zipf,1.2,1,dynamic_sensitivity_100d_4pct_hdd,100,45,1000000,5000,1.2,20,50000,vanilla_ec,15.0,12.5,17.2,27.2,0.0,7.9,347.7,4000000,0.0,0,0,0,0,0,0,-1,-1,-1,-1,-1,0,29.2,66.7,-1,-1,-1.0
zipf_1_2,zipf,1.2,1,dynamic_sensitivity_100d_4pct_hdd,100,45,1000000,5000,1.2,20,50000,late_binding,15.0,10.7,14.3,18.9,30.2,6.5,218.5,5000000,25.0,1000000,150000,4502,1000000,798768,0,-1,-1,-1,-1,32,13295,20.7,46.5,-1,-1,-1.0
zipf_1_2,zipf,1.2,1,dynamic_sensitivity_100d_4pct_hdd,100,45,1000000,5000,1.2,20,50000,timeout_degraded_read,15.0,12.5,17.2,23.3,14.2,7.8,202.0,4173850,4.3,173850,24439,3724,173850,14653,0,-1,-1,-1,32,156,6901,24.4,46.5,-1,-1,-1.0
zipf_1_2,zipf,1.2,1,dynamic_sensitivity_100d_4pct_hdd,100,45,1000000,5000,1.2,20,50000,health_ec,15.0,12.5,17.0,19.9,26.6,3.5,99.0,4007565,0.2,7565,0,1987,7565,6955,6,6,0,544,3443,3443,3381,21.4,33.4,7805,5823,74.6
zipf_1_2,zipf,1.2,1,dynamic_sensitivity_100d_4pct_hdd,100,46,1000000,5000,1.2,20,50000,vanilla_ec,15.0,12.5,17.2,27.0,0.0,9.3,350.4,4000000,0.0,0,0,0,0,0,0,-1,-1,-1,-1,-1,0,29.4,67.2,-1,-1,-1.0
zipf_1_2,zipf,1.2,1,dynamic_sensitivity_100d_4pct_hdd,100,46,1000000,5000,1.2,20,50000,late_binding,15.0,10.7,14.3,19.0,29.7,6.1,215.4,5000000,25.0,1000000,150000,4710,1000000,798999,0,-1,-1,-1,-1,14,13727,21.4,46.3,-1,-1,-1.0
zipf_1_2,zipf,1.2,1,dynamic_sensitivity_100d_4pct_hdd,100,46,1000000,5000,1.2,20,50000,timeout_degraded_read,15.0,12.5,17.2,23.3,13.9,9.2,200.2,4173248,4.3,173248,24200,3905,173248,14716,0,-1,-1,-1,14,14,7086,24.6,46.3,-1,-1,-1.0
zipf_1_2,zipf,1.2,1,dynamic_sensitivity_100d_4pct_hdd,100,46,1000000,5000,1.2,20,50000,health_ec,15.0,12.5,17.0,20.0,26.2,4.8,104.7,4007691,0.2,7691,0,2089,7691,7128,6,6,0,583,2943,2943,3488,21.0,34.2,7962,5868,73.7
zipf_1_2,zipf,1.2,1,dynamic_sensitivity_100d_4pct_hdd,100,47,1000000,5000,1.2,20,50000,vanilla_ec,15.0,12.5,17.2,26.9,0.0,8.8,350.9,4000000,0.0,0,0,0,0,0,0,-1,-1,-1,-1,-1,0,29.0,66.8,-1,-1,-1.0
zipf_1_2,zipf,1.2,1,dynamic_sensitivity_100d_4pct_hdd,100,47,1000000,5000,1.2,20,50000,late_binding,15.0,10.7,14.3,18.9,29.7,6.5,217.7,5000000,25.0,1000000,150000,4565,1000000,798518,0,-1,-1,-1,-1,4,13368,20.7,46.7,-1,-1,-1.0
zipf_1_2,zipf,1.2,1,dynamic_sensitivity_100d_4pct_hdd,100,47,1000000,5000,1.2,20,50000,timeout_degraded_read,15.0,12.5,17.2,23.2,14.0,8.6,201.7,4174437,4.4,174437,24337,3793,174437,14732,0,-1,-1,-1,4,4,6838,24.5,46.7,-1,-1,-1.0
zipf_1_2,zipf,1.2,1,dynamic_sensitivity_100d_4pct_hdd,100,47,1000000,5000,1.2,20,50000,health_ec,15.0,12.5,17.0,20.0,25.9,4.4,97.3,4007264,0.2,7264,0,1887,7264,6748,6,6,0,558,1212,1212,3141,21.0,31.8,7751,5626,72.6
zipf_1_2,zipf,1.2,1,dynamic_sensitivity_100d_4pct_hdd,100,48,1000000,5000,1.2,20,50000,vanilla_ec,15.0,12.5,17.2,27.3,0.0,9.0,351.2,4000000,0.0,0,0,0,0,0,0,-1,-1,-1,-1,-1,0,29.1,66.8,-1,-1,-1.0
zipf_1_2,zipf,1.2,1,dynamic_sensitivity_100d_4pct_hdd,100,48,1000000,5000,1.2,20,50000,late_binding,15.0,10.7,14.3,19.1,30.1,6.5,221.4,5000000,25.0,1000000,150000,4617,1000000,798073,0,-1,-1,-1,-1,161,13530,20.6,46.8,-1,-1,-1.0
zipf_1_2,zipf,1.2,1,dynamic_sensitivity_100d_4pct_hdd,100,48,1000000,5000,1.2,20,50000,timeout_degraded_read,15.0,12.5,17.2,23.3,14.5,8.7,205.3,4173990,4.3,173990,24249,3839,173990,14912,0,-1,-1,-1,161,161,7001,24.5,46.8,-1,-1,-1.0
zipf_1_2,zipf,1.2,1,dynamic_sensitivity_100d_4pct_hdd,100,48,1000000,5000,1.2,20,50000,health_ec,15.0,12.5,17.0,20.0,26.7,4.4,112.9,4007584,0.2,7584,0,2027,7584,7023,6,6,0,572,1272,1272,3462,20.9,35.5,7795,5736,73.6
zipf_1_2,zipf,1.2,1,dynamic_sensitivity_100d_4pct_hdd,100,49,1000000,5000,1.2,20,50000,vanilla_ec,15.0,12.5,17.2,27.3,0.0,9.4,350.7,4000000,0.0,0,0,0,0,0,0,-1,-1,-1,-1,-1,0,29.1,66.9,-1,-1,-1.0
zipf_1_2,zipf,1.2,1,dynamic_sensitivity_100d_4pct_hdd,100,49,1000000,5000,1.2,20,50000,late_binding,15.0,10.7,14.3,19.0,30.3,6.5,220.4,5000000,25.0,1000000,150000,4477,1000000,798831,0,-1,-1,-1,-1,7,13189,20.9,46.8,-1,-1,-1.0
zipf_1_2,zipf,1.2,1,dynamic_sensitivity_100d_4pct_hdd,100,49,1000000,5000,1.2,20,50000,timeout_degraded_read,15.0,12.5,17.2,23.4,14.1,9.1,203.9,4173914,4.3,173914,24416,3746,173914,14787,0,-1,-1,-1,7,7,6874,24.5,46.8,-1,-1,-1.0
zipf_1_2,zipf,1.2,1,dynamic_sensitivity_100d_4pct_hdd,100,49,1000000,5000,1.2,20,50000,health_ec,15.0,12.5,17.0,20.0,26.9,4.8,109.5,4007643,0.2,7643,0,1922,7643,7128,6,6,0,588,2654,2654,3363,20.9,35.7,7902,5868,74.3
zipf_1_2,zipf,1.2,1,dynamic_sensitivity_100d_4pct_hdd,100,50,1000000,5000,1.2,20,50000,vanilla_ec,15.0,12.5,17.2,27.3,0.0,9.8,353.6,4000000,0.0,0,0,0,0,0,0,-1,-1,-1,-1,-1,0,29.3,67.1,-1,-1,-1.0
zipf_1_2,zipf,1.2,1,dynamic_sensitivity_100d_4pct_hdd,100,50,1000000,5000,1.2,20,50000,late_binding,15.0,10.7,14.3,19.1,30.1,6.9,221.5,5000000,25.0,1000000,150000,4530,1000000,799130,0,-1,-1,-1,-1,8,13402,20.5,47.0,-1,-1,-1.0
zipf_1_2,zipf,1.2,1,dynamic_sensitivity_100d_4pct_hdd,100,50,1000000,5000,1.2,20,50000,timeout_degraded_read,15.0,12.5,17.2,23.4,14.2,9.7,205.4,4174067,4.4,174067,23937,3788,174067,14763,0,-1,-1,-1,8,42,6891,24.7,47.0,-1,-1,-1.0
zipf_1_2,zipf,1.2,1,dynamic_sensitivity_100d_4pct_hdd,100,50,1000000,5000,1.2,20,50000,health_ec,15.0,12.5,17.0,20.0,26.8,5.2,102.9,4007475,0.2,7475,0,1957,7475,6917,6,6,0,546,556,556,3267,21.3,34.1,7856,5782,73.6
zipf_1_2,zipf,1.2,1,dynamic_sensitivity_100d_4pct_hdd,100,51,1000000,5000,1.2,20,50000,vanilla_ec,15.0,12.5,17.2,27.2,0.0,9.0,354.2,4000000,0.0,0,0,0,0,0,0,-1,-1,-1,-1,-1,0,29.0,67.4,-1,-1,-1.0
zipf_1_2,zipf,1.2,1,dynamic_sensitivity_100d_4pct_hdd,100,51,1000000,5000,1.2,20,50000,late_binding,15.0,10.7,14.3,19.0,30.0,6.4,218.8,5000000,25.0,1000000,150000,4535,1000000,798973,0,-1,-1,-1,-1,48,13484,20.3,46.9,-1,-1,-1.0
zipf_1_2,zipf,1.2,1,dynamic_sensitivity_100d_4pct_hdd,100,51,1000000,5000,1.2,20,50000,timeout_degraded_read,15.0,12.5,17.2,23.4,14.1,8.9,202.7,4173799,4.3,173799,24422,3769,173799,14784,0,-1,-1,-1,48,48,6904,24.5,46.9,-1,-1,-1.0
zipf_1_2,zipf,1.2,1,dynamic_sensitivity_100d_4pct_hdd,100,51,1000000,5000,1.2,20,50000,health_ec,15.0,12.5,17.0,20.0,26.5,4.5,100.5,4007590,0.2,7590,0,2049,7590,7026,6,6,0,574,323,323,3410,21.1,33.6,7895,5780,73.2
zipf_1_2,zipf,1.2,1,dynamic_sensitivity_100d_4pct_hdd,100,52,1000000,5000,1.2,20,50000,vanilla_ec,15.0,12.5,17.2,27.2,0.0,8.8,352.3,4000000,0.0,0,0,0,0,0,0,-1,-1,-1,-1,-1,0,29.1,67.3,-1,-1,-1.0
zipf_1_2,zipf,1.2,1,dynamic_sensitivity_100d_4pct_hdd,100,52,1000000,5000,1.2,20,50000,late_binding,15.0,10.7,14.3,18.9,30.5,6.3,218.5,5000000,25.0,1000000,150000,4530,1000000,799460,0,-1,-1,-1,-1,37,13510,21.0,46.8,-1,-1,-1.0
zipf_1_2,zipf,1.2,1,dynamic_sensitivity_100d_4pct_hdd,100,52,1000000,5000,1.2,20,50000,timeout_degraded_read,15.0,12.5,17.2,23.4,14.1,8.6,203.4,4173677,4.3,173677,24485,3775,173677,14683,0,-1,-1,-1,37,37,6872,24.8,46.8,-1,-1,-1.0
zipf_1_2,zipf,1.2,1,dynamic_sensitivity_100d_4pct_hdd,100,52,1000000,5000,1.2,20,50000,health_ec,15.0,12.5,17.0,19.9,26.8,4.2,97.0,4007541,0.2,7541,0,2028,7541,6955,6,6,0,552,872,872,3360,21.0,33.3,7835,5728,73.1
zipf_1_2,zipf,1.2,1,dynamic_sensitivity_100d_4pct_hdd,100,53,1000000,5000,1.2,20,50000,vanilla_ec,15.0,12.5,17.2,27.5,0.0,9.2,348.8,4000000,0.0,0,0,0,0,0,0,-1,-1,-1,-1,-1,0,29.4,66.6,-1,-1,-1.0
zipf_1_2,zipf,1.2,1,dynamic_sensitivity_100d_4pct_hdd,100,53,1000000,5000,1.2,20,50000,late_binding,15.0,10.7,14.3,19.2,30.3,6.7,220.9,5000000,25.0,1000000,150000,4586,1000000,798740,0,-1,-1,-1,-1,2,13399,21.3,46.7,-1,-1,-1.0
zipf_1_2,zipf,1.2,1,dynamic_sensitivity_100d_4pct_hdd,100,53,1000000,5000,1.2,20,50000,timeout_degraded_read,15.0,12.5,17.2,23.5,14.5,9.0,204.9,4174552,4.4,174552,24323,3825,174552,14854,0,-1,-1,-1,2,2,6870,24.8,46.7,-1,-1,-1.0
zipf_1_2,zipf,1.2,1,dynamic_sensitivity_100d_4pct_hdd,100,53,1000000,5000,1.2,20,50000,health_ec,15.0,12.5,17.0,19.9,27.4,4.7,103.9,4007766,0.2,7766,0,2072,7766,7184,6,6,0,571,1732,1732,3442,21.2,34.0,7906,5927,75.0
zipf_1_2,zipf,1.2,1,dynamic_sensitivity_100d_4pct_hdd,100,54,1000000,5000,1.2,20,50000,vanilla_ec,15.0,12.5,17.2,26.5,0.0,8.9,347.0,4000000,0.0,0,0,0,0,0,0,-1,-1,-1,-1,-1,0,29.3,66.3,-1,-1,-1.0
zipf_1_2,zipf,1.2,1,dynamic_sensitivity_100d_4pct_hdd,100,54,1000000,5000,1.2,20,50000,late_binding,15.0,10.7,14.3,18.7,29.6,6.8,214.3,5000000,25.0,1000000,150000,4678,1000000,798657,0,-1,-1,-1,-1,31,13450,20.8,45.5,-1,-1,-1.0
zipf_1_2,zipf,1.2,1,dynamic_sensitivity_100d_4pct_hdd,100,54,1000000,5000,1.2,20,50000,timeout_degraded_read,15.0,12.5,17.2,23.0,13.2,8.7,198.0,4173836,4.3,173836,24300,3896,173836,14501,0,-1,-1,-1,31,31,6931,24.5,45.5,-1,-1,-1.0
zipf_1_2,zipf,1.2,1,dynamic_sensitivity_100d_4pct_hdd,100,54,1000000,5000,1.2,20,50000,health_ec,15.0,12.5,17.0,19.9,24.9,4.5,84.5,4007164,0.2,7164,0,1966,7164,6615,6,6,0,512,1280,1280,3221,21.1,30.9,7621,5492,72.1
zipf_1_2,zipf,1.2,1,dynamic_sensitivity_100d_4pct_hdd,100,55,1000000,5000,1.2,20,50000,vanilla_ec,15.0,12.5,17.2,27.2,0.0,9.1,352.5,4000000,0.0,0,0,0,0,0,0,-1,-1,-1,-1,-1,0,29.3,66.8,-1,-1,-1.0
zipf_1_2,zipf,1.2,1,dynamic_sensitivity_100d_4pct_hdd,100,55,1000000,5000,1.2,20,50000,late_binding,15.0,10.7,14.3,19.0,30.2,6.9,217.4,5000000,25.0,1000000,150000,4548,1000000,798955,0,-1,-1,-1,-1,31,13246,21.3,46.5,-1,-1,-1.0
zipf_1_2,zipf,1.2,1,dynamic_sensitivity_100d_4pct_hdd,100,55,1000000,5000,1.2,20,50000,timeout_degraded_read,15.0,12.5,17.2,23.3,14.4,8.9,200.8,4173753,4.3,173753,24484,3783,173753,14737,0,-1,-1,-1,31,31,6873,24.6,46.5,-1,-1,-1.0
zipf_1_2,zipf,1.2,1,dynamic_sensitivity_100d_4pct_hdd,100,55,1000000,5000,1.2,20,50000,health_ec,15.0,12.5,17.0,20.0,26.6,4.5,104.0,4007478,0.2,7478,0,1945,7478,6932,6,6,0,564,554,554,3270,21.3,34.0,7891,5774,73.2
zipf_1_2,zipf,1.2,1,dynamic_sensitivity_100d_4pct_hdd,100,56,1000000,5000,1.2,20,50000,vanilla_ec,15.0,12.5,17.2,27.2,0.0,9.1,350.1,4000000,0.0,0,0,0,0,0,0,-1,-1,-1,-1,-1,0,29.0,67.0,-1,-1,-1.0
zipf_1_2,zipf,1.2,1,dynamic_sensitivity_100d_4pct_hdd,100,56,1000000,5000,1.2,20,50000,late_binding,15.0,10.7,14.3,19.0,30.4,6.5,218.8,5000000,25.0,1000000,150000,4628,1000000,798592,0,-1,-1,-1,-1,169,13423,20.8,47.5,-1,-1,-1.0
zipf_1_2,zipf,1.2,1,dynamic_sensitivity_100d_4pct_hdd,100,56,1000000,5000,1.2,20,50000,timeout_degraded_read,15.0,12.5,17.2,23.3,14.4,9.0,204.4,4173542,4.3,173542,24292,3839,173542,14737,0,-1,-1,-1,169,170,6913,24.4,47.5,-1,-1,-1.0
zipf_1_2,zipf,1.2,1,dynamic_sensitivity_100d_4pct_hdd,100,56,1000000,5000,1.2,20,50000,health_ec,15.0,12.5,17.0,20.0,26.7,4.7,100.8,4007476,0.2,7476,0,1929,7476,6922,6,6,0,582,5643,5643,3290,20.8,33.8,7853,5760,73.3
zipf_1_2,zipf,1.2,1,dynamic_sensitivity_100d_4pct_hdd,100,57,1000000,5000,1.2,20,50000,vanilla_ec,15.0,12.5,17.2,27.0,0.0,8.7,347.0,4000000,0.0,0,0,0,0,0,0,-1,-1,-1,-1,-1,0,28.7,66.3,-1,-1,-1.0
zipf_1_2,zipf,1.2,1,dynamic_sensitivity_100d_4pct_hdd,100,57,1000000,5000,1.2,20,50000,late_binding,15.0,10.7,14.3,19.0,29.7,6.6,220.0,5000000,25.0,1000000,150000,4551,1000000,798586,0,-1,-1,-1,-1,10,13264,20.8,47.0,-1,-1,-1.0
zipf_1_2,zipf,1.2,1,dynamic_sensitivity_100d_4pct_hdd,100,57,1000000,5000,1.2,20,50000,timeout_degraded_read,15.0,12.5,17.2,23.3,13.7,8.6,203.8,4173420,4.3,173420,24204,3781,173420,14786,0,-1,-1,-1,10,105,6770,24.4,47.0,-1,-1,-1.0
zipf_1_2,zipf,1.2,1,dynamic_sensitivity_100d_4pct_hdd,100,57,1000000,5000,1.2,20,50000,health_ec,15.0,12.5,17.0,20.0,26.1,4.3,102.2,4007610,0.2,7610,0,2046,7610,6995,6,6,0,558,1569,1569,3384,21.1,34.1,7945,5761,72.5
zipf_1_2,zipf,1.2,1,dynamic_sensitivity_100d_4pct_hdd,100,58,1000000,5000,1.2,20,50000,vanilla_ec,15.0,12.5,17.2,27.0,0.0,9.2,353.0,4000000,0.0,0,0,0,0,0,0,-1,-1,-1,-1,-1,0,29.1,67.1,-1,-1,-1.0
zipf_1_2,zipf,1.2,1,dynamic_sensitivity_100d_4pct_hdd,100,58,1000000,5000,1.2,20,50000,late_binding,15.0,10.7,14.3,18.9,30.0,6.9,218.2,5000000,25.0,1000000,150000,4538,1000000,798531,0,-1,-1,-1,-1,30,13156,20.7,46.8,-1,-1,-1.0
zipf_1_2,zipf,1.2,1,dynamic_sensitivity_100d_4pct_hdd,100,58,1000000,5000,1.2,20,50000,timeout_degraded_read,15.0,12.5,17.2,23.2,14.0,9.0,203.5,4173702,4.3,173702,24306,3806,173702,14845,0,-1,-1,-1,30,30,6867,24.4,46.8,-1,-1,-1.0
zipf_1_2,zipf,1.2,1,dynamic_sensitivity_100d_4pct_hdd,100,58,1000000,5000,1.2,20,50000,health_ec,15.0,12.5,17.0,19.9,26.2,4.6,97.3,4007484,0.2,7484,0,1957,7484,6942,6,6,0,566,1926,1926,3253,21.3,34.4,7882,5769,73.2
zipf_1_2,zipf,1.2,1,dynamic_sensitivity_100d_4pct_hdd,100,59,1000000,5000,1.2,20,50000,vanilla_ec,15.0,12.5,17.2,26.8,0.0,8.8,350.9,4000000,0.0,0,0,0,0,0,0,-1,-1,-1,-1,-1,0,28.8,67.6,-1,-1,-1.0
zipf_1_2,zipf,1.2,1,dynamic_sensitivity_100d_4pct_hdd,100,59,1000000,5000,1.2,20,50000,late_binding,15.0,10.7,14.3,18.7,30.1,6.5,215.4,5000000,25.0,1000000,150000,4554,1000000,798472,0,-1,-1,-1,-1,56,13467,20.7,46.4,-1,-1,-1.0
zipf_1_2,zipf,1.2,1,dynamic_sensitivity_100d_4pct_hdd,100,59,1000000,5000,1.2,20,50000,timeout_degraded_read,15.0,12.5,17.2,23.2,13.6,8.6,199.7,4173665,4.3,173665,24376,3793,173665,14580,0,-1,-1,-1,56,57,6915,24.5,46.4,-1,-1,-1.0
zipf_1_2,zipf,1.2,1,dynamic_sensitivity_100d_4pct_hdd,100,59,1000000,5000,1.2,20,50000,health_ec,15.0,12.5,17.0,19.9,25.7,4.2,92.3,4007358,0.2,7358,0,1931,7358,6803,6,6,0,556,745,745,3280,20.8,33.6,7665,5640,73.6
zipf_1_2,zipf,1.2,1,dynamic_sensitivity_100d_4pct_hdd,100,60,1000000,5000,1.2,20,50000,vanilla_ec,15.0,12.5,17.2,27.1,0.0,8.8,353.1,4000000,0.0,0,0,0,0,0,0,-1,-1,-1,-1,-1,0,29.3,67.5,-1,-1,-1.0
zipf_1_2,zipf,1.2,1,dynamic_sensitivity_100d_4pct_hdd,100,60,1000000,5000,1.2,20,50000,late_binding,15.0,10.7,14.3,19.0,29.9,6.7,220.9,5000000,25.0,1000000,150000,4545,1000000,798799,0,-1,-1,-1,-1,16,13265,21.1,47.3,-1,-1,-1.0
zipf_1_2,zipf,1.2,1,dynamic_sensitivity_100d_4pct_hdd,100,60,1000000,5000,1.2,20,50000,timeout_degraded_read,15.0,12.5,17.2,23.3,14.1,8.5,204.8,4174262,4.4,174262,24182,3787,174262,14842,0,-1,-1,-1,16,16,6807,24.6,47.3,-1,-1,-1.0
zipf_1_2,zipf,1.2,1,dynamic_sensitivity_100d_4pct_hdd,100,60,1000000,5000,1.2,20,50000,health_ec,15.0,12.5,17.0,20.0,26.4,4.3,101.4,4007692,0.2,7692,0,1960,7692,7134,6,6,0,596,1813,1813,3282,21.1,34.0,7909,5983,75.6
zipf_1_2,zipf,1.2,1,dynamic_sensitivity_100d_4pct_hdd,100,61,1000000,5000,1.2,20,50000,vanilla_ec,15.0,12.5,17.2,27.4,0.0,8.6,353.0,4000000,0.0,0,0,0,0,0,0,-1,-1,-1,-1,-1,0,28.8,67.0,-1,-1,-1.0
zipf_1_2,zipf,1.2,1,dynamic_sensitivity_100d_4pct_hdd,100,61,1000000,5000,1.2,20,50000,late_binding,15.0,10.7,14.3,19.0,30.6,6.6,219.9,5000000,25.0,1000000,150000,4568,1000000,798752,0,-1,-1,-1,-1,93,13398,20.6,46.9,-1,-1,-1.0
zipf_1_2,zipf,1.2,1,dynamic_sensitivity_100d_4pct_hdd,100,61,1000000,5000,1.2,20,50000,timeout_degraded_read,15.0,12.5,17.2,23.4,14.7,8.5,203.8,4173418,4.3,173418,24300,3786,173418,14866,0,-1,-1,-1,93,93,6905,24.7,46.9,-1,-1,-1.0
zipf_1_2,zipf,1.2,1,dynamic_sensitivity_100d_4pct_hdd,100,61,1000000,5000,1.2,20,50000,health_ec,15.0,12.5,17.0,20.0,27.2,4.0,103.3,4007373,0.2,7373,0,1899,7373,6827,6,6,0,546,1243,1243,3241,21.2,33.9,7762,5707,73.5
zipf_1_2,zipf,1.2,1,dynamic_sensitivity_100d_4pct_hdd,100,62,1000000,5000,1.2,20,50000,vanilla_ec,15.0,12.5,17.2,27.2,0.0,8.9,351.3,4000000,0.0,0,0,0,0,0,0,-1,-1,-1,-1,-1,0,29.0,67.2,-1,-1,-1.0
zipf_1_2,zipf,1.2,1,dynamic_sensitivity_100d_4pct_hdd,100,62,1000000,5000,1.2,20,50000,late_binding,15.0,10.7,14.3,18.9,30.5,6.1,216.7,5000000,25.0,1000000,150000,4554,1000000,799010,0,-1,-1,-1,-1,44,13476,20.8,46.8,-1,-1,-1.0
zipf_1_2,zipf,1.2,1,dynamic_sensitivity_100d_4pct_hdd,100,62,1000000,5000,1.2,20,50000,timeout_degraded_read,15.0,12.5,17.2,23.2,14.5,8.8,202.5,4173438,4.3,173438,24312,3781,173438,14783,0,-1,-1,-1,44,44,6869,24.5,46.8,-1,-1,-1.0
zipf_1_2,zipf,1.2,1,dynamic_sensitivity_100d_4pct_hdd,100,62,1000000,5000,1.2,20,50000,health_ec,15.0,12.5,17.0,19.9,26.7,4.4,101.9,4007718,0.2,7718,0,2041,7718,7154,6,6,0,548,1739,1739,3324,20.9,33.5,7783,5903,75.8
zipf_1_2,zipf,1.2,1,dynamic_sensitivity_100d_4pct_hdd,100,63,1000000,5000,1.2,20,50000,vanilla_ec,15.0,12.5,17.2,27.2,0.0,9.2,347.2,4000000,0.0,0,0,0,0,0,0,-1,-1,-1,-1,-1,0,28.5,66.8,-1,-1,-1.0
zipf_1_2,zipf,1.2,1,dynamic_sensitivity_100d_4pct_hdd,100,63,1000000,5000,1.2,20,50000,late_binding,15.0,10.7,14.3,19.1,29.8,6.4,218.0,5000000,25.0,1000000,150000,4614,1000000,798580,0,-1,-1,-1,-1,100,13552,20.7,46.4,-1,-1,-1.0
zipf_1_2,zipf,1.2,1,dynamic_sensitivity_100d_4pct_hdd,100,63,1000000,5000,1.2,20,50000,timeout_degraded_read,15.0,12.5,17.2,23.4,13.9,9.1,202.7,4174051,4.4,174051,24247,3812,174051,14794,0,-1,-1,-1,100,100,6911,24.2,46.4,-1,-1,-1.0
zipf_1_2,zipf,1.2,1,dynamic_sensitivity_100d_4pct_hdd,100,63,1000000,5000,1.2,20,50000,health_ec,15.0,12.5,17.0,20.0,26.2,4.7,111.4,4007591,0.2,7591,0,2030,7591,7039,6,6,0,570,4759,4759,3379,21.1,34.4,7949,5824,73.3
zipf_1_2,zipf,1.2,1,dynamic_sensitivity_100d_4pct_hdd,100,64,1000000,5000,1.2,20,50000,vanilla_ec,15.0,12.5,17.2,27.1,0.0,9.0,353.0,4000000,0.0,0,0,0,0,0,0,-1,-1,-1,-1,-1,0,28.9,67.5,-1,-1,-1.0
zipf_1_2,zipf,1.2,1,dynamic_sensitivity_100d_4pct_hdd,100,64,1000000,5000,1.2,20,50000,late_binding,15.0,10.7,14.3,18.9,30.2,6.3,218.7,5000000,25.0,1000000,150000,4502,1000000,799170,0,-1,-1,-1,-1,12,13325,21.0,46.5,-1,-1,-1.0
zipf_1_2,zipf,1.2,1,dynamic_sensitivity_100d_4pct_hdd,100,64,1000000,5000,1.2,20,50000,timeout_degraded_read,15.0,12.5,17.2,23.3,14.1,8.7,202.2,4173911,4.3,173911,24491,3753,173911,14632,0,-1,-1,-1,12,12,6857,24.7,46.5,-1,-1,-1.0
zipf_1_2,zipf,1.2,1,dynamic_sensitivity_100d_4pct_hdd,100,64,1000000,5000,1.2,20,50000,health_ec,15.0,12.5,17.0,19.9,26.5,4.4,96.4,4007582,0.2,7582,0,2013,7582,6945,6,6,0,572,2794,2794,3393,21.1,32.7,7728,5728,74.1
zipf_1_2,zipf,1.2,1,dynamic_sensitivity_100d_4pct_hdd,100,65,1000000,5000,1.2,20,50000,vanilla_ec,15.0,12.5,17.2,27.5,0.0,8.7,350.2,4000000,0.0,0,0,0,0,0,0,-1,-1,-1,-1,-1,0,29.3,66.6,-1,-1,-1.0
zipf_1_2,zipf,1.2,1,dynamic_sensitivity_100d_4pct_hdd,100,65,1000000,5000,1.2,20,50000,late_binding,15.0,10.7,14.3,19.1,30.5,6.7,214.9,5000000,25.0,1000000,150000,4608,1000000,798201,0,-1,-1,-1,-1,108,13426,21.2,45.7,-1,-1,-1.0
zipf_1_2,zipf,1.2,1,dynamic_sensitivity_100d_4pct_hdd,100,65,1000000,5000,1.2,20,50000,timeout_degraded_read,15.0,12.5,17.2,23.3,15.0,8.5,198.2,4174306,4.4,174306,24457,3836,174306,14824,0,-1,-1,-1,108,108,6990,24.4,45.7,-1,-1,-1.0
zipf_1_2,zipf,1.2,1,dynamic_sensitivity_100d_4pct_hdd,100,65,1000000,5000,1.2,20,50000,health_ec,15.0,12.5,17.0,20.0,27.3,4.1,103.4,4007677,0.2,7677,0,1951,7677,7146,6,6,0,584,925,925,3335,21.3,33.8,8003,5917,73.9
zipf_1_2,zipf,1.2,1,dynamic_sensitivity_100d_4pct_hdd,100,66,1000000,5000,1.2,20,50000,vanilla_ec,15.0,12.5,17.2,26.8,0.0,8.8,347.2,4000000,0.0,0,0,0,0,0,0,-1,-1,-1,-1,-1,0,28.9,66.7,-1,-1,-1.0
zipf_1_2,zipf,1.2,1,dynamic_sensitivity_100d_4pct_hdd,100,66,1000000,5000,1.2,20,50000,late_binding,15.0,10.7,14.3,18.7,30.2,6.6,214.7,5000000,25.0,1000000,150000,4605,1000000,798789,0,-1,-1,-1,-1,17,13391,20.3,46.5,-1,-1,-1.0
zipf_1_2,zipf,1.2,1,dynamic_sensitivity_100d_4pct_hdd,100,66,1000000,5000,1.2,20,50000,timeout_degraded_read,15.0,12.5,17.2,23.1,13.9,8.5,199.7,4174332,4.4,174332,24500,3838,174332,14704,0,-1,-1,-1,17,17,6947,24.3,46.5,-1,-1,-1.0
zipf_1_2,zipf,1.2,1,dynamic_sensitivity_100d_4pct_hdd,100,66,1000000,5000,1.2,20,50000,health_ec,15.0,12.5,17.0,19.9,25.8,4.2,96.3,4007493,0.2,7493,0,2033,7493,6897,6,6,0,554,945,945,3347,20.8,34.6,7684,5660,73.7
zipf_1_2,zipf,1.2,1,dynamic_sensitivity_100d_4pct_hdd,100,67,1000000,5000,1.2,20,50000,vanilla_ec,15.0,12.5,17.2,27.2,0.0,8.5,351.9,4000000,0.0,0,0,0,0,0,0,-1,-1,-1,-1,-1,0,29.1,67.5,-1,-1,-1.0
zipf_1_2,zipf,1.2,1,dynamic_sensitivity_100d_4pct_hdd,100,67,1000000,5000,1.2,20,50000,late_binding,15.0,10.7,14.3,19.0,30.0,6.5,219.4,5000000,25.0,1000000,150000,4543,1000000,798631,0,-1,-1,-1,-1,24,13481,20.5,46.8,-1,-1,-1.0
zipf_1_2,zipf,1.2,1,dynamic_sensitivity_100d_4pct_hdd,100,67,1000000,5000,1.2,20,50000,timeout_degraded_read,15.0,12.5,17.2,23.3,14.3,8.3,203.5,4173068,4.3,173068,24170,3781,173068,14696,0,-1,-1,-1,24,24,6916,24.4,46.8,-1,-1,-1.0
zipf_1_2,zipf,1.2,1,dynamic_sensitivity_100d_4pct_hdd,100,67,1000000,5000,1.2,20,50000,health_ec,15.0,12.5,17.0,20.0,26.7,4.0,104.0,4007659,0.2,7659,0,1953,7659,7021,6,6,0,578,1477,1477,3306,20.8,34.8,7867,5880,74.7
zipf_1_2,zipf,1.2,1,dynamic_sensitivity_100d_4pct_hdd,100,68,1000000,5000,1.2,20,50000,vanilla_ec,15.0,12.5,17.2,26.7,0.0,8.8,350.6,4000000,0.0,0,0,0,0,0,0,-1,-1,-1,-1,-1,0,28.6,67.4,-1,-1,-1.0
zipf_1_2,zipf,1.2,1,dynamic_sensitivity_100d_4pct_hdd,100,68,1000000,5000,1.2,20,50000,late_binding,15.0,10.7,14.3,18.8,29.7,6.5,217.9,5000000,25.0,1000000,150000,4608,1000000,799003,0,-1,-1,-1,-1,2,13587,20.5,46.6,-1,-1,-1.0
zipf_1_2,zipf,1.2,1,dynamic_sensitivity_100d_4pct_hdd,100,68,1000000,5000,1.2,20,50000,timeout_degraded_read,15.0,12.5,17.2,23.2,13.1,8.5,201.7,4173539,4.3,173539,24383,3839,173539,14637,0,-1,-1,-1,2,2,6926,24.4,46.6,-1,-1,-1.0
zipf_1_2,zipf,1.2,1,dynamic_sensitivity_100d_4pct_hdd,100,68,1000000,5000,1.2,20,50000,health_ec,15.0,12.5,17.0,19.9,25.4,4.3,97.2,4007504,0.2,7504,0,2020,7504,6953,6,6,0,592,1360,1360,3391,21.0,33.6,7746,5674,73.3
zipf_1_2,zipf,1.2,1,dynamic_sensitivity_100d_4pct_hdd,100,69,1000000,5000,1.2,20,50000,vanilla_ec,15.0,12.5,17.2,27.0,0.0,8.8,350.4,4000000,0.0,0,0,0,0,0,0,-1,-1,-1,-1,-1,0,28.7,67.2,-1,-1,-1.0
zipf_1_2,zipf,1.2,1,dynamic_sensitivity_100d_4pct_hdd,100,69,1000000,5000,1.2,20,50000,late_binding,15.0,10.7,14.3,18.9,29.8,6.6,216.2,5000000,25.0,1000000,150000,4453,1000000,798847,0,-1,-1,-1,-1,1,13360,20.5,46.2,-1,-1,-1.0
zipf_1_2,zipf,1.2,1,dynamic_sensitivity_100d_4pct_hdd,100,69,1000000,5000,1.2,20,50000,timeout_degraded_read,15.0,12.5,17.2,23.3,13.5,8.6,201.1,4174025,4.4,174025,24254,3710,174025,14696,0,-1,-1,-1,1,1,6858,24.6,46.2,-1,-1,-1.0
zipf_1_2,zipf,1.2,1,dynamic_sensitivity_100d_4pct_hdd,100,69,1000000,5000,1.2,20,50000,health_ec,15.0,12.5,17.0,19.9,26.0,4.4,100.8,4007521,0.2,7521,0,1961,7521,6938,6,6,0,562,2159,2159,3349,20.8,34.9,7741,5724,73.9
zipf_1_2,zipf,1.2,1,dynamic_sensitivity_100d_4pct_hdd,100,70,1000000,5000,1.2,20,50000,vanilla_ec,15.0,12.5,17.2,27.0,0.0,9.0,349.2,4000000,0.0,0,0,0,0,0,0,-1,-1,-1,-1,-1,0,29.0,66.8,-1,-1,-1.0
zipf_1_2,zipf,1.2,1,dynamic_sensitivity_100d_4pct_hdd,100,70,1000000,5000,1.2,20,50000,late_binding,15.0,10.7,14.3,18.9,29.9,7.0,220.1,5000000,25.0,1000000,150000,4641,1000000,798773,0,-1,-1,-1,-1,25,13471,21.0,46.8,-1,-1,-1.0
zipf_1_2,zipf,1.2,1,dynamic_sensitivity_100d_4pct_hdd,100,70,1000000,5000,1.2,20,50000,timeout_degraded_read,15.0,12.5,17.2,23.3,13.8,8.8,203.4,4174186,4.4,174186,24103,3891,174186,14717,0,-1,-1,-1,25,80,7003,24.6,46.8,-1,-1,-1.0
zipf_1_2,zipf,1.2,1,dynamic_sensitivity_100d_4pct_hdd,100,70,1000000,5000,1.2,20,50000,health_ec,15.0,12.5,17.0,19.9,26.1,4.5,101.9,4007698,0.2,7698,0,2080,7698,7117,6,6,0,570,3482,3482,3387,21.2,33.0,7896,5879,74.5
zipf_1_2,zipf,1.2,1,dynamic_sensitivity_100d_4pct_hdd,100,71,1000000,5000,1.2,20,50000,vanilla_ec,15.0,12.5,17.2,26.9,0.0,8.8,349.6,4000000,0.0,0,0,0,0,0,0,-1,-1,-1,-1,-1,0,29.2,67.0,-1,-1,-1.0
zipf_1_2,zipf,1.2,1,dynamic_sensitivity_100d_4pct_hdd,100,71,1000000,5000,1.2,20,50000,late_binding,15.0,10.7,14.3,19.0,29.6,6.6,217.2,5000000,25.0,1000000,150000,4549,1000000,798839,0,-1,-1,-1,-1,8,13302,21.0,46.3,-1,-1,-1.0
zipf_1_2,zipf,1.2,1,dynamic_sensitivity_100d_4pct_hdd,100,71,1000000,5000,1.2,20,50000,timeout_degraded_read,15.0,12.5,17.2,23.2,13.8,8.6,200.3,4173596,4.3,173596,24230,3794,173596,14759,0,-1,-1,-1,8,8,6907,24.6,46.3,-1,-1,-1.0
zipf_1_2,zipf,1.2,1,dynamic_sensitivity_100d_4pct_hdd,100,71,1000000,5000,1.2,20,50000,health_ec,15.0,12.5,17.0,20.0,25.9,4.5,93.8,4007451,0.2,7451,0,1951,7451,6923,6,6,0,558,586,586,3318,21.2,31.9,7857,5682,72.3
slowdown_0_5,slowdown_scale,0.5,0.5,dynamic_sensitivity_100d_4pct_hdd,100,42,1000000,5000,1.0,20,50000,vanilla_ec,15.0,12.6,17.3,24.1,0.0,11.4,159.3,4000000,0.0,0,0,0,0,0,0,-1,-1,-1,-1,-1,0,22.0,42.2,-1,-1,-1.0
slowdown_0_5,slowdown_scale,0.5,0.5,dynamic_sensitivity_100d_4pct_hdd,100,42,1000000,5000,1.0,20,50000,late_binding,15.0,10.8,14.3,17.5,27.4,7.6,95.9,5000000,25.0,1000000,150000,6389,1000000,798205,0,-1,-1,-1,-1,12,18898,16.9,30.0,-1,-1,-1.0
slowdown_0_5,slowdown_scale,0.5,0.5,dynamic_sensitivity_100d_4pct_hdd,100,42,1000000,5000,1.0,20,50000,timeout_degraded_read,15.0,12.6,17.3,22.1,8.3,11.1,85.0,4176003,4.4,176003,24130,3924,176003,14148,0,-1,-1,-1,12,261,8126,21.1,30.4,-1,-1,-1.0
slowdown_0_5,slowdown_scale,0.5,0.5,dynamic_sensitivity_100d_4pct_hdd,100,42,1000000,5000,1.0,20,50000,health_ec,15.0,12.5,17.1,20.2,16.4,6.4,67.6,4011670,0.3,11670,0,3014,11670,10899,6,6,0,1137,770,770,4937,20.3,28.3,13919,9116,65.5
slowdown_0_5,slowdown_scale,0.5,0.5,dynamic_sensitivity_100d_4pct_hdd,100,43,1000000,5000,1.0,20,50000,vanilla_ec,15.0,12.6,17.3,24.0,0.0,10.6,157.4,4000000,0.0,0,0,0,0,0,0,-1,-1,-1,-1,-1,0,21.9,42.2,-1,-1,-1.0
slowdown_0_5,slowdown_scale,0.5,0.5,dynamic_sensitivity_100d_4pct_hdd,100,43,1000000,5000,1.0,20,50000,late_binding,15.0,10.8,14.3,17.6,26.8,7.3,96.2,5000000,25.0,1000000,150000,6447,1000000,798206,0,-1,-1,-1,-1,119,18875,17.0,29.9,-1,-1,-1.0
slowdown_0_5,slowdown_scale,0.5,0.5,dynamic_sensitivity_100d_4pct_hdd,100,43,1000000,5000,1.0,20,50000,timeout_degraded_read,15.0,12.6,17.2,22.1,7.8,10.3,84.5,4176539,4.4,176539,24335,3979,176539,13935,0,-1,-1,-1,119,128,8072,21.3,30.3,-1,-1,-1.0
slowdown_0_5,slowdown_scale,0.5,0.5,dynamic_sensitivity_100d_4pct_hdd,100,43,1000000,5000,1.0,20,50000,health_ec,15.0,12.5,17.1,20.2,15.9,5.8,69.6,4011494,0.3,11494,0,2894,11494,10744,6,6,0,1202,10238,10257,4847,20.2,28.7,13837,8972,64.8
slowdown_0_5,slowdown_scale,0.5,0.5,dynamic_sensitivity_100d_4pct_hdd,100,44,1000000,5000,1.0,20,50000,vanilla_ec,15.0,12.6,17.3,24.2,0.0,11.2,157.6,4000000,0.0,0,0,0,0,0,0,-1,-1,-1,-1,-1,0,21.8,41.9,-1,-1,-1.0
slowdown_0_5,slowdown_scale,0.5,0.5,dynamic_sensitivity_100d_4pct_hdd,100,44,1000000,5000,1.0,20,50000,late_binding,15.0,10.8,14.3,17.6,27.5,7.2,96.2,5000000,25.0,1000000,150000,6334,1000000,798139,0,-1,-1,-1,-1,56,18892,16.8,30.1,-1,-1,-1.0
slowdown_0_5,slowdown_scale,0.5,0.5,dynamic_sensitivity_100d_4pct_hdd,100,44,1000000,5000,1.0,20,50000,timeout_degraded_read,15.0,12.6,17.3,22.2,8.5,10.8,84.7,4176565,4.4,176565,24274,3946,176565,14056,0,-1,-1,-1,56,58,8141,21.1,30.4,-1,-1,-1.0
slowdown_0_5,slowdown_scale,0.5,0.5,dynamic_sensitivity_100d_4pct_hdd,100,44,1000000,5000,1.0,20,50000,health_ec,15.0,12.5,17.1,20.2,16.5,6.4,70.6,4011416,0.3,11416,0,2964,11416,10669,6,6,0,1152,4710,5369,4996,20.3,28.8,14070,8934,63.5
slowdown_0_5,slowdown_scale,0.5,0.5,dynamic_sensitivity_100d_4pct_hdd,100,45,1000000,5000,1.0,20,50000,vanilla_ec,15.0,12.5,17.3,24.2,0.0,10.8,157.7,4000000,0.0,0,0,0,0,0,0,-1,-1,-1,-1,-1,0,22.0,41.9,-1,-1,-1.0
slowdown_0_5,slowdown_scale,0.5,0.5,dynamic_sensitivity_100d_4pct_hdd,100,45,1000000,5000,1.0,20,50000,late_binding,15.0,10.8,14.3,17.5,27.5,7.7,93.4,5000000,25.0,1000000,150000,6633,1000000,798282,0,-1,-1,-1,-1,19,18906,17.0,29.6,-1,-1,-1.0
slowdown_0_5,slowdown_scale,0.5,0.5,dynamic_sensitivity_100d_4pct_hdd,100,45,1000000,5000,1.0,20,50000,timeout_degraded_read,15.0,12.5,17.2,22.2,8.1,10.6,82.7,4176045,4.4,176045,24045,4075,176045,14063,0,-1,-1,-1,19,153,8204,21.4,30.0,-1,-1,-1.0
slowdown_0_5,slowdown_scale,0.5,0.5,dynamic_sensitivity_100d_4pct_hdd,100,45,1000000,5000,1.0,20,50000,health_ec,15.0,12.5,17.1,20.3,16.2,6.0,68.1,4011456,0.3,11456,0,3174,11456,10653,6,6,0,1210,8310,8310,5114,20.4,28.2,13965,8766,62.8
slowdown_0_5,slowdown_scale,0.5,0.5,dynamic_sensitivity_100d_4pct_hdd,100,46,1000000,5000,1.0,20,50000,vanilla_ec,15.0,12.6,17.3,24.2,0.0,10.9,157.8,4000000,0.0,0,0,0,0,0,0,-1,-1,-1,-1,-1,0,21.8,41.9,-1,-1,-1.0
slowdown_0_5,slowdown_scale,0.5,0.5,dynamic_sensitivity_100d_4pct_hdd,100,46,1000000,5000,1.0,20,50000,late_binding,15.0,10.8,14.3,17.5,27.5,7.5,95.4,5000000,25.0,1000000,150000,6309,1000000,797899,0,-1,-1,-1,-1,10,18958,16.9,29.9,-1,-1,-1.0
slowdown_0_5,slowdown_scale,0.5,0.5,dynamic_sensitivity_100d_4pct_hdd,100,46,1000000,5000,1.0,20,50000,timeout_degraded_read,15.0,12.6,17.2,22.2,8.2,10.7,84.7,4176703,4.4,176703,24428,3894,176703,14093,0,-1,-1,-1,10,187,8178,21.1,30.4,-1,-1,-1.0
slowdown_0_5,slowdown_scale,0.5,0.5,dynamic_sensitivity_100d_4pct_hdd,100,46,1000000,5000,1.0,20,50000,health_ec,15.0,12.5,17.1,20.2,16.3,6.0,70.0,4011559,0.3,11559,0,2863,11559,10814,6,6,0,1156,3625,3625,4840,20.4,28.5,14029,9031,64.4
slowdown_0_5,slowdown_scale,0.5,0.5,dynamic_sensitivity_100d_4pct_hdd,100,47,1000000,5000,1.0,20,50000,vanilla_ec,15.0,12.6,17.3,23.9,0.0,11.2,158.9,4000000,0.0,0,0,0,0,0,0,-1,-1,-1,-1,-1,0,22.0,42.0,-1,-1,-1.0
slowdown_0_5,slowdown_scale,0.5,0.5,dynamic_sensitivity_100d_4pct_hdd,100,47,1000000,5000,1.0,20,50000,late_binding,15.0,10.8,14.3,17.5,26.8,7.2,94.8,5000000,25.0,1000000,150000,6500,1000000,798159,0,-1,-1,-1,-1,9,18978,16.8,29.9,-1,-1,-1.0
slowdown_0_5,slowdown_scale,0.5,0.5,dynamic_sensitivity_100d_4pct_hdd,100,47,1000000,5000,1.0,20,50000,timeout_degraded_read,15.0,12.6,17.3,22.1,7.5,10.8,84.6,4175786,4.4,175786,24012,3988,175786,14114,0,-1,-1,-1,9,87,8093,21.2,30.3,-1,-1,-1.0
slowdown_0_5,slowdown_scale,0.5,0.5,dynamic_sensitivity_100d_4pct_hdd,100,47,1000000,5000,1.0,20,50000,health_ec,15.0,12.5,17.1,20.2,15.6,6.4,68.0,4011460,0.3,11460,0,3021,11460,10652,6,6,0,1168,1632,1632,4995,20.6,28.3,13925,8847,63.5
slowdown_0_5,slowdown_scale,0.5,0.5,dynamic_sensitivity_100d_4pct_hdd,100,48,1000000,5000,1.0,20,50000,vanilla_ec,15.0,12.6,17.3,24.0,0.0,10.8,156.7,4000000,0.0,0,0,0,0,0,0,-1,-1,-1,-1,-1,0,22.0,41.8,-1,-1,-1.0
slowdown_0_5,slowdown_scale,0.5,0.5,dynamic_sensitivity_100d_4pct_hdd,100,48,1000000,5000,1.0,20,50000,late_binding,15.0,10.8,14.3,17.4,27.2,7.3,93.9,5000000,25.0,1000000,150000,6440,1000000,798260,0,-1,-1,-1,-1,19,18769,16.9,29.7,-1,-1,-1.0
slowdown_0_5,slowdown_scale,0.5,0.5,dynamic_sensitivity_100d_4pct_hdd,100,48,1000000,5000,1.0,20,50000,timeout_degraded_read,15.0,12.6,17.3,22.1,7.8,10.3,83.4,4176496,4.4,176496,24350,4034,176496,13981,0,-1,-1,-1,19,317,8085,21.2,30.1,-1,-1,-1.0
slowdown_0_5,slowdown_scale,0.5,0.5,dynamic_sensitivity_100d_4pct_hdd,100,48,1000000,5000,1.0,20,50000,health_ec,15.0,12.5,17.1,20.2,15.8,5.7,66.8,4011565,0.3,11565,0,3048,11565,10741,6,6,0,1156,3799,3799,4914,20.2,28.6,13866,9005,64.9
slowdown_0_5,slowdown_scale,0.5,0.5,dynamic_sensitivity_100d_4pct_hdd,100,49,1000000,5000,1.0,20,50000,vanilla_ec,15.0,12.6,17.3,24.3,0.0,11.4,158.7,4000000,0.0,0,0,0,0,0,0,-1,-1,-1,-1,-1,0,22.0,42.1,-1,-1,-1.0
slowdown_0_5,slowdown_scale,0.5,0.5,dynamic_sensitivity_100d_4pct_hdd,100,49,1000000,5000,1.0,20,50000,late_binding,15.0,10.8,14.3,17.6,27.6,7.5,95.5,5000000,25.0,1000000,150000,6354,1000000,798136,0,-1,-1,-1,-1,32,18963,16.9,29.9,-1,-1,-1.0
slowdown_0_5,slowdown_scale,0.5,0.5,dynamic_sensitivity_100d_4pct_hdd,100,49,1000000,5000,1.0,20,50000,timeout_degraded_read,15.0,12.6,17.3,22.2,8.6,11.0,85.4,4176147,4.4,176147,24215,3995,176147,14372,0,-1,-1,-1,13,224,8186,21.2,30.4,-1,-1,-1.0
slowdown_0_5,slowdown_scale,0.5,0.5,dynamic_sensitivity_100d_4pct_hdd,100,49,1000000,5000,1.0,20,50000,health_ec,15.0,12.5,17.1,20.2,16.7,6.3,68.4,4011829,0.3,11829,0,3045,11829,10994,6,6,0,1198,11962,11962,5087,20.2,28.2,14107,9196,65.2
slowdown_0_5,slowdown_scale,0.5,0.5,dynamic_sensitivity_100d_4pct_hdd,100,50,1000000,5000,1.0,20,50000,vanilla_ec,15.0,12.6,17.3,23.6,0.0,10.4,154.4,4000000,0.0,0,0,0,0,0,0,-1,-1,-1,-1,-1,0,21.8,41.5,-1,-1,-1.0
slowdown_0_5,slowdown_scale,0.5,0.5,dynamic_sensitivity_100d_4pct_hdd,100,50,1000000,5000,1.0,20,50000,late_binding,15.0,10.8,14.3,17.4,26.3,7.3,93.9,5000000,25.0,1000000,150000,6364,1000000,798824,0,-1,-1,-1,-1,2,18805,17.0,29.6,-1,-1,-1.0
slowdown_0_5,slowdown_scale,0.5,0.5,dynamic_sensitivity_100d_4pct_hdd,100,50,1000000,5000,1.0,20,50000,timeout_degraded_read,15.0,12.6,17.2,22.0,7.1,10.0,82.8,4176395,4.4,176395,24316,3909,176395,13859,0,-1,-1,-1,2,51,7969,21.1,30.0,-1,-1,-1.0
slowdown_0_5,slowdown_scale,0.5,0.5,dynamic_sensitivity_100d_4pct_hdd,100,50,1000000,5000,1.0,20,50000,health_ec,15.0,12.5,17.1,20.2,14.4,5.8,68.0,4010832,0.3,10832,0,2993,10832,10039,6,6,0,1168,10766,10766,4872,20.5,28.6,13648,8321,61.0
slowdown_0_5,slowdown_scale,0.5,0.5,dynamic_sensitivity_100d_4pct_hdd,100,51,1000000,5000,1.0,20,50000,vanilla_ec,15.0,12.6,17.3,24.1,0.0,10.9,158.5,4000000,0.0,0,0,0,0,0,0,-1,-1,-1,-1,-1,0,21.8,42.1,-1,-1,-1.0
slowdown_0_5,slowdown_scale,0.5,0.5,dynamic_sensitivity_100d_4pct_hdd,100,51,1000000,5000,1.0,20,50000,late_binding,15.0,10.8,14.3,17.5,27.5,7.3,94.3,5000000,25.0,1000000,150000,6472,1000000,798747,0,-1,-1,-1,-1,6,18872,17.0,29.6,-1,-1,-1.0
slowdown_0_5,slowdown_scale,0.5,0.5,dynamic_sensitivity_100d_4pct_hdd,100,51,1000000,5000,1.0,20,50000,timeout_degraded_read,15.0,12.6,17.3,22.2,8.1,10.5,84.7,4176852,4.4,176852,24297,4018,176852,14123,0,-1,-1,-1,6,6,8042,21.3,30.2,-1,-1,-1.0
slowdown_0_5,slowdown_scale,0.5,0.5,dynamic_sensitivity_100d_4pct_hdd,100,51,1000000,5000,1.0,20,50000,health_ec,15.0,12.5,17.1,20.3,15.8,6.1,71.1,4011530,0.3,11530,0,3030,11530,10678,6,5,0,1192,9145,9145,5035,20.4,28.9,13997,8845,63.2
slowdown_0_5,slowdown_scale,0.5,0.5,dynamic_sensitivity_100d_4pct_hdd,100,52,1000000,5000,1.0,20,50000,vanilla_ec,15.0,12.6,17.3,23.8,0.0,10.8,157.8,4000000,0.0,0,0,0,0,0,0,-1,-1,-1,-1,-1,0,21.9,41.9,-1,-1,-1.0
slowdown_0_5,slowdown_scale,0.5,0.5,dynamic_sensitivity_100d_4pct_hdd,100,52,1000000,5000,1.0,20,50000,late_binding,15.0,10.8,14.3,17.5,26.6,7.2,95.2,5000000,25.0,1000000,150000,6321,1000000,798631,0,-1,-1,-1,-1,21,18776,17.0,29.8,-1,-1,-1.0
slowdown_0_5,slowdown_scale,0.5,0.5,dynamic_sensitivity_100d_4pct_hdd,100,52,1000000,5000,1.0,20,50000,timeout_degraded_read,15.0,12.6,17.3,22.0,7.6,10.3,83.7,4176336,4.4,176336,24278,3899,176336,13865,0,-1,-1,-1,21,186,8001,21.2,30.3,-1,-1,-1.0
slowdown_0_5,slowdown_scale,0.5,0.5,dynamic_sensitivity_100d_4pct_hdd,100,52,1000000,5000,1.0,20,50000,health_ec,15.0,12.5,17.1,20.2,15.2,6.1,70.0,4011272,0.3,11272,0,2827,11272,10528,6,6,0,1192,4908,4908,4745,20.1,28.9,13931,8817,63.3
slowdown_0_5,slowdown_scale,0.5,0.5,dynamic_sensitivity_100d_4pct_hdd,100,53,1000000,5000,1.0,20,50000,vanilla_ec,15.0,12.6,17.3,23.8,0.0,10.6,156.3,4000000,0.0,0,0,0,0,0,0,-1,-1,-1,-1,-1,0,21.8,41.6,-1,-1,-1.0
slowdown_0_5,slowdown_scale,0.5,0.5,dynamic_sensitivity_100d_4pct_hdd,100,53,1000000,5000,1.0,20,50000,late_binding,15.0,10.8,14.3,17.5,26.5,6.9,95.0,5000000,25.0,1000000,150000,6350,1000000,798282,0,-1,-1,-1,-1,1,18772,17.0,29.7,-1,-1,-1.0
slowdown_0_5,slowdown_scale,0.5,0.5,dynamic_sensitivity_100d_4pct_hdd,100,53,1000000,5000,1.0,20,50000,timeout_degraded_read,15.0,12.6,17.2,22.0,7.5,10.3,83.1,4176437,4.4,176437,24278,3896,176437,13890,0,-1,-1,-1,1,356,7911,21.1,30.3,-1,-1,-1.0
slowdown_0_5,slowdown_scale,0.5,0.5,dynamic_sensitivity_100d_4pct_hdd,100,53,1000000,5000,1.0,20,50000,health_ec,15.0,12.5,17.1,20.2,15.0,6.0,67.4,4011119,0.3,11119,0,2768,11119,10297,6,6,0,1156,3715,3715,4713,20.3,28.2,13724,8687,63.3
slowdown_0_5,slowdown_scale,0.5,0.5,dynamic_sensitivity_100d_4pct_hdd,100,54,1000000,5000,1.0,20,50000,vanilla_ec,15.0,12.5,17.3,24.1,0.0,10.9,157.9,4000000,0.0,0,0,0,0,0,0,-1,-1,-1,-1,-1,0,22.0,41.9,-1,-1,-1.0
slowdown_0_5,slowdown_scale,0.5,0.5,dynamic_sensitivity_100d_4pct_hdd,100,54,1000000,5000,1.0,20,50000,late_binding,15.0,10.7,14.3,17.6,27.1,7.5,95.1,5000000,25.0,1000000,150000,6376,1000000,797805,0,-1,-1,-1,-1,31,19004,16.8,29.7,-1,-1,-1.0
slowdown_0_5,slowdown_scale,0.5,0.5,dynamic_sensitivity_100d_4pct_hdd,100,54,1000000,5000,1.0,20,50000,timeout_degraded_read,15.0,12.5,17.3,22.2,7.9,10.4,84.1,4176166,4.4,176166,24333,3986,176166,14019,0,-1,-1,-1,31,159,8125,21.2,30.2,-1,-1,-1.0
slowdown_0_5,slowdown_scale,0.5,0.5,dynamic_sensitivity_100d_4pct_hdd,100,54,1000000,5000,1.0,20,50000,health_ec,15.0,12.5,17.1,20.2,16.0,6.1,68.6,4011237,0.3,11237,0,2918,11237,10427,6,6,0,1186,5713,5713,4849,20.3,28.4,14012,8789,62.7
slowdown_0_5,slowdown_scale,0.5,0.5,dynamic_sensitivity_100d_4pct_hdd,100,55,1000000,5000,1.0,20,50000,vanilla_ec,15.0,12.6,17.3,23.8,0.0,10.6,155.3,4000000,0.0,0,0,0,0,0,0,-1,-1,-1,-1,-1,0,21.9,41.4,-1,-1,-1.0
slowdown_0_5,slowdown_scale,0.5,0.5,dynamic_sensitivity_100d_4pct_hdd,100,55,1000000,5000,1.0,20,50000,late_binding,15.0,10.8,14.3,17.5,26.6,7.2,94.0,5000000,25.0,1000000,150000,6353,1000000,798515,0,-1,-1,-1,-1,4,18825,17.0,29.6,-1,-1,-1.0
slowdown_0_5,slowdown_scale,0.5,0.5,dynamic_sensitivity_100d_4pct_hdd,100,55,1000000,5000,1.0,20,50000,timeout_degraded_read,15.0,12.6,17.2,22.1,7.3,10.3,83.3,4176778,4.4,176778,24352,3960,176778,13875,0,-1,-1,-1,4,4,8109,21.3,30.2,-1,-1,-1.0
slowdown_0_5,slowdown_scale,0.5,0.5,dynamic_sensitivity_100d_4pct_hdd,100,55,1000000,5000,1.0,20,50000,health_ec,15.0,12.5,17.1,20.2,15.1,6.0,68.6,4011363,0.3,11363,0,2994,11363,10577,6,6,0,1156,9631,9631,4902,20.3,28.6,13847,8832,63.8
slowdown_0_5,slowdown_scale,0.5,0.5,dynamic_sensitivity_100d_4pct_hdd,100,56,1000000,5000,1.0,20,50000,vanilla_ec,15.0,12.5,17.3,23.9,0.0,10.9,157.3,4000000,0.0,0,0,0,0,0,0,-1,-1,-1,-1,-1,0,22.0,41.8,-1,-1,-1.0
slowdown_0_5,slowdown_scale,0.5,0.5,dynamic_sensitivity_100d_4pct_hdd,100,56,1000000,5000,1.0,20,50000,late_binding,15.0,10.8,14.3,17.4,27.2,6.9,94.8,5000000,25.0,1000000,150000,6342,1000000,797596,0,-1,-1,-1,-1,26,18945,17.0,30.0,-1,-1,-1.0
slowdown_0_5,slowdown_scale,0.5,0.5,dynamic_sensitivity_100d_4pct_hdd,100,56,1000000,5000,1.0,20,50000,timeout_degraded_read,15.0,12.5,17.2,22.1,7.6,10.7,84.8,4176174,4.4,176174,24156,3963,176174,13962,0,-1,-1,-1,26,46,8156,21.2,30.4,-1,-1,-1.0
slowdown_0_5,slowdown_scale,0.5,0.5,dynamic_sensitivity_100d_4pct_hdd,100,56,1000000,5000,1.0,20,50000,health_ec,15.0,12.5,17.1,20.2,15.6,6.2,67.6,4011629,0.3,11629,0,2956,11629,10848,6,6,0,1190,288,373,4992,20.3,28.3,13945,9052,64.9
slowdown_0_5,slowdown_scale,0.5,0.5,dynamic_sensitivity_100d_4pct_hdd,100,57,1000000,5000,1.0,20,50000,vanilla_ec,15.0,12.6,17.3,24.0,0.0,10.8,157.4,4000000,0.0,0,0,0,0,0,0,-1,-1,-1,-1,-1,0,21.9,41.7,-1,-1,-1.0
slowdown_0_5,slowdown_scale,0.5,0.5,dynamic_sensitivity_100d_4pct_hdd,100,57,1000000,5000,1.0,20,50000,late_binding,15.0,10.8,14.3,17.5,26.9,7.0,93.6,5000000,25.0,1000000,150000,6515,1000000,798511,0,-1,-1,-1,-1,5,19048,16.9,29.7,-1,-1,-1.0
slowdown_0_5,slowdown_scale,0.5,0.5,dynamic_sensitivity_100d_4pct_hdd,100,57,1000000,5000,1.0,20,50000,timeout_degraded_read,15.0,12.6,17.2,22.1,8.0,10.4,82.9,4176598,4.4,176598,24491,4000,176598,13956,0,-1,-1,-1,5,74,8159,21.1,30.2,-1,-1,-1.0
slowdown_0_5,slowdown_scale,0.5,0.5,dynamic_sensitivity_100d_4pct_hdd,100,57,1000000,5000,1.0,20,50000,health_ec,15.0,12.5,17.1,20.3,15.6,6.1,68.5,4010875,0.3,10875,0,2885,10875,10176,6,6,0,1168,266,266,4710,20.2,28.7,13810,8547,61.9
slowdown_0_5,slowdown_scale,0.5,0.5,dynamic_sensitivity_100d_4pct_hdd,100,58,1000000,5000,1.0,20,50000,vanilla_ec,15.0,12.6,17.3,23.8,0.0,10.7,154.5,4000000,0.0,0,0,0,0,0,0,-1,-1,-1,-1,-1,0,21.8,41.5,-1,-1,-1.0
slowdown_0_5,slowdown_scale,0.5,0.5,dynamic_sensitivity_100d_4pct_hdd,100,58,1000000,5000,1.0,20,50000,late_binding,15.0,10.8,14.3,17.4,27.0,6.9,94.5,5000000,25.0,1000000,150000,6214,1000000,798389,0,-1,-1,-1,-1,73,18754,16.8,30.0,-1,-1,-1.0
slowdown_0_5,slowdown_scale,0.5,0.5,dynamic_sensitivity_100d_4pct_hdd,100,58,1000000,5000,1.0,20,50000,timeout_degraded_read,15.0,12.6,17.2,22.0,7.6,10.4,83.6,4175888,4.4,175888,24507,3890,175888,13857,0,-1,-1,-1,73,73,8034,21.1,30.3,-1,-1,-1.0
slowdown_0_5,slowdown_scale,0.5,0.5,dynamic_sensitivity_100d_4pct_hdd,100,58,1000000,5000,1.0,20,50000,health_ec,15.0,12.5,17.1,20.1,15.5,5.8,69.6,4011554,0.3,11554,0,2864,11554,10777,6,6,0,1182,8696,8696,4844,20.1,28.7,13849,9039,65.3
slowdown_0_5,slowdown_scale,0.5,0.5,dynamic_sensitivity_100d_4pct_hdd,100,59,1000000,5000,1.0,20,50000,vanilla_ec,15.0,12.5,17.3,23.7,0.0,10.1,154.3,4000000,0.0,0,0,0,0,0,0,-1,-1,-1,-1,-1,0,21.8,41.4,-1,-1,-1.0
slowdown_0_5,slowdown_scale,0.5,0.5,dynamic_sensitivity_100d_4pct_hdd,100,59,1000000,5000,1.0,20,50000,late_binding,15.0,10.8,14.3,17.4,26.4,7.0,93.2,5000000,25.0,1000000,150000,6256,1000000,798134,0,-1,-1,-1,-1,56,18679,16.8,29.6,-1,-1,-1.0
slowdown_0_5,slowdown_scale,0.5,0.5,dynamic_sensitivity_100d_4pct_hdd,100,59,1000000,5000,1.0,20,50000,timeout_degraded_read,15.0,12.5,17.3,22.0,7.3,9.7,81.7,4177032,4.4,177032,24873,3950,177032,13810,0,-1,-1,-1,56,56,8064,21.2,30.1,-1,-1,-1.0
slowdown_0_5,slowdown_scale,0.5,0.5,dynamic_sensitivity_100d_4pct_hdd,100,59,1000000,5000,1.0,20,50000,health_ec,15.0,12.5,17.1,20.2,15.0,5.4,66.4,4011488,0.3,11488,0,2857,11488,10738,6,6,0,1146,12713,12713,4841,20.1,28.3,13679,8991,65.7
slowdown_0_5,slowdown_scale,0.5,0.5,dynamic_sensitivity_100d_4pct_hdd,100,60,1000000,5000,1.0,20,50000,vanilla_ec,15.0,12.5,17.3,23.9,0.0,10.8,158.5,4000000,0.0,0,0,0,0,0,0,-1,-1,-1,-1,-1,0,21.9,42.1,-1,-1,-1.0
slowdown_0_5,slowdown_scale,0.5,0.5,dynamic_sensitivity_100d_4pct_hdd,100,60,1000000,5000,1.0,20,50000,late_binding,15.0,10.7,14.3,17.5,26.9,7.2,94.9,5000000,25.0,1000000,150000,6302,1000000,798357,0,-1,-1,-1,-1,38,18429,16.9,29.8,-1,-1,-1.0
slowdown_0_5,slowdown_scale,0.5,0.5,dynamic_sensitivity_100d_4pct_hdd,100,60,1000000,5000,1.0,20,50000,timeout_degraded_read,15.0,12.5,17.2,22.1,7.6,10.4,84.2,4176464,4.4,176464,24376,3883,176464,13930,0,-1,-1,-1,38,83,7957,21.3,30.2,-1,-1,-1.0
slowdown_0_5,slowdown_scale,0.5,0.5,dynamic_sensitivity_100d_4pct_hdd,100,60,1000000,5000,1.0,20,50000,health_ec,15.0,12.5,17.1,20.2,15.4,6.0,68.7,4011429,0.3,11429,0,2983,11429,10635,6,6,0,1166,2180,2180,4855,20.3,29.2,13755,8851,64.3
slowdown_0_5,slowdown_scale,0.5,0.5,dynamic_sensitivity_100d_4pct_hdd,100,61,1000000,5000,1.0,20,50000,vanilla_ec,15.0,12.5,17.3,24.0,0.0,10.7,157.3,4000000,0.0,0,0,0,0,0,0,-1,-1,-1,-1,-1,0,21.8,41.9,-1,-1,-1.0
slowdown_0_5,slowdown_scale,0.5,0.5,dynamic_sensitivity_100d_4pct_hdd,100,61,1000000,5000,1.0,20,50000,late_binding,15.0,10.7,14.3,17.6,26.9,7.6,95.4,5000000,25.0,1000000,150000,6389,1000000,798158,0,-1,-1,-1,-1,223,19035,17.0,29.8,-1,-1,-1.0
slowdown_0_5,slowdown_scale,0.5,0.5,dynamic_sensitivity_100d_4pct_hdd,100,61,1000000,5000,1.0,20,50000,timeout_degraded_read,15.0,12.5,17.2,22.1,7.9,10.3,83.7,4175891,4.4,175891,24063,3998,175891,13996,0,-1,-1,-1,223,260,8147,21.2,30.1,-1,-1,-1.0
slowdown_0_5,slowdown_scale,0.5,0.5,dynamic_sensitivity_100d_4pct_hdd,100,61,1000000,5000,1.0,20,50000,health_ec,15.0,12.5,17.1,20.2,15.8,5.9,69.0,4011358,0.3,11358,0,2897,11358,10610,6,6,0,1180,5343,5343,4756,20.2,28.9,13926,8874,63.7
slowdown_0_5,slowdown_scale,0.5,0.5,dynamic_sensitivity_100d_4pct_hdd,100,62,1000000,5000,1.0,20,50000,vanilla_ec,15.0,12.6,17.3,23.9,0.0,10.8,158.1,4000000,0.0,0,0,0,0,0,0,-1,-1,-1,-1,-1,0,22.1,41.8,-1,-1,-1.0
slowdown_0_5,slowdown_scale,0.5,0.5,dynamic_sensitivity_100d_4pct_hdd,100,62,1000000,5000,1.0,20,50000,late_binding,15.0,10.7,14.3,17.5,26.8,7.0,94.8,5000000,25.0,1000000,150000,6518,1000000,798315,0,-1,-1,-1,-1,18,19107,17.0,29.9,-1,-1,-1.0
slowdown_0_5,slowdown_scale,0.5,0.5,dynamic_sensitivity_100d_4pct_hdd,100,62,1000000,5000,1.0,20,50000,timeout_degraded_read,15.0,12.6,17.2,22.0,7.6,10.4,83.7,4176290,4.4,176290,24069,4024,176290,13882,0,-1,-1,-1,18,113,8141,21.2,30.2,-1,-1,-1.0
slowdown_0_5,slowdown_scale,0.5,0.5,dynamic_sensitivity_100d_4pct_hdd,100,62,1000000,5000,1.0,20,50000,health_ec,15.0,12.5,17.1,20.1,15.6,5.8,68.2,4011873,0.3,11873,0,2989,11873,11093,6,6,0,1178,403,535,4878,20.1,28.6,13928,9309,66.8
slowdown_0_5,slowdown_scale,0.5,0.5,dynamic_sensitivity_100d_4pct_hdd,100,63,1000000,5000,1.0,20,50000,vanilla_ec,15.0,12.6,17.3,24.2,0.0,10.7,158.2,4000000,0.0,0,0,0,0,0,0,-1,-1,-1,-1,-1,0,22.0,42.4,-1,-1,-1.0
slowdown_0_5,slowdown_scale,0.5,0.5,dynamic_sensitivity_100d_4pct_hdd,100,63,1000000,5000,1.0,20,50000,late_binding,15.0,10.8,14.3,17.6,27.6,7.5,96.6,5000000,25.0,1000000,150000,6428,1000000,799018,0,-1,-1,-1,-1,2,18972,17.0,30.0,-1,-1,-1.0
slowdown_0_5,slowdown_scale,0.5,0.5,dynamic_sensitivity_100d_4pct_hdd,100,63,1000000,5000,1.0,20,50000,timeout_degraded_read,15.0,12.6,17.3,22.2,8.4,10.4,84.3,4176554,4.4,176554,24322,4010,176554,14059,0,-1,-1,-1,2,50,8125,21.2,30.4,-1,-1,-1.0
slowdown_0_5,slowdown_scale,0.5,0.5,dynamic_sensitivity_100d_4pct_hdd,100,63,1000000,5000,1.0,20,50000,health_ec,15.0,12.5,17.1,20.3,16.5,5.8,69.4,4011528,0.3,11528,0,3068,11528,10724,6,6,0,1176,2957,2957,4988,20.4,29.1,13946,8885,63.7
slowdown_0_5,slowdown_scale,0.5,0.5,dynamic_sensitivity_100d_4pct_hdd,100,64,1000000,5000,1.0,20,50000,vanilla_ec,15.0,12.6,17.3,24.3,0.0,10.8,157.3,4000000,0.0,0,0,0,0,0,0,-1,-1,-1,-1,-1,0,21.9,41.9,-1,-1,-1.0
slowdown_0_5,slowdown_scale,0.5,0.5,dynamic_sensitivity_100d_4pct_hdd,100,64,1000000,5000,1.0,20,50000,late_binding,15.0,10.8,14.3,17.6,27.8,7.4,95.9,5000000,25.0,1000000,150000,6337,1000000,798358,0,-1,-1,-1,-1,121,18799,16.8,30.1,-1,-1,-1.0
slowdown_0_5,slowdown_scale,0.5,0.5,dynamic_sensitivity_100d_4pct_hdd,100,64,1000000,5000,1.0,20,50000,timeout_degraded_read,15.0,12.6,17.3,22.2,8.7,10.4,84.6,4176833,4.4,176833,24460,3883,176833,14127,0,-1,-1,-1,121,279,8057,21.2,30.4,-1,-1,-1.0
slowdown_0_5,slowdown_scale,0.5,0.5,dynamic_sensitivity_100d_4pct_hdd,100,64,1000000,5000,1.0,20,50000,health_ec,15.0,12.5,17.1,20.2,16.8,5.9,68.8,4011448,0.3,11448,0,2965,11448,10609,6,6,0,1209,5833,5833,4963,20.3,28.7,13834,8781,63.5
slowdown_0_5,slowdown_scale,0.5,0.5,dynamic_sensitivity_100d_4pct_hdd,100,65,1000000,5000,1.0,20,50000,vanilla_ec,15.0,12.5,17.3,24.2,0.0,11.0,158.0,4000000,0.0,0,0,0,0,0,0,-1,-1,-1,-1,-1,0,22.1,41.9,-1,-1,-1.0
slowdown_0_5,slowdown_scale,0.5,0.5,dynamic_sensitivity_100d_4pct_hdd,100,65,1000000,5000,1.0,20,50000,late_binding,15.0,10.7,14.3,17.5,27.5,7.6,95.4,5000000,25.0,1000000,150000,6432,1000000,798268,0,-1,-1,-1,-1,84,18837,17.0,29.8,-1,-1,-1.0
slowdown_0_5,slowdown_scale,0.5,0.5,dynamic_sensitivity_100d_4pct_hdd,100,65,1000000,5000,1.0,20,50000,timeout_degraded_read,15.0,12.5,17.3,22.2,8.3,10.7,83.7,4177110,4.4,177110,24141,3984,177110,14167,0,-1,-1,-1,84,119,8130,21.2,30.3,-1,-1,-1.0
slowdown_0_5,slowdown_scale,0.5,0.5,dynamic_sensitivity_100d_4pct_hdd,100,65,1000000,5000,1.0,20,50000,health_ec,15.0,12.5,17.1,20.3,16.2,6.2,68.9,4011416,0.3,11416,0,2947,11416,10694,6,6,0,1168,4280,4280,4865,20.4,28.8,13868,8884,64.1
slowdown_0_5,slowdown_scale,0.5,0.5,dynamic_sensitivity_100d_4pct_hdd,100,66,1000000,5000,1.0,20,50000,vanilla_ec,15.0,12.6,17.3,24.2,0.0,10.7,157.1,4000000,0.0,0,0,0,0,0,0,-1,-1,-1,-1,-1,0,22.1,41.8,-1,-1,-1.0
slowdown_0_5,slowdown_scale,0.5,0.5,dynamic_sensitivity_100d_4pct_hdd,100,66,1000000,5000,1.0,20,50000,late_binding,15.0,10.7,14.3,17.5,27.7,7.0,94.3,5000000,25.0,1000000,150000,6447,1000000,798235,0,-1,-1,-1,-1,24,19055,17.0,29.9,-1,-1,-1.0
slowdown_0_5,slowdown_scale,0.5,0.5,dynamic_sensitivity_100d_4pct_hdd,100,66,1000000,5000,1.0,20,50000,timeout_degraded_read,15.0,12.6,17.3,22.2,8.2,10.3,84.0,4177066,4.4,177066,24535,3966,177066,14118,0,-1,-1,-1,24,169,8221,21.3,30.4,-1,-1,-1.0
slowdown_0_5,slowdown_scale,0.5,0.5,dynamic_sensitivity_100d_4pct_hdd,100,66,1000000,5000,1.0,20,50000,health_ec,15.0,12.5,17.1,20.2,16.3,5.8,67.8,4011461,0.3,11461,0,3013,11461,10658,6,6,0,1185,9736,9736,4988,20.1,28.3,13904,8896,64.0
slowdown_0_5,slowdown_scale,0.5,0.5,dynamic_sensitivity_100d_4pct_hdd,100,67,1000000,5000,1.0,20,50000,vanilla_ec,15.0,12.6,17.3,23.9,0.0,10.9,156.7,4000000,0.0,0,0,0,0,0,0,-1,-1,-1,-1,-1,0,21.9,41.8,-1,-1,-1.0
slowdown_0_5,slowdown_scale,0.5,0.5,dynamic_sensitivity_100d_4pct_hdd,100,67,1000000,5000,1.0,20,50000,late_binding,15.0,10.8,14.3,17.5,27.0,7.1,93.4,5000000,25.0,1000000,150000,6540,1000000,798381,0,-1,-1,-1,-1,40,19038,17.0,29.6,-1,-1,-1.0
slowdown_0_5,slowdown_scale,0.5,0.5,dynamic_sensitivity_100d_4pct_hdd,100,67,1000000,5000,1.0,20,50000,timeout_degraded_read,15.0,12.6,17.2,22.1,7.8,10.4,82.6,4176513,4.4,176513,24256,4032,176513,13870,0,-1,-1,-1,40,40,8230,21.2,30.0,-1,-1,-1.0
slowdown_0_5,slowdown_scale,0.5,0.5,dynamic_sensitivity_100d_4pct_hdd,100,67,1000000,5000,1.0,20,50000,health_ec,15.0,12.5,17.1,20.2,15.7,6.2,66.1,4011313,0.3,11313,0,3111,11313,10501,6,6,0,1138,14872,14872,5045,20.4,28.0,13733,8698,63.3
slowdown_0_5,slowdown_scale,0.5,0.5,dynamic_sensitivity_100d_4pct_hdd,100,68,1000000,5000,1.0,20,50000,vanilla_ec,15.0,12.5,17.3,24.0,0.0,11.0,158.0,4000000,0.0,0,0,0,0,0,0,-1,-1,-1,-1,-1,0,22.0,41.9,-1,-1,-1.0
slowdown_0_5,slowdown_scale,0.5,0.5,dynamic_sensitivity_100d_4pct_hdd,100,68,1000000,5000,1.0,20,50000,late_binding,15.0,10.7,14.3,17.5,27.1,7.6,96.3,5000000,25.0,1000000,150000,6471,1000000,798991,0,-1,-1,-1,-1,69,18842,17.0,29.9,-1,-1,-1.0
slowdown_0_5,slowdown_scale,0.5,0.5,dynamic_sensitivity_100d_4pct_hdd,100,68,1000000,5000,1.0,20,50000,timeout_degraded_read,15.0,12.5,17.3,22.1,7.8,10.8,85.1,4176590,4.4,176590,24112,4078,176590,14012,0,-1,-1,-1,69,69,8131,21.2,30.2,-1,-1,-1.0
slowdown_0_5,slowdown_scale,0.5,0.5,dynamic_sensitivity_100d_4pct_hdd,100,68,1000000,5000,1.0,20,50000,health_ec,15.0,12.5,17.1,20.2,15.9,6.1,69.9,4011963,0.3,11963,0,3163,11963,11147,6,6,0,1180,132,300,5080,20.2,28.7,13933,9251,66.4
slowdown_0_5,slowdown_scale,0.5,0.5,dynamic_sensitivity_100d_4pct_hdd,100,69,1000000,5000,1.0,20,50000,vanilla_ec,15.0,12.5,17.3,24.0,0.0,11.3,158.4,4000000,0.0,0,0,0,0,0,0,-1,-1,-1,-1,-1,0,22.0,42.2,-1,-1,-1.0
slowdown_0_5,slowdown_scale,0.5,0.5,dynamic_sensitivity_100d_4pct_hdd,100,69,1000000,5000,1.0,20,50000,late_binding,15.0,10.7,14.3,17.6,26.9,7.7,96.4,5000000,25.0,1000000,150000,6465,1000000,798437,0,-1,-1,-1,-1,104,18803,17.0,30.0,-1,-1,-1.0
slowdown_0_5,slowdown_scale,0.5,0.5,dynamic_sensitivity_100d_4pct_hdd,100,69,1000000,5000,1.0,20,50000,timeout_degraded_read,15.0,12.5,17.3,22.1,8.0,10.9,85.7,4175992,4.4,175992,24128,4023,175992,14034,0,-1,-1,-1,104,104,8096,21.3,30.4,-1,-1,-1.0
slowdown_0_5,slowdown_scale,0.5,0.5,dynamic_sensitivity_100d_4pct_hdd,100,69,1000000,5000,1.0,20,50000,health_ec,15.0,12.5,17.1,20.2,15.8,6.5,69.7,4011787,0.3,11787,0,3136,11787,11001,6,6,0,1180,12686,12686,4932,20.4,28.9,14145,9219,65.2
slowdown_0_5,slowdown_scale,0.5,0.5,dynamic_sensitivity_100d_4pct_hdd,100,70,1000000,5000,1.0,20,50000,vanilla_ec,15.0,12.5,17.3,23.9,0.0,10.9,155.7,4000000,0.0,0,0,0,0,0,0,-1,-1,-1,-1,-1,0,21.8,41.6,-1,-1,-1.0
slowdown_0_5,slowdown_scale,0.5,0.5,dynamic_sensitivity_100d_4pct_hdd,100,70,1000000,5000,1.0,20,50000,late_binding,15.0,10.7,14.3,17.5,26.9,7.3,94.0,5000000,25.0,1000000,150000,6284,1000000,797327,0,-1,-1,-1,-1,84,18761,16.9,29.6,-1,-1,-1.0
slowdown_0_5,slowdown_scale,0.5,0.5,dynamic_sensitivity_100d_4pct_hdd,100,70,1000000,5000,1.0,20,50000,timeout_degraded_read,15.0,12.5,17.2,22.1,7.6,10.6,82.8,4176048,4.4,176048,24095,3924,176048,14025,0,-1,-1,-1,84,84,8099,21.2,30.0,-1,-1,-1.0
slowdown_0_5,slowdown_scale,0.5,0.5,dynamic_sensitivity_100d_4pct_hdd,100,70,1000000,5000,1.0,20,50000,health_ec,15.0,12.5,17.1,20.2,15.6,6.1,66.0,4011616,0.3,11616,0,2943,11616,10831,6,6,0,1162,6466,6466,4937,20.2,28.2,13802,8977,65.0
slowdown_0_5,slowdown_scale,0.5,0.5,dynamic_sensitivity_100d_4pct_hdd,100,71,1000000,5000,1.0,20,50000,vanilla_ec,15.0,12.5,17.3,23.8,0.0,10.5,156.6,4000000,0.0,0,0,0,0,0,0,-1,-1,-1,-1,-1,0,21.8,41.9,-1,-1,-1.0
slowdown_0_5,slowdown_scale,0.5,0.5,dynamic_sensitivity_100d_4pct_hdd,100,71,1000000,5000,1.0,20,50000,late_binding,15.0,10.8,14.3,17.5,26.7,7.2,95.2,5000000,25.0,1000000,150000,6284,1000000,798692,0,-1,-1,-1,-1,120,18878,16.9,29.8,-1,-1,-1.0
slowdown_0_5,slowdown_scale,0.5,0.5,dynamic_sensitivity_100d_4pct_hdd,100,71,1000000,5000,1.0,20,50000,timeout_degraded_read,15.0,12.5,17.2,22.1,7.4,10.1,83.7,4176524,4.4,176524,24431,3871,176524,13909,0,-1,-1,-1,120,120,7989,21.1,30.2,-1,-1,-1.0
slowdown_0_5,slowdown_scale,0.5,0.5,dynamic_sensitivity_100d_4pct_hdd,100,71,1000000,5000,1.0,20,50000,health_ec,15.0,12.5,17.1,20.2,15.3,5.7,69.4,4011579,0.3,11579,0,3061,11579,10792,6,6,0,1172,14083,14083,4905,20.3,28.6,13844,9008,65.1
slowdown_1_5,slowdown_scale,1.5,1.5,dynamic_sensitivity_100d_4pct_hdd,100,42,1000000,5000,1.0,20,50000,vanilla_ec,15.0,12.6,17.5,47.5,0.0,16.1,653.0,4000000,0.0,0,0,0,0,0,0,-1,-1,-1,-1,-1,0,41.2,105.0,-1,-1,-1.0
slowdown_1_5,slowdown_scale,1.5,1.5,dynamic_sensitivity_100d_4pct_hdd,100,42,1000000,5000,1.0,20,50000,late_binding,15.0,10.8,14.5,32.7,31.1,12.1,438.5,5000000,25.0,1000000,150000,6389,1000000,796992,0,-1,-1,-1,-1,12,18898,29.1,74.2,-1,-1,-1.0
slowdown_1_5,slowdown_scale,1.5,1.5,dynamic_sensitivity_100d_4pct_hdd,100,42,1000000,5000,1.0,20,50000,timeout_degraded_read,15.0,12.6,17.4,33.1,30.3,15.7,405.1,4178790,4.5,178790,24130,5793,178790,21049,0,-1,-1,-1,12,12,10007,30.0,74.2,-1,-1,-1.0
slowdown_1_5,slowdown_scale,1.5,1.5,dynamic_sensitivity_100d_4pct_hdd,100,42,1000000,5000,1.0,20,50000,health_ec,15.0,12.5,17.2,26.0,45.3,9.4,351.5,4015459,0.4,15459,0,4212,15459,14086,6,6,0,1130,770,770,7315,28.6,66.9,12634,11170,88.4
slowdown_1_5,slowdown_scale,1.5,1.5,dynamic_sensitivity_100d_4pct_hdd,100,43,1000000,5000,1.0,20,50000,vanilla_ec,15.0,12.6,17.5,47.4,0.0,15.1,647.2,4000000,0.0,0,0,0,0,0,0,-1,-1,-1,-1,-1,0,41.1,104.3,-1,-1,-1.0
slowdown_1_5,slowdown_scale,1.5,1.5,dynamic_sensitivity_100d_4pct_hdd,100,43,1000000,5000,1.0,20,50000,late_binding,15.0,10.8,14.5,33.1,30.2,11.8,438.3,5000000,25.0,1000000,150000,6447,1000000,796999,0,-1,-1,-1,-1,119,18875,29.9,73.8,-1,-1,-1.0
slowdown_1_5,slowdown_scale,1.5,1.5,dynamic_sensitivity_100d_4pct_hdd,100,43,1000000,5000,1.0,20,50000,timeout_degraded_read,15.0,12.6,17.4,33.3,29.7,14.7,404.0,4179303,4.5,179303,24335,5876,179303,20938,0,-1,-1,-1,119,119,9975,30.4,73.8,-1,-1,-1.0
slowdown_1_5,slowdown_scale,1.5,1.5,dynamic_sensitivity_100d_4pct_hdd,100,43,1000000,5000,1.0,20,50000,health_ec,15.0,12.5,17.2,26.0,45.1,8.6,353.7,4015319,0.4,15319,0,4111,15319,14023,6,6,0,1196,687,687,7249,29.4,66.8,12646,11153,88.2
slowdown_1_5,slowdown_scale,1.5,1.5,dynamic_sensitivity_100d_4pct_hdd,100,44,1000000,5000,1.0,20,50000,vanilla_ec,15.0,12.6,17.5,47.9,0.0,15.7,650.1,4000000,0.0,0,0,0,0,0,0,-1,-1,-1,-1,-1,0,40.9,103.8,-1,-1,-1.0
slowdown_1_5,slowdown_scale,1.5,1.5,dynamic_sensitivity_100d_4pct_hdd,100,44,1000000,5000,1.0,20,50000,late_binding,15.0,10.8,14.5,33.2,30.8,11.7,440.3,5000000,25.0,1000000,150000,6334,1000000,796983,0,-1,-1,-1,-1,56,18892,29.9,74.1,-1,-1,-1.0
slowdown_1_5,slowdown_scale,1.5,1.5,dynamic_sensitivity_100d_4pct_hdd,100,44,1000000,5000,1.0,20,50000,timeout_degraded_read,15.0,12.6,17.4,33.5,30.0,15.3,405.1,4179240,4.5,179240,24274,5745,179240,21076,0,-1,-1,-1,56,56,9945,30.4,74.1,-1,-1,-1.0
slowdown_1_5,slowdown_scale,1.5,1.5,dynamic_sensitivity_100d_4pct_hdd,100,44,1000000,5000,1.0,20,50000,health_ec,15.0,12.5,17.2,26.4,44.8,9.2,359.1,4015657,0.4,15657,0,4187,15657,14268,6,6,0,1146,764,764,7458,28.9,67.8,12836,11344,88.4
slowdown_1_5,slowdown_scale,1.5,1.5,dynamic_sensitivity_100d_4pct_hdd,100,45,1000000,5000,1.0,20,50000,vanilla_ec,15.0,12.6,17.5,47.6,0.0,15.6,650.1,4000000,0.0,0,0,0,0,0,0,-1,-1,-1,-1,-1,0,41.1,103.9,-1,-1,-1.0
slowdown_1_5,slowdown_scale,1.5,1.5,dynamic_sensitivity_100d_4pct_hdd,100,45,1000000,5000,1.0,20,50000,late_binding,15.0,10.8,14.5,32.5,31.7,12.3,433.9,5000000,25.0,1000000,150000,6633,1000000,797002,0,-1,-1,-1,-1,19,18906,29.3,73.3,-1,-1,-1.0
slowdown_1_5,slowdown_scale,1.5,1.5,dynamic_sensitivity_100d_4pct_hdd,100,45,1000000,5000,1.0,20,50000,timeout_degraded_read,15.0,12.6,17.4,33.0,30.8,15.3,400.2,4178953,4.5,178953,24045,6059,178953,21185,0,-1,-1,-1,19,19,10192,30.4,73.3,-1,-1,-1.0
slowdown_1_5,slowdown_scale,1.5,1.5,dynamic_sensitivity_100d_4pct_hdd,100,45,1000000,5000,1.0,20,50000,health_ec,15.0,12.5,17.2,25.7,46.0,8.8,350.0,4015776,0.4,15776,0,4325,15776,14393,6,6,0,1204,460,460,7522,28.9,67.2,12747,11331,88.9
slowdown_1_5,slowdown_scale,1.5,1.5,dynamic_sensitivity_100d_4pct_hdd,100,46,1000000,5000,1.0,20,50000,vanilla_ec,15.0,12.6,17.5,47.6,0.0,15.5,650.0,4000000,0.0,0,0,0,0,0,0,-1,-1,-1,-1,-1,0,40.9,103.8,-1,-1,-1.0
slowdown_1_5,slowdown_scale,1.5,1.5,dynamic_sensitivity_100d_4pct_hdd,100,46,1000000,5000,1.0,20,50000,late_binding,15.0,10.8,14.5,32.9,30.8,11.9,438.7,5000000,25.0,1000000,150000,6309,1000000,796673,0,-1,-1,-1,-1,10,18958,29.3,74.1,-1,-1,-1.0
slowdown_1_5,slowdown_scale,1.5,1.5,dynamic_sensitivity_100d_4pct_hdd,100,46,1000000,5000,1.0,20,50000,timeout_degraded_read,15.0,12.6,17.4,33.2,30.2,15.3,404.0,4179392,4.5,179392,24428,5711,179392,21117,0,-1,-1,-1,10,10,10002,30.3,74.1,-1,-1,-1.0
slowdown_1_5,slowdown_scale,1.5,1.5,dynamic_sensitivity_100d_4pct_hdd,100,46,1000000,5000,1.0,20,50000,health_ec,15.0,12.5,17.2,26.3,44.8,8.9,354.1,4015506,0.4,15506,0,4034,15506,14150,6,6,0,1150,865,865,7235,28.8,67.5,12751,11339,88.9
slowdown_1_5,slowdown_scale,1.5,1.5,dynamic_sensitivity_100d_4pct_hdd,100,47,1000000,5000,1.0,20,50000,vanilla_ec,15.0,12.6,17.5,47.1,0.0,15.9,650.2,4000000,0.0,0,0,0,0,0,0,-1,-1,-1,-1,-1,0,41.1,103.9,-1,-1,-1.0
slowdown_1_5,slowdown_scale,1.5,1.5,dynamic_sensitivity_100d_4pct_hdd,100,47,1000000,5000,1.0,20,50000,late_binding,15.0,10.8,14.5,32.5,30.9,11.6,437.0,5000000,25.0,1000000,150000,6500,1000000,796970,0,-1,-1,-1,-1,9,18978,29.4,73.8,-1,-1,-1.0
slowdown_1_5,slowdown_scale,1.5,1.5,dynamic_sensitivity_100d_4pct_hdd,100,47,1000000,5000,1.0,20,50000,timeout_degraded_read,15.0,12.6,17.4,32.9,30.0,15.5,402.4,4178616,4.5,178616,24012,5945,178616,21098,0,-1,-1,-1,9,9,10055,30.4,73.8,-1,-1,-1.0
slowdown_1_5,slowdown_scale,1.5,1.5,dynamic_sensitivity_100d_4pct_hdd,100,47,1000000,5000,1.0,20,50000,health_ec,15.0,12.5,17.2,26.2,44.4,9.3,352.3,4015485,0.4,15485,0,4110,15485,14107,6,6,0,1162,81,81,7283,28.8,67.3,12720,11260,88.5
slowdown_1_5,slowdown_scale,1.5,1.5,dynamic_sensitivity_100d_4pct_hdd,100,48,1000000,5000,1.0,20,50000,vanilla_ec,15.0,12.6,17.5,47.0,0.0,15.5,646.6,4000000,0.0,0,0,0,0,0,0,-1,-1,-1,-1,-1,0,41.3,103.4,-1,-1,-1.0
slowdown_1_5,slowdown_scale,1.5,1.5,dynamic_sensitivity_100d_4pct_hdd,100,48,1000000,5000,1.0,20,50000,late_binding,15.0,10.8,14.5,32.5,31.0,11.8,434.9,5000000,25.0,1000000,150000,6440,1000000,797113,0,-1,-1,-1,-1,19,18769,29.6,73.4,-1,-1,-1.0
slowdown_1_5,slowdown_scale,1.5,1.5,dynamic_sensitivity_100d_4pct_hdd,100,48,1000000,5000,1.0,20,50000,timeout_degraded_read,15.0,12.6,17.4,32.9,30.1,14.9,400.6,4179213,4.5,179213,24350,5872,179213,21039,0,-1,-1,-1,19,19,9929,30.1,73.4,-1,-1,-1.0
slowdown_1_5,slowdown_scale,1.5,1.5,dynamic_sensitivity_100d_4pct_hdd,100,48,1000000,5000,1.0,20,50000,health_ec,15.0,12.5,17.2,25.8,45.2,8.7,345.7,4015465,0.4,15465,0,4220,15465,14143,6,6,0,1150,499,499,7309,28.9,66.3,12585,11186,88.9
slowdown_1_5,slowdown_scale,1.5,1.5,dynamic_sensitivity_100d_4pct_hdd,100,49,1000000,5000,1.0,20,50000,vanilla_ec,15.0,12.6,17.5,48.0,0.0,15.9,652.6,4000000,0.0,0,0,0,0,0,0,-1,-1,-1,-1,-1,0,41.3,104.6,-1,-1,-1.0
slowdown_1_5,slowdown_scale,1.5,1.5,dynamic_sensitivity_100d_4pct_hdd,100,49,1000000,5000,1.0,20,50000,late_binding,15.0,10.8,14.5,33.0,31.4,12.0,438.8,5000000,25.0,1000000,150000,6354,1000000,796852,0,-1,-1,-1,-1,13,18963,29.8,73.8,-1,-1,-1.0
slowdown_1_5,slowdown_scale,1.5,1.5,dynamic_sensitivity_100d_4pct_hdd,100,49,1000000,5000,1.0,20,50000,timeout_degraded_read,15.0,12.6,17.4,33.3,30.8,15.5,404.2,4178839,4.5,178839,24215,5806,178839,21464,0,-1,-1,-1,13,13,10007,30.3,73.8,-1,-1,-1.0
slowdown_1_5,slowdown_scale,1.5,1.5,dynamic_sensitivity_100d_4pct_hdd,100,49,1000000,5000,1.0,20,50000,health_ec,15.0,12.5,17.2,26.5,44.8,9.2,353.0,4015843,0.4,15843,0,4226,15843,14358,6,6,0,1192,632,632,7477,29.5,67.0,12871,11457,89.0
slowdown_1_5,slowdown_scale,1.5,1.5,dynamic_sensitivity_100d_4pct_hdd,100,50,1000000,5000,1.0,20,50000,vanilla_ec,15.0,12.6,17.5,46.2,0.0,14.9,642.2,4000000,0.0,0,0,0,0,0,0,-1,-1,-1,-1,-1,0,41.0,103.0,-1,-1,-1.0
slowdown_1_5,slowdown_scale,1.5,1.5,dynamic_sensitivity_100d_4pct_hdd,100,50,1000000,5000,1.0,20,50000,late_binding,15.0,10.8,14.5,32.0,30.8,11.6,435.2,5000000,25.0,1000000,150000,6364,1000000,797632,0,-1,-1,-1,-1,2,18805,29.5,73.4,-1,-1,-1.0
slowdown_1_5,slowdown_scale,1.5,1.5,dynamic_sensitivity_100d_4pct_hdd,100,50,1000000,5000,1.0,20,50000,timeout_degraded_read,15.0,12.6,17.4,32.5,29.7,14.5,401.4,4179173,4.5,179173,24316,5784,179173,20725,0,-1,-1,-1,2,2,9855,30.2,73.4,-1,-1,-1.0
slowdown_1_5,slowdown_scale,1.5,1.5,dynamic_sensitivity_100d_4pct_hdd,100,50,1000000,5000,1.0,20,50000,health_ec,15.0,12.5,17.2,25.2,45.5,8.4,348.3,4015359,0.4,15359,0,4228,15359,13981,6,6,0,1162,101,101,7409,29.3,66.6,12398,10905,88.0
slowdown_1_5,slowdown_scale,1.5,1.5,dynamic_sensitivity_100d_4pct_hdd,100,51,1000000,5000,1.0,20,50000,vanilla_ec,15.0,12.6,17.5,47.3,0.0,15.6,653.0,4000000,0.0,0,0,0,0,0,0,-1,-1,-1,-1,-1,0,41.1,104.9,-1,-1,-1.0
slowdown_1_5,slowdown_scale,1.5,1.5,dynamic_sensitivity_100d_4pct_hdd,100,51,1000000,5000,1.0,20,50000,late_binding,15.0,10.8,14.5,32.6,30.9,11.7,436.8,5000000,25.0,1000000,150000,6472,1000000,797522,0,-1,-1,-1,-1,6,18872,29.8,73.4,-1,-1,-1.0
slowdown_1_5,slowdown_scale,1.5,1.5,dynamic_sensitivity_100d_4pct_hdd,100,51,1000000,5000,1.0,20,50000,timeout_degraded_read,15.0,12.6,17.4,33.0,30.2,15.1,402.8,4179628,4.5,179628,24297,5870,179628,21108,0,-1,-1,-1,6,6,9904,30.4,73.4,-1,-1,-1.0
slowdown_1_5,slowdown_scale,1.5,1.5,dynamic_sensitivity_100d_4pct_hdd,100,51,1000000,5000,1.0,20,50000,health_ec,15.0,12.5,17.2,26.4,44.2,9.0,356.0,4015690,0.4,15690,0,4223,15690,14273,6,6,0,1186,374,374,7394,29.5,68.2,12799,11312,88.4
slowdown_1_5,slowdown_scale,1.5,1.5,dynamic_sensitivity_100d_4pct_hdd,100,52,1000000,5000,1.0,20,50000,vanilla_ec,15.0,12.6,17.5,46.3,0.0,15.4,646.5,4000000,0.0,0,0,0,0,0,0,-1,-1,-1,-1,-1,0,41.1,103.7,-1,-1,-1.0
slowdown_1_5,slowdown_scale,1.5,1.5,dynamic_sensitivity_100d_4pct_hdd,100,52,1000000,5000,1.0,20,50000,late_binding,15.0,10.8,14.5,32.2,30.4,11.8,437.2,5000000,25.0,1000000,150000,6321,1000000,797444,0,-1,-1,-1,-1,21,18776,29.8,73.6,-1,-1,-1.0
slowdown_1_5,slowdown_scale,1.5,1.5,dynamic_sensitivity_100d_4pct_hdd,100,52,1000000,5000,1.0,20,50000,timeout_degraded_read,15.0,12.6,17.4,32.6,29.5,15.0,403.1,4179091,4.5,179091,24278,5740,179091,20821,0,-1,-1,-1,21,21,9849,30.3,73.6,-1,-1,-1.0
slowdown_1_5,slowdown_scale,1.5,1.5,dynamic_sensitivity_100d_4pct_hdd,100,52,1000000,5000,1.0,20,50000,health_ec,15.0,12.5,17.2,25.9,44.0,9.0,355.1,4015446,0.4,15446,0,4084,15446,14057,6,6,0,1186,441,441,7253,29.5,67.2,12718,11187,88.0
slowdown_1_5,slowdown_scale,1.5,1.5,dynamic_sensitivity_100d_4pct_hdd,100,53,1000000,5000,1.0,20,50000,vanilla_ec,15.0,12.6,17.5,46.7,0.0,15.2,645.3,4000000,0.0,0,0,0,0,0,0,-1,-1,-1,-1,-1,0,40.8,103.2,-1,-1,-1.0
slowdown_1_5,slowdown_scale,1.5,1.5,dynamic_sensitivity_100d_4pct_hdd,100,53,1000000,5000,1.0,20,50000,late_binding,15.0,10.8,14.5,32.4,30.7,11.2,437.0,5000000,25.0,1000000,150000,6350,1000000,797101,0,-1,-1,-1,-1,1,18772,29.4,73.7,-1,-1,-1.0
slowdown_1_5,slowdown_scale,1.5,1.5,dynamic_sensitivity_100d_4pct_hdd,100,53,1000000,5000,1.0,20,50000,timeout_degraded_read,15.0,12.6,17.4,32.8,29.8,14.8,402.0,4179182,4.5,179182,24278,5747,179182,20815,0,-1,-1,-1,1,1,9768,30.3,73.7,-1,-1,-1.0
slowdown_1_5,slowdown_scale,1.5,1.5,dynamic_sensitivity_100d_4pct_hdd,100,53,1000000,5000,1.0,20,50000,health_ec,15.0,12.5,17.2,25.8,44.8,8.8,349.8,4015476,0.4,15476,0,4230,15476,14076,6,6,0,1150,510,510,7408,28.9,66.9,12597,11130,88.4
slowdown_1_5,slowdown_scale,1.5,1.5,dynamic_sensitivity_100d_4pct_hdd,100,54,1000000,5000,1.0,20,50000,vanilla_ec,15.0,12.6,17.5,47.3,0.0,15.4,650.7,4000000,0.0,0,0,0,0,0,0,-1,-1,-1,-1,-1,0,41.4,104.6,-1,-1,-1.0
slowdown_1_5,slowdown_scale,1.5,1.5,dynamic_sensitivity_100d_4pct_hdd,100,54,1000000,5000,1.0,20,50000,late_binding,15.0,10.8,14.5,33.1,30.2,12.0,439.5,5000000,25.0,1000000,150000,6376,1000000,796588,0,-1,-1,-1,-1,31,19004,29.9,73.4,-1,-1,-1.0
slowdown_1_5,slowdown_scale,1.5,1.5,dynamic_sensitivity_100d_4pct_hdd,100,54,1000000,5000,1.0,20,50000,timeout_degraded_read,15.0,12.6,17.4,33.3,29.6,14.9,404.5,4178924,4.5,178924,24333,5824,178924,21082,0,-1,-1,-1,31,31,9968,30.4,73.4,-1,-1,-1.0
slowdown_1_5,slowdown_scale,1.5,1.5,dynamic_sensitivity_100d_4pct_hdd,100,54,1000000,5000,1.0,20,50000,health_ec,15.0,12.5,17.2,26.2,44.6,8.9,351.5,4015626,0.4,15626,0,4150,15626,14268,6,6,0,1180,691,691,7349,29.2,66.8,12750,11308,88.7
slowdown_1_5,slowdown_scale,1.5,1.5,dynamic_sensitivity_100d_4pct_hdd,100,55,1000000,5000,1.0,20,50000,vanilla_ec,15.0,12.6,17.5,46.6,0.0,15.1,642.4,4000000,0.0,0,0,0,0,0,0,-1,-1,-1,-1,-1,0,41.1,102.8,-1,-1,-1.0
slowdown_1_5,slowdown_scale,1.5,1.5,dynamic_sensitivity_100d_4pct_hdd,100,55,1000000,5000,1.0,20,50000,late_binding,15.0,10.8,14.5,32.3,30.6,11.7,434.7,5000000,25.0,1000000,150000,6353,1000000,797272,0,-1,-1,-1,-1,4,18825,29.4,73.4,-1,-1,-1.0
slowdown_1_5,slowdown_scale,1.5,1.5,dynamic_sensitivity_100d_4pct_hdd,100,55,1000000,5000,1.0,20,50000,timeout_degraded_read,15.0,12.6,17.4,32.8,29.6,14.8,400.6,4179446,4.5,179446,24352,5783,179446,20892,0,-1,-1,-1,4,4,9940,30.7,73.4,-1,-1,-1.0
slowdown_1_5,slowdown_scale,1.5,1.5,dynamic_sensitivity_100d_4pct_hdd,100,55,1000000,5000,1.0,20,50000,health_ec,15.0,12.5,17.2,26.0,44.2,8.8,353.5,4015394,0.4,15394,0,4144,15394,14061,6,6,0,1150,637,637,7375,29.2,66.9,12616,11116,88.1
slowdown_1_5,slowdown_scale,1.5,1.5,dynamic_sensitivity_100d_4pct_hdd,100,56,1000000,5000,1.0,20,50000,vanilla_ec,15.0,12.6,17.5,46.9,0.0,15.5,649.2,4000000,0.0,0,0,0,0,0,0,-1,-1,-1,-1,-1,0,41.3,103.8,-1,-1,-1.0
slowdown_1_5,slowdown_scale,1.5,1.5,dynamic_sensitivity_100d_4pct_hdd,100,56,1000000,5000,1.0,20,50000,late_binding,15.0,10.8,14.5,32.5,30.8,11.2,438.4,5000000,25.0,1000000,150000,6342,1000000,796315,0,-1,-1,-1,-1,26,18945,29.7,74.1,-1,-1,-1.0
slowdown_1_5,slowdown_scale,1.5,1.5,dynamic_sensitivity_100d_4pct_hdd,100,56,1000000,5000,1.0,20,50000,timeout_degraded_read,15.0,12.6,17.4,32.8,30.1,15.2,404.4,4178844,4.5,178844,24156,5755,178844,21008,0,-1,-1,-1,26,26,9958,30.2,74.1,-1,-1,-1.0
slowdown_1_5,slowdown_scale,1.5,1.5,dynamic_sensitivity_100d_4pct_hdd,100,56,1000000,5000,1.0,20,50000,health_ec,15.0,12.5,17.2,26.2,44.1,9.0,354.8,4015601,0.4,15601,0,4180,15601,14176,6,6,0,1184,143,143,7464,29.4,67.3,12740,11246,88.3
slowdown_1_5,slowdown_scale,1.5,1.5,dynamic_sensitivity_100d_4pct_hdd,100,57,1000000,5000,1.0,20,50000,vanilla_ec,15.0,12.6,17.5,47.1,0.0,15.4,647.5,4000000,0.0,0,0,0,0,0,0,-1,-1,-1,-1,-1,0,41.0,103.4,-1,-1,-1.0
slowdown_1_5,slowdown_scale,1.5,1.5,dynamic_sensitivity_100d_4pct_hdd,100,57,1000000,5000,1.0,20,50000,late_binding,15.0,10.8,14.5,32.8,30.4,11.5,434.3,5000000,25.0,1000000,150000,6515,1000000,797334,0,-1,-1,-1,-1,5,19048,29.7,73.3,-1,-1,-1.0
slowdown_1_5,slowdown_scale,1.5,1.5,dynamic_sensitivity_100d_4pct_hdd,100,57,1000000,5000,1.0,20,50000,timeout_degraded_read,15.0,12.6,17.4,33.2,29.6,14.9,400.2,4179413,4.5,179413,24491,5910,179413,20928,0,-1,-1,-1,5,5,10079,30.5,73.3,-1,-1,-1.0
slowdown_1_5,slowdown_scale,1.5,1.5,dynamic_sensitivity_100d_4pct_hdd,100,57,1000000,5000,1.0,20,50000,health_ec,15.0,12.5,17.2,26.4,44.0,8.9,351.2,4015333,0.4,15333,0,4217,15333,13971,6,6,0,1162,172,172,7257,29.1,66.5,12665,11078,87.5
slowdown_1_5,slowdown_scale,1.5,1.5,dynamic_sensitivity_100d_4pct_hdd,100,58,1000000,5000,1.0,20,50000,vanilla_ec,15.0,12.6,17.5,46.6,0.0,15.1,642.7,4000000,0.0,0,0,0,0,0,0,-1,-1,-1,-1,-1,0,40.7,103.1,-1,-1,-1.0
slowdown_1_5,slowdown_scale,1.5,1.5,dynamic_sensitivity_100d_4pct_hdd,100,58,1000000,5000,1.0,20,50000,late_binding,15.0,10.8,14.5,32.2,30.7,11.3,436.6,5000000,25.0,1000000,150000,6214,1000000,797192,0,-1,-1,-1,-1,73,18754,29.3,74.1,-1,-1,-1.0
slowdown_1_5,slowdown_scale,1.5,1.5,dynamic_sensitivity_100d_4pct_hdd,100,58,1000000,5000,1.0,20,50000,timeout_degraded_read,15.0,12.6,17.4,32.6,29.9,14.8,402.7,4178520,4.5,178520,24507,5619,178520,20873,0,-1,-1,-1,73,73,9773,29.8,74.1,-1,-1,-1.0
slowdown_1_5,slowdown_scale,1.5,1.5,dynamic_sensitivity_100d_4pct_hdd,100,58,1000000,5000,1.0,20,50000,health_ec,15.0,12.5,17.2,25.7,44.8,8.6,353.5,4015117,0.4,15117,0,3917,15117,13801,6,6,0,1176,1494,1494,7119,28.6,67.4,12546,11059,88.1
slowdown_1_5,slowdown_scale,1.5,1.5,dynamic_sensitivity_100d_4pct_hdd,100,59,1000000,5000,1.0,20,50000,vanilla_ec,15.0,12.6,17.5,46.3,0.0,14.5,640.6,4000000,0.0,0,0,0,0,0,0,-1,-1,-1,-1,-1,0,40.9,103.1,-1,-1,-1.0
slowdown_1_5,slowdown_scale,1.5,1.5,dynamic_sensitivity_100d_4pct_hdd,100,59,1000000,5000,1.0,20,50000,late_binding,15.0,10.8,14.5,32.2,30.5,11.2,432.8,5000000,25.0,1000000,150000,6256,1000000,796889,0,-1,-1,-1,-1,14,18679,29.3,73.3,-1,-1,-1.0
slowdown_1_5,slowdown_scale,1.5,1.5,dynamic_sensitivity_100d_4pct_hdd,100,59,1000000,5000,1.0,20,50000,timeout_degraded_read,15.0,12.6,17.4,32.6,29.7,14.0,398.1,4179597,4.5,179597,24873,5680,179597,20681,0,-1,-1,-1,14,14,9799,30.0,73.3,-1,-1,-1.0
slowdown_1_5,slowdown_scale,1.5,1.5,dynamic_sensitivity_100d_4pct_hdd,100,59,1000000,5000,1.0,20,50000,health_ec,15.0,12.5,17.2,25.5,44.9,8.3,350.3,4015251,0.4,15251,0,4069,15251,13910,6,6,0,1140,356,356,7277,29.2,66.5,12419,10931,88.0
slowdown_1_5,slowdown_scale,1.5,1.5,dynamic_sensitivity_100d_4pct_hdd,100,60,1000000,5000,1.0,20,50000,vanilla_ec,15.0,12.6,17.5,46.8,0.0,15.1,651.0,4000000,0.0,0,0,0,0,0,0,-1,-1,-1,-1,-1,0,41.0,104.2,-1,-1,-1.0
slowdown_1_5,slowdown_scale,1.5,1.5,dynamic_sensitivity_100d_4pct_hdd,100,60,1000000,5000,1.0,20,50000,late_binding,15.0,10.8,14.5,32.5,30.5,11.5,437.5,5000000,25.0,1000000,150000,6302,1000000,797161,0,-1,-1,-1,-1,38,18429,29.7,73.7,-1,-1,-1.0
slowdown_1_5,slowdown_scale,1.5,1.5,dynamic_sensitivity_100d_4pct_hdd,100,60,1000000,5000,1.0,20,50000,timeout_degraded_read,15.0,12.6,17.4,32.9,29.8,14.7,402.3,4179172,4.5,179172,24376,5728,179172,20874,0,-1,-1,-1,38,38,9808,30.3,73.7,-1,-1,-1.0
slowdown_1_5,slowdown_scale,1.5,1.5,dynamic_sensitivity_100d_4pct_hdd,100,60,1000000,5000,1.0,20,50000,health_ec,15.0,12.5,17.2,25.7,45.1,8.7,352.4,4015506,0.4,15506,0,4061,15506,14110,6,6,0,1160,552,552,7284,28.8,67.8,12516,11131,88.9
slowdown_1_5,slowdown_scale,1.5,1.5,dynamic_sensitivity_100d_4pct_hdd,100,61,1000000,5000,1.0,20,50000,vanilla_ec,15.0,12.6,17.5,47.2,0.0,15.4,650.4,4000000,0.0,0,0,0,0,0,0,-1,-1,-1,-1,-1,0,41.1,104.1,-1,-1,-1.0
slowdown_1_5,slowdown_scale,1.5,1.5,dynamic_sensitivity_100d_4pct_hdd,100,61,1000000,5000,1.0,20,50000,late_binding,15.0,10.8,14.5,32.9,30.4,12.1,438.0,5000000,25.0,1000000,150000,6389,1000000,796956,0,-1,-1,-1,-1,223,19035,29.8,73.8,-1,-1,-1.0
slowdown_1_5,slowdown_scale,1.5,1.5,dynamic_sensitivity_100d_4pct_hdd,100,61,1000000,5000,1.0,20,50000,timeout_degraded_read,15.0,12.6,17.4,33.2,29.8,15.0,403.2,4178576,4.5,178576,24063,5805,178576,21092,0,-1,-1,-1,223,223,9960,30.2,73.8,-1,-1,-1.0
slowdown_1_5,slowdown_scale,1.5,1.5,dynamic_sensitivity_100d_4pct_hdd,100,61,1000000,5000,1.0,20,50000,health_ec,15.0,12.5,17.2,26.0,44.9,8.7,351.8,4015698,0.4,15698,0,4228,15698,14296,6,6,0,1174,1802,1802,7362,29.3,67.9,12756,11304,88.6
slowdown_1_5,slowdown_scale,1.5,1.5,dynamic_sensitivity_100d_4pct_hdd,100,62,1000000,5000,1.0,20,50000,vanilla_ec,15.0,12.6,17.5,46.7,0.0,15.5,650.0,4000000,0.0,0,0,0,0,0,0,-1,-1,-1,-1,-1,0,41.5,103.6,-1,-1,-1.0
slowdown_1_5,slowdown_scale,1.5,1.5,dynamic_sensitivity_100d_4pct_hdd,100,62,1000000,5000,1.0,20,50000,late_binding,15.0,10.8,14.5,32.4,30.7,11.5,436.8,5000000,25.0,1000000,150000,6518,1000000,797019,0,-1,-1,-1,-1,18,19107,29.7,73.7,-1,-1,-1.0
slowdown_1_5,slowdown_scale,1.5,1.5,dynamic_sensitivity_100d_4pct_hdd,100,62,1000000,5000,1.0,20,50000,timeout_degraded_read,15.0,12.6,17.4,32.7,30.0,15.0,401.9,4179052,4.5,179052,24069,5900,179052,20981,0,-1,-1,-1,18,18,10025,30.4,73.7,-1,-1,-1.0
slowdown_1_5,slowdown_scale,1.5,1.5,dynamic_sensitivity_100d_4pct_hdd,100,62,1000000,5000,1.0,20,50000,health_ec,15.0,12.5,17.2,25.8,44.7,8.8,353.2,4015647,0.4,15647,0,4233,15647,14232,6,6,0,1172,403,403,7390,29.5,67.1,12726,11315,88.9
slowdown_1_5,slowdown_scale,1.5,1.5,dynamic_sensitivity_100d_4pct_hdd,100,63,1000000,5000,1.0,20,50000,vanilla_ec,15.0,12.6,17.5,47.9,0.0,15.5,652.1,4000000,0.0,0,0,0,0,0,0,-1,-1,-1,-1,-1,0,41.3,105.2,-1,-1,-1.0
slowdown_1_5,slowdown_scale,1.5,1.5,dynamic_sensitivity_100d_4pct_hdd,100,63,1000000,5000,1.0,20,50000,late_binding,15.0,10.8,14.5,33.1,30.9,12.0,441.4,5000000,25.0,1000000,150000,6428,1000000,797698,0,-1,-1,-1,-1,2,18972,29.7,74.3,-1,-1,-1.0
slowdown_1_5,slowdown_scale,1.5,1.5,dynamic_sensitivity_100d_4pct_hdd,100,63,1000000,5000,1.0,20,50000,timeout_degraded_read,15.0,12.6,17.4,33.4,30.2,15.0,406.0,4179301,4.5,179301,24322,5860,179301,21080,0,-1,-1,-1,2,2,9977,30.2,74.3,-1,-1,-1.0
slowdown_1_5,slowdown_scale,1.5,1.5,dynamic_sensitivity_100d_4pct_hdd,100,63,1000000,5000,1.0,20,50000,health_ec,15.0,12.5,17.2,26.3,45.0,8.7,355.8,4015557,0.4,15557,0,4173,15557,14151,6,6,0,1170,221,221,7251,29.1,67.7,12793,11250,87.9
slowdown_1_5,slowdown_scale,1.5,1.5,dynamic_sensitivity_100d_4pct_hdd,100,64,1000000,5000,1.0,20,50000,vanilla_ec,15.0,12.6,17.5,48.3,0.0,15.3,648.5,4000000,0.0,0,0,0,0,0,0,-1,-1,-1,-1,-1,0,41.1,103.7,-1,-1,-1.0
slowdown_1_5,slowdown_scale,1.5,1.5,dynamic_sensitivity_100d_4pct_hdd,100,64,1000000,5000,1.0,20,50000,late_binding,15.0,10.8,14.5,33.2,31.1,11.9,439.2,5000000,25.0,1000000,150000,6337,1000000,797138,0,-1,-1,-1,-1,121,18799,29.7,74.1,-1,-1,-1.0
slowdown_1_5,slowdown_scale,1.5,1.5,dynamic_sensitivity_100d_4pct_hdd,100,64,1000000,5000,1.0,20,50000,timeout_degraded_read,15.0,12.6,17.4,33.6,30.3,14.8,404.6,4179569,4.5,179569,24460,5719,179569,21065,0,-1,-1,-1,121,121,9903,30.3,74.1,-1,-1,-1.0
slowdown_1_5,slowdown_scale,1.5,1.5,dynamic_sensitivity_100d_4pct_hdd,100,64,1000000,5000,1.0,20,50000,health_ec,15.0,12.5,17.2,26.4,45.3,8.7,351.7,4015630,0.4,15630,0,4134,15630,14199,6,6,0,1204,723,723,7392,29.0,66.5,12774,11279,88.3
slowdown_1_5,slowdown_scale,1.5,1.5,dynamic_sensitivity_100d_4pct_hdd,100,65,1000000,5000,1.0,20,50000,vanilla_ec,15.0,12.6,17.5,47.4,0.0,15.5,650.2,4000000,0.0,0,0,0,0,0,0,-1,-1,-1,-1,-1,0,41.4,104.3,-1,-1,-1.0
slowdown_1_5,slowdown_scale,1.5,1.5,dynamic_sensitivity_100d_4pct_hdd,100,65,1000000,5000,1.0,20,50000,late_binding,15.0,10.8,14.5,32.8,30.9,12.1,437.6,5000000,25.0,1000000,150000,6432,1000000,796994,0,-1,-1,-1,-1,84,18837,29.4,73.8,-1,-1,-1.0
slowdown_1_5,slowdown_scale,1.5,1.5,dynamic_sensitivity_100d_4pct_hdd,100,65,1000000,5000,1.0,20,50000,timeout_degraded_read,15.0,12.6,17.4,33.1,30.3,15.1,401.9,4179799,4.5,179799,24141,5835,179799,21092,0,-1,-1,-1,84,84,9984,30.4,73.8,-1,-1,-1.0
slowdown_1_5,slowdown_scale,1.5,1.5,dynamic_sensitivity_100d_4pct_hdd,100,65,1000000,5000,1.0,20,50000,health_ec,15.0,12.5,17.2,26.0,45.2,9.0,353.8,4015644,0.4,15644,0,4182,15644,14252,6,6,0,1162,743,743,7341,28.6,67.3,12679,11286,89.0
slowdown_1_5,slowdown_scale,1.5,1.5,dynamic_sensitivity_100d_4pct_hdd,100,66,1000000,5000,1.0,20,50000,vanilla_ec,15.0,12.6,17.5,47.6,0.0,15.3,647.6,4000000,0.0,0,0,0,0,0,0,-1,-1,-1,-1,-1,0,41.5,103.6,-1,-1,-1.0
slowdown_1_5,slowdown_scale,1.5,1.5,dynamic_sensitivity_100d_4pct_hdd,100,66,1000000,5000,1.0,20,50000,late_binding,15.0,10.8,14.5,32.7,31.2,11.5,436.2,5000000,25.0,1000000,150000,6447,1000000,796962,0,-1,-1,-1,-1,24,19055,29.5,73.8,-1,-1,-1.0
slowdown_1_5,slowdown_scale,1.5,1.5,dynamic_sensitivity_100d_4pct_hdd,100,66,1000000,5000,1.0,20,50000,timeout_degraded_read,15.0,12.6,17.4,33.1,30.4,14.9,402.7,4179816,4.5,179816,24535,5874,179816,21112,0,-1,-1,-1,24,24,10132,30.2,73.8,-1,-1,-1.0
slowdown_1_5,slowdown_scale,1.5,1.5,dynamic_sensitivity_100d_4pct_hdd,100,66,1000000,5000,1.0,20,50000,health_ec,15.0,12.5,17.2,26.1,45.1,8.7,350.9,4015674,0.4,15674,0,4286,15674,14228,6,6,0,1180,649,649,7531,29.0,65.8,12726,11190,87.9
slowdown_1_5,slowdown_scale,1.5,1.5,dynamic_sensitivity_100d_4pct_hdd,100,67,1000000,5000,1.0,20,50000,vanilla_ec,15.0,12.6,17.5,46.8,0.0,15.6,647.3,4000000,0.0,0,0,0,0,0,0,-1,-1,-1,-1,-1,0,41.1,103.3,-1,-1,-1.0
slowdown_1_5,slowdown_scale,1.5,1.5,dynamic_sensitivity_100d_4pct_hdd,100,67,1000000,5000,1.0,20,50000,late_binding,15.0,10.8,14.5,32.4,30.9,11.5,432.4,5000000,25.0,1000000,150000,6540,1000000,797190,0,-1,-1,-1,-1,40,19038,29.4,73.2,-1,-1,-1.0
slowdown_1_5,slowdown_scale,1.5,1.5,dynamic_sensitivity_100d_4pct_hdd,100,67,1000000,5000,1.0,20,50000,timeout_degraded_read,15.0,12.6,17.4,32.8,29.9,15.0,397.4,4179279,4.5,179279,24256,5923,179279,20867,0,-1,-1,-1,40,40,10126,30.0,73.2,-1,-1,-1.0
slowdown_1_5,slowdown_scale,1.5,1.5,dynamic_sensitivity_100d_4pct_hdd,100,67,1000000,5000,1.0,20,50000,health_ec,15.0,12.5,17.2,25.5,45.5,9.0,344.8,4015489,0.4,15489,0,4196,15489,14112,6,6,0,1132,364,364,7373,29.0,66.6,12551,11156,88.9
slowdown_1_5,slowdown_scale,1.5,1.5,dynamic_sensitivity_100d_4pct_hdd,100,68,1000000,5000,1.0,20,50000,vanilla_ec,15.0,12.6,17.5,47.1,0.0,15.6,648.0,4000000,0.0,0,0,0,0,0,0,-1,-1,-1,-1,-1,0,41.3,103.8,-1,-1,-1.0
slowdown_1_5,slowdown_scale,1.5,1.5,dynamic_sensitivity_100d_4pct_hdd,100,68,1000000,5000,1.0,20,50000,late_binding,15.0,10.8,14.5,32.6,30.8,12.2,440.4,5000000,25.0,1000000,150000,6471,1000000,797768,0,-1,-1,-1,-1,69,18842,29.9,73.9,-1,-1,-1.0
slowdown_1_5,slowdown_scale,1.5,1.5,dynamic_sensitivity_100d_4pct_hdd,100,68,1000000,5000,1.0,20,50000,timeout_degraded_read,15.0,12.6,17.4,33.0,29.9,15.3,405.9,4179251,4.5,179251,24112,5896,179251,20976,0,-1,-1,-1,69,69,9956,30.7,73.9,-1,-1,-1.0
slowdown_1_5,slowdown_scale,1.5,1.5,dynamic_sensitivity_100d_4pct_hdd,100,68,1000000,5000,1.0,20,50000,health_ec,15.0,12.5,17.2,25.9,45.1,9.0,354.3,4015561,0.4,15561,0,4259,15561,14150,6,6,0,1174,132,132,7435,29.5,68.1,12608,11173,88.6
slowdown_1_5,slowdown_scale,1.5,1.5,dynamic_sensitivity_100d_4pct_hdd,100,69,1000000,5000,1.0,20,50000,vanilla_ec,15.0,12.6,17.5,47.2,0.0,16.1,650.7,4000000,0.0,0,0,0,0,0,0,-1,-1,-1,-1,-1,0,41.2,104.3,-1,-1,-1.0
slowdown_1_5,slowdown_scale,1.5,1.5,dynamic_sensitivity_100d_4pct_hdd,100,69,1000000,5000,1.0,20,50000,late_binding,15.0,10.8,14.5,33.0,30.0,12.3,440.9,5000000,25.0,1000000,150000,6465,1000000,797230,0,-1,-1,-1,-1,104,18803,29.9,74.2,-1,-1,-1.0
slowdown_1_5,slowdown_scale,1.5,1.5,dynamic_sensitivity_100d_4pct_hdd,100,69,1000000,5000,1.0,20,50000,timeout_degraded_read,15.0,12.6,17.4,33.4,29.2,15.6,406.6,4178751,4.5,178751,24128,5862,178751,21182,0,-1,-1,-1,104,104,9943,30.3,74.2,-1,-1,-1.0
slowdown_1_5,slowdown_scale,1.5,1.5,dynamic_sensitivity_100d_4pct_hdd,100,69,1000000,5000,1.0,20,50000,health_ec,15.0,12.5,17.2,26.6,43.7,9.5,357.4,4015713,0.4,15713,0,4343,15713,14309,6,6,0,1174,915,915,7383,29.1,68.2,12903,11407,88.4
slowdown_1_5,slowdown_scale,1.5,1.5,dynamic_sensitivity_100d_4pct_hdd,100,70,1000000,5000,1.0,20,50000,vanilla_ec,15.0,12.6,17.5,47.0,0.0,15.4,645.0,4000000,0.0,0,0,0,0,0,0,-1,-1,-1,-1,-1,0,40.8,103.0,-1,-1,-1.0
slowdown_1_5,slowdown_scale,1.5,1.5,dynamic_sensitivity_100d_4pct_hdd,100,70,1000000,5000,1.0,20,50000,late_binding,15.0,10.8,14.5,32.7,30.6,11.7,435.4,5000000,25.0,1000000,150000,6284,1000000,796045,0,-1,-1,-1,-1,84,18761,29.3,72.9,-1,-1,-1.0
slowdown_1_5,slowdown_scale,1.5,1.5,dynamic_sensitivity_100d_4pct_hdd,100,70,1000000,5000,1.0,20,50000,timeout_degraded_read,15.0,12.6,17.4,33.0,29.8,15.0,400.4,4178736,4.5,178736,24095,5743,178736,20961,0,-1,-1,-1,84,84,9927,30.2,72.9,-1,-1,-1.0
slowdown_1_5,slowdown_scale,1.5,1.5,dynamic_sensitivity_100d_4pct_hdd,100,70,1000000,5000,1.0,20,50000,health_ec,15.0,12.5,17.2,25.8,45.2,8.9,347.9,4015632,0.4,15632,0,4111,15632,14182,6,6,0,1156,703,703,7445,28.7,67.3,12589,11145,88.5
slowdown_1_5,slowdown_scale,1.5,1.5,dynamic_sensitivity_100d_4pct_hdd,100,71,1000000,5000,1.0,20,50000,vanilla_ec,15.0,12.6,17.5,46.9,0.0,15.0,647.2,4000000,0.0,0,0,0,0,0,0,-1,-1,-1,-1,-1,0,41.0,103.9,-1,-1,-1.0
slowdown_1_5,slowdown_scale,1.5,1.5,dynamic_sensitivity_100d_4pct_hdd,100,71,1000000,5000,1.0,20,50000,late_binding,15.0,10.8,14.5,32.8,30.1,11.5,438.7,5000000,25.0,1000000,150000,6284,1000000,797463,0,-1,-1,-1,-1,120,18878,29.9,73.8,-1,-1,-1.0
slowdown_1_5,slowdown_scale,1.5,1.5,dynamic_sensitivity_100d_4pct_hdd,100,71,1000000,5000,1.0,20,50000,timeout_degraded_read,15.0,12.6,17.4,33.1,29.5,14.6,404.3,4179164,4.5,179164,24431,5653,179164,20899,0,-1,-1,-1,120,120,9779,30.4,73.8,-1,-1,-1.0
slowdown_1_5,slowdown_scale,1.5,1.5,dynamic_sensitivity_100d_4pct_hdd,100,71,1000000,5000,1.0,20,50000,health_ec,15.0,12.5,17.2,26.1,44.2,8.5,356.6,4015256,0.4,15256,0,4126,15256,13875,6,6,0,1166,475,475,7279,29.5,67.5,12623,11054,87.6
