case_id,sensitivity_axis,sensitivity_value,slowdown_scale,scenario,num_disks,seed,num_reads,num_stripes,zipf_s,policy,timeout_ms,window_id,window_start_read,window_end_read,slow_disk_a_id,slow_disk_a_state,slow_disk_b_id,slow_disk_b_state,active_slow_disks,p50_ms,p95_ms,p99_ms,issued_shard_reads,bandwidth_overhead_pct,parity_reads,proactive_or_degraded_reads,decode_count,migration_triggers,migration_true_positives,migration_false_positives
slow_ratio_2pct,slow_ratio,2pct,1,dynamic_sensitivity_100d_2pct_hdd,100,42,1000000,5000,1.0,vanilla_ec,15.0,0,0,50000,98,healthy,99,healthy,0,12.5,16.8,18.8,200000,0.0,0,0,0,0,0,0
slow_ratio_2pct,slow_ratio,2pct,1,dynamic_sensitivity_100d_2pct_hdd,100,42,1000000,5000,1.0,vanilla_ec,15.0,1,50000,100000,98,healthy,99,healthy,0,12.5,16.8,18.9,200000,0.0,0,0,0,0,0,0
slow_ratio_2pct,slow_ratio,2pct,1,dynamic_sensitivity_100d_2pct_hdd,100,42,1000000,5000,1.0,vanilla_ec,15.0,2,100000,150000,98,healthy,99,healthy,0,12.5,16.8,18.8,200000,0.0,0,0,0,0,0,0
slow_ratio_2pct,slow_ratio,2pct,1,dynamic_sensitivity_100d_2pct_hdd,100,42,1000000,5000,1.0,vanilla_ec,15.0,3,150000,200000,98,mild_slow,99,healthy,1,12.6,17.6,27.8,200000,0.0,0,0,0,0,0,0
slow_ratio_2pct,slow_ratio,2pct,1,dynamic_sensitivity_100d_2pct_hdd,100,42,1000000,5000,1.0,vanilla_ec,15.0,4,200000,250000,98,mild_slow,99,healthy,1,12.6,17.7,27.5,200000,0.0,0,0,0,0,0,0
slow_ratio_2pct,slow_ratio,2pct,1,dynamic_sensitivity_100d_2pct_hdd,100,42,1000000,5000,1.0,vanilla_ec,15.0,5,250000,300000,98,mild_slow,99,healthy,1,12.6,17.6,27.4,200000,0.0,0,0,0,0,0,0
slow_ratio_2pct,slow_ratio,2pct,1,dynamic_sensitivity_100d_2pct_hdd,100,42,1000000,5000,1.0,vanilla_ec,15.0,6,300000,350000,98,severe_slow,99,healthy,1,12.6,17.9,63.1,200000,0.0,0,0,0,0,0,0
slow_ratio_2pct,slow_ratio,2pct,1,dynamic_sensitivity_100d_2pct_hdd,100,42,1000000,5000,1.0,vanilla_ec,15.0,7,350000,400000,98,severe_slow,99,healthy,1,12.6,17.9,63.6,200000,0.0,0,0,0,0,0,0
slow_ratio_2pct,slow_ratio,2pct,1,dynamic_sensitivity_100d_2pct_hdd,100,42,1000000,5000,1.0,vanilla_ec,15.0,8,400000,450000,98,severe_slow,99,healthy,1,12.6,18.0,62.3,200000,0.0,0,0,0,0,0,0
slow_ratio_2pct,slow_ratio,2pct,1,dynamic_sensitivity_100d_2pct_hdd,100,42,1000000,5000,1.0,vanilla_ec,15.0,9,450000,500000,98,recovery,99,mild_slow,1,12.6,17.7,27.6,200000,0.0,0,0,0,0,0,0
slow_ratio_2pct,slow_ratio,2pct,1,dynamic_sensitivity_100d_2pct_hdd,100,42,1000000,5000,1.0,vanilla_ec,15.0,10,500000,550000,98,recovery,99,mild_slow,1,12.6,17.6,27.3,200000,0.0,0,0,0,0,0,0
slow_ratio_2pct,slow_ratio,2pct,1,dynamic_sensitivity_100d_2pct_hdd,100,42,1000000,5000,1.0,vanilla_ec,15.0,11,550000,600000,98,healthy,99,severe_slow,1,12.6,18.0,64.1,200000,0.0,0,0,0,0,0,0
slow_ratio_2pct,slow_ratio,2pct,1,dynamic_sensitivity_100d_2pct_hdd,100,42,1000000,5000,1.0,vanilla_ec,15.0,12,600000,650000,98,healthy,99,severe_slow,1,12.6,17.9,64.5,200000,0.0,0,0,0,0,0,0
slow_ratio_2pct,slow_ratio,2pct,1,dynamic_sensitivity_100d_2pct_hdd,100,42,1000000,5000,1.0,vanilla_ec,15.0,13,650000,700000,98,healthy,99,severe_slow,1,12.6,18.0,64.1,200000,0.0,0,0,0,0,0,0
slow_ratio_2pct,slow_ratio,2pct,1,dynamic_sensitivity_100d_2pct_hdd,100,42,1000000,5000,1.0,vanilla_ec,15.0,14,700000,750000,98,mild_slow,99,recovery,1,12.6,17.6,27.5,200000,0.0,0,0,0,0,0,0
slow_ratio_2pct,slow_ratio,2pct,1,dynamic_sensitivity_100d_2pct_hdd,100,42,1000000,5000,1.0,vanilla_ec,15.0,15,750000,800000,98,recovery,99,recovery,0,12.6,17.2,19.8,200000,0.0,0,0,0,0,0,0
slow_ratio_2pct,slow_ratio,2pct,1,dynamic_sensitivity_100d_2pct_hdd,100,42,1000000,5000,1.0,vanilla_ec,15.0,16,800000,850000,98,healthy,99,healthy,0,12.5,16.8,18.9,200000,0.0,0,0,0,0,0,0
slow_ratio_2pct,slow_ratio,2pct,1,dynamic_sensitivity_100d_2pct_hdd,100,42,1000000,5000,1.0,vanilla_ec,15.0,17,850000,900000,98,healthy,99,healthy,0,12.5,16.8,18.8,200000,0.0,0,0,0,0,0,0
slow_ratio_2pct,slow_ratio,2pct,1,dynamic_sensitivity_100d_2pct_hdd,100,42,1000000,5000,1.0,vanilla_ec,15.0,18,900000,950000,98,healthy,99,healthy,0,12.5,16.8,18.8,200000,0.0,0,0,0,0,0,0
slow_ratio_2pct,slow_ratio,2pct,1,dynamic_sensitivity_100d_2pct_hdd,100,42,1000000,5000,1.0,vanilla_ec,15.0,19,950000,1000000,98,healthy,99,healthy,0,12.5,16.8,18.9,200000,0.0,0,0,0,0,0,0
slow_ratio_2pct,slow_ratio,2pct,1,dynamic_sensitivity_100d_2pct_hdd,100,42,1000000,5000,1.0,late_binding,15.0,0,0,50000,98,healthy,99,healthy,0,10.7,14.0,15.4,250000,25.0,50000,50000,39904,0,0,0
slow_ratio_2pct,slow_ratio,2pct,1,dynamic_sensitivity_100d_2pct_hdd,100,42,1000000,5000,1.0,late_binding,15.0,1,50000,100000,98,healthy,99,healthy,0,10.7,14.0,15.5,250000,25.0,50000,50000,40119,0,0,0
slow_ratio_2pct,slow_ratio,2pct,1,dynamic_sensitivity_100d_2pct_hdd,100,42,1000000,5000,1.0,late_binding,15.0,2,100000,150000,98,healthy,99,healthy,0,10.7,14.0,15.4,250000,25.0,50000,50000,40024,0,0,0
slow_ratio_2pct,slow_ratio,2pct,1,dynamic_sensitivity_100d_2pct_hdd,100,42,1000000,5000,1.0,late_binding,15.0,3,150000,200000,98,mild_slow,99,healthy,1,10.8,14.2,15.8,250000,25.0,50000,50000,39717,0,0,0
slow_ratio_2pct,slow_ratio,2pct,1,dynamic_sensitivity_100d_2pct_hdd,100,42,1000000,5000,1.0,late_binding,15.0,4,200000,250000,98,mild_slow,99,healthy,1,10.8,14.1,15.8,250000,25.0,50000,50000,39811,0,0,0
slow_ratio_2pct,slow_ratio,2pct,1,dynamic_sensitivity_100d_2pct_hdd,100,42,1000000,5000,1.0,late_binding,15.0,5,250000,300000,98,mild_slow,99,healthy,1,10.7,14.2,15.7,250000,25.0,50000,50000,39918,0,0,0
slow_ratio_2pct,slow_ratio,2pct,1,dynamic_sensitivity_100d_2pct_hdd,100,42,1000000,5000,1.0,late_binding,15.0,6,300000,350000,98,severe_slow,99,healthy,1,10.7,14.2,15.8,250000,25.0,50000,50000,39831,0,0,0
slow_ratio_2pct,slow_ratio,2pct,1,dynamic_sensitivity_100d_2pct_hdd,100,42,1000000,5000,1.0,late_binding,15.0,7,350000,400000,98,severe_slow,99,healthy,1,10.7,14.2,15.8,250000,25.0,50000,50000,39856,0,0,0
slow_ratio_2pct,slow_ratio,2pct,1,dynamic_sensitivity_100d_2pct_hdd,100,42,1000000,5000,1.0,late_binding,15.0,8,400000,450000,98,severe_slow,99,healthy,1,10.8,14.2,15.9,250000,25.0,50000,50000,39871,0,0,0
slow_ratio_2pct,slow_ratio,2pct,1,dynamic_sensitivity_100d_2pct_hdd,100,42,1000000,5000,1.0,late_binding,15.0,9,450000,500000,98,recovery,99,mild_slow,1,10.8,14.3,16.6,250000,25.0,50000,50000,40117,0,0,0
slow_ratio_2pct,slow_ratio,2pct,1,dynamic_sensitivity_100d_2pct_hdd,100,42,1000000,5000,1.0,late_binding,15.0,10,500000,550000,98,recovery,99,mild_slow,1,10.8,14.3,16.4,250000,25.0,50000,50000,40153,0,0,0
slow_ratio_2pct,slow_ratio,2pct,1,dynamic_sensitivity_100d_2pct_hdd,100,42,1000000,5000,1.0,late_binding,15.0,11,550000,600000,98,healthy,99,severe_slow,1,10.8,14.2,15.8,250000,25.0,50000,50000,40244,0,0,0
slow_ratio_2pct,slow_ratio,2pct,1,dynamic_sensitivity_100d_2pct_hdd,100,42,1000000,5000,1.0,late_binding,15.0,12,600000,650000,98,healthy,99,severe_slow,1,10.7,14.1,15.7,250000,25.0,50000,50000,40440,0,0,0
slow_ratio_2pct,slow_ratio,2pct,1,dynamic_sensitivity_100d_2pct_hdd,100,42,1000000,5000,1.0,late_binding,15.0,13,650000,700000,98,healthy,99,severe_slow,1,10.7,14.1,15.7,250000,25.0,50000,50000,40224,0,0,0
slow_ratio_2pct,slow_ratio,2pct,1,dynamic_sensitivity_100d_2pct_hdd,100,42,1000000,5000,1.0,late_binding,15.0,14,700000,750000,98,mild_slow,99,recovery,1,10.8,14.4,16.6,250000,25.0,50000,50000,39855,0,0,0
slow_ratio_2pct,slow_ratio,2pct,1,dynamic_sensitivity_100d_2pct_hdd,100,42,1000000,5000,1.0,late_binding,15.0,15,750000,800000,98,recovery,99,recovery,0,10.7,14.2,15.9,250000,25.0,50000,50000,39940,0,0,0
slow_ratio_2pct,slow_ratio,2pct,1,dynamic_sensitivity_100d_2pct_hdd,100,42,1000000,5000,1.0,late_binding,15.0,16,800000,850000,98,healthy,99,healthy,0,10.7,14.0,15.4,250000,25.0,50000,50000,39820,0,0,0
slow_ratio_2pct,slow_ratio,2pct,1,dynamic_sensitivity_100d_2pct_hdd,100,42,1000000,5000,1.0,late_binding,15.0,17,850000,900000,98,healthy,99,healthy,0,10.7,14.0,15.4,250000,25.0,50000,50000,40051,0,0,0
slow_ratio_2pct,slow_ratio,2pct,1,dynamic_sensitivity_100d_2pct_hdd,100,42,1000000,5000,1.0,late_binding,15.0,18,900000,950000,98,healthy,99,healthy,0,10.7,14.0,15.5,250000,25.0,50000,50000,40025,0,0,0
slow_ratio_2pct,slow_ratio,2pct,1,dynamic_sensitivity_100d_2pct_hdd,100,42,1000000,5000,1.0,late_binding,15.0,19,950000,1000000,98,healthy,99,healthy,0,10.7,14.0,15.4,250000,25.0,50000,50000,40010,0,0,0
slow_ratio_2pct,slow_ratio,2pct,1,dynamic_sensitivity_100d_2pct_hdd,100,42,1000000,5000,1.0,timeout_degraded_read,15.0,0,0,50000,98,healthy,99,healthy,0,12.5,16.8,18.7,208081,4.0,8081,8081,182,0,0,0
slow_ratio_2pct,slow_ratio,2pct,1,dynamic_sensitivity_100d_2pct_hdd,100,42,1000000,5000,1.0,timeout_degraded_read,15.0,1,50000,100000,98,healthy,99,healthy,0,12.5,16.8,18.8,207998,4.0,7998,7998,191,0,0,0
slow_ratio_2pct,slow_ratio,2pct,1,dynamic_sensitivity_100d_2pct_hdd,100,42,1000000,5000,1.0,timeout_degraded_read,15.0,2,100000,150000,98,healthy,99,healthy,0,12.5,16.8,18.7,208051,4.0,8051,8051,198,0,0,0
slow_ratio_2pct,slow_ratio,2pct,1,dynamic_sensitivity_100d_2pct_hdd,100,42,1000000,5000,1.0,timeout_degraded_read,15.0,3,150000,200000,98,mild_slow,99,healthy,1,12.6,17.6,23.2,209230,4.6,9230,9230,985,0,0,0
slow_ratio_2pct,slow_ratio,2pct,1,dynamic_sensitivity_100d_2pct_hdd,100,42,1000000,5000,1.0,timeout_degraded_read,15.0,4,200000,250000,98,mild_slow,99,healthy,1,12.6,17.6,23.1,209205,4.6,9205,9205,943,0,0,0
slow_ratio_2pct,slow_ratio,2pct,1,dynamic_sensitivity_100d_2pct_hdd,100,42,1000000,5000,1.0,timeout_degraded_read,15.0,5,250000,300000,98,mild_slow,99,healthy,1,12.6,17.5,23.0,209173,4.6,9173,9173,935,0,0,0
slow_ratio_2pct,slow_ratio,2pct,1,dynamic_sensitivity_100d_2pct_hdd,100,42,1000000,5000,1.0,timeout_degraded_read,15.0,6,300000,350000,98,severe_slow,99,healthy,1,12.6,17.8,25.4,209277,4.6,9277,9277,1562,0,0,0
slow_ratio_2pct,slow_ratio,2pct,1,dynamic_sensitivity_100d_2pct_hdd,100,42,1000000,5000,1.0,timeout_degraded_read,15.0,7,350000,400000,98,severe_slow,99,healthy,1,12.6,17.8,25.3,209338,4.7,9338,9338,1604,0,0,0
slow_ratio_2pct,slow_ratio,2pct,1,dynamic_sensitivity_100d_2pct_hdd,100,42,1000000,5000,1.0,timeout_degraded_read,15.0,8,400000,450000,98,severe_slow,99,healthy,1,12.6,17.9,25.4,209390,4.7,9390,9390,1618,0,0,0
slow_ratio_2pct,slow_ratio,2pct,1,dynamic_sensitivity_100d_2pct_hdd,100,42,1000000,5000,1.0,timeout_degraded_read,15.0,9,450000,500000,98,recovery,99,mild_slow,1,12.6,17.7,23.4,209218,4.6,9218,9218,966,0,0,0
slow_ratio_2pct,slow_ratio,2pct,1,dynamic_sensitivity_100d_2pct_hdd,100,42,1000000,5000,1.0,timeout_degraded_read,15.0,10,500000,550000,98,recovery,99,mild_slow,1,12.6,17.5,23.0,209146,4.6,9146,9146,925,0,0,0
slow_ratio_2pct,slow_ratio,2pct,1,dynamic_sensitivity_100d_2pct_hdd,100,42,1000000,5000,1.0,timeout_degraded_read,15.0,11,550000,600000,98,healthy,99,severe_slow,1,12.6,17.9,25.3,209297,4.6,9297,9297,1655,0,0,0
slow_ratio_2pct,slow_ratio,2pct,1,dynamic_sensitivity_100d_2pct_hdd,100,42,1000000,5000,1.0,timeout_degraded_read,15.0,12,600000,650000,98,healthy,99,severe_slow,1,12.6,17.8,25.3,209326,4.7,9326,9326,1636,0,0,0
slow_ratio_2pct,slow_ratio,2pct,1,dynamic_sensitivity_100d_2pct_hdd,100,42,1000000,5000,1.0,timeout_degraded_read,15.0,13,650000,700000,98,healthy,99,severe_slow,1,12.6,17.8,25.5,209328,4.7,9328,9328,1629,0,0,0
slow_ratio_2pct,slow_ratio,2pct,1,dynamic_sensitivity_100d_2pct_hdd,100,42,1000000,5000,1.0,timeout_degraded_read,15.0,14,700000,750000,98,mild_slow,99,recovery,1,12.6,17.6,23.2,209207,4.6,9207,9207,922,0,0,0
slow_ratio_2pct,slow_ratio,2pct,1,dynamic_sensitivity_100d_2pct_hdd,100,42,1000000,5000,1.0,timeout_degraded_read,15.0,15,750000,800000,98,recovery,99,recovery,0,12.6,17.1,19.6,208819,4.4,8819,8819,301,0,0,0
slow_ratio_2pct,slow_ratio,2pct,1,dynamic_sensitivity_100d_2pct_hdd,100,42,1000000,5000,1.0,timeout_degraded_read,15.0,16,800000,850000,98,healthy,99,healthy,0,12.5,16.8,18.8,208029,4.0,8029,8029,187,0,0,0
slow_ratio_2pct,slow_ratio,2pct,1,dynamic_sensitivity_100d_2pct_hdd,100,42,1000000,5000,1.0,timeout_degraded_read,15.0,17,850000,900000,98,healthy,99,healthy,0,12.5,16.8,18.7,208054,4.0,8054,8054,201,0,0,0
slow_ratio_2pct,slow_ratio,2pct,1,dynamic_sensitivity_100d_2pct_hdd,100,42,1000000,5000,1.0,timeout_degraded_read,15.0,18,900000,950000,98,healthy,99,healthy,0,12.5,16.8,18.8,208085,4.0,8085,8085,211,0,0,0
slow_ratio_2pct,slow_ratio,2pct,1,dynamic_sensitivity_100d_2pct_hdd,100,42,1000000,5000,1.0,timeout_degraded_read,15.0,19,950000,1000000,98,healthy,99,healthy,0,12.5,16.8,18.8,208170,4.1,8170,8170,193,0,0,0
slow_ratio_2pct,slow_ratio,2pct,1,dynamic_sensitivity_100d_2pct_hdd,100,42,1000000,5000,1.0,health_ec,15.0,0,0,50000,98,healthy,99,healthy,0,12.5,16.8,18.8,200000,0.0,0,0,0,0,0,0
slow_ratio_2pct,slow_ratio,2pct,1,dynamic_sensitivity_100d_2pct_hdd,100,42,1000000,5000,1.0,health_ec,15.0,1,50000,100000,98,healthy,99,healthy,0,12.5,16.8,18.9,200000,0.0,0,0,0,0,0,0
slow_ratio_2pct,slow_ratio,2pct,1,dynamic_sensitivity_100d_2pct_hdd,100,42,1000000,5000,1.0,health_ec,15.0,2,100000,150000,98,healthy,99,healthy,0,12.5,16.8,18.8,200000,0.0,0,0,0,0,0,0
slow_ratio_2pct,slow_ratio,2pct,1,dynamic_sensitivity_100d_2pct_hdd,100,42,1000000,5000,1.0,health_ec,15.0,3,150000,200000,98,mild_slow,99,healthy,1,12.5,17.1,20.6,200618,0.3,618,618,607,1,1,0
slow_ratio_2pct,slow_ratio,2pct,1,dynamic_sensitivity_100d_2pct_hdd,100,42,1000000,5000,1.0,health_ec,15.0,4,200000,250000,98,mild_slow,99,healthy,1,12.5,17.0,19.5,200842,0.4,842,842,827,0,0,0
slow_ratio_2pct,slow_ratio,2pct,1,dynamic_sensitivity_100d_2pct_hdd,100,42,1000000,5000,1.0,health_ec,15.0,5,250000,300000,98,mild_slow,99,healthy,1,12.5,16.9,19.2,200882,0.4,882,882,867,0,0,0
slow_ratio_2pct,slow_ratio,2pct,1,dynamic_sensitivity_100d_2pct_hdd,100,42,1000000,5000,1.0,health_ec,15.0,6,300000,350000,98,severe_slow,99,healthy,1,12.5,16.9,19.2,200888,0.4,888,888,888,1,1,0
slow_ratio_2pct,slow_ratio,2pct,1,dynamic_sensitivity_100d_2pct_hdd,100,42,1000000,5000,1.0,health_ec,15.0,7,350000,400000,98,severe_slow,99,healthy,1,12.5,16.8,18.9,200948,0.5,948,948,947,0,0,0
slow_ratio_2pct,slow_ratio,2pct,1,dynamic_sensitivity_100d_2pct_hdd,100,42,1000000,5000,1.0,health_ec,15.0,8,400000,450000,98,severe_slow,99,healthy,1,12.5,16.9,18.8,200944,0.5,944,944,943,0,0,0
slow_ratio_2pct,slow_ratio,2pct,1,dynamic_sensitivity_100d_2pct_hdd,100,42,1000000,5000,1.0,health_ec,15.0,9,450000,500000,98,recovery,99,mild_slow,1,12.5,16.9,19.0,201278,0.6,1278,1278,1259,1,1,0
slow_ratio_2pct,slow_ratio,2pct,1,dynamic_sensitivity_100d_2pct_hdd,100,42,1000000,5000,1.0,health_ec,15.0,10,500000,550000,98,recovery,99,mild_slow,1,12.5,16.9,19.1,201122,0.6,1122,1122,1106,0,0,0
slow_ratio_2pct,slow_ratio,2pct,1,dynamic_sensitivity_100d_2pct_hdd,100,42,1000000,5000,1.0,health_ec,15.0,11,550000,600000,98,healthy,99,severe_slow,1,12.5,16.8,18.9,200997,0.5,997,997,997,1,1,0
slow_ratio_2pct,slow_ratio,2pct,1,dynamic_sensitivity_100d_2pct_hdd,100,42,1000000,5000,1.0,health_ec,15.0,12,600000,650000,98,healthy,99,severe_slow,1,12.5,16.8,18.9,200976,0.5,976,976,975,0,0,0
slow_ratio_2pct,slow_ratio,2pct,1,dynamic_sensitivity_100d_2pct_hdd,100,42,1000000,5000,1.0,health_ec,15.0,13,650000,700000,98,healthy,99,severe_slow,1,12.5,16.8,18.8,201013,0.5,1013,1013,1011,0,0,0
slow_ratio_2pct,slow_ratio,2pct,1,dynamic_sensitivity_100d_2pct_hdd,100,42,1000000,5000,1.0,health_ec,15.0,14,700000,750000,98,mild_slow,99,recovery,1,12.5,16.9,19.1,200979,0.5,979,979,958,0,0,0
slow_ratio_2pct,slow_ratio,2pct,1,dynamic_sensitivity_100d_2pct_hdd,100,42,1000000,5000,1.0,health_ec,15.0,15,750000,800000,98,recovery,99,recovery,0,12.5,16.8,18.9,200888,0.4,888,888,818,0,0,0
slow_ratio_2pct,slow_ratio,2pct,1,dynamic_sensitivity_100d_2pct_hdd,100,42,1000000,5000,1.0,health_ec,15.0,16,800000,850000,98,healthy,99,healthy,0,12.5,16.8,18.9,200420,0.2,420,420,333,0,0,0
slow_ratio_2pct,slow_ratio,2pct,1,dynamic_sensitivity_100d_2pct_hdd,100,42,1000000,5000,1.0,health_ec,15.0,17,850000,900000,98,healthy,99,healthy,0,12.5,16.8,18.8,200197,0.1,197,197,160,0,0,0
slow_ratio_2pct,slow_ratio,2pct,1,dynamic_sensitivity_100d_2pct_hdd,100,42,1000000,5000,1.0,health_ec,15.0,18,900000,950000,98,healthy,99,healthy,0,12.5,16.8,18.8,200082,0.0,82,82,68,0,0,0
slow_ratio_2pct,slow_ratio,2pct,1,dynamic_sensitivity_100d_2pct_hdd,100,42,1000000,5000,1.0,health_ec,15.0,19,950000,1000000,98,healthy,99,healthy,0,12.5,16.8,18.9,200052,0.0,52,52,40,0,0,0
slow_ratio_2pct,slow_ratio,2pct,1,dynamic_sensitivity_100d_2pct_hdd,100,43,1000000,5000,1.0,vanilla_ec,15.0,0,0,50000,98,healthy,99,healthy,0,12.5,16.8,18.8,200000,0.0,0,0,0,0,0,0
slow_ratio_2pct,slow_ratio,2pct,1,dynamic_sensitivity_100d_2pct_hdd,100,43,1000000,5000,1.0,vanilla_ec,15.0,1,50000,100000,98,healthy,99,healthy,0,12.5,16.8,18.9,200000,0.0,0,0,0,0,0,0
slow_ratio_2pct,slow_ratio,2pct,1,dynamic_sensitivity_100d_2pct_hdd,100,43,1000000,5000,1.0,vanilla_ec,15.0,2,100000,150000,98,healthy,99,healthy,0,12.5,16.8,18.8,200000,0.0,0,0,0,0,0,0
slow_ratio_2pct,slow_ratio,2pct,1,dynamic_sensitivity_100d_2pct_hdd,100,43,1000000,5000,1.0,vanilla_ec,15.0,3,150000,200000,98,mild_slow,99,healthy,1,12.6,17.6,27.2,200000,0.0,0,0,0,0,0,0
slow_ratio_2pct,slow_ratio,2pct,1,dynamic_sensitivity_100d_2pct_hdd,100,43,1000000,5000,1.0,vanilla_ec,15.0,4,200000,250000,98,mild_slow,99,healthy,1,12.6,17.7,27.6,200000,0.0,0,0,0,0,0,0
slow_ratio_2pct,slow_ratio,2pct,1,dynamic_sensitivity_100d_2pct_hdd,100,43,1000000,5000,1.0,vanilla_ec,15.0,5,250000,300000,98,mild_slow,99,healthy,1,12.6,17.6,27.6,200000,0.0,0,0,0,0,0,0
slow_ratio_2pct,slow_ratio,2pct,1,dynamic_sensitivity_100d_2pct_hdd,100,43,1000000,5000,1.0,vanilla_ec,15.0,6,300000,350000,98,severe_slow,99,healthy,1,12.6,17.8,63.1,200000,0.0,0,0,0,0,0,0
slow_ratio_2pct,slow_ratio,2pct,1,dynamic_sensitivity_100d_2pct_hdd,100,43,1000000,5000,1.0,vanilla_ec,15.0,7,350000,400000,98,severe_slow,99,healthy,1,12.6,17.9,62.9,200000,0.0,0,0,0,0,0,0
slow_ratio_2pct,slow_ratio,2pct,1,dynamic_sensitivity_100d_2pct_hdd,100,43,1000000,5000,1.0,vanilla_ec,15.0,8,400000,450000,98,severe_slow,99,healthy,1,12.6,17.9,64.2,200000,0.0,0,0,0,0,0,0
slow_ratio_2pct,slow_ratio,2pct,1,dynamic_sensitivity_100d_2pct_hdd,100,43,1000000,5000,1.0,vanilla_ec,15.0,9,450000,500000,98,recovery,99,mild_slow,1,12.6,17.7,27.6,200000,0.0,0,0,0,0,0,0
slow_ratio_2pct,slow_ratio,2pct,1,dynamic_sensitivity_100d_2pct_hdd,100,43,1000000,5000,1.0,vanilla_ec,15.0,10,500000,550000,98,recovery,99,mild_slow,1,12.6,17.7,27.6,200000,0.0,0,0,0,0,0,0
slow_ratio_2pct,slow_ratio,2pct,1,dynamic_sensitivity_100d_2pct_hdd,100,43,1000000,5000,1.0,vanilla_ec,15.0,11,550000,600000,98,healthy,99,severe_slow,1,12.6,17.9,63.9,200000,0.0,0,0,0,0,0,0
slow_ratio_2pct,slow_ratio,2pct,1,dynamic_sensitivity_100d_2pct_hdd,100,43,1000000,5000,1.0,vanilla_ec,15.0,12,600000,650000,98,healthy,99,severe_slow,1,12.6,18.0,62.8,200000,0.0,0,0,0,0,0,0
slow_ratio_2pct,slow_ratio,2pct,1,dynamic_sensitivity_100d_2pct_hdd,100,43,1000000,5000,1.0,vanilla_ec,15.0,13,650000,700000,98,healthy,99,severe_slow,1,12.6,17.8,63.0,200000,0.0,0,0,0,0,0,0
slow_ratio_2pct,slow_ratio,2pct,1,dynamic_sensitivity_100d_2pct_hdd,100,43,1000000,5000,1.0,vanilla_ec,15.0,14,700000,750000,98,mild_slow,99,recovery,1,12.6,17.7,27.5,200000,0.0,0,0,0,0,0,0
slow_ratio_2pct,slow_ratio,2pct,1,dynamic_sensitivity_100d_2pct_hdd,100,43,1000000,5000,1.0,vanilla_ec,15.0,15,750000,800000,98,recovery,99,recovery,0,12.6,17.2,19.8,200000,0.0,0,0,0,0,0,0
slow_ratio_2pct,slow_ratio,2pct,1,dynamic_sensitivity_100d_2pct_hdd,100,43,1000000,5000,1.0,vanilla_ec,15.0,16,800000,850000,98,healthy,99,healthy,0,12.5,16.8,18.9,200000,0.0,0,0,0,0,0,0
slow_ratio_2pct,slow_ratio,2pct,1,dynamic_sensitivity_100d_2pct_hdd,100,43,1000000,5000,1.0,vanilla_ec,15.0,17,850000,900000,98,healthy,99,healthy,0,12.5,16.8,18.8,200000,0.0,0,0,0,0,0,0
slow_ratio_2pct,slow_ratio,2pct,1,dynamic_sensitivity_100d_2pct_hdd,100,43,1000000,5000,1.0,vanilla_ec,15.0,18,900000,950000,98,healthy,99,healthy,0,12.5,16.8,18.9,200000,0.0,0,0,0,0,0,0
slow_ratio_2pct,slow_ratio,2pct,1,dynamic_sensitivity_100d_2pct_hdd,100,43,1000000,5000,1.0,vanilla_ec,15.0,19,950000,1000000,98,healthy,99,healthy,0,12.5,16.8,18.7,200000,0.0,0,0,0,0,0,0
slow_ratio_2pct,slow_ratio,2pct,1,dynamic_sensitivity_100d_2pct_hdd,100,43,1000000,5000,1.0,late_binding,15.0,0,0,50000,98,healthy,99,healthy,0,10.7,14.0,15.4,250000,25.0,50000,50000,39871,0,0,0
slow_ratio_2pct,slow_ratio,2pct,1,dynamic_sensitivity_100d_2pct_hdd,100,43,1000000,5000,1.0,late_binding,15.0,1,50000,100000,98,healthy,99,healthy,0,10.7,14.0,15.4,250000,25.0,50000,50000,40011,0,0,0
slow_ratio_2pct,slow_ratio,2pct,1,dynamic_sensitivity_100d_2pct_hdd,100,43,1000000,5000,1.0,late_binding,15.0,2,100000,150000,98,healthy,99,healthy,0,10.7,14.0,15.4,250000,25.0,50000,50000,40100,0,0,0
slow_ratio_2pct,slow_ratio,2pct,1,dynamic_sensitivity_100d_2pct_hdd,100,43,1000000,5000,1.0,late_binding,15.0,3,150000,200000,98,mild_slow,99,healthy,1,10.7,14.1,15.7,250000,25.0,50000,50000,39810,0,0,0
slow_ratio_2pct,slow_ratio,2pct,1,dynamic_sensitivity_100d_2pct_hdd,100,43,1000000,5000,1.0,late_binding,15.0,4,200000,250000,98,mild_slow,99,healthy,1,10.7,14.2,15.8,250000,25.0,50000,50000,39785,0,0,0
slow_ratio_2pct,slow_ratio,2pct,1,dynamic_sensitivity_100d_2pct_hdd,100,43,1000000,5000,1.0,late_binding,15.0,5,250000,300000,98,mild_slow,99,healthy,1,10.7,14.1,15.7,250000,25.0,50000,50000,39879,0,0,0
slow_ratio_2pct,slow_ratio,2pct,1,dynamic_sensitivity_100d_2pct_hdd,100,43,1000000,5000,1.0,late_binding,15.0,6,300000,350000,98,severe_slow,99,healthy,1,10.8,14.2,15.8,250000,25.0,50000,50000,39840,0,0,0
slow_ratio_2pct,slow_ratio,2pct,1,dynamic_sensitivity_100d_2pct_hdd,100,43,1000000,5000,1.0,late_binding,15.0,7,350000,400000,98,severe_slow,99,healthy,1,10.8,14.2,15.8,250000,25.0,50000,50000,39854,0,0,0
slow_ratio_2pct,slow_ratio,2pct,1,dynamic_sensitivity_100d_2pct_hdd,100,43,1000000,5000,1.0,late_binding,15.0,8,400000,450000,98,severe_slow,99,healthy,1,10.7,14.1,15.8,250000,25.0,50000,50000,39763,0,0,0
slow_ratio_2pct,slow_ratio,2pct,1,dynamic_sensitivity_100d_2pct_hdd,100,43,1000000,5000,1.0,late_binding,15.0,9,450000,500000,98,recovery,99,mild_slow,1,10.8,14.4,16.6,250000,25.0,50000,50000,40139,0,0,0
slow_ratio_2pct,slow_ratio,2pct,1,dynamic_sensitivity_100d_2pct_hdd,100,43,1000000,5000,1.0,late_binding,15.0,10,500000,550000,98,recovery,99,mild_slow,1,10.8,14.3,16.6,250000,25.0,50000,50000,40039,0,0,0
slow_ratio_2pct,slow_ratio,2pct,1,dynamic_sensitivity_100d_2pct_hdd,100,43,1000000,5000,1.0,late_binding,15.0,11,550000,600000,98,healthy,99,severe_slow,1,10.8,14.1,15.7,250000,25.0,50000,50000,40409,0,0,0
slow_ratio_2pct,slow_ratio,2pct,1,dynamic_sensitivity_100d_2pct_hdd,100,43,1000000,5000,1.0,late_binding,15.0,12,600000,650000,98,healthy,99,severe_slow,1,10.7,14.1,15.7,250000,25.0,50000,50000,40273,0,0,0
slow_ratio_2pct,slow_ratio,2pct,1,dynamic_sensitivity_100d_2pct_hdd,100,43,1000000,5000,1.0,late_binding,15.0,13,650000,700000,98,healthy,99,severe_slow,1,10.7,14.2,15.7,250000,25.0,50000,50000,40509,0,0,0
slow_ratio_2pct,slow_ratio,2pct,1,dynamic_sensitivity_100d_2pct_hdd,100,43,1000000,5000,1.0,late_binding,15.0,14,700000,750000,98,mild_slow,99,recovery,1,10.8,14.4,16.7,250000,25.0,50000,50000,39828,0,0,0
slow_ratio_2pct,slow_ratio,2pct,1,dynamic_sensitivity_100d_2pct_hdd,100,43,1000000,5000,1.0,late_binding,15.0,15,750000,800000,98,recovery,99,recovery,0,10.8,14.2,15.9,250000,25.0,50000,50000,39920,0,0,0
slow_ratio_2pct,slow_ratio,2pct,1,dynamic_sensitivity_100d_2pct_hdd,100,43,1000000,5000,1.0,late_binding,15.0,16,800000,850000,98,healthy,99,healthy,0,10.7,14.0,15.4,250000,25.0,50000,50000,39910,0,0,0
slow_ratio_2pct,slow_ratio,2pct,1,dynamic_sensitivity_100d_2pct_hdd,100,43,1000000,5000,1.0,late_binding,15.0,17,850000,900000,98,healthy,99,healthy,0,10.7,14.0,15.5,250000,25.0,50000,50000,40032,0,0,0
slow_ratio_2pct,slow_ratio,2pct,1,dynamic_sensitivity_100d_2pct_hdd,100,43,1000000,5000,1.0,late_binding,15.0,18,900000,950000,98,healthy,99,healthy,0,10.7,14.0,15.4,250000,25.0,50000,50000,39985,0,0,0
slow_ratio_2pct,slow_ratio,2pct,1,dynamic_sensitivity_100d_2pct_hdd,100,43,1000000,5000,1.0,late_binding,15.0,19,950000,1000000,98,healthy,99,healthy,0,10.7,14.0,15.4,250000,25.0,50000,50000,39872,0,0,0
slow_ratio_2pct,slow_ratio,2pct,1,dynamic_sensitivity_100d_2pct_hdd,100,43,1000000,5000,1.0,timeout_degraded_read,15.0,0,0,50000,98,healthy,99,healthy,0,12.5,16.8,18.7,208102,4.1,8102,8102,165,0,0,0
slow_ratio_2pct,slow_ratio,2pct,1,dynamic_sensitivity_100d_2pct_hdd,100,43,1000000,5000,1.0,timeout_degraded_read,15.0,1,50000,100000,98,healthy,99,healthy,0,12.5,16.8,18.8,208123,4.1,8123,8123,169,0,0,0
slow_ratio_2pct,slow_ratio,2pct,1,dynamic_sensitivity_100d_2pct_hdd,100,43,1000000,5000,1.0,timeout_degraded_read,15.0,2,100000,150000,98,healthy,99,healthy,0,12.5,16.8,18.7,208110,4.1,8110,8110,198,0,0,0
slow_ratio_2pct,slow_ratio,2pct,1,dynamic_sensitivity_100d_2pct_hdd,100,43,1000000,5000,1.0,timeout_degraded_read,15.0,3,150000,200000,98,mild_slow,99,healthy,1,12.6,17.5,23.0,209203,4.6,9203,9203,905,0,0,0
slow_ratio_2pct,slow_ratio,2pct,1,dynamic_sensitivity_100d_2pct_hdd,100,43,1000000,5000,1.0,timeout_degraded_read,15.0,4,200000,250000,98,mild_slow,99,healthy,1,12.6,17.6,23.1,209214,4.6,9214,9214,949,0,0,0
slow_ratio_2pct,slow_ratio,2pct,1,dynamic_sensitivity_100d_2pct_hdd,100,43,1000000,5000,1.0,timeout_degraded_read,15.0,5,250000,300000,98,mild_slow,99,healthy,1,12.6,17.5,23.2,209236,4.6,9236,9236,923,0,0,0
slow_ratio_2pct,slow_ratio,2pct,1,dynamic_sensitivity_100d_2pct_hdd,100,43,1000000,5000,1.0,timeout_degraded_read,15.0,6,300000,350000,98,severe_slow,99,healthy,1,12.6,17.7,25.3,209238,4.6,9238,9238,1585,0,0,0
slow_ratio_2pct,slow_ratio,2pct,1,dynamic_sensitivity_100d_2pct_hdd,100,43,1000000,5000,1.0,timeout_degraded_read,15.0,7,350000,400000,98,severe_slow,99,healthy,1,12.6,17.8,25.4,209338,4.7,9338,9338,1652,0,0,0
slow_ratio_2pct,slow_ratio,2pct,1,dynamic_sensitivity_100d_2pct_hdd,100,43,1000000,5000,1.0,timeout_degraded_read,15.0,8,400000,450000,98,severe_slow,99,healthy,1,12.6,17.7,25.4,209184,4.6,9184,9184,1584,0,0,0
slow_ratio_2pct,slow_ratio,2pct,1,dynamic_sensitivity_100d_2pct_hdd,100,43,1000000,5000,1.0,timeout_degraded_read,15.0,9,450000,500000,98,recovery,99,mild_slow,1,12.6,17.7,23.3,209388,4.7,9388,9388,956,0,0,0
slow_ratio_2pct,slow_ratio,2pct,1,dynamic_sensitivity_100d_2pct_hdd,100,43,1000000,5000,1.0,timeout_degraded_read,15.0,10,500000,550000,98,recovery,99,mild_slow,1,12.6,17.6,23.3,209241,4.6,9241,9241,934,0,0,0
slow_ratio_2pct,slow_ratio,2pct,1,dynamic_sensitivity_100d_2pct_hdd,100,43,1000000,5000,1.0,timeout_degraded_read,15.0,11,550000,600000,98,healthy,99,severe_slow,1,12.6,17.8,25.5,209355,4.7,9355,9355,1663,0,0,0
slow_ratio_2pct,slow_ratio,2pct,1,dynamic_sensitivity_100d_2pct_hdd,100,43,1000000,5000,1.0,timeout_degraded_read,15.0,12,600000,650000,98,healthy,99,severe_slow,1,12.6,17.8,25.3,209299,4.6,9299,9299,1615,0,0,0
slow_ratio_2pct,slow_ratio,2pct,1,dynamic_sensitivity_100d_2pct_hdd,100,43,1000000,5000,1.0,timeout_degraded_read,15.0,13,650000,700000,98,healthy,99,severe_slow,1,12.6,17.7,25.3,209351,4.7,9351,9351,1582,0,0,0
slow_ratio_2pct,slow_ratio,2pct,1,dynamic_sensitivity_100d_2pct_hdd,100,43,1000000,5000,1.0,timeout_degraded_read,15.0,14,700000,750000,98,mild_slow,99,recovery,1,12.6,17.6,23.1,209335,4.7,9335,9335,985,0,0,0
slow_ratio_2pct,slow_ratio,2pct,1,dynamic_sensitivity_100d_2pct_hdd,100,43,1000000,5000,1.0,timeout_degraded_read,15.0,15,750000,800000,98,recovery,99,recovery,0,12.6,17.1,19.7,208974,4.5,8974,8974,274,0,0,0
slow_ratio_2pct,slow_ratio,2pct,1,dynamic_sensitivity_100d_2pct_hdd,100,43,1000000,5000,1.0,timeout_degraded_read,15.0,16,800000,850000,98,healthy,99,healthy,0,12.5,16.8,18.8,208097,4.0,8097,8097,187,0,0,0
slow_ratio_2pct,slow_ratio,2pct,1,dynamic_sensitivity_100d_2pct_hdd,100,43,1000000,5000,1.0,timeout_degraded_read,15.0,17,850000,900000,98,healthy,99,healthy,0,12.5,16.8,18.7,208029,4.0,8029,8029,173,0,0,0
slow_ratio_2pct,slow_ratio,2pct,1,dynamic_sensitivity_100d_2pct_hdd,100,43,1000000,5000,1.0,timeout_degraded_read,15.0,18,900000,950000,98,healthy,99,healthy,0,12.5,16.8,18.8,208094,4.0,8094,8094,194,0,0,0
slow_ratio_2pct,slow_ratio,2pct,1,dynamic_sensitivity_100d_2pct_hdd,100,43,1000000,5000,1.0,timeout_degraded_read,15.0,19,950000,1000000,98,healthy,99,healthy,0,12.5,16.7,18.7,207918,4.0,7918,7918,220,0,0,0
slow_ratio_2pct,slow_ratio,2pct,1,dynamic_sensitivity_100d_2pct_hdd,100,43,1000000,5000,1.0,health_ec,15.0,0,0,50000,98,healthy,99,healthy,0,12.5,16.8,18.8,200000,0.0,0,0,0,0,0,0
slow_ratio_2pct,slow_ratio,2pct,1,dynamic_sensitivity_100d_2pct_hdd,100,43,1000000,5000,1.0,health_ec,15.0,1,50000,100000,98,healthy,99,healthy,0,12.5,16.8,18.9,200000,0.0,0,0,0,0,0,0
slow_ratio_2pct,slow_ratio,2pct,1,dynamic_sensitivity_100d_2pct_hdd,100,43,1000000,5000,1.0,health_ec,15.0,2,100000,150000,98,healthy,99,healthy,0,12.5,16.8,18.8,200000,0.0,0,0,0,0,0,0
slow_ratio_2pct,slow_ratio,2pct,1,dynamic_sensitivity_100d_2pct_hdd,100,43,1000000,5000,1.0,health_ec,15.0,3,150000,200000,98,mild_slow,99,healthy,1,12.5,17.0,20.7,200566,0.3,566,566,559,1,1,0
slow_ratio_2pct,slow_ratio,2pct,1,dynamic_sensitivity_100d_2pct_hdd,100,43,1000000,5000,1.0,health_ec,15.0,4,200000,250000,98,mild_slow,99,healthy,1,12.5,17.0,19.6,200815,0.4,815,815,804,0,0,0
slow_ratio_2pct,slow_ratio,2pct,1,dynamic_sensitivity_100d_2pct_hdd,100,43,1000000,5000,1.0,health_ec,15.0,5,250000,300000,98,mild_slow,99,healthy,1,12.5,16.9,19.3,200912,0.5,912,912,891,0,0,0
slow_ratio_2pct,slow_ratio,2pct,1,dynamic_sensitivity_100d_2pct_hdd,100,43,1000000,5000,1.0,health_ec,15.0,6,300000,350000,98,severe_slow,99,healthy,1,12.5,16.9,19.1,200885,0.4,885,885,880,1,1,0
slow_ratio_2pct,slow_ratio,2pct,1,dynamic_sensitivity_100d_2pct_hdd,100,43,1000000,5000,1.0,health_ec,15.0,7,350000,400000,98,severe_slow,99,healthy,1,12.5,16.8,18.9,200969,0.5,969,969,969,0,0,0
slow_ratio_2pct,slow_ratio,2pct,1,dynamic_sensitivity_100d_2pct_hdd,100,43,1000000,5000,1.0,health_ec,15.0,8,400000,450000,98,severe_slow,99,healthy,1,12.5,16.8,18.8,200951,0.5,951,951,950,0,0,0
slow_ratio_2pct,slow_ratio,2pct,1,dynamic_sensitivity_100d_2pct_hdd,100,43,1000000,5000,1.0,health_ec,15.0,9,450000,500000,98,recovery,99,mild_slow,1,12.5,17.0,19.1,201194,0.6,1194,1194,1172,1,1,0
slow_ratio_2pct,slow_ratio,2pct,1,dynamic_sensitivity_100d_2pct_hdd,100,43,1000000,5000,1.0,health_ec,15.0,10,500000,550000,98,recovery,99,mild_slow,1,12.5,16.9,19.0,201163,0.6,1163,1163,1149,0,0,0
slow_ratio_2pct,slow_ratio,2pct,1,dynamic_sensitivity_100d_2pct_hdd,100,43,1000000,5000,1.0,health_ec,15.0,11,550000,600000,98,healthy,99,severe_slow,1,12.5,16.8,18.8,201024,0.5,1024,1024,1022,1,1,0
slow_ratio_2pct,slow_ratio,2pct,1,dynamic_sensitivity_100d_2pct_hdd,100,43,1000000,5000,1.0,health_ec,15.0,12,600000,650000,98,healthy,99,severe_slow,1,12.5,16.8,18.9,201009,0.5,1009,1009,1007,0,0,0
slow_ratio_2pct,slow_ratio,2pct,1,dynamic_sensitivity_100d_2pct_hdd,100,43,1000000,5000,1.0,health_ec,15.0,13,650000,700000,98,healthy,99,severe_slow,1,12.5,16.8,18.7,201012,0.5,1012,1012,1008,0,0,0
slow_ratio_2pct,slow_ratio,2pct,1,dynamic_sensitivity_100d_2pct_hdd,100,43,1000000,5000,1.0,health_ec,15.0,14,700000,750000,98,mild_slow,99,recovery,1,12.5,16.9,19.0,201026,0.5,1026,1026,1018,0,0,0
slow_ratio_2pct,slow_ratio,2pct,1,dynamic_sensitivity_100d_2pct_hdd,100,43,1000000,5000,1.0,health_ec,15.0,15,750000,800000,98,recovery,99,recovery,0,12.5,16.9,18.9,200882,0.4,882,882,832,0,0,0
slow_ratio_2pct,slow_ratio,2pct,1,dynamic_sensitivity_100d_2pct_hdd,100,43,1000000,5000,1.0,health_ec,15.0,16,800000,850000,98,healthy,99,healthy,0,12.5,16.8,18.9,200461,0.2,461,461,374,0,0,0
slow_ratio_2pct,slow_ratio,2pct,1,dynamic_sensitivity_100d_2pct_hdd,100,43,1000000,5000,1.0,health_ec,15.0,17,850000,900000,98,healthy,99,healthy,0,12.5,16.8,18.8,200224,0.1,224,224,171,0,0,0
slow_ratio_2pct,slow_ratio,2pct,1,dynamic_sensitivity_100d_2pct_hdd,100,43,1000000,5000,1.0,health_ec,15.0,18,900000,950000,98,healthy,99,healthy,0,12.5,16.8,18.9,200086,0.0,86,86,70,0,0,0
slow_ratio_2pct,slow_ratio,2pct,1,dynamic_sensitivity_100d_2pct_hdd,100,43,1000000,5000,1.0,health_ec,15.0,19,950000,1000000,98,healthy,99,healthy,0,12.5,16.8,18.7,200029,0.0,29,29,28,0,0,0
slow_ratio_2pct,slow_ratio,2pct,1,dynamic_sensitivity_100d_2pct_hdd,100,44,1000000,5000,1.0,vanilla_ec,15.0,0,0,50000,98,healthy,99,healthy,0,12.5,16.8,18.8,200000,0.0,0,0,0,0,0,0
slow_ratio_2pct,slow_ratio,2pct,1,dynamic_sensitivity_100d_2pct_hdd,100,44,1000000,5000,1.0,vanilla_ec,15.0,1,50000,100000,98,healthy,99,healthy,0,12.5,16.8,18.7,200000,0.0,0,0,0,0,0,0
slow_ratio_2pct,slow_ratio,2pct,1,dynamic_sensitivity_100d_2pct_hdd,100,44,1000000,5000,1.0,vanilla_ec,15.0,2,100000,150000,98,healthy,99,healthy,0,12.5,16.8,18.8,200000,0.0,0,0,0,0,0,0
slow_ratio_2pct,slow_ratio,2pct,1,dynamic_sensitivity_100d_2pct_hdd,100,44,1000000,5000,1.0,vanilla_ec,15.0,3,150000,200000,98,mild_slow,99,healthy,1,12.6,17.8,27.7,200000,0.0,0,0,0,0,0,0
slow_ratio_2pct,slow_ratio,2pct,1,dynamic_sensitivity_100d_2pct_hdd,100,44,1000000,5000,1.0,vanilla_ec,15.0,4,200000,250000,98,mild_slow,99,healthy,1,12.6,17.6,27.1,200000,0.0,0,0,0,0,0,0
slow_ratio_2pct,slow_ratio,2pct,1,dynamic_sensitivity_100d_2pct_hdd,100,44,1000000,5000,1.0,vanilla_ec,15.0,5,250000,300000,98,mild_slow,99,healthy,1,12.6,17.6,27.4,200000,0.0,0,0,0,0,0,0
slow_ratio_2pct,slow_ratio,2pct,1,dynamic_sensitivity_100d_2pct_hdd,100,44,1000000,5000,1.0,vanilla_ec,15.0,6,300000,350000,98,severe_slow,99,healthy,1,12.6,18.0,64.2,200000,0.0,0,0,0,0,0,0
slow_ratio_2pct,slow_ratio,2pct,1,dynamic_sensitivity_100d_2pct_hdd,100,44,1000000,5000,1.0,vanilla_ec,15.0,7,350000,400000,98,severe_slow,99,healthy,1,12.6,18.0,62.7,200000,0.0,0,0,0,0,0,0
slow_ratio_2pct,slow_ratio,2pct,1,dynamic_sensitivity_100d_2pct_hdd,100,44,1000000,5000,1.0,vanilla_ec,15.0,8,400000,450000,98,severe_slow,99,healthy,1,12.6,17.9,62.6,200000,0.0,0,0,0,0,0,0
slow_ratio_2pct,slow_ratio,2pct,1,dynamic_sensitivity_100d_2pct_hdd,100,44,1000000,5000,1.0,vanilla_ec,15.0,9,450000,500000,98,recovery,99,mild_slow,1,12.6,17.6,27.2,200000,0.0,0,0,0,0,0,0
slow_ratio_2pct,slow_ratio,2pct,1,dynamic_sensitivity_100d_2pct_hdd,100,44,1000000,5000,1.0,vanilla_ec,15.0,10,500000,550000,98,recovery,99,mild_slow,1,12.6,17.7,27.9,200000,0.0,0,0,0,0,0,0
slow_ratio_2pct,slow_ratio,2pct,1,dynamic_sensitivity_100d_2pct_hdd,100,44,1000000,5000,1.0,vanilla_ec,15.0,11,550000,600000,98,healthy,99,severe_slow,1,12.6,18.0,65.2,200000,0.0,0,0,0,0,0,0
slow_ratio_2pct,slow_ratio,2pct,1,dynamic_sensitivity_100d_2pct_hdd,100,44,1000000,5000,1.0,vanilla_ec,15.0,12,600000,650000,98,healthy,99,severe_slow,1,12.6,18.0,64.5,200000,0.0,0,0,0,0,0,0
slow_ratio_2pct,slow_ratio,2pct,1,dynamic_sensitivity_100d_2pct_hdd,100,44,1000000,5000,1.0,vanilla_ec,15.0,13,650000,700000,98,healthy,99,severe_slow,1,12.6,17.9,64.1,200000,0.0,0,0,0,0,0,0
slow_ratio_2pct,slow_ratio,2pct,1,dynamic_sensitivity_100d_2pct_hdd,100,44,1000000,5000,1.0,vanilla_ec,15.0,14,700000,750000,98,mild_slow,99,recovery,1,12.6,17.7,27.4,200000,0.0,0,0,0,0,0,0
slow_ratio_2pct,slow_ratio,2pct,1,dynamic_sensitivity_100d_2pct_hdd,100,44,1000000,5000,1.0,vanilla_ec,15.0,15,750000,800000,98,recovery,99,recovery,0,12.5,17.2,19.7,200000,0.0,0,0,0,0,0,0
slow_ratio_2pct,slow_ratio,2pct,1,dynamic_sensitivity_100d_2pct_hdd,100,44,1000000,5000,1.0,vanilla_ec,15.0,16,800000,850000,98,healthy,99,healthy,0,12.5,16.8,18.8,200000,0.0,0,0,0,0,0,0
slow_ratio_2pct,slow_ratio,2pct,1,dynamic_sensitivity_100d_2pct_hdd,100,44,1000000,5000,1.0,vanilla_ec,15.0,17,850000,900000,98,healthy,99,healthy,0,12.5,16.8,18.8,200000,0.0,0,0,0,0,0,0
slow_ratio_2pct,slow_ratio,2pct,1,dynamic_sensitivity_100d_2pct_hdd,100,44,1000000,5000,1.0,vanilla_ec,15.0,18,900000,950000,98,healthy,99,healthy,0,12.5,16.9,18.8,200000,0.0,0,0,0,0,0,0
slow_ratio_2pct,slow_ratio,2pct,1,dynamic_sensitivity_100d_2pct_hdd,100,44,1000000,5000,1.0,vanilla_ec,15.0,19,950000,1000000,98,healthy,99,healthy,0,12.5,16.9,18.9,200000,0.0,0,0,0,0,0,0
slow_ratio_2pct,slow_ratio,2pct,1,dynamic_sensitivity_100d_2pct_hdd,100,44,1000000,5000,1.0,late_binding,15.0,0,0,50000,98,healthy,99,healthy,0,10.7,14.0,15.4,250000,25.0,50000,50000,39978,0,0,0
slow_ratio_2pct,slow_ratio,2pct,1,dynamic_sensitivity_100d_2pct_hdd,100,44,1000000,5000,1.0,late_binding,15.0,1,50000,100000,98,healthy,99,healthy,0,10.7,14.0,15.4,250000,25.0,50000,50000,40008,0,0,0
slow_ratio_2pct,slow_ratio,2pct,1,dynamic_sensitivity_100d_2pct_hdd,100,44,1000000,5000,1.0,late_binding,15.0,2,100000,150000,98,healthy,99,healthy,0,10.7,14.0,15.5,250000,25.0,50000,50000,39927,0,0,0
slow_ratio_2pct,slow_ratio,2pct,1,dynamic_sensitivity_100d_2pct_hdd,100,44,1000000,5000,1.0,late_binding,15.0,3,150000,200000,98,mild_slow,99,healthy,1,10.8,14.2,15.8,250000,25.0,50000,50000,39920,0,0,0
slow_ratio_2pct,slow_ratio,2pct,1,dynamic_sensitivity_100d_2pct_hdd,100,44,1000000,5000,1.0,late_binding,15.0,4,200000,250000,98,mild_slow,99,healthy,1,10.8,14.2,15.9,250000,25.0,50000,50000,39964,0,0,0
slow_ratio_2pct,slow_ratio,2pct,1,dynamic_sensitivity_100d_2pct_hdd,100,44,1000000,5000,1.0,late_binding,15.0,5,250000,300000,98,mild_slow,99,healthy,1,10.8,14.2,15.7,250000,25.0,50000,50000,39791,0,0,0
slow_ratio_2pct,slow_ratio,2pct,1,dynamic_sensitivity_100d_2pct_hdd,100,44,1000000,5000,1.0,late_binding,15.0,6,300000,350000,98,severe_slow,99,healthy,1,10.8,14.2,15.8,250000,25.0,50000,50000,39794,0,0,0
slow_ratio_2pct,slow_ratio,2pct,1,dynamic_sensitivity_100d_2pct_hdd,100,44,1000000,5000,1.0,late_binding,15.0,7,350000,400000,98,severe_slow,99,healthy,1,10.8,14.2,15.8,250000,25.0,50000,50000,39808,0,0,0
slow_ratio_2pct,slow_ratio,2pct,1,dynamic_sensitivity_100d_2pct_hdd,100,44,1000000,5000,1.0,late_binding,15.0,8,400000,450000,98,severe_slow,99,healthy,1,10.7,14.2,15.8,250000,25.0,50000,50000,39820,0,0,0
slow_ratio_2pct,slow_ratio,2pct,1,dynamic_sensitivity_100d_2pct_hdd,100,44,1000000,5000,1.0,late_binding,15.0,9,450000,500000,98,recovery,99,mild_slow,1,10.8,14.3,16.6,250000,25.0,50000,50000,40156,0,0,0
slow_ratio_2pct,slow_ratio,2pct,1,dynamic_sensitivity_100d_2pct_hdd,100,44,1000000,5000,1.0,late_binding,15.0,10,500000,550000,98,recovery,99,mild_slow,1,10.8,14.4,16.7,250000,25.0,50000,50000,40072,0,0,0
slow_ratio_2pct,slow_ratio,2pct,1,dynamic_sensitivity_100d_2pct_hdd,100,44,1000000,5000,1.0,late_binding,15.0,11,550000,600000,98,healthy,99,severe_slow,1,10.7,14.1,15.7,250000,25.0,50000,50000,40316,0,0,0
slow_ratio_2pct,slow_ratio,2pct,1,dynamic_sensitivity_100d_2pct_hdd,100,44,1000000,5000,1.0,late_binding,15.0,12,600000,650000,98,healthy,99,severe_slow,1,10.7,14.2,15.7,250000,25.0,50000,50000,40314,0,0,0
slow_ratio_2pct,slow_ratio,2pct,1,dynamic_sensitivity_100d_2pct_hdd,100,44,1000000,5000,1.0,late_binding,15.0,13,650000,700000,98,healthy,99,severe_slow,1,10.7,14.1,15.7,250000,25.0,50000,50000,40187,0,0,0
slow_ratio_2pct,slow_ratio,2pct,1,dynamic_sensitivity_100d_2pct_hdd,100,44,1000000,5000,1.0,late_binding,15.0,14,700000,750000,98,mild_slow,99,recovery,1,10.8,14.4,16.6,250000,25.0,50000,50000,39971,0,0,0
slow_ratio_2pct,slow_ratio,2pct,1,dynamic_sensitivity_100d_2pct_hdd,100,44,1000000,5000,1.0,late_binding,15.0,15,750000,800000,98,recovery,99,recovery,0,10.8,14.2,15.9,250000,25.0,50000,50000,39951,0,0,0
slow_ratio_2pct,slow_ratio,2pct,1,dynamic_sensitivity_100d_2pct_hdd,100,44,1000000,5000,1.0,late_binding,15.0,16,800000,850000,98,healthy,99,healthy,0,10.7,14.0,15.5,250000,25.0,50000,50000,40014,0,0,0
slow_ratio_2pct,slow_ratio,2pct,1,dynamic_sensitivity_100d_2pct_hdd,100,44,1000000,5000,1.0,late_binding,15.0,17,850000,900000,98,healthy,99,healthy,0,10.7,14.0,15.4,250000,25.0,50000,50000,39891,0,0,0
slow_ratio_2pct,slow_ratio,2pct,1,dynamic_sensitivity_100d_2pct_hdd,100,44,1000000,5000,1.0,late_binding,15.0,18,900000,950000,98,healthy,99,healthy,0,10.7,14.0,15.5,250000,25.0,50000,50000,39817,0,0,0
slow_ratio_2pct,slow_ratio,2pct,1,dynamic_sensitivity_100d_2pct_hdd,100,44,1000000,5000,1.0,late_binding,15.0,19,950000,1000000,98,healthy,99,healthy,0,10.7,14.0,15.5,250000,25.0,50000,50000,40068,0,0,0
slow_ratio_2pct,slow_ratio,2pct,1,dynamic_sensitivity_100d_2pct_hdd,100,44,1000000,5000,1.0,timeout_degraded_read,15.0,0,0,50000,98,healthy,99,healthy,0,12.5,16.8,18.8,208033,4.0,8033,8033,184,0,0,0
slow_ratio_2pct,slow_ratio,2pct,1,dynamic_sensitivity_100d_2pct_hdd,100,44,1000000,5000,1.0,timeout_degraded_read,15.0,1,50000,100000,98,healthy,99,healthy,0,12.5,16.8,18.7,208137,4.1,8137,8137,165,0,0,0
slow_ratio_2pct,slow_ratio,2pct,1,dynamic_sensitivity_100d_2pct_hdd,100,44,1000000,5000,1.0,timeout_degraded_read,15.0,2,100000,150000,98,healthy,99,healthy,0,12.5,16.8,18.7,208104,4.1,8104,8104,193,0,0,0
slow_ratio_2pct,slow_ratio,2pct,1,dynamic_sensitivity_100d_2pct_hdd,100,44,1000000,5000,1.0,timeout_degraded_read,15.0,3,150000,200000,98,mild_slow,99,healthy,1,12.6,17.6,23.3,209102,4.6,9102,9102,966,0,0,0
slow_ratio_2pct,slow_ratio,2pct,1,dynamic_sensitivity_100d_2pct_hdd,100,44,1000000,5000,1.0,timeout_degraded_read,15.0,4,200000,250000,98,mild_slow,99,healthy,1,12.6,17.5,23.0,209244,4.6,9244,9244,891,0,0,0
slow_ratio_2pct,slow_ratio,2pct,1,dynamic_sensitivity_100d_2pct_hdd,100,44,1000000,5000,1.0,timeout_degraded_read,15.0,5,250000,300000,98,mild_slow,99,healthy,1,12.6,17.5,22.9,209029,4.5,9029,9029,903,0,0,0
slow_ratio_2pct,slow_ratio,2pct,1,dynamic_sensitivity_100d_2pct_hdd,100,44,1000000,5000,1.0,timeout_degraded_read,15.0,6,300000,350000,98,severe_slow,99,healthy,1,12.6,17.9,25.4,209396,4.7,9396,9396,1658,0,0,0
slow_ratio_2pct,slow_ratio,2pct,1,dynamic_sensitivity_100d_2pct_hdd,100,44,1000000,5000,1.0,timeout_degraded_read,15.0,7,350000,400000,98,severe_slow,99,healthy,1,12.6,17.9,25.3,209455,4.7,9455,9455,1586,0,0,0
slow_ratio_2pct,slow_ratio,2pct,1,dynamic_sensitivity_100d_2pct_hdd,100,44,1000000,5000,1.0,timeout_degraded_read,15.0,8,400000,450000,98,severe_slow,99,healthy,1,12.6,17.8,25.1,209366,4.7,9366,9366,1543,0,0,0
slow_ratio_2pct,slow_ratio,2pct,1,dynamic_sensitivity_100d_2pct_hdd,100,44,1000000,5000,1.0,timeout_degraded_read,15.0,9,450000,500000,98,recovery,99,mild_slow,1,12.6,17.5,23.3,209190,4.6,9190,9190,946,0,0,0
slow_ratio_2pct,slow_ratio,2pct,1,dynamic_sensitivity_100d_2pct_hdd,100,44,1000000,5000,1.0,timeout_degraded_read,15.0,10,500000,550000,98,recovery,99,mild_slow,1,12.6,17.7,23.4,209401,4.7,9401,9401,1002,0,0,0
slow_ratio_2pct,slow_ratio,2pct,1,dynamic_sensitivity_100d_2pct_hdd,100,44,1000000,5000,1.0,timeout_degraded_read,15.0,11,550000,600000,98,healthy,99,severe_slow,1,12.6,17.9,25.4,209401,4.7,9401,9401,1685,0,0,0
slow_ratio_2pct,slow_ratio,2pct,1,dynamic_sensitivity_100d_2pct_hdd,100,44,1000000,5000,1.0,timeout_degraded_read,15.0,12,600000,650000,98,healthy,99,severe_slow,1,12.6,17.9,25.5,209495,4.7,9495,9495,1701,0,0,0
slow_ratio_2pct,slow_ratio,2pct,1,dynamic_sensitivity_100d_2pct_hdd,100,44,1000000,5000,1.0,timeout_degraded_read,15.0,13,650000,700000,98,healthy,99,severe_slow,1,12.6,17.8,25.3,209171,4.6,9171,9171,1644,0,0,0
slow_ratio_2pct,slow_ratio,2pct,1,dynamic_sensitivity_100d_2pct_hdd,100,44,1000000,5000,1.0,timeout_degraded_read,15.0,14,700000,750000,98,mild_slow,99,recovery,1,12.6,17.6,23.2,209137,4.6,9137,9137,952,0,0,0
slow_ratio_2pct,slow_ratio,2pct,1,dynamic_sensitivity_100d_2pct_hdd,100,44,1000000,5000,1.0,timeout_degraded_read,15.0,15,750000,800000,98,recovery,99,recovery,0,12.5,17.1,19.5,208813,4.4,8813,8813,286,0,0,0
slow_ratio_2pct,slow_ratio,2pct,1,dynamic_sensitivity_100d_2pct_hdd,100,44,1000000,5000,1.0,timeout_degraded_read,15.0,16,800000,850000,98,healthy,99,healthy,0,12.5,16.8,18.8,208040,4.0,8040,8040,191,0,0,0
slow_ratio_2pct,slow_ratio,2pct,1,dynamic_sensitivity_100d_2pct_hdd,100,44,1000000,5000,1.0,timeout_degraded_read,15.0,17,850000,900000,98,healthy,99,healthy,0,12.5,16.8,18.7,208057,4.0,8057,8057,162,0,0,0
slow_ratio_2pct,slow_ratio,2pct,1,dynamic_sensitivity_100d_2pct_hdd,100,44,1000000,5000,1.0,timeout_degraded_read,15.0,18,900000,950000,98,healthy,99,healthy,0,12.5,16.8,18.8,208090,4.0,8090,8090,175,0,0,0
slow_ratio_2pct,slow_ratio,2pct,1,dynamic_sensitivity_100d_2pct_hdd,100,44,1000000,5000,1.0,timeout_degraded_read,15.0,19,950000,1000000,98,healthy,99,healthy,0,12.5,16.8,18.8,208183,4.1,8183,8183,197,0,0,0
slow_ratio_2pct,slow_ratio,2pct,1,dynamic_sensitivity_100d_2pct_hdd,100,44,1000000,5000,1.0,health_ec,15.0,0,0,50000,98,healthy,99,healthy,0,12.5,16.8,18.8,200000,0.0,0,0,0,0,0,0
slow_ratio_2pct,slow_ratio,2pct,1,dynamic_sensitivity_100d_2pct_hdd,100,44,1000000,5000,1.0,health_ec,15.0,1,50000,100000,98,healthy,99,healthy,0,12.5,16.8,18.7,200000,0.0,0,0,0,0,0,0
slow_ratio_2pct,slow_ratio,2pct,1,dynamic_sensitivity_100d_2pct_hdd,100,44,1000000,5000,1.0,health_ec,15.0,2,100000,150000,98,healthy,99,healthy,0,12.5,16.8,18.8,200000,0.0,0,0,0,0,0,0
slow_ratio_2pct,slow_ratio,2pct,1,dynamic_sensitivity_100d_2pct_hdd,100,44,1000000,5000,1.0,health_ec,15.0,3,150000,200000,98,mild_slow,99,healthy,1,12.5,17.1,20.3,200681,0.3,681,681,669,1,1,0
slow_ratio_2pct,slow_ratio,2pct,1,dynamic_sensitivity_100d_2pct_hdd,100,44,1000000,5000,1.0,health_ec,15.0,4,200000,250000,98,mild_slow,99,healthy,1,12.5,17.0,19.3,200802,0.4,802,802,788,0,0,0
slow_ratio_2pct,slow_ratio,2pct,1,dynamic_sensitivity_100d_2pct_hdd,100,44,1000000,5000,1.0,health_ec,15.0,5,250000,300000,98,mild_slow,99,healthy,1,12.5,16.9,19.3,200842,0.4,842,842,827,0,0,0
slow_ratio_2pct,slow_ratio,2pct,1,dynamic_sensitivity_100d_2pct_hdd,100,44,1000000,5000,1.0,health_ec,15.0,6,300000,350000,98,severe_slow,99,healthy,1,12.5,16.9,19.1,200935,0.5,935,935,931,1,1,0
slow_ratio_2pct,slow_ratio,2pct,1,dynamic_sensitivity_100d_2pct_hdd,100,44,1000000,5000,1.0,health_ec,15.0,7,350000,400000,98,severe_slow,99,healthy,1,12.5,16.9,19.0,200967,0.5,967,967,964,0,0,0
slow_ratio_2pct,slow_ratio,2pct,1,dynamic_sensitivity_100d_2pct_hdd,100,44,1000000,5000,1.0,health_ec,15.0,8,400000,450000,98,severe_slow,99,healthy,1,12.5,16.8,18.8,200950,0.5,950,950,947,0,0,0
slow_ratio_2pct,slow_ratio,2pct,1,dynamic_sensitivity_100d_2pct_hdd,100,44,1000000,5000,1.0,health_ec,15.0,9,450000,500000,98,recovery,99,mild_slow,1,12.5,16.9,19.1,201158,0.6,1158,1158,1134,1,1,0
slow_ratio_2pct,slow_ratio,2pct,1,dynamic_sensitivity_100d_2pct_hdd,100,44,1000000,5000,1.0,health_ec,15.0,10,500000,550000,98,recovery,99,mild_slow,1,12.5,16.9,19.1,201217,0.6,1217,1217,1205,0,0,0
slow_ratio_2pct,slow_ratio,2pct,1,dynamic_sensitivity_100d_2pct_hdd,100,44,1000000,5000,1.0,health_ec,15.0,11,550000,600000,98,healthy,99,severe_slow,1,12.5,16.8,18.8,201087,0.5,1087,1087,1085,1,1,0
slow_ratio_2pct,slow_ratio,2pct,1,dynamic_sensitivity_100d_2pct_hdd,100,44,1000000,5000,1.0,health_ec,15.0,12,600000,650000,98,healthy,99,severe_slow,1,12.5,16.8,18.8,201061,0.5,1061,1061,1061,0,0,0
slow_ratio_2pct,slow_ratio,2pct,1,dynamic_sensitivity_100d_2pct_hdd,100,44,1000000,5000,1.0,health_ec,15.0,13,650000,700000,98,healthy,99,severe_slow,1,12.5,16.8,18.8,201021,0.5,1021,1021,1018,0,0,0
slow_ratio_2pct,slow_ratio,2pct,1,dynamic_sensitivity_100d_2pct_hdd,100,44,1000000,5000,1.0,health_ec,15.0,14,700000,750000,98,mild_slow,99,recovery,1,12.5,16.9,19.1,201016,0.5,1016,1016,1002,0,0,0
slow_ratio_2pct,slow_ratio,2pct,1,dynamic_sensitivity_100d_2pct_hdd,100,44,1000000,5000,1.0,health_ec,15.0,15,750000,800000,98,recovery,99,recovery,0,12.5,16.8,18.9,200866,0.4,866,866,818,0,0,0
slow_ratio_2pct,slow_ratio,2pct,1,dynamic_sensitivity_100d_2pct_hdd,100,44,1000000,5000,1.0,health_ec,15.0,16,800000,850000,98,healthy,99,healthy,0,12.5,16.8,18.8,200536,0.3,536,536,419,0,0,0
slow_ratio_2pct,slow_ratio,2pct,1,dynamic_sensitivity_100d_2pct_hdd,100,44,1000000,5000,1.0,health_ec,15.0,17,850000,900000,98,healthy,99,healthy,0,12.5,16.8,18.8,200220,0.1,220,220,178,0,0,0
slow_ratio_2pct,slow_ratio,2pct,1,dynamic_sensitivity_100d_2pct_hdd,100,44,1000000,5000,1.0,health_ec,15.0,18,900000,950000,98,healthy,99,healthy,0,12.5,16.8,18.8,200086,0.0,86,86,67,0,0,0
slow_ratio_2pct,slow_ratio,2pct,1,dynamic_sensitivity_100d_2pct_hdd,100,44,1000000,5000,1.0,health_ec,15.0,19,950000,1000000,98,healthy,99,healthy,0,12.5,16.9,18.9,200038,0.0,38,38,32,0,0,0
slow_ratio_4pct_base,slow_ratio,4pct,1,dynamic_sensitivity_100d_4pct_hdd,100,42,1000000,5000,1.0,vanilla_ec,15.0,0,0,50000,96,healthy,98,healthy,0,12.5,16.8,18.8,200000,0.0,0,0,0,0,0,0
slow_ratio_4pct_base,slow_ratio,4pct,1,dynamic_sensitivity_100d_4pct_hdd,100,42,1000000,5000,1.0,vanilla_ec,15.0,1,50000,100000,96,healthy,98,healthy,0,12.5,16.8,18.9,200000,0.0,0,0,0,0,0,0
slow_ratio_4pct_base,slow_ratio,4pct,1,dynamic_sensitivity_100d_4pct_hdd,100,42,1000000,5000,1.0,vanilla_ec,15.0,2,100000,150000,96,healthy,98,healthy,0,12.5,16.8,18.8,200000,0.0,0,0,0,0,0,0
slow_ratio_4pct_base,slow_ratio,4pct,1,dynamic_sensitivity_100d_4pct_hdd,100,42,1000000,5000,1.0,vanilla_ec,15.0,3,150000,200000,96,mild_slow,98,healthy,2,12.6,17.8,31.4,200000,0.0,0,0,0,0,0,0
slow_ratio_4pct_base,slow_ratio,4pct,1,dynamic_sensitivity_100d_4pct_hdd,100,42,1000000,5000,1.0,vanilla_ec,15.0,4,200000,250000,96,mild_slow,98,healthy,2,12.6,17.8,31.2,200000,0.0,0,0,0,0,0,0
slow_ratio_4pct_base,slow_ratio,4pct,1,dynamic_sensitivity_100d_4pct_hdd,100,42,1000000,5000,1.0,vanilla_ec,15.0,5,250000,300000,96,mild_slow,98,healthy,2,12.6,17.8,30.9,200000,0.0,0,0,0,0,0,0
slow_ratio_4pct_base,slow_ratio,4pct,1,dynamic_sensitivity_100d_4pct_hdd,100,42,1000000,5000,1.0,vanilla_ec,15.0,6,300000,350000,96,severe_slow,98,healthy,2,12.6,17.9,72.6,200000,0.0,0,0,0,0,0,0
slow_ratio_4pct_base,slow_ratio,4pct,1,dynamic_sensitivity_100d_4pct_hdd,100,42,1000000,5000,1.0,vanilla_ec,15.0,7,350000,400000,96,severe_slow,98,healthy,2,12.6,17.9,73.0,200000,0.0,0,0,0,0,0,0
slow_ratio_4pct_base,slow_ratio,4pct,1,dynamic_sensitivity_100d_4pct_hdd,100,42,1000000,5000,1.0,vanilla_ec,15.0,8,400000,450000,96,severe_slow,98,healthy,2,12.6,17.9,72.3,200000,0.0,0,0,0,0,0,0
slow_ratio_4pct_base,slow_ratio,4pct,1,dynamic_sensitivity_100d_4pct_hdd,100,42,1000000,5000,1.0,vanilla_ec,15.0,9,450000,500000,96,recovery,98,mild_slow,2,12.6,18.2,31.6,200000,0.0,0,0,0,0,0,0
slow_ratio_4pct_base,slow_ratio,4pct,1,dynamic_sensitivity_100d_4pct_hdd,100,42,1000000,5000,1.0,vanilla_ec,15.0,10,500000,550000,96,recovery,98,mild_slow,2,12.6,18.0,31.5,200000,0.0,0,0,0,0,0,0
slow_ratio_4pct_base,slow_ratio,4pct,1,dynamic_sensitivity_100d_4pct_hdd,100,42,1000000,5000,1.0,vanilla_ec,15.0,11,550000,600000,96,healthy,98,severe_slow,2,12.6,18.0,73.0,200000,0.0,0,0,0,0,0,0
slow_ratio_4pct_base,slow_ratio,4pct,1,dynamic_sensitivity_100d_4pct_hdd,100,42,1000000,5000,1.0,vanilla_ec,15.0,12,600000,650000,96,healthy,98,severe_slow,2,12.6,18.0,73.1,200000,0.0,0,0,0,0,0,0
slow_ratio_4pct_base,slow_ratio,4pct,1,dynamic_sensitivity_100d_4pct_hdd,100,42,1000000,5000,1.0,vanilla_ec,15.0,13,650000,700000,96,healthy,98,severe_slow,2,12.6,18.0,73.6,200000,0.0,0,0,0,0,0,0
slow_ratio_4pct_base,slow_ratio,4pct,1,dynamic_sensitivity_100d_4pct_hdd,100,42,1000000,5000,1.0,vanilla_ec,15.0,14,700000,750000,96,mild_slow,98,recovery,2,12.6,18.0,30.9,200000,0.0,0,0,0,0,0,0
slow_ratio_4pct_base,slow_ratio,4pct,1,dynamic_sensitivity_100d_4pct_hdd,100,42,1000000,5000,1.0,vanilla_ec,15.0,15,750000,800000,96,recovery,98,recovery,0,12.6,17.5,20.7,200000,0.0,0,0,0,0,0,0
slow_ratio_4pct_base,slow_ratio,4pct,1,dynamic_sensitivity_100d_4pct_hdd,100,42,1000000,5000,1.0,vanilla_ec,15.0,16,800000,850000,96,healthy,98,healthy,0,12.5,16.8,18.9,200000,0.0,0,0,0,0,0,0
slow_ratio_4pct_base,slow_ratio,4pct,1,dynamic_sensitivity_100d_4pct_hdd,100,42,1000000,5000,1.0,vanilla_ec,15.0,17,850000,900000,96,healthy,98,healthy,0,12.5,16.8,18.8,200000,0.0,0,0,0,0,0,0
slow_ratio_4pct_base,slow_ratio,4pct,1,dynamic_sensitivity_100d_4pct_hdd,100,42,1000000,5000,1.0,vanilla_ec,15.0,18,900000,950000,96,healthy,98,healthy,0,12.5,16.8,18.8,200000,0.0,0,0,0,0,0,0
slow_ratio_4pct_base,slow_ratio,4pct,1,dynamic_sensitivity_100d_4pct_hdd,100,42,1000000,5000,1.0,vanilla_ec,15.0,19,950000,1000000,96,healthy,98,healthy,0,12.5,16.8,18.9,200000,0.0,0,0,0,0,0,0
slow_ratio_4pct_base,slow_ratio,4pct,1,dynamic_sensitivity_100d_4pct_hdd,100,42,1000000,5000,1.0,late_binding,15.0,0,0,50000,96,healthy,98,healthy,0,10.7,14.0,15.4,250000,25.0,50000,50000,39904,0,0,0
slow_ratio_4pct_base,slow_ratio,4pct,1,dynamic_sensitivity_100d_4pct_hdd,100,42,1000000,5000,1.0,late_binding,15.0,1,50000,100000,96,healthy,98,healthy,0,10.7,14.0,15.5,250000,25.0,50000,50000,40119,0,0,0
slow_ratio_4pct_base,slow_ratio,4pct,1,dynamic_sensitivity_100d_4pct_hdd,100,42,1000000,5000,1.0,late_binding,15.0,2,100000,150000,96,healthy,98,healthy,0,10.7,14.0,15.4,250000,25.0,50000,50000,40024,0,0,0
slow_ratio_4pct_base,slow_ratio,4pct,1,dynamic_sensitivity_100d_4pct_hdd,100,42,1000000,5000,1.0,late_binding,15.0,3,150000,200000,96,mild_slow,98,healthy,2,10.8,14.7,22.3,250000,25.0,50000,50000,39688,0,0,0
slow_ratio_4pct_base,slow_ratio,4pct,1,dynamic_sensitivity_100d_4pct_hdd,100,42,1000000,5000,1.0,late_binding,15.0,4,200000,250000,96,mild_slow,98,healthy,2,10.8,14.6,22.0,250000,25.0,50000,50000,39773,0,0,0
slow_ratio_4pct_base,slow_ratio,4pct,1,dynamic_sensitivity_100d_4pct_hdd,100,42,1000000,5000,1.0,late_binding,15.0,5,250000,300000,96,mild_slow,98,healthy,2,10.8,14.6,21.9,250000,25.0,50000,50000,39888,0,0,0
slow_ratio_4pct_base,slow_ratio,4pct,1,dynamic_sensitivity_100d_4pct_hdd,100,42,1000000,5000,1.0,late_binding,15.0,6,300000,350000,96,severe_slow,98,healthy,2,10.8,14.8,52.9,250000,25.0,50000,50000,39718,0,0,0
slow_ratio_4pct_base,slow_ratio,4pct,1,dynamic_sensitivity_100d_4pct_hdd,100,42,1000000,5000,1.0,late_binding,15.0,7,350000,400000,96,severe_slow,98,healthy,2,10.8,14.8,51.2,250000,25.0,50000,50000,39746,0,0,0
slow_ratio_4pct_base,slow_ratio,4pct,1,dynamic_sensitivity_100d_4pct_hdd,100,42,1000000,5000,1.0,late_binding,15.0,8,400000,450000,96,severe_slow,98,healthy,2,10.8,14.8,51.5,250000,25.0,50000,50000,39767,0,0,0
slow_ratio_4pct_base,slow_ratio,4pct,1,dynamic_sensitivity_100d_4pct_hdd,100,42,1000000,5000,1.0,late_binding,15.0,9,450000,500000,96,recovery,98,mild_slow,2,10.8,15.0,23.3,250000,25.0,50000,50000,39765,0,0,0
slow_ratio_4pct_base,slow_ratio,4pct,1,dynamic_sensitivity_100d_4pct_hdd,100,42,1000000,5000,1.0,late_binding,15.0,10,500000,550000,96,recovery,98,mild_slow,2,10.8,14.9,22.7,250000,25.0,50000,50000,39789,0,0,0
slow_ratio_4pct_base,slow_ratio,4pct,1,dynamic_sensitivity_100d_4pct_hdd,100,42,1000000,5000,1.0,late_binding,15.0,11,550000,600000,96,healthy,98,severe_slow,2,10.8,14.9,51.9,250000,25.0,50000,50000,39815,0,0,0
slow_ratio_4pct_base,slow_ratio,4pct,1,dynamic_sensitivity_100d_4pct_hdd,100,42,1000000,5000,1.0,late_binding,15.0,12,600000,650000,96,healthy,98,severe_slow,2,10.8,14.9,51.9,250000,25.0,50000,50000,39996,0,0,0
slow_ratio_4pct_base,slow_ratio,4pct,1,dynamic_sensitivity_100d_4pct_hdd,100,42,1000000,5000,1.0,late_binding,15.0,13,650000,700000,96,healthy,98,severe_slow,2,10.8,14.9,52.3,250000,25.0,50000,50000,39774,0,0,0
slow_ratio_4pct_base,slow_ratio,4pct,1,dynamic_sensitivity_100d_4pct_hdd,100,42,1000000,5000,1.0,late_binding,15.0,14,700000,750000,96,mild_slow,98,recovery,2,10.8,14.8,22.2,250000,25.0,50000,50000,39841,0,0,0
slow_ratio_4pct_base,slow_ratio,4pct,1,dynamic_sensitivity_100d_4pct_hdd,100,42,1000000,5000,1.0,late_binding,15.0,15,750000,800000,96,recovery,98,recovery,0,10.8,14.4,16.8,250000,25.0,50000,50000,39920,0,0,0
slow_ratio_4pct_base,slow_ratio,4pct,1,dynamic_sensitivity_100d_4pct_hdd,100,42,1000000,5000,1.0,late_binding,15.0,16,800000,850000,96,healthy,98,healthy,0,10.7,14.0,15.4,250000,25.0,50000,50000,39820,0,0,0
slow_ratio_4pct_base,slow_ratio,4pct,1,dynamic_sensitivity_100d_4pct_hdd,100,42,1000000,5000,1.0,late_binding,15.0,17,850000,900000,96,healthy,98,healthy,0,10.7,14.0,15.4,250000,25.0,50000,50000,40051,0,0,0
slow_ratio_4pct_base,slow_ratio,4pct,1,dynamic_sensitivity_100d_4pct_hdd,100,42,1000000,5000,1.0,late_binding,15.0,18,900000,950000,96,healthy,98,healthy,0,10.7,14.0,15.5,250000,25.0,50000,50000,40025,0,0,0
slow_ratio_4pct_base,slow_ratio,4pct,1,dynamic_sensitivity_100d_4pct_hdd,100,42,1000000,5000,1.0,late_binding,15.0,19,950000,1000000,96,healthy,98,healthy,0,10.7,14.0,15.4,250000,25.0,50000,50000,40010,0,0,0
slow_ratio_4pct_base,slow_ratio,4pct,1,dynamic_sensitivity_100d_4pct_hdd,100,42,1000000,5000,1.0,timeout_degraded_read,15.0,0,0,50000,96,healthy,98,healthy,0,12.5,16.8,18.7,208081,4.0,8081,8081,182,0,0,0
slow_ratio_4pct_base,slow_ratio,4pct,1,dynamic_sensitivity_100d_4pct_hdd,100,42,1000000,5000,1.0,timeout_degraded_read,15.0,1,50000,100000,96,healthy,98,healthy,0,12.5,16.8,18.8,207998,4.0,7998,7998,191,0,0,0
slow_ratio_4pct_base,slow_ratio,4pct,1,dynamic_sensitivity_100d_4pct_hdd,100,42,1000000,5000,1.0,timeout_degraded_read,15.0,2,100000,150000,96,healthy,98,healthy,0,12.5,16.8,18.7,208051,4.0,8051,8051,198,0,0,0
slow_ratio_4pct_base,slow_ratio,4pct,1,dynamic_sensitivity_100d_4pct_hdd,100,42,1000000,5000,1.0,timeout_degraded_read,15.0,3,150000,200000,96,mild_slow,98,healthy,2,12.6,17.7,25.4,209314,4.7,9314,9314,1265,0,0,0
slow_ratio_4pct_base,slow_ratio,4pct,1,dynamic_sensitivity_100d_4pct_hdd,100,42,1000000,5000,1.0,timeout_degraded_read,15.0,4,200000,250000,96,mild_slow,98,healthy,2,12.6,17.8,25.3,209276,4.6,9276,9276,1189,0,0,0
slow_ratio_4pct_base,slow_ratio,4pct,1,dynamic_sensitivity_100d_4pct_hdd,100,42,1000000,5000,1.0,timeout_degraded_read,15.0,5,250000,300000,96,mild_slow,98,healthy,2,12.6,17.7,25.4,209265,4.6,9265,9265,1193,0,0,0
slow_ratio_4pct_base,slow_ratio,4pct,1,dynamic_sensitivity_100d_4pct_hdd,100,42,1000000,5000,1.0,timeout_degraded_read,15.0,6,300000,350000,96,severe_slow,98,healthy,2,12.6,17.8,52.9,209228,4.6,9228,9228,1567,0,0,0
slow_ratio_4pct_base,slow_ratio,4pct,1,dynamic_sensitivity_100d_4pct_hdd,100,42,1000000,5000,1.0,timeout_degraded_read,15.0,7,350000,400000,96,severe_slow,98,healthy,2,12.6,17.8,51.2,209271,4.6,9271,9271,1571,0,0,0
slow_ratio_4pct_base,slow_ratio,4pct,1,dynamic_sensitivity_100d_4pct_hdd,100,42,1000000,5000,1.0,timeout_degraded_read,15.0,8,400000,450000,96,severe_slow,98,healthy,2,12.6,17.9,51.5,209323,4.7,9323,9323,1616,0,0,0
slow_ratio_4pct_base,slow_ratio,4pct,1,dynamic_sensitivity_100d_4pct_hdd,100,42,1000000,5000,1.0,timeout_degraded_read,15.0,9,450000,500000,96,recovery,98,mild_slow,2,12.6,18.1,26.0,209589,4.8,9589,9589,1351,0,0,0
slow_ratio_4pct_base,slow_ratio,4pct,1,dynamic_sensitivity_100d_4pct_hdd,100,42,1000000,5000,1.0,timeout_degraded_read,15.0,10,500000,550000,96,recovery,98,mild_slow,2,12.6,17.9,25.5,209516,4.8,9516,9516,1253,0,0,0
slow_ratio_4pct_base,slow_ratio,4pct,1,dynamic_sensitivity_100d_4pct_hdd,100,42,1000000,5000,1.0,timeout_degraded_read,15.0,11,550000,600000,96,healthy,98,severe_slow,2,12.6,18.0,51.9,209312,4.7,9312,9312,1716,0,0,0
slow_ratio_4pct_base,slow_ratio,4pct,1,dynamic_sensitivity_100d_4pct_hdd,100,42,1000000,5000,1.0,timeout_degraded_read,15.0,12,600000,650000,96,healthy,98,severe_slow,2,12.6,17.9,51.9,209343,4.7,9343,9343,1694,0,0,0
slow_ratio_4pct_base,slow_ratio,4pct,1,dynamic_sensitivity_100d_4pct_hdd,100,42,1000000,5000,1.0,timeout_degraded_read,15.0,13,650000,700000,96,healthy,98,severe_slow,2,12.6,18.0,52.3,209347,4.7,9347,9347,1688,0,0,0
slow_ratio_4pct_base,slow_ratio,4pct,1,dynamic_sensitivity_100d_4pct_hdd,100,42,1000000,5000,1.0,timeout_degraded_read,15.0,14,700000,750000,96,mild_slow,98,recovery,2,12.6,18.0,26.3,209582,4.8,9582,9582,1105,0,0,0
slow_ratio_4pct_base,slow_ratio,4pct,1,dynamic_sensitivity_100d_4pct_hdd,100,42,1000000,5000,1.0,timeout_degraded_read,15.0,15,750000,800000,96,recovery,98,recovery,0,12.6,17.4,20.4,209295,4.6,9295,9295,383,0,0,0
slow_ratio_4pct_base,slow_ratio,4pct,1,dynamic_sensitivity_100d_4pct_hdd,100,42,1000000,5000,1.0,timeout_degraded_read,15.0,16,800000,850000,96,healthy,98,healthy,0,12.5,16.8,18.8,208029,4.0,8029,8029,187,0,0,0
slow_ratio_4pct_base,slow_ratio,4pct,1,dynamic_sensitivity_100d_4pct_hdd,100,42,1000000,5000,1.0,timeout_degraded_read,15.0,17,850000,900000,96,healthy,98,healthy,0,12.5,16.8,18.7,208054,4.0,8054,8054,201,0,0,0
slow_ratio_4pct_base,slow_ratio,4pct,1,dynamic_sensitivity_100d_4pct_hdd,100,42,1000000,5000,1.0,timeout_degraded_read,15.0,18,900000,950000,96,healthy,98,healthy,0,12.5,16.8,18.8,208085,4.0,8085,8085,211,0,0,0
slow_ratio_4pct_base,slow_ratio,4pct,1,dynamic_sensitivity_100d_4pct_hdd,100,42,1000000,5000,1.0,timeout_degraded_read,15.0,19,950000,1000000,96,healthy,98,healthy,0,12.5,16.8,18.8,208170,4.1,8170,8170,193,0,0,0
slow_ratio_4pct_base,slow_ratio,4pct,1,dynamic_sensitivity_100d_4pct_hdd,100,42,1000000,5000,1.0,health_ec,15.0,0,0,50000,96,healthy,98,healthy,0,12.5,16.8,18.8,200000,0.0,0,0,0,0,0,0
slow_ratio_4pct_base,slow_ratio,4pct,1,dynamic_sensitivity_100d_4pct_hdd,100,42,1000000,5000,1.0,health_ec,15.0,1,50000,100000,96,healthy,98,healthy,0,12.5,16.8,18.9,200000,0.0,0,0,0,0,0,0
slow_ratio_4pct_base,slow_ratio,4pct,1,dynamic_sensitivity_100d_4pct_hdd,100,42,1000000,5000,1.0,health_ec,15.0,2,100000,150000,96,healthy,98,healthy,0,12.5,16.8,18.8,200000,0.0,0,0,0,0,0,0
slow_ratio_4pct_base,slow_ratio,4pct,1,dynamic_sensitivity_100d_4pct_hdd,100,42,1000000,5000,1.0,health_ec,15.0,3,150000,200000,96,mild_slow,98,healthy,2,12.5,17.4,26.4,200461,0.2,461,461,460,2,2,0
slow_ratio_4pct_base,slow_ratio,4pct,1,dynamic_sensitivity_100d_4pct_hdd,100,42,1000000,5000,1.0,health_ec,15.0,4,200000,250000,96,mild_slow,98,healthy,2,12.6,17.4,23.9,200652,0.3,652,652,649,0,0,0
slow_ratio_4pct_base,slow_ratio,4pct,1,dynamic_sensitivity_100d_4pct_hdd,100,42,1000000,5000,1.0,health_ec,15.0,5,250000,300000,96,mild_slow,98,healthy,2,12.6,17.3,22.6,200752,0.4,752,752,750,0,0,0
slow_ratio_4pct_base,slow_ratio,4pct,1,dynamic_sensitivity_100d_4pct_hdd,100,42,1000000,5000,1.0,health_ec,15.0,6,300000,350000,96,severe_slow,98,healthy,2,12.6,17.5,50.4,200932,0.5,932,932,932,0,0,0
slow_ratio_4pct_base,slow_ratio,4pct,1,dynamic_sensitivity_100d_4pct_hdd,100,42,1000000,5000,1.0,health_ec,15.0,7,350000,400000,96,severe_slow,98,healthy,2,12.6,17.5,47.8,201036,0.5,1036,1036,1036,0,0,0
slow_ratio_4pct_base,slow_ratio,4pct,1,dynamic_sensitivity_100d_4pct_hdd,100,42,1000000,5000,1.0,health_ec,15.0,8,400000,450000,96,severe_slow,98,healthy,2,12.6,17.6,47.4,201066,0.5,1066,1066,1066,0,0,0
slow_ratio_4pct_base,slow_ratio,4pct,1,dynamic_sensitivity_100d_4pct_hdd,100,42,1000000,5000,1.0,health_ec,15.0,9,450000,500000,96,recovery,98,mild_slow,2,12.6,17.6,24.6,201382,0.7,1382,1382,1015,2,2,0
slow_ratio_4pct_base,slow_ratio,4pct,1,dynamic_sensitivity_100d_4pct_hdd,100,42,1000000,5000,1.0,health_ec,15.0,10,500000,550000,96,recovery,98,mild_slow,2,12.6,17.5,22.8,201201,0.6,1201,1201,985,0,0,0
slow_ratio_4pct_base,slow_ratio,4pct,1,dynamic_sensitivity_100d_4pct_hdd,100,42,1000000,5000,1.0,health_ec,15.0,11,550000,600000,96,healthy,98,severe_slow,2,12.6,17.5,48.1,201055,0.5,1055,1055,920,2,2,0
slow_ratio_4pct_base,slow_ratio,4pct,1,dynamic_sensitivity_100d_4pct_hdd,100,42,1000000,5000,1.0,health_ec,15.0,12,600000,650000,96,healthy,98,severe_slow,2,12.5,17.4,45.1,201035,0.5,1035,1035,965,0,0,0
slow_ratio_4pct_base,slow_ratio,4pct,1,dynamic_sensitivity_100d_4pct_hdd,100,42,1000000,5000,1.0,health_ec,15.0,13,650000,700000,96,healthy,98,severe_slow,2,12.6,17.5,45.9,201027,0.5,1027,1027,1001,0,0,0
slow_ratio_4pct_base,slow_ratio,4pct,1,dynamic_sensitivity_100d_4pct_hdd,100,42,1000000,5000,1.0,health_ec,15.0,14,700000,750000,96,mild_slow,98,recovery,2,12.6,17.4,23.6,201260,0.6,1260,1260,1217,0,0,0
slow_ratio_4pct_base,slow_ratio,4pct,1,dynamic_sensitivity_100d_4pct_hdd,100,42,1000000,5000,1.0,health_ec,15.0,15,750000,800000,96,recovery,98,recovery,0,12.6,17.0,19.4,201036,0.5,1036,1036,918,0,0,0
slow_ratio_4pct_base,slow_ratio,4pct,1,dynamic_sensitivity_100d_4pct_hdd,100,42,1000000,5000,1.0,health_ec,15.0,16,800000,850000,96,healthy,98,healthy,0,12.5,16.8,18.9,200449,0.2,449,449,365,0,0,0
slow_ratio_4pct_base,slow_ratio,4pct,1,dynamic_sensitivity_100d_4pct_hdd,100,42,1000000,5000,1.0,health_ec,15.0,17,850000,900000,96,healthy,98,healthy,0,12.5,16.8,18.8,200203,0.1,203,203,172,0,0,0
slow_ratio_4pct_base,slow_ratio,4pct,1,dynamic_sensitivity_100d_4pct_hdd,100,42,1000000,5000,1.0,health_ec,15.0,18,900000,950000,96,healthy,98,healthy,0,12.5,16.8,18.8,200087,0.0,87,87,72,0,0,0
slow_ratio_4pct_base,slow_ratio,4pct,1,dynamic_sensitivity_100d_4pct_hdd,100,42,1000000,5000,1.0,health_ec,15.0,19,950000,1000000,96,healthy,98,healthy,0,12.5,16.8,18.9,200057,0.0,57,57,43,0,0,0
slow_ratio_4pct_base,slow_ratio,4pct,1,dynamic_sensitivity_100d_4pct_hdd,100,43,1000000,5000,1.0,vanilla_ec,15.0,0,0,50000,96,healthy,98,healthy,0,12.5,16.8,18.8,200000,0.0,0,0,0,0,0,0
slow_ratio_4pct_base,slow_ratio,4pct,1,dynamic_sensitivity_100d_4pct_hdd,100,43,1000000,5000,1.0,vanilla_ec,15.0,1,50000,100000,96,healthy,98,healthy,0,12.5,16.8,18.9,200000,0.0,0,0,0,0,0,0
slow_ratio_4pct_base,slow_ratio,4pct,1,dynamic_sensitivity_100d_4pct_hdd,100,43,1000000,5000,1.0,vanilla_ec,15.0,2,100000,150000,96,healthy,98,healthy,0,12.5,16.8,18.8,200000,0.0,0,0,0,0,0,0
slow_ratio_4pct_base,slow_ratio,4pct,1,dynamic_sensitivity_100d_4pct_hdd,100,43,1000000,5000,1.0,vanilla_ec,15.0,3,150000,200000,96,mild_slow,98,healthy,2,12.6,17.6,30.2,200000,0.0,0,0,0,0,0,0
slow_ratio_4pct_base,slow_ratio,4pct,1,dynamic_sensitivity_100d_4pct_hdd,100,43,1000000,5000,1.0,vanilla_ec,15.0,4,200000,250000,96,mild_slow,98,healthy,2,12.6,17.9,31.4,200000,0.0,0,0,0,0,0,0
slow_ratio_4pct_base,slow_ratio,4pct,1,dynamic_sensitivity_100d_4pct_hdd,100,43,1000000,5000,1.0,vanilla_ec,15.0,5,250000,300000,96,mild_slow,98,healthy,2,12.6,17.8,31.0,200000,0.0,0,0,0,0,0,0
slow_ratio_4pct_base,slow_ratio,4pct,1,dynamic_sensitivity_100d_4pct_hdd,100,43,1000000,5000,1.0,vanilla_ec,15.0,6,300000,350000,96,severe_slow,98,healthy,2,12.6,17.8,70.9,200000,0.0,0,0,0,0,0,0
slow_ratio_4pct_base,slow_ratio,4pct,1,dynamic_sensitivity_100d_4pct_hdd,100,43,1000000,5000,1.0,vanilla_ec,15.0,7,350000,400000,96,severe_slow,98,healthy,2,12.6,17.9,73.3,200000,0.0,0,0,0,0,0,0
slow_ratio_4pct_base,slow_ratio,4pct,1,dynamic_sensitivity_100d_4pct_hdd,100,43,1000000,5000,1.0,vanilla_ec,15.0,8,400000,450000,96,severe_slow,98,healthy,2,12.6,17.8,71.3,200000,0.0,0,0,0,0,0,0
slow_ratio_4pct_base,slow_ratio,4pct,1,dynamic_sensitivity_100d_4pct_hdd,100,43,1000000,5000,1.0,vanilla_ec,15.0,9,450000,500000,96,recovery,98,mild_slow,2,12.6,18.1,31.9,200000,0.0,0,0,0,0,0,0
slow_ratio_4pct_base,slow_ratio,4pct,1,dynamic_sensitivity_100d_4pct_hdd,100,43,1000000,5000,1.0,vanilla_ec,15.0,10,500000,550000,96,recovery,98,mild_slow,2,12.6,18.1,31.4,200000,0.0,0,0,0,0,0,0
slow_ratio_4pct_base,slow_ratio,4pct,1,dynamic_sensitivity_100d_4pct_hdd,100,43,1000000,5000,1.0,vanilla_ec,15.0,11,550000,600000,96,healthy,98,severe_slow,2,12.6,18.0,73.1,200000,0.0,0,0,0,0,0,0
slow_ratio_4pct_base,slow_ratio,4pct,1,dynamic_sensitivity_100d_4pct_hdd,100,43,1000000,5000,1.0,vanilla_ec,15.0,12,600000,650000,96,healthy,98,severe_slow,2,12.6,18.0,73.2,200000,0.0,0,0,0,0,0,0
slow_ratio_4pct_base,slow_ratio,4pct,1,dynamic_sensitivity_100d_4pct_hdd,100,43,1000000,5000,1.0,vanilla_ec,15.0,13,650000,700000,96,healthy,98,severe_slow,2,12.6,17.9,72.9,200000,0.0,0,0,0,0,0,0
slow_ratio_4pct_base,slow_ratio,4pct,1,dynamic_sensitivity_100d_4pct_hdd,100,43,1000000,5000,1.0,vanilla_ec,15.0,14,700000,750000,96,mild_slow,98,recovery,2,12.6,18.0,30.6,200000,0.0,0,0,0,0,0,0
slow_ratio_4pct_base,slow_ratio,4pct,1,dynamic_sensitivity_100d_4pct_hdd,100,43,1000000,5000,1.0,vanilla_ec,15.0,15,750000,800000,96,recovery,98,recovery,0,12.6,17.4,20.7,200000,0.0,0,0,0,0,0,0
slow_ratio_4pct_base,slow_ratio,4pct,1,dynamic_sensitivity_100d_4pct_hdd,100,43,1000000,5000,1.0,vanilla_ec,15.0,16,800000,850000,96,healthy,98,healthy,0,12.5,16.8,18.9,200000,0.0,0,0,0,0,0,0
slow_ratio_4pct_base,slow_ratio,4pct,1,dynamic_sensitivity_100d_4pct_hdd,100,43,1000000,5000,1.0,vanilla_ec,15.0,17,850000,900000,96,healthy,98,healthy,0,12.5,16.8,18.8,200000,0.0,0,0,0,0,0,0
slow_ratio_4pct_base,slow_ratio,4pct,1,dynamic_sensitivity_100d_4pct_hdd,100,43,1000000,5000,1.0,vanilla_ec,15.0,18,900000,950000,96,healthy,98,healthy,0,12.5,16.8,18.9,200000,0.0,0,0,0,0,0,0
slow_ratio_4pct_base,slow_ratio,4pct,1,dynamic_sensitivity_100d_4pct_hdd,100,43,1000000,5000,1.0,vanilla_ec,15.0,19,950000,1000000,96,healthy,98,healthy,0,12.5,16.8,18.7,200000,0.0,0,0,0,0,0,0
slow_ratio_4pct_base,slow_ratio,4pct,1,dynamic_sensitivity_100d_4pct_hdd,100,43,1000000,5000,1.0,late_binding,15.0,0,0,50000,96,healthy,98,healthy,0,10.7,14.0,15.4,250000,25.0,50000,50000,39871,0,0,0
slow_ratio_4pct_base,slow_ratio,4pct,1,dynamic_sensitivity_100d_4pct_hdd,100,43,1000000,5000,1.0,late_binding,15.0,1,50000,100000,96,healthy,98,healthy,0,10.7,14.0,15.4,250000,25.0,50000,50000,40011,0,0,0
slow_ratio_4pct_base,slow_ratio,4pct,1,dynamic_sensitivity_100d_4pct_hdd,100,43,1000000,5000,1.0,late_binding,15.0,2,100000,150000,96,healthy,98,healthy,0,10.7,14.0,15.4,250000,25.0,50000,50000,40100,0,0,0
slow_ratio_4pct_base,slow_ratio,4pct,1,dynamic_sensitivity_100d_4pct_hdd,100,43,1000000,5000,1.0,late_binding,15.0,3,150000,200000,96,mild_slow,98,healthy,2,10.8,14.6,21.3,250000,25.0,50000,50000,39684,0,0,0
slow_ratio_4pct_base,slow_ratio,4pct,1,dynamic_sensitivity_100d_4pct_hdd,100,43,1000000,5000,1.0,late_binding,15.0,4,200000,250000,96,mild_slow,98,healthy,2,10.8,14.6,22.7,250000,25.0,50000,50000,39777,0,0,0
slow_ratio_4pct_base,slow_ratio,4pct,1,dynamic_sensitivity_100d_4pct_hdd,100,43,1000000,5000,1.0,late_binding,15.0,5,250000,300000,96,mild_slow,98,healthy,2,10.8,14.6,22.3,250000,25.0,50000,50000,39831,0,0,0
slow_ratio_4pct_base,slow_ratio,4pct,1,dynamic_sensitivity_100d_4pct_hdd,100,43,1000000,5000,1.0,late_binding,15.0,6,300000,350000,96,severe_slow,98,healthy,2,10.8,14.8,51.6,250000,25.0,50000,50000,39772,0,0,0
slow_ratio_4pct_base,slow_ratio,4pct,1,dynamic_sensitivity_100d_4pct_hdd,100,43,1000000,5000,1.0,late_binding,15.0,7,350000,400000,96,severe_slow,98,healthy,2,10.8,14.8,51.7,250000,25.0,50000,50000,39833,0,0,0
slow_ratio_4pct_base,slow_ratio,4pct,1,dynamic_sensitivity_100d_4pct_hdd,100,43,1000000,5000,1.0,late_binding,15.0,8,400000,450000,96,severe_slow,98,healthy,2,10.8,14.8,50.7,250000,25.0,50000,50000,39680,0,0,0
slow_ratio_4pct_base,slow_ratio,4pct,1,dynamic_sensitivity_100d_4pct_hdd,100,43,1000000,5000,1.0,late_binding,15.0,9,450000,500000,96,recovery,98,mild_slow,2,10.8,15.0,23.2,250000,25.0,50000,50000,39784,0,0,0
slow_ratio_4pct_base,slow_ratio,4pct,1,dynamic_sensitivity_100d_4pct_hdd,100,43,1000000,5000,1.0,late_binding,15.0,10,500000,550000,96,recovery,98,mild_slow,2,10.8,14.9,23.2,250000,25.0,50000,50000,39696,0,0,0
slow_ratio_4pct_base,slow_ratio,4pct,1,dynamic_sensitivity_100d_4pct_hdd,100,43,1000000,5000,1.0,late_binding,15.0,11,550000,600000,96,healthy,98,severe_slow,2,10.8,14.9,52.4,250000,25.0,50000,50000,39935,0,0,0
slow_ratio_4pct_base,slow_ratio,4pct,1,dynamic_sensitivity_100d_4pct_hdd,100,43,1000000,5000,1.0,late_binding,15.0,12,600000,650000,96,healthy,98,severe_slow,2,10.8,14.9,51.9,250000,25.0,50000,50000,39822,0,0,0
slow_ratio_4pct_base,slow_ratio,4pct,1,dynamic_sensitivity_100d_4pct_hdd,100,43,1000000,5000,1.0,late_binding,15.0,13,650000,700000,96,healthy,98,severe_slow,2,10.8,14.9,52.8,250000,25.0,50000,50000,40103,0,0,0
slow_ratio_4pct_base,slow_ratio,4pct,1,dynamic_sensitivity_100d_4pct_hdd,100,43,1000000,5000,1.0,late_binding,15.0,14,700000,750000,96,mild_slow,98,recovery,2,10.8,14.9,22.5,250000,25.0,50000,50000,39801,0,0,0
slow_ratio_4pct_base,slow_ratio,4pct,1,dynamic_sensitivity_100d_4pct_hdd,100,43,1000000,5000,1.0,late_binding,15.0,15,750000,800000,96,recovery,98,recovery,0,10.8,14.5,16.7,250000,25.0,50000,50000,39879,0,0,0
slow_ratio_4pct_base,slow_ratio,4pct,1,dynamic_sensitivity_100d_4pct_hdd,100,43,1000000,5000,1.0,late_binding,15.0,16,800000,850000,96,healthy,98,healthy,0,10.7,14.0,15.4,250000,25.0,50000,50000,39910,0,0,0
slow_ratio_4pct_base,slow_ratio,4pct,1,dynamic_sensitivity_100d_4pct_hdd,100,43,1000000,5000,1.0,late_binding,15.0,17,850000,900000,96,healthy,98,healthy,0,10.7,14.0,15.5,250000,25.0,50000,50000,40032,0,0,0
slow_ratio_4pct_base,slow_ratio,4pct,1,dynamic_sensitivity_100d_4pct_hdd,100,43,1000000,5000,1.0,late_binding,15.0,18,900000,950000,96,healthy,98,healthy,0,10.7,14.0,15.4,250000,25.0,50000,50000,39985,0,0,0
slow_ratio_4pct_base,slow_ratio,4pct,1,dynamic_sensitivity_100d_4pct_hdd,100,43,1000000,5000,1.0,late_binding,15.0,19,950000,1000000,96,healthy,98,healthy,0,10.7,14.0,15.4,250000,25.0,50000,50000,39872,0,0,0
slow_ratio_4pct_base,slow_ratio,4pct,1,dynamic_sensitivity_100d_4pct_hdd,100,43,1000000,5000,1.0,timeout_degraded_read,15.0,0,0,50000,96,healthy,98,healthy,0,12.5,16.8,18.7,208102,4.1,8102,8102,165,0,0,0
slow_ratio_4pct_base,slow_ratio,4pct,1,dynamic_sensitivity_100d_4pct_hdd,100,43,1000000,5000,1.0,timeout_degraded_read,15.0,1,50000,100000,96,healthy,98,healthy,0,12.5,16.8,18.8,208123,4.1,8123,8123,169,0,0,0
slow_ratio_4pct_base,slow_ratio,4pct,1,dynamic_sensitivity_100d_4pct_hdd,100,43,1000000,5000,1.0,timeout_degraded_read,15.0,2,100000,150000,96,healthy,98,healthy,0,12.5,16.8,18.7,208110,4.1,8110,8110,198,0,0,0
slow_ratio_4pct_base,slow_ratio,4pct,1,dynamic_sensitivity_100d_4pct_hdd,100,43,1000000,5000,1.0,timeout_degraded_read,15.0,3,150000,200000,96,mild_slow,98,healthy,2,12.6,17.6,25.1,209234,4.6,9234,9234,1111,0,0,0
slow_ratio_4pct_base,slow_ratio,4pct,1,dynamic_sensitivity_100d_4pct_hdd,100,43,1000000,5000,1.0,timeout_degraded_read,15.0,4,200000,250000,96,mild_slow,98,healthy,2,12.6,17.8,25.8,209327,4.7,9327,9327,1257,0,0,0
slow_ratio_4pct_base,slow_ratio,4pct,1,dynamic_sensitivity_100d_4pct_hdd,100,43,1000000,5000,1.0,timeout_degraded_read,15.0,5,250000,300000,96,mild_slow,98,healthy,2,12.6,17.8,25.5,209346,4.7,9346,9346,1202,0,0,0
slow_ratio_4pct_base,slow_ratio,4pct,1,dynamic_sensitivity_100d_4pct_hdd,100,43,1000000,5000,1.0,timeout_degraded_read,15.0,6,300000,350000,96,severe_slow,98,healthy,2,12.6,17.7,51.6,209217,4.6,9217,9217,1582,0,0,0
slow_ratio_4pct_base,slow_ratio,4pct,1,dynamic_sensitivity_100d_4pct_hdd,100,43,1000000,5000,1.0,timeout_degraded_read,15.0,7,350000,400000,96,severe_slow,98,healthy,2,12.6,17.8,51.7,209313,4.7,9313,9313,1654,0,0,0
slow_ratio_4pct_base,slow_ratio,4pct,1,dynamic_sensitivity_100d_4pct_hdd,100,43,1000000,5000,1.0,timeout_degraded_read,15.0,8,400000,450000,96,severe_slow,98,healthy,2,12.6,17.8,50.7,209176,4.6,9176,9176,1608,0,0,0
slow_ratio_4pct_base,slow_ratio,4pct,1,dynamic_sensitivity_100d_4pct_hdd,100,43,1000000,5000,1.0,timeout_degraded_read,15.0,9,450000,500000,96,recovery,98,mild_slow,2,12.6,18.1,25.9,209755,4.9,9755,9755,1294,0,0,0
slow_ratio_4pct_base,slow_ratio,4pct,1,dynamic_sensitivity_100d_4pct_hdd,100,43,1000000,5000,1.0,timeout_degraded_read,15.0,10,500000,550000,96,recovery,98,mild_slow,2,12.6,18.0,26.0,209611,4.8,9611,9611,1287,0,0,0
slow_ratio_4pct_base,slow_ratio,4pct,1,dynamic_sensitivity_100d_4pct_hdd,100,43,1000000,5000,1.0,timeout_degraded_read,15.0,11,550000,600000,96,healthy,98,severe_slow,2,12.6,17.9,52.4,209369,4.7,9369,9369,1714,0,0,0
slow_ratio_4pct_base,slow_ratio,4pct,1,dynamic_sensitivity_100d_4pct_hdd,100,43,1000000,5000,1.0,timeout_degraded_read,15.0,12,600000,650000,96,healthy,98,severe_slow,2,12.6,17.9,51.9,209315,4.7,9315,9315,1682,0,0,0
slow_ratio_4pct_base,slow_ratio,4pct,1,dynamic_sensitivity_100d_4pct_hdd,100,43,1000000,5000,1.0,timeout_degraded_read,15.0,13,650000,700000,96,healthy,98,severe_slow,2,12.6,17.8,52.8,209377,4.7,9377,9377,1655,0,0,0
slow_ratio_4pct_base,slow_ratio,4pct,1,dynamic_sensitivity_100d_4pct_hdd,100,43,1000000,5000,1.0,timeout_degraded_read,15.0,14,700000,750000,96,mild_slow,98,recovery,2,12.6,17.9,26.3,209636,4.8,9636,9636,1122,0,0,0
slow_ratio_4pct_base,slow_ratio,4pct,1,dynamic_sensitivity_100d_4pct_hdd,100,43,1000000,5000,1.0,timeout_degraded_read,15.0,15,750000,800000,96,recovery,98,recovery,0,12.6,17.4,20.4,209433,4.7,9433,9433,352,0,0,0
slow_ratio_4pct_base,slow_ratio,4pct,1,dynamic_sensitivity_100d_4pct_hdd,100,43,1000000,5000,1.0,timeout_degraded_read,15.0,16,800000,850000,96,healthy,98,healthy,0,12.5,16.8,18.8,208097,4.0,8097,8097,187,0,0,0
slow_ratio_4pct_base,slow_ratio,4pct,1,dynamic_sensitivity_100d_4pct_hdd,100,43,1000000,5000,1.0,timeout_degraded_read,15.0,17,850000,900000,96,healthy,98,healthy,0,12.5,16.8,18.7,208029,4.0,8029,8029,173,0,0,0
slow_ratio_4pct_base,slow_ratio,4pct,1,dynamic_sensitivity_100d_4pct_hdd,100,43,1000000,5000,1.0,timeout_degraded_read,15.0,18,900000,950000,96,healthy,98,healthy,0,12.5,16.8,18.8,208094,4.0,8094,8094,194,0,0,0
slow_ratio_4pct_base,slow_ratio,4pct,1,dynamic_sensitivity_100d_4pct_hdd,100,43,1000000,5000,1.0,timeout_degraded_read,15.0,19,950000,1000000,96,healthy,98,healthy,0,12.5,16.7,18.7,207918,4.0,7918,7918,220,0,0,0
slow_ratio_4pct_base,slow_ratio,4pct,1,dynamic_sensitivity_100d_4pct_hdd,100,43,1000000,5000,1.0,health_ec,15.0,0,0,50000,96,healthy,98,healthy,0,12.5,16.8,18.8,200000,0.0,0,0,0,0,0,0
slow_ratio_4pct_base,slow_ratio,4pct,1,dynamic_sensitivity_100d_4pct_hdd,100,43,1000000,5000,1.0,health_ec,15.0,1,50000,100000,96,healthy,98,healthy,0,12.5,16.8,18.9,200000,0.0,0,0,0,0,0,0
slow_ratio_4pct_base,slow_ratio,4pct,1,dynamic_sensitivity_100d_4pct_hdd,100,43,1000000,5000,1.0,health_ec,15.0,2,100000,150000,96,healthy,98,healthy,0,12.5,16.8,18.8,200000,0.0,0,0,0,0,0,0
slow_ratio_4pct_base,slow_ratio,4pct,1,dynamic_sensitivity_100d_4pct_hdd,100,43,1000000,5000,1.0,health_ec,15.0,3,150000,200000,96,mild_slow,98,healthy,2,12.5,17.3,25.9,200340,0.2,340,340,339,2,2,0
slow_ratio_4pct_base,slow_ratio,4pct,1,dynamic_sensitivity_100d_4pct_hdd,100,43,1000000,5000,1.0,health_ec,15.0,4,200000,250000,96,mild_slow,98,healthy,2,12.6,17.4,25.0,200644,0.3,644,644,642,0,0,0
slow_ratio_4pct_base,slow_ratio,4pct,1,dynamic_sensitivity_100d_4pct_hdd,100,43,1000000,5000,1.0,health_ec,15.0,5,250000,300000,96,mild_slow,98,healthy,2,12.6,17.4,23.7,200698,0.3,698,698,697,0,0,0
slow_ratio_4pct_base,slow_ratio,4pct,1,dynamic_sensitivity_100d_4pct_hdd,100,43,1000000,5000,1.0,health_ec,15.0,6,300000,350000,96,severe_slow,98,healthy,2,12.5,17.5,49.9,200930,0.5,930,930,930,0,0,0
slow_ratio_4pct_base,slow_ratio,4pct,1,dynamic_sensitivity_100d_4pct_hdd,100,43,1000000,5000,1.0,health_ec,15.0,7,350000,400000,96,severe_slow,98,healthy,2,12.6,17.5,48.4,201043,0.5,1043,1043,1043,0,0,0
slow_ratio_4pct_base,slow_ratio,4pct,1,dynamic_sensitivity_100d_4pct_hdd,100,43,1000000,5000,1.0,health_ec,15.0,8,400000,450000,96,severe_slow,98,healthy,2,12.5,17.5,47.1,201075,0.5,1075,1075,1075,0,0,0
slow_ratio_4pct_base,slow_ratio,4pct,1,dynamic_sensitivity_100d_4pct_hdd,100,43,1000000,5000,1.0,health_ec,15.0,9,450000,500000,96,recovery,98,mild_slow,2,12.6,17.6,24.3,201306,0.7,1306,1306,956,2,2,0
slow_ratio_4pct_base,slow_ratio,4pct,1,dynamic_sensitivity_100d_4pct_hdd,100,43,1000000,5000,1.0,health_ec,15.0,10,500000,550000,96,recovery,98,mild_slow,2,12.6,17.4,23.3,201219,0.6,1219,1219,1005,1,1,0
slow_ratio_4pct_base,slow_ratio,4pct,1,dynamic_sensitivity_100d_4pct_hdd,100,43,1000000,5000,1.0,health_ec,15.0,11,550000,600000,96,healthy,98,severe_slow,2,12.6,17.4,47.1,201113,0.6,1113,1113,952,1,1,0
slow_ratio_4pct_base,slow_ratio,4pct,1,dynamic_sensitivity_100d_4pct_hdd,100,43,1000000,5000,1.0,health_ec,15.0,12,600000,650000,96,healthy,98,severe_slow,2,12.5,17.5,46.0,201060,0.5,1060,1060,995,0,0,0
slow_ratio_4pct_base,slow_ratio,4pct,1,dynamic_sensitivity_100d_4pct_hdd,100,43,1000000,5000,1.0,health_ec,15.0,13,650000,700000,96,healthy,98,severe_slow,2,12.6,17.4,46.6,201026,0.5,1026,1026,997,0,0,0
slow_ratio_4pct_base,slow_ratio,4pct,1,dynamic_sensitivity_100d_4pct_hdd,100,43,1000000,5000,1.0,health_ec,15.0,14,700000,750000,96,mild_slow,98,recovery,2,12.6,17.4,23.4,201174,0.6,1174,1174,1142,0,0,0
slow_ratio_4pct_base,slow_ratio,4pct,1,dynamic_sensitivity_100d_4pct_hdd,100,43,1000000,5000,1.0,health_ec,15.0,15,750000,800000,96,recovery,98,recovery,0,12.5,17.0,19.4,201029,0.5,1029,1029,944,0,0,0
slow_ratio_4pct_base,slow_ratio,4pct,1,dynamic_sensitivity_100d_4pct_hdd,100,43,1000000,5000,1.0,health_ec,15.0,16,800000,850000,96,healthy,98,healthy,0,12.5,16.8,18.9,200558,0.3,558,558,451,0,0,0
slow_ratio_4pct_base,slow_ratio,4pct,1,dynamic_sensitivity_100d_4pct_hdd,100,43,1000000,5000,1.0,health_ec,15.0,17,850000,900000,96,healthy,98,healthy,0,12.5,16.8,18.8,200246,0.1,246,246,191,0,0,0
slow_ratio_4pct_base,slow_ratio,4pct,1,dynamic_sensitivity_100d_4pct_hdd,100,43,1000000,5000,1.0,health_ec,15.0,18,900000,950000,96,healthy,98,healthy,0,12.5,16.8,18.9,200093,0.0,93,93,75,0,0,0
slow_ratio_4pct_base,slow_ratio,4pct,1,dynamic_sensitivity_100d_4pct_hdd,100,43,1000000,5000,1.0,health_ec,15.0,19,950000,1000000,96,healthy,98,healthy,0,12.5,16.8,18.7,200030,0.0,30,30,27,0,0,0
slow_ratio_4pct_base,slow_ratio,4pct,1,dynamic_sensitivity_100d_4pct_hdd,100,44,1000000,5000,1.0,vanilla_ec,15.0,0,0,50000,96,healthy,98,healthy,0,12.5,16.8,18.8,200000,0.0,0,0,0,0,0,0
slow_ratio_4pct_base,slow_ratio,4pct,1,dynamic_sensitivity_100d_4pct_hdd,100,44,1000000,5000,1.0,vanilla_ec,15.0,1,50000,100000,96,healthy,98,healthy,0,12.5,16.8,18.7,200000,0.0,0,0,0,0,0,0
slow_ratio_4pct_base,slow_ratio,4pct,1,dynamic_sensitivity_100d_4pct_hdd,100,44,1000000,5000,1.0,vanilla_ec,15.0,2,100000,150000,96,healthy,98,healthy,0,12.5,16.8,18.8,200000,0.0,0,0,0,0,0,0
slow_ratio_4pct_base,slow_ratio,4pct,1,dynamic_sensitivity_100d_4pct_hdd,100,44,1000000,5000,1.0,vanilla_ec,15.0,3,150000,200000,96,mild_slow,98,healthy,2,12.6,17.9,31.1,200000,0.0,0,0,0,0,0,0
slow_ratio_4pct_base,slow_ratio,4pct,1,dynamic_sensitivity_100d_4pct_hdd,100,44,1000000,5000,1.0,vanilla_ec,15.0,4,200000,250000,96,mild_slow,98,healthy,2,12.6,17.8,31.3,200000,0.0,0,0,0,0,0,0
slow_ratio_4pct_base,slow_ratio,4pct,1,dynamic_sensitivity_100d_4pct_hdd,100,44,1000000,5000,1.0,vanilla_ec,15.0,5,250000,300000,96,mild_slow,98,healthy,2,12.6,17.8,31.2,200000,0.0,0,0,0,0,0,0
slow_ratio_4pct_base,slow_ratio,4pct,1,dynamic_sensitivity_100d_4pct_hdd,100,44,1000000,5000,1.0,vanilla_ec,15.0,6,300000,350000,96,severe_slow,98,healthy,2,12.6,17.9,71.9,200000,0.0,0,0,0,0,0,0
slow_ratio_4pct_base,slow_ratio,4pct,1,dynamic_sensitivity_100d_4pct_hdd,100,44,1000000,5000,1.0,vanilla_ec,15.0,7,350000,400000,96,severe_slow,98,healthy,2,12.6,17.9,71.4,200000,0.0,0,0,0,0,0,0
slow_ratio_4pct_base,slow_ratio,4pct,1,dynamic_sensitivity_100d_4pct_hdd,100,44,1000000,5000,1.0,vanilla_ec,15.0,8,400000,450000,96,severe_slow,98,healthy,2,12.6,17.9,72.0,200000,0.0,0,0,0,0,0,0
slow_ratio_4pct_base,slow_ratio,4pct,1,dynamic_sensitivity_100d_4pct_hdd,100,44,1000000,5000,1.0,vanilla_ec,15.0,9,450000,500000,96,recovery,98,mild_slow,2,12.6,18.0,31.5,200000,0.0,0,0,0,0,0,0
slow_ratio_4pct_base,slow_ratio,4pct,1,dynamic_sensitivity_100d_4pct_hdd,100,44,1000000,5000,1.0,vanilla_ec,15.0,10,500000,550000,96,recovery,98,mild_slow,2,12.6,18.2,32.2,200000,0.0,0,0,0,0,0,0
slow_ratio_4pct_base,slow_ratio,4pct,1,dynamic_sensitivity_100d_4pct_hdd,100,44,1000000,5000,1.0,vanilla_ec,15.0,11,550000,600000,96,healthy,98,severe_slow,2,12.6,18.0,73.3,200000,0.0,0,0,0,0,0,0
slow_ratio_4pct_base,slow_ratio,4pct,1,dynamic_sensitivity_100d_4pct_hdd,100,44,1000000,5000,1.0,vanilla_ec,15.0,12,600000,650000,96,healthy,98,severe_slow,2,12.6,18.0,74.3,200000,0.0,0,0,0,0,0,0
slow_ratio_4pct_base,slow_ratio,4pct,1,dynamic_sensitivity_100d_4pct_hdd,100,44,1000000,5000,1.0,vanilla_ec,15.0,13,650000,700000,96,healthy,98,severe_slow,2,12.6,18.0,73.1,200000,0.0,0,0,0,0,0,0
slow_ratio_4pct_base,slow_ratio,4pct,1,dynamic_sensitivity_100d_4pct_hdd,100,44,1000000,5000,1.0,vanilla_ec,15.0,14,700000,750000,96,mild_slow,98,recovery,2,12.6,18.0,30.8,200000,0.0,0,0,0,0,0,0
slow_ratio_4pct_base,slow_ratio,4pct,1,dynamic_sensitivity_100d_4pct_hdd,100,44,1000000,5000,1.0,vanilla_ec,15.0,15,750000,800000,96,recovery,98,recovery,0,12.6,17.5,20.6,200000,0.0,0,0,0,0,0,0
slow_ratio_4pct_base,slow_ratio,4pct,1,dynamic_sensitivity_100d_4pct_hdd,100,44,1000000,5000,1.0,vanilla_ec,15.0,16,800000,850000,96,healthy,98,healthy,0,12.5,16.8,18.8,200000,0.0,0,0,0,0,0,0
slow_ratio_4pct_base,slow_ratio,4pct,1,dynamic_sensitivity_100d_4pct_hdd,100,44,1000000,5000,1.0,vanilla_ec,15.0,17,850000,900000,96,healthy,98,healthy,0,12.5,16.8,18.8,200000,0.0,0,0,0,0,0,0
slow_ratio_4pct_base,slow_ratio,4pct,1,dynamic_sensitivity_100d_4pct_hdd,100,44,1000000,5000,1.0,vanilla_ec,15.0,18,900000,950000,96,healthy,98,healthy,0,12.5,16.9,18.8,200000,0.0,0,0,0,0,0,0
slow_ratio_4pct_base,slow_ratio,4pct,1,dynamic_sensitivity_100d_4pct_hdd,100,44,1000000,5000,1.0,vanilla_ec,15.0,19,950000,1000000,96,healthy,98,healthy,0,12.5,16.9,18.9,200000,0.0,0,0,0,0,0,0
slow_ratio_4pct_base,slow_ratio,4pct,1,dynamic_sensitivity_100d_4pct_hdd,100,44,1000000,5000,1.0,late_binding,15.0,0,0,50000,96,healthy,98,healthy,0,10.7,14.0,15.4,250000,25.0,50000,50000,39978,0,0,0
slow_ratio_4pct_base,slow_ratio,4pct,1,dynamic_sensitivity_100d_4pct_hdd,100,44,1000000,5000,1.0,late_binding,15.0,1,50000,100000,96,healthy,98,healthy,0,10.7,14.0,15.4,250000,25.0,50000,50000,40008,0,0,0
slow_ratio_4pct_base,slow_ratio,4pct,1,dynamic_sensitivity_100d_4pct_hdd,100,44,1000000,5000,1.0,late_binding,15.0,2,100000,150000,96,healthy,98,healthy,0,10.7,14.0,15.5,250000,25.0,50000,50000,39927,0,0,0
slow_ratio_4pct_base,slow_ratio,4pct,1,dynamic_sensitivity_100d_4pct_hdd,100,44,1000000,5000,1.0,late_binding,15.0,3,150000,200000,96,mild_slow,98,healthy,2,10.8,14.6,22.0,250000,25.0,50000,50000,39933,0,0,0
slow_ratio_4pct_base,slow_ratio,4pct,1,dynamic_sensitivity_100d_4pct_hdd,100,44,1000000,5000,1.0,late_binding,15.0,4,200000,250000,96,mild_slow,98,healthy,2,10.8,14.6,22.2,250000,25.0,50000,50000,39933,0,0,0
slow_ratio_4pct_base,slow_ratio,4pct,1,dynamic_sensitivity_100d_4pct_hdd,100,44,1000000,5000,1.0,late_binding,15.0,5,250000,300000,96,mild_slow,98,healthy,2,10.8,14.6,22.7,250000,25.0,50000,50000,39804,0,0,0
slow_ratio_4pct_base,slow_ratio,4pct,1,dynamic_sensitivity_100d_4pct_hdd,100,44,1000000,5000,1.0,late_binding,15.0,6,300000,350000,96,severe_slow,98,healthy,2,10.8,14.9,51.5,250000,25.0,50000,50000,39718,0,0,0
slow_ratio_4pct_base,slow_ratio,4pct,1,dynamic_sensitivity_100d_4pct_hdd,100,44,1000000,5000,1.0,late_binding,15.0,7,350000,400000,96,severe_slow,98,healthy,2,10.8,14.8,50.9,250000,25.0,50000,50000,39657,0,0,0
slow_ratio_4pct_base,slow_ratio,4pct,1,dynamic_sensitivity_100d_4pct_hdd,100,44,1000000,5000,1.0,late_binding,15.0,8,400000,450000,96,severe_slow,98,healthy,2,10.8,14.9,51.1,250000,25.0,50000,50000,39743,0,0,0
slow_ratio_4pct_base,slow_ratio,4pct,1,dynamic_sensitivity_100d_4pct_hdd,100,44,1000000,5000,1.0,late_binding,15.0,9,450000,500000,96,recovery,98,mild_slow,2,10.8,15.0,23.1,250000,25.0,50000,50000,39804,0,0,0
slow_ratio_4pct_base,slow_ratio,4pct,1,dynamic_sensitivity_100d_4pct_hdd,100,44,1000000,5000,1.0,late_binding,15.0,10,500000,550000,96,recovery,98,mild_slow,2,10.8,15.0,23.7,250000,25.0,50000,50000,39727,0,0,0
slow_ratio_4pct_base,slow_ratio,4pct,1,dynamic_sensitivity_100d_4pct_hdd,100,44,1000000,5000,1.0,late_binding,15.0,11,550000,600000,96,healthy,98,severe_slow,2,10.8,14.9,52.5,250000,25.0,50000,50000,39887,0,0,0
slow_ratio_4pct_base,slow_ratio,4pct,1,dynamic_sensitivity_100d_4pct_hdd,100,44,1000000,5000,1.0,late_binding,15.0,12,600000,650000,96,healthy,98,severe_slow,2,10.8,15.0,53.0,250000,25.0,50000,50000,39855,0,0,0
slow_ratio_4pct_base,slow_ratio,4pct,1,dynamic_sensitivity_100d_4pct_hdd,100,44,1000000,5000,1.0,late_binding,15.0,13,650000,700000,96,healthy,98,severe_slow,2,10.8,14.9,52.6,250000,25.0,50000,50000,39732,0,0,0
slow_ratio_4pct_base,slow_ratio,4pct,1,dynamic_sensitivity_100d_4pct_hdd,100,44,1000000,5000,1.0,late_binding,15.0,14,700000,750000,96,mild_slow,98,recovery,2,10.8,14.8,22.3,250000,25.0,50000,50000,39958,0,0,0
slow_ratio_4pct_base,slow_ratio,4pct,1,dynamic_sensitivity_100d_4pct_hdd,100,44,1000000,5000,1.0,late_binding,15.0,15,750000,800000,96,recovery,98,recovery,0,10.8,14.5,16.7,250000,25.0,50000,50000,39896,0,0,0
slow_ratio_4pct_base,slow_ratio,4pct,1,dynamic_sensitivity_100d_4pct_hdd,100,44,1000000,5000,1.0,late_binding,15.0,16,800000,850000,96,healthy,98,healthy,0,10.7,14.0,15.5,250000,25.0,50000,50000,40014,0,0,0
slow_ratio_4pct_base,slow_ratio,4pct,1,dynamic_sensitivity_100d_4pct_hdd,100,44,1000000,5000,1.0,late_binding,15.0,17,850000,900000,96,healthy,98,healthy,0,10.7,14.0,15.4,250000,25.0,50000,50000,39891,0,0,0
slow_ratio_4pct_base,slow_ratio,4pct,1,dynamic_sensitivity_100d_4pct_hdd,100,44,1000000,5000,1.0,late_binding,15.0,18,900000,950000,96,healthy,98,healthy,0,10.7,14.0,15.5,250000,25.0,50000,50000,39817,0,0,0
slow_ratio_4pct_base,slow_ratio,4pct,1,dynamic_sensitivity_100d_4pct_hdd,100,44,1000000,5000,1.0,late_binding,15.0,19,950000,1000000,96,healthy,98,healthy,0,10.7,14.0,15.5,250000,25.0,50000,50000,40068,0,0,0
slow_ratio_4pct_base,slow_ratio,4pct,1,dynamic_sensitivity_100d_4pct_hdd,100,44,1000000,5000,1.0,timeout_degraded_read,15.0,0,0,50000,96,healthy,98,healthy,0,12.5,16.8,18.8,208033,4.0,8033,8033,184,0,0,0
slow_ratio_4pct_base,slow_ratio,4pct,1,dynamic_sensitivity_100d_4pct_hdd,100,44,1000000,5000,1.0,timeout_degraded_read,15.0,1,50000,100000,96,healthy,98,healthy,0,12.5,16.8,18.7,208137,4.1,8137,8137,165,0,0,0
slow_ratio_4pct_base,slow_ratio,4pct,1,dynamic_sensitivity_100d_4pct_hdd,100,44,1000000,5000,1.0,timeout_degraded_read,15.0,2,100000,150000,96,healthy,98,healthy,0,12.5,16.8,18.7,208104,4.1,8104,8104,193,0,0,0
slow_ratio_4pct_base,slow_ratio,4pct,1,dynamic_sensitivity_100d_4pct_hdd,100,44,1000000,5000,1.0,timeout_degraded_read,15.0,3,150000,200000,96,mild_slow,98,healthy,2,12.6,17.8,25.4,209204,4.6,9204,9204,1264,0,0,0
slow_ratio_4pct_base,slow_ratio,4pct,1,dynamic_sensitivity_100d_4pct_hdd,100,44,1000000,5000,1.0,timeout_degraded_read,15.0,4,200000,250000,96,mild_slow,98,healthy,2,12.6,17.7,25.5,209363,4.7,9363,9363,1215,0,0,0
slow_ratio_4pct_base,slow_ratio,4pct,1,dynamic_sensitivity_100d_4pct_hdd,100,44,1000000,5000,1.0,timeout_degraded_read,15.0,5,250000,300000,96,mild_slow,98,healthy,2,12.6,17.7,25.6,209151,4.6,9151,9151,1211,0,0,0
slow_ratio_4pct_base,slow_ratio,4pct,1,dynamic_sensitivity_100d_4pct_hdd,100,44,1000000,5000,1.0,timeout_degraded_read,15.0,6,300000,350000,96,severe_slow,98,healthy,2,12.6,17.9,51.5,209358,4.7,9358,9358,1622,0,0,0
slow_ratio_4pct_base,slow_ratio,4pct,1,dynamic_sensitivity_100d_4pct_hdd,100,44,1000000,5000,1.0,timeout_degraded_read,15.0,7,350000,400000,96,severe_slow,98,healthy,2,12.6,17.8,50.9,209357,4.7,9357,9357,1533,0,0,0
slow_ratio_4pct_base,slow_ratio,4pct,1,dynamic_sensitivity_100d_4pct_hdd,100,44,1000000,5000,1.0,timeout_degraded_read,15.0,8,400000,450000,96,severe_slow,98,healthy,2,12.6,17.8,51.1,209351,4.7,9351,9351,1561,0,0,0
slow_ratio_4pct_base,slow_ratio,4pct,1,dynamic_sensitivity_100d_4pct_hdd,100,44,1000000,5000,1.0,timeout_degraded_read,15.0,9,450000,500000,96,recovery,98,mild_slow,2,12.6,18.0,25.9,209576,4.8,9576,9576,1258,0,0,0
slow_ratio_4pct_base,slow_ratio,4pct,1,dynamic_sensitivity_100d_4pct_hdd,100,44,1000000,5000,1.0,timeout_degraded_read,15.0,10,500000,550000,96,recovery,98,mild_slow,2,12.6,18.1,26.0,209749,4.9,9749,9749,1357,0,0,0
slow_ratio_4pct_base,slow_ratio,4pct,1,dynamic_sensitivity_100d_4pct_hdd,100,44,1000000,5000,1.0,timeout_degraded_read,15.0,11,550000,600000,96,healthy,98,severe_slow,2,12.6,18.0,52.5,209426,4.7,9426,9426,1755,0,0,0
slow_ratio_4pct_base,slow_ratio,4pct,1,dynamic_sensitivity_100d_4pct_hdd,100,44,1000000,5000,1.0,timeout_degraded_read,15.0,12,600000,650000,96,healthy,98,severe_slow,2,12.6,18.0,53.0,209504,4.8,9504,9504,1746,0,0,0
slow_ratio_4pct_base,slow_ratio,4pct,1,dynamic_sensitivity_100d_4pct_hdd,100,44,1000000,5000,1.0,timeout_degraded_read,15.0,13,650000,700000,96,healthy,98,severe_slow,2,12.6,17.9,52.6,209190,4.6,9190,9190,1697,0,0,0
slow_ratio_4pct_base,slow_ratio,4pct,1,dynamic_sensitivity_100d_4pct_hdd,100,44,1000000,5000,1.0,timeout_degraded_read,15.0,14,700000,750000,96,mild_slow,98,recovery,2,12.6,17.9,26.1,209461,4.7,9461,9461,1118,0,0,0
slow_ratio_4pct_base,slow_ratio,4pct,1,dynamic_sensitivity_100d_4pct_hdd,100,44,1000000,5000,1.0,timeout_degraded_read,15.0,15,750000,800000,96,recovery,98,recovery,0,12.6,17.4,20.3,209263,4.6,9263,9263,361,0,0,0
slow_ratio_4pct_base,slow_ratio,4pct,1,dynamic_sensitivity_100d_4pct_hdd,100,44,1000000,5000,1.0,timeout_degraded_read,15.0,16,800000,850000,96,healthy,98,healthy,0,12.5,16.8,18.8,208040,4.0,8040,8040,191,0,0,0
slow_ratio_4pct_base,slow_ratio,4pct,1,dynamic_sensitivity_100d_4pct_hdd,100,44,1000000,5000,1.0,timeout_degraded_read,15.0,17,850000,900000,96,healthy,98,healthy,0,12.5,16.8,18.7,208057,4.0,8057,8057,162,0,0,0
slow_ratio_4pct_base,slow_ratio,4pct,1,dynamic_sensitivity_100d_4pct_hdd,100,44,1000000,5000,1.0,timeout_degraded_read,15.0,18,900000,950000,96,healthy,98,healthy,0,12.5,16.8,18.8,208090,4.0,8090,8090,175,0,0,0
slow_ratio_4pct_base,slow_ratio,4pct,1,dynamic_sensitivity_100d_4pct_hdd,100,44,1000000,5000,1.0,timeout_degraded_read,15.0,19,950000,1000000,96,healthy,98,healthy,0,12.5,16.8,18.8,208183,4.1,8183,8183,197,0,0,0
slow_ratio_4pct_base,slow_ratio,4pct,1,dynamic_sensitivity_100d_4pct_hdd,100,44,1000000,5000,1.0,health_ec,15.0,0,0,50000,96,healthy,98,healthy,0,12.5,16.8,18.8,200000,0.0,0,0,0,0,0,0
slow_ratio_4pct_base,slow_ratio,4pct,1,dynamic_sensitivity_100d_4pct_hdd,100,44,1000000,5000,1.0,health_ec,15.0,1,50000,100000,96,healthy,98,healthy,0,12.5,16.8,18.7,200000,0.0,0,0,0,0,0,0
slow_ratio_4pct_base,slow_ratio,4pct,1,dynamic_sensitivity_100d_4pct_hdd,100,44,1000000,5000,1.0,health_ec,15.0,2,100000,150000,96,healthy,98,healthy,0,12.5,16.8,18.8,200000,0.0,0,0,0,0,0,0
slow_ratio_4pct_base,slow_ratio,4pct,1,dynamic_sensitivity_100d_4pct_hdd,100,44,1000000,5000,1.0,health_ec,15.0,3,150000,200000,96,mild_slow,98,healthy,2,12.6,17.5,25.7,200524,0.3,524,524,524,2,2,0
slow_ratio_4pct_base,slow_ratio,4pct,1,dynamic_sensitivity_100d_4pct_hdd,100,44,1000000,5000,1.0,health_ec,15.0,4,200000,250000,96,mild_slow,98,healthy,2,12.5,17.3,23.0,200709,0.4,709,709,707,0,0,0
slow_ratio_4pct_base,slow_ratio,4pct,1,dynamic_sensitivity_100d_4pct_hdd,100,44,1000000,5000,1.0,health_ec,15.0,5,250000,300000,96,mild_slow,98,healthy,2,12.5,17.3,23.3,200762,0.4,762,762,759,0,0,0
slow_ratio_4pct_base,slow_ratio,4pct,1,dynamic_sensitivity_100d_4pct_hdd,100,44,1000000,5000,1.0,health_ec,15.0,6,300000,350000,96,severe_slow,98,healthy,2,12.6,17.6,49.4,200966,0.5,966,966,966,0,0,0
slow_ratio_4pct_base,slow_ratio,4pct,1,dynamic_sensitivity_100d_4pct_hdd,100,44,1000000,5000,1.0,health_ec,15.0,7,350000,400000,96,severe_slow,98,healthy,2,12.6,17.5,47.5,200981,0.5,981,981,981,0,0,0
slow_ratio_4pct_base,slow_ratio,4pct,1,dynamic_sensitivity_100d_4pct_hdd,100,44,1000000,5000,1.0,health_ec,15.0,8,400000,450000,96,severe_slow,98,healthy,2,12.5,17.5,47.3,201054,0.5,1054,1054,1054,0,0,0
slow_ratio_4pct_base,slow_ratio,4pct,1,dynamic_sensitivity_100d_4pct_hdd,100,44,1000000,5000,1.0,health_ec,15.0,9,450000,500000,96,recovery,98,mild_slow,2,12.6,17.5,24.1,201277,0.6,1277,1277,939,2,2,0
slow_ratio_4pct_base,slow_ratio,4pct,1,dynamic_sensitivity_100d_4pct_hdd,100,44,1000000,5000,1.0,health_ec,15.0,10,500000,550000,96,recovery,98,mild_slow,2,12.6,17.5,23.7,201307,0.7,1307,1307,1091,0,0,0
slow_ratio_4pct_base,slow_ratio,4pct,1,dynamic_sensitivity_100d_4pct_hdd,100,44,1000000,5000,1.0,health_ec,15.0,11,550000,600000,96,healthy,98,severe_slow,2,12.6,17.6,49.5,201162,0.6,1162,1162,1015,2,1,0
slow_ratio_4pct_base,slow_ratio,4pct,1,dynamic_sensitivity_100d_4pct_hdd,100,44,1000000,5000,1.0,health_ec,15.0,12,600000,650000,96,healthy,98,severe_slow,2,12.6,17.5,48.1,201096,0.5,1096,1096,1035,0,0,0
slow_ratio_4pct_base,slow_ratio,4pct,1,dynamic_sensitivity_100d_4pct_hdd,100,44,1000000,5000,1.0,health_ec,15.0,13,650000,700000,96,healthy,98,severe_slow,2,12.5,17.4,46.9,201038,0.5,1038,1038,1004,0,0,0
slow_ratio_4pct_base,slow_ratio,4pct,1,dynamic_sensitivity_100d_4pct_hdd,100,44,1000000,5000,1.0,health_ec,15.0,14,700000,750000,96,mild_slow,98,recovery,2,12.6,17.4,23.0,201195,0.6,1195,1195,1159,0,0,0
slow_ratio_4pct_base,slow_ratio,4pct,1,dynamic_sensitivity_100d_4pct_hdd,100,44,1000000,5000,1.0,health_ec,15.0,15,750000,800000,96,recovery,98,recovery,0,12.5,17.0,19.2,200991,0.5,991,991,890,0,0,0
slow_ratio_4pct_base,slow_ratio,4pct,1,dynamic_sensitivity_100d_4pct_hdd,100,44,1000000,5000,1.0,health_ec,15.0,16,800000,850000,96,healthy,98,healthy,0,12.5,16.8,18.8,200578,0.3,578,578,457,0,0,0
slow_ratio_4pct_base,slow_ratio,4pct,1,dynamic_sensitivity_100d_4pct_hdd,100,44,1000000,5000,1.0,health_ec,15.0,17,850000,900000,96,healthy,98,healthy,0,12.5,16.8,18.8,200237,0.1,237,237,187,0,0,0
slow_ratio_4pct_base,slow_ratio,4pct,1,dynamic_sensitivity_100d_4pct_hdd,100,44,1000000,5000,1.0,health_ec,15.0,18,900000,950000,96,healthy,98,healthy,0,12.5,16.8,18.8,200081,0.0,81,81,65,0,0,0
slow_ratio_4pct_base,slow_ratio,4pct,1,dynamic_sensitivity_100d_4pct_hdd,100,44,1000000,5000,1.0,health_ec,15.0,19,950000,1000000,96,healthy,98,healthy,0,12.5,16.9,18.9,200037,0.0,37,37,31,0,0,0
slow_ratio_10pct,slow_ratio,10pct,1,dynamic_sensitivity_100d_10pct_hdd,100,42,1000000,5000,1.0,vanilla_ec,15.0,0,0,50000,90,healthy,95,healthy,0,12.5,16.8,18.8,200000,0.0,0,0,0,0,0,0
slow_ratio_10pct,slow_ratio,10pct,1,dynamic_sensitivity_100d_10pct_hdd,100,42,1000000,5000,1.0,vanilla_ec,15.0,1,50000,100000,90,healthy,95,healthy,0,12.5,16.8,18.9,200000,0.0,0,0,0,0,0,0
slow_ratio_10pct,slow_ratio,10pct,1,dynamic_sensitivity_100d_10pct_hdd,100,42,1000000,5000,1.0,vanilla_ec,15.0,2,100000,150000,90,healthy,95,healthy,0,12.5,16.8,18.8,200000,0.0,0,0,0,0,0,0
slow_ratio_10pct,slow_ratio,10pct,1,dynamic_sensitivity_100d_10pct_hdd,100,42,1000000,5000,1.0,vanilla_ec,15.0,3,150000,200000,90,mild_slow,95,healthy,5,12.7,20.7,36.7,200000,0.0,0,0,0,0,0,0
slow_ratio_10pct,slow_ratio,10pct,1,dynamic_sensitivity_100d_10pct_hdd,100,42,1000000,5000,1.0,vanilla_ec,15.0,4,200000,250000,90,mild_slow,95,healthy,5,12.7,20.4,36.0,200000,0.0,0,0,0,0,0,0
slow_ratio_10pct,slow_ratio,10pct,1,dynamic_sensitivity_100d_10pct_hdd,100,42,1000000,5000,1.0,vanilla_ec,15.0,5,250000,300000,90,mild_slow,95,healthy,5,12.7,20.2,35.6,200000,0.0,0,0,0,0,0,0
slow_ratio_10pct,slow_ratio,10pct,1,dynamic_sensitivity_100d_10pct_hdd,100,42,1000000,5000,1.0,vanilla_ec,15.0,6,300000,350000,90,severe_slow,95,healthy,5,12.7,38.9,84.7,200000,0.0,0,0,0,0,0,0
slow_ratio_10pct,slow_ratio,10pct,1,dynamic_sensitivity_100d_10pct_hdd,100,42,1000000,5000,1.0,vanilla_ec,15.0,7,350000,400000,90,severe_slow,95,healthy,5,12.7,43.0,85.5,200000,0.0,0,0,0,0,0,0
slow_ratio_10pct,slow_ratio,10pct,1,dynamic_sensitivity_100d_10pct_hdd,100,42,1000000,5000,1.0,vanilla_ec,15.0,8,400000,450000,90,severe_slow,95,healthy,5,12.7,47.4,85.6,200000,0.0,0,0,0,0,0,0
slow_ratio_10pct,slow_ratio,10pct,1,dynamic_sensitivity_100d_10pct_hdd,100,42,1000000,5000,1.0,vanilla_ec,15.0,9,450000,500000,90,recovery,95,mild_slow,5,12.8,22.8,36.5,200000,0.0,0,0,0,0,0,0
slow_ratio_10pct,slow_ratio,10pct,1,dynamic_sensitivity_100d_10pct_hdd,100,42,1000000,5000,1.0,vanilla_ec,15.0,10,500000,550000,90,recovery,95,mild_slow,5,12.8,22.1,36.3,200000,0.0,0,0,0,0,0,0
slow_ratio_10pct,slow_ratio,10pct,1,dynamic_sensitivity_100d_10pct_hdd,100,42,1000000,5000,1.0,vanilla_ec,15.0,11,550000,600000,90,healthy,95,severe_slow,5,12.7,44.2,85.5,200000,0.0,0,0,0,0,0,0
slow_ratio_10pct,slow_ratio,10pct,1,dynamic_sensitivity_100d_10pct_hdd,100,42,1000000,5000,1.0,vanilla_ec,15.0,12,600000,650000,90,healthy,95,severe_slow,5,12.7,44.8,86.4,200000,0.0,0,0,0,0,0,0
slow_ratio_10pct,slow_ratio,10pct,1,dynamic_sensitivity_100d_10pct_hdd,100,42,1000000,5000,1.0,vanilla_ec,15.0,13,650000,700000,90,healthy,95,severe_slow,5,12.7,46.0,84.8,200000,0.0,0,0,0,0,0,0
slow_ratio_10pct,slow_ratio,10pct,1,dynamic_sensitivity_100d_10pct_hdd,100,42,1000000,5000,1.0,vanilla_ec,15.0,14,700000,750000,90,mild_slow,95,recovery,5,12.7,22.4,36.0,200000,0.0,0,0,0,0,0,0
slow_ratio_10pct,slow_ratio,10pct,1,dynamic_sensitivity_100d_10pct_hdd,100,42,1000000,5000,1.0,vanilla_ec,15.0,15,750000,800000,90,recovery,95,recovery,0,12.8,18.5,22.7,200000,0.0,0,0,0,0,0,0
slow_ratio_10pct,slow_ratio,10pct,1,dynamic_sensitivity_100d_10pct_hdd,100,42,1000000,5000,1.0,vanilla_ec,15.0,16,800000,850000,90,healthy,95,healthy,0,12.5,16.8,18.9,200000,0.0,0,0,0,0,0,0
slow_ratio_10pct,slow_ratio,10pct,1,dynamic_sensitivity_100d_10pct_hdd,100,42,1000000,5000,1.0,vanilla_ec,15.0,17,850000,900000,90,healthy,95,healthy,0,12.5,16.8,18.8,200000,0.0,0,0,0,0,0,0
slow_ratio_10pct,slow_ratio,10pct,1,dynamic_sensitivity_100d_10pct_hdd,100,42,1000000,5000,1.0,vanilla_ec,15.0,18,900000,950000,90,healthy,95,healthy,0,12.5,16.8,18.8,200000,0.0,0,0,0,0,0,0
slow_ratio_10pct,slow_ratio,10pct,1,dynamic_sensitivity_100d_10pct_hdd,100,42,1000000,5000,1.0,vanilla_ec,15.0,19,950000,1000000,90,healthy,95,healthy,0,12.5,16.8,18.9,200000,0.0,0,0,0,0,0,0
slow_ratio_10pct,slow_ratio,10pct,1,dynamic_sensitivity_100d_10pct_hdd,100,42,1000000,5000,1.0,late_binding,15.0,0,0,50000,90,healthy,95,healthy,0,10.7,14.0,15.4,250000,25.0,50000,50000,39904,0,0,0
slow_ratio_10pct,slow_ratio,10pct,1,dynamic_sensitivity_100d_10pct_hdd,100,42,1000000,5000,1.0,late_binding,15.0,1,50000,100000,90,healthy,95,healthy,0,10.7,14.0,15.5,250000,25.0,50000,50000,40119,0,0,0
slow_ratio_10pct,slow_ratio,10pct,1,dynamic_sensitivity_100d_10pct_hdd,100,42,1000000,5000,1.0,late_binding,15.0,2,100000,150000,90,healthy,95,healthy,0,10.7,14.0,15.4,250000,25.0,50000,50000,40024,0,0,0
slow_ratio_10pct,slow_ratio,10pct,1,dynamic_sensitivity_100d_10pct_hdd,100,42,1000000,5000,1.0,late_binding,15.0,3,150000,200000,90,mild_slow,95,healthy,5,10.8,15.7,29.8,250000,25.0,50000,50000,39636,0,0,0
slow_ratio_10pct,slow_ratio,10pct,1,dynamic_sensitivity_100d_10pct_hdd,100,42,1000000,5000,1.0,late_binding,15.0,4,200000,250000,90,mild_slow,95,healthy,5,10.8,15.7,29.4,250000,25.0,50000,50000,39641,0,0,0
slow_ratio_10pct,slow_ratio,10pct,1,dynamic_sensitivity_100d_10pct_hdd,100,42,1000000,5000,1.0,late_binding,15.0,5,250000,300000,90,mild_slow,95,healthy,5,10.8,15.7,29.9,250000,25.0,50000,50000,39673,0,0,0
slow_ratio_10pct,slow_ratio,10pct,1,dynamic_sensitivity_100d_10pct_hdd,100,42,1000000,5000,1.0,late_binding,15.0,6,300000,350000,90,severe_slow,95,healthy,5,10.8,15.8,68.3,250000,25.0,50000,50000,39616,0,0,0
slow_ratio_10pct,slow_ratio,10pct,1,dynamic_sensitivity_100d_10pct_hdd,100,42,1000000,5000,1.0,late_binding,15.0,7,350000,400000,90,severe_slow,95,healthy,5,10.8,15.9,69.1,250000,25.0,50000,50000,39615,0,0,0
slow_ratio_10pct,slow_ratio,10pct,1,dynamic_sensitivity_100d_10pct_hdd,100,42,1000000,5000,1.0,late_binding,15.0,8,400000,450000,90,severe_slow,95,healthy,5,10.9,16.1,68.4,250000,25.0,50000,50000,39670,0,0,0
slow_ratio_10pct,slow_ratio,10pct,1,dynamic_sensitivity_100d_10pct_hdd,100,42,1000000,5000,1.0,late_binding,15.0,9,450000,500000,90,recovery,95,mild_slow,5,10.9,18.5,29.3,250000,25.0,50000,50000,39844,0,0,0
slow_ratio_10pct,slow_ratio,10pct,1,dynamic_sensitivity_100d_10pct_hdd,100,42,1000000,5000,1.0,late_binding,15.0,10,500000,550000,90,recovery,95,mild_slow,5,10.9,17.7,29.2,250000,25.0,50000,50000,39842,0,0,0
slow_ratio_10pct,slow_ratio,10pct,1,dynamic_sensitivity_100d_10pct_hdd,100,42,1000000,5000,1.0,late_binding,15.0,11,550000,600000,90,healthy,95,severe_slow,5,10.9,29.8,67.9,250000,25.0,50000,50000,40029,0,0,0
slow_ratio_10pct,slow_ratio,10pct,1,dynamic_sensitivity_100d_10pct_hdd,100,42,1000000,5000,1.0,late_binding,15.0,12,600000,650000,90,healthy,95,severe_slow,5,10.8,32.5,67.3,250000,25.0,50000,50000,40214,0,0,0
slow_ratio_10pct,slow_ratio,10pct,1,dynamic_sensitivity_100d_10pct_hdd,100,42,1000000,5000,1.0,late_binding,15.0,13,650000,700000,90,healthy,95,severe_slow,5,10.8,33.6,67.8,250000,25.0,50000,50000,40006,0,0,0
slow_ratio_10pct,slow_ratio,10pct,1,dynamic_sensitivity_100d_10pct_hdd,100,42,1000000,5000,1.0,late_binding,15.0,14,700000,750000,90,mild_slow,95,recovery,5,10.9,17.8,29.8,250000,25.0,50000,50000,39872,0,0,0
slow_ratio_10pct,slow_ratio,10pct,1,dynamic_sensitivity_100d_10pct_hdd,100,42,1000000,5000,1.0,late_binding,15.0,15,750000,800000,90,recovery,95,recovery,0,10.9,15.4,18.8,250000,25.0,50000,50000,39907,0,0,0
slow_ratio_10pct,slow_ratio,10pct,1,dynamic_sensitivity_100d_10pct_hdd,100,42,1000000,5000,1.0,late_binding,15.0,16,800000,850000,90,healthy,95,healthy,0,10.7,14.0,15.4,250000,25.0,50000,50000,39820,0,0,0
slow_ratio_10pct,slow_ratio,10pct,1,dynamic_sensitivity_100d_10pct_hdd,100,42,1000000,5000,1.0,late_binding,15.0,17,850000,900000,90,healthy,95,healthy,0,10.7,14.0,15.4,250000,25.0,50000,50000,40051,0,0,0
slow_ratio_10pct,slow_ratio,10pct,1,dynamic_sensitivity_100d_10pct_hdd,100,42,1000000,5000,1.0,late_binding,15.0,18,900000,950000,90,healthy,95,healthy,0,10.7,14.0,15.5,250000,25.0,50000,50000,40025,0,0,0
slow_ratio_10pct,slow_ratio,10pct,1,dynamic_sensitivity_100d_10pct_hdd,100,42,1000000,5000,1.0,late_binding,15.0,19,950000,1000000,90,healthy,95,healthy,0,10.7,14.0,15.4,250000,25.0,50000,50000,40010,0,0,0
slow_ratio_10pct,slow_ratio,10pct,1,dynamic_sensitivity_100d_10pct_hdd,100,42,1000000,5000,1.0,timeout_degraded_read,15.0,0,0,50000,90,healthy,95,healthy,0,12.5,16.8,18.7,208081,4.0,8081,8081,182,0,0,0
slow_ratio_10pct,slow_ratio,10pct,1,dynamic_sensitivity_100d_10pct_hdd,100,42,1000000,5000,1.0,timeout_degraded_read,15.0,1,50000,100000,90,healthy,95,healthy,0,12.5,16.8,18.8,207998,4.0,7998,7998,191,0,0,0
slow_ratio_10pct,slow_ratio,10pct,1,dynamic_sensitivity_100d_10pct_hdd,100,42,1000000,5000,1.0,timeout_degraded_read,15.0,2,100000,150000,90,healthy,95,healthy,0,12.5,16.8,18.7,208051,4.0,8051,8051,198,0,0,0
slow_ratio_10pct,slow_ratio,10pct,1,dynamic_sensitivity_100d_10pct_hdd,100,42,1000000,5000,1.0,timeout_degraded_read,15.0,3,150000,200000,90,mild_slow,95,healthy,5,12.7,20.3,33.2,210332,5.2,10332,10332,1425,0,0,0
slow_ratio_10pct,slow_ratio,10pct,1,dynamic_sensitivity_100d_10pct_hdd,100,42,1000000,5000,1.0,timeout_degraded_read,15.0,4,200000,250000,90,mild_slow,95,healthy,5,12.7,19.9,32.4,210281,5.1,10281,10281,1367,0,0,0
slow_ratio_10pct,slow_ratio,10pct,1,dynamic_sensitivity_100d_10pct_hdd,100,42,1000000,5000,1.0,timeout_degraded_read,15.0,5,250000,300000,90,mild_slow,95,healthy,5,12.7,19.8,32.7,210278,5.1,10278,10278,1335,0,0,0
slow_ratio_10pct,slow_ratio,10pct,1,dynamic_sensitivity_100d_10pct_hdd,100,42,1000000,5000,1.0,timeout_degraded_read,15.0,6,300000,350000,90,severe_slow,95,healthy,5,12.7,21.6,71.9,210230,5.1,10230,10230,2114,0,0,0
slow_ratio_10pct,slow_ratio,10pct,1,dynamic_sensitivity_100d_10pct_hdd,100,42,1000000,5000,1.0,timeout_degraded_read,15.0,7,350000,400000,90,severe_slow,95,healthy,5,12.7,22.6,72.4,210347,5.2,10347,10347,2134,0,0,0
slow_ratio_10pct,slow_ratio,10pct,1,dynamic_sensitivity_100d_10pct_hdd,100,42,1000000,5000,1.0,timeout_degraded_read,15.0,8,400000,450000,90,severe_slow,95,healthy,5,12.7,23.7,72.2,210440,5.2,10440,10440,2249,0,0,0
slow_ratio_10pct,slow_ratio,10pct,1,dynamic_sensitivity_100d_10pct_hdd,100,42,1000000,5000,1.0,timeout_degraded_read,15.0,9,450000,500000,90,recovery,95,mild_slow,5,12.8,22.0,31.7,211232,5.6,11232,11232,1766,0,0,0
slow_ratio_10pct,slow_ratio,10pct,1,dynamic_sensitivity_100d_10pct_hdd,100,42,1000000,5000,1.0,timeout_degraded_read,15.0,10,500000,550000,90,recovery,95,mild_slow,5,12.8,21.4,31.6,211108,5.6,11108,11108,1654,0,0,0
slow_ratio_10pct,slow_ratio,10pct,1,dynamic_sensitivity_100d_10pct_hdd,100,42,1000000,5000,1.0,timeout_degraded_read,15.0,11,550000,600000,90,healthy,95,severe_slow,5,12.7,32.8,70.3,210318,5.2,10318,10318,2208,0,0,0
slow_ratio_10pct,slow_ratio,10pct,1,dynamic_sensitivity_100d_10pct_hdd,100,42,1000000,5000,1.0,timeout_degraded_read,15.0,12,600000,650000,90,healthy,95,severe_slow,5,12.7,35.0,69.7,210352,5.2,10352,10352,2201,0,0,0
slow_ratio_10pct,slow_ratio,10pct,1,dynamic_sensitivity_100d_10pct_hdd,100,42,1000000,5000,1.0,timeout_degraded_read,15.0,13,650000,700000,90,healthy,95,severe_slow,5,12.7,36.1,69.9,210404,5.2,10404,10404,2152,0,0,0
slow_ratio_10pct,slow_ratio,10pct,1,dynamic_sensitivity_100d_10pct_hdd,100,42,1000000,5000,1.0,timeout_degraded_read,15.0,14,700000,750000,90,mild_slow,95,recovery,5,12.7,21.7,33.0,211233,5.6,11233,11233,1286,0,0,0
slow_ratio_10pct,slow_ratio,10pct,1,dynamic_sensitivity_100d_10pct_hdd,100,42,1000000,5000,1.0,timeout_degraded_read,15.0,15,750000,800000,90,recovery,95,recovery,0,12.8,18.4,22.3,210743,5.4,10743,10743,547,0,0,0
slow_ratio_10pct,slow_ratio,10pct,1,dynamic_sensitivity_100d_10pct_hdd,100,42,1000000,5000,1.0,timeout_degraded_read,15.0,16,800000,850000,90,healthy,95,healthy,0,12.5,16.8,18.8,208029,4.0,8029,8029,187,0,0,0
slow_ratio_10pct,slow_ratio,10pct,1,dynamic_sensitivity_100d_10pct_hdd,100,42,1000000,5000,1.0,timeout_degraded_read,15.0,17,850000,900000,90,healthy,95,healthy,0,12.5,16.8,18.7,208054,4.0,8054,8054,201,0,0,0
slow_ratio_10pct,slow_ratio,10pct,1,dynamic_sensitivity_100d_10pct_hdd,100,42,1000000,5000,1.0,timeout_degraded_read,15.0,18,900000,950000,90,healthy,95,healthy,0,12.5,16.8,18.8,208085,4.0,8085,8085,211,0,0,0
slow_ratio_10pct,slow_ratio,10pct,1,dynamic_sensitivity_100d_10pct_hdd,100,42,1000000,5000,1.0,timeout_degraded_read,15.0,19,950000,1000000,90,healthy,95,healthy,0,12.5,16.8,18.8,208170,4.1,8170,8170,193,0,0,0
slow_ratio_10pct,slow_ratio,10pct,1,dynamic_sensitivity_100d_10pct_hdd,100,42,1000000,5000,1.0,health_ec,15.0,0,0,50000,90,healthy,95,healthy,0,12.5,16.8,18.8,200000,0.0,0,0,0,0,0,0
slow_ratio_10pct,slow_ratio,10pct,1,dynamic_sensitivity_100d_10pct_hdd,100,42,1000000,5000,1.0,health_ec,15.0,1,50000,100000,90,healthy,95,healthy,0,12.5,16.8,18.9,200000,0.0,0,0,0,0,0,0
slow_ratio_10pct,slow_ratio,10pct,1,dynamic_sensitivity_100d_10pct_hdd,100,42,1000000,5000,1.0,health_ec,15.0,2,100000,150000,90,healthy,95,healthy,0,12.5,16.8,18.8,200000,0.0,0,0,0,0,0,0
slow_ratio_10pct,slow_ratio,10pct,1,dynamic_sensitivity_100d_10pct_hdd,100,42,1000000,5000,1.0,health_ec,15.0,3,150000,200000,90,mild_slow,95,healthy,5,12.6,18.7,33.1,201072,0.5,1072,1072,993,4,4,0
slow_ratio_10pct,slow_ratio,10pct,1,dynamic_sensitivity_100d_10pct_hdd,100,42,1000000,5000,1.0,health_ec,15.0,4,200000,250000,90,mild_slow,95,healthy,5,12.6,18.3,30.5,201523,0.8,1523,1523,1394,0,0,0
slow_ratio_10pct,slow_ratio,10pct,1,dynamic_sensitivity_100d_10pct_hdd,100,42,1000000,5000,1.0,health_ec,15.0,5,250000,300000,90,mild_slow,95,healthy,5,12.6,18.2,30.9,201559,0.8,1559,1559,1436,0,0,0
slow_ratio_10pct,slow_ratio,10pct,1,dynamic_sensitivity_100d_10pct_hdd,100,42,1000000,5000,1.0,health_ec,15.0,6,300000,350000,90,severe_slow,95,healthy,5,12.6,18.2,65.9,201791,0.9,1791,1791,1639,3,3,0
slow_ratio_10pct,slow_ratio,10pct,1,dynamic_sensitivity_100d_10pct_hdd,100,42,1000000,5000,1.0,health_ec,15.0,7,350000,400000,90,severe_slow,95,healthy,5,12.6,18.2,65.3,202042,1.0,2042,2042,1846,0,0,0
slow_ratio_10pct,slow_ratio,10pct,1,dynamic_sensitivity_100d_10pct_hdd,100,42,1000000,5000,1.0,health_ec,15.0,8,400000,450000,90,severe_slow,95,healthy,5,12.6,18.2,64.9,202157,1.1,2157,2157,1980,0,0,0
slow_ratio_10pct,slow_ratio,10pct,1,dynamic_sensitivity_100d_10pct_hdd,100,42,1000000,5000,1.0,health_ec,15.0,9,450000,500000,90,recovery,95,mild_slow,5,12.7,19.3,32.2,202608,1.3,2608,2608,1946,5,5,0
slow_ratio_10pct,slow_ratio,10pct,1,dynamic_sensitivity_100d_10pct_hdd,100,42,1000000,5000,1.0,health_ec,15.0,10,500000,550000,90,recovery,95,mild_slow,5,12.7,19.1,30.6,202318,1.2,2318,2318,1856,0,0,0
slow_ratio_10pct,slow_ratio,10pct,1,dynamic_sensitivity_100d_10pct_hdd,100,42,1000000,5000,1.0,health_ec,15.0,11,550000,600000,90,healthy,95,severe_slow,5,12.6,19.2,68.4,202113,1.1,2113,2113,1681,2,2,0
slow_ratio_10pct,slow_ratio,10pct,1,dynamic_sensitivity_100d_10pct_hdd,100,42,1000000,5000,1.0,health_ec,15.0,12,600000,650000,90,healthy,95,severe_slow,5,12.6,19.3,66.8,202150,1.1,2150,2150,1698,0,0,0
slow_ratio_10pct,slow_ratio,10pct,1,dynamic_sensitivity_100d_10pct_hdd,100,42,1000000,5000,1.0,health_ec,15.0,13,650000,700000,90,healthy,95,severe_slow,5,12.6,19.4,66.1,202226,1.1,2226,2226,1791,0,0,0
slow_ratio_10pct,slow_ratio,10pct,1,dynamic_sensitivity_100d_10pct_hdd,100,42,1000000,5000,1.0,health_ec,15.0,14,700000,750000,90,mild_slow,95,recovery,5,12.7,18.5,31.1,202465,1.2,2465,2465,2262,0,0,0
slow_ratio_10pct,slow_ratio,10pct,1,dynamic_sensitivity_100d_10pct_hdd,100,42,1000000,5000,1.0,health_ec,15.0,15,750000,800000,90,recovery,95,recovery,0,12.7,17.5,20.4,201924,1.0,1924,1924,1609,0,0,0
slow_ratio_10pct,slow_ratio,10pct,1,dynamic_sensitivity_100d_10pct_hdd,100,42,1000000,5000,1.0,health_ec,15.0,16,800000,850000,90,healthy,95,healthy,0,12.5,16.8,18.9,200756,0.4,756,756,606,0,0,0
slow_ratio_10pct,slow_ratio,10pct,1,dynamic_sensitivity_100d_10pct_hdd,100,42,1000000,5000,1.0,health_ec,15.0,17,850000,900000,90,healthy,95,healthy,0,12.5,16.8,18.8,200269,0.1,269,269,220,0,0,0
slow_ratio_10pct,slow_ratio,10pct,1,dynamic_sensitivity_100d_10pct_hdd,100,42,1000000,5000,1.0,health_ec,15.0,18,900000,950000,90,healthy,95,healthy,0,12.5,16.8,18.8,200084,0.0,84,84,67,0,0,0
slow_ratio_10pct,slow_ratio,10pct,1,dynamic_sensitivity_100d_10pct_hdd,100,42,1000000,5000,1.0,health_ec,15.0,19,950000,1000000,90,healthy,95,healthy,0,12.5,16.9,18.9,200054,0.0,54,54,45,0,0,0
slow_ratio_10pct,slow_ratio,10pct,1,dynamic_sensitivity_100d_10pct_hdd,100,43,1000000,5000,1.0,vanilla_ec,15.0,0,0,50000,90,healthy,95,healthy,0,12.5,16.8,18.8,200000,0.0,0,0,0,0,0,0
slow_ratio_10pct,slow_ratio,10pct,1,dynamic_sensitivity_100d_10pct_hdd,100,43,1000000,5000,1.0,vanilla_ec,15.0,1,50000,100000,90,healthy,95,healthy,0,12.5,16.8,18.9,200000,0.0,0,0,0,0,0,0
slow_ratio_10pct,slow_ratio,10pct,1,dynamic_sensitivity_100d_10pct_hdd,100,43,1000000,5000,1.0,vanilla_ec,15.0,2,100000,150000,90,healthy,95,healthy,0,12.5,16.8,18.8,200000,0.0,0,0,0,0,0,0
slow_ratio_10pct,slow_ratio,10pct,1,dynamic_sensitivity_100d_10pct_hdd,100,43,1000000,5000,1.0,vanilla_ec,15.0,3,150000,200000,90,mild_slow,95,healthy,5,12.6,19.9,35.9,200000,0.0,0,0,0,0,0,0
slow_ratio_10pct,slow_ratio,10pct,1,dynamic_sensitivity_100d_10pct_hdd,100,43,1000000,5000,1.0,vanilla_ec,15.0,4,200000,250000,90,mild_slow,95,healthy,5,12.7,20.7,36.3,200000,0.0,0,0,0,0,0,0
slow_ratio_10pct,slow_ratio,10pct,1,dynamic_sensitivity_100d_10pct_hdd,100,43,1000000,5000,1.0,vanilla_ec,15.0,5,250000,300000,90,mild_slow,95,healthy,5,12.7,20.4,36.3,200000,0.0,0,0,0,0,0,0
slow_ratio_10pct,slow_ratio,10pct,1,dynamic_sensitivity_100d_10pct_hdd,100,43,1000000,5000,1.0,vanilla_ec,15.0,6,300000,350000,90,severe_slow,95,healthy,5,12.7,45.6,85.0,200000,0.0,0,0,0,0,0,0
slow_ratio_10pct,slow_ratio,10pct,1,dynamic_sensitivity_100d_10pct_hdd,100,43,1000000,5000,1.0,vanilla_ec,15.0,7,350000,400000,90,severe_slow,95,healthy,5,12.7,38.9,85.0,200000,0.0,0,0,0,0,0,0
slow_ratio_10pct,slow_ratio,10pct,1,dynamic_sensitivity_100d_10pct_hdd,100,43,1000000,5000,1.0,vanilla_ec,15.0,8,400000,450000,90,severe_slow,95,healthy,5,12.6,43.4,84.6,200000,0.0,0,0,0,0,0,0
slow_ratio_10pct,slow_ratio,10pct,1,dynamic_sensitivity_100d_10pct_hdd,100,43,1000000,5000,1.0,vanilla_ec,15.0,9,450000,500000,90,recovery,95,mild_slow,5,12.8,22.5,36.6,200000,0.0,0,0,0,0,0,0
slow_ratio_10pct,slow_ratio,10pct,1,dynamic_sensitivity_100d_10pct_hdd,100,43,1000000,5000,1.0,vanilla_ec,15.0,10,500000,550000,90,recovery,95,mild_slow,5,12.8,22.5,36.2,200000,0.0,0,0,0,0,0,0
slow_ratio_10pct,slow_ratio,10pct,1,dynamic_sensitivity_100d_10pct_hdd,100,43,1000000,5000,1.0,vanilla_ec,15.0,11,550000,600000,90,healthy,95,severe_slow,5,12.7,47.1,84.0,200000,0.0,0,0,0,0,0,0
slow_ratio_10pct,slow_ratio,10pct,1,dynamic_sensitivity_100d_10pct_hdd,100,43,1000000,5000,1.0,vanilla_ec,15.0,12,600000,650000,90,healthy,95,severe_slow,5,12.6,44.3,85.4,200000,0.0,0,0,0,0,0,0
slow_ratio_10pct,slow_ratio,10pct,1,dynamic_sensitivity_100d_10pct_hdd,100,43,1000000,5000,1.0,vanilla_ec,15.0,13,650000,700000,90,healthy,95,severe_slow,5,12.7,42.4,85.1,200000,0.0,0,0,0,0,0,0
slow_ratio_10pct,slow_ratio,10pct,1,dynamic_sensitivity_100d_10pct_hdd,100,43,1000000,5000,1.0,vanilla_ec,15.0,14,700000,750000,90,mild_slow,95,recovery,5,12.8,22.5,36.8,200000,0.0,0,0,0,0,0,0
slow_ratio_10pct,slow_ratio,10pct,1,dynamic_sensitivity_100d_10pct_hdd,100,43,1000000,5000,1.0,vanilla_ec,15.0,15,750000,800000,90,recovery,95,recovery,0,12.7,18.4,22.6,200000,0.0,0,0,0,0,0,0
slow_ratio_10pct,slow_ratio,10pct,1,dynamic_sensitivity_100d_10pct_hdd,100,43,1000000,5000,1.0,vanilla_ec,15.0,16,800000,850000,90,healthy,95,healthy,0,12.5,16.8,18.9,200000,0.0,0,0,0,0,0,0
slow_ratio_10pct,slow_ratio,10pct,1,dynamic_sensitivity_100d_10pct_hdd,100,43,1000000,5000,1.0,vanilla_ec,15.0,17,850000,900000,90,healthy,95,healthy,0,12.5,16.8,18.8,200000,0.0,0,0,0,0,0,0
slow_ratio_10pct,slow_ratio,10pct,1,dynamic_sensitivity_100d_10pct_hdd,100,43,1000000,5000,1.0,vanilla_ec,15.0,18,900000,950000,90,healthy,95,healthy,0,12.5,16.8,18.9,200000,0.0,0,0,0,0,0,0
slow_ratio_10pct,slow_ratio,10pct,1,dynamic_sensitivity_100d_10pct_hdd,100,43,1000000,5000,1.0,vanilla_ec,15.0,19,950000,1000000,90,healthy,95,healthy,0,12.5,16.8,18.7,200000,0.0,0,0,0,0,0,0
slow_ratio_10pct,slow_ratio,10pct,1,dynamic_sensitivity_100d_10pct_hdd,100,43,1000000,5000,1.0,late_binding,15.0,0,0,50000,90,healthy,95,healthy,0,10.7,14.0,15.4,250000,25.0,50000,50000,39871,0,0,0
slow_ratio_10pct,slow_ratio,10pct,1,dynamic_sensitivity_100d_10pct_hdd,100,43,1000000,5000,1.0,late_binding,15.0,1,50000,100000,90,healthy,95,healthy,0,10.7,14.0,15.4,250000,25.0,50000,50000,40011,0,0,0
slow_ratio_10pct,slow_ratio,10pct,1,dynamic_sensitivity_100d_10pct_hdd,100,43,1000000,5000,1.0,late_binding,15.0,2,100000,150000,90,healthy,95,healthy,0,10.7,14.0,15.4,250000,25.0,50000,50000,40100,0,0,0
slow_ratio_10pct,slow_ratio,10pct,1,dynamic_sensitivity_100d_10pct_hdd,100,43,1000000,5000,1.0,late_binding,15.0,3,150000,200000,90,mild_slow,95,healthy,5,10.8,15.6,29.6,250000,25.0,50000,50000,39552,0,0,0
slow_ratio_10pct,slow_ratio,10pct,1,dynamic_sensitivity_100d_10pct_hdd,100,43,1000000,5000,1.0,late_binding,15.0,4,200000,250000,90,mild_slow,95,healthy,5,10.8,15.7,29.6,250000,25.0,50000,50000,39614,0,0,0
slow_ratio_10pct,slow_ratio,10pct,1,dynamic_sensitivity_100d_10pct_hdd,100,43,1000000,5000,1.0,late_binding,15.0,5,250000,300000,90,mild_slow,95,healthy,5,10.8,15.6,29.6,250000,25.0,50000,50000,39696,0,0,0
slow_ratio_10pct,slow_ratio,10pct,1,dynamic_sensitivity_100d_10pct_hdd,100,43,1000000,5000,1.0,late_binding,15.0,6,300000,350000,90,severe_slow,95,healthy,5,10.8,15.9,68.9,250000,25.0,50000,50000,39697,0,0,0
slow_ratio_10pct,slow_ratio,10pct,1,dynamic_sensitivity_100d_10pct_hdd,100,43,1000000,5000,1.0,late_binding,15.0,7,350000,400000,90,severe_slow,95,healthy,5,10.9,15.7,68.6,250000,25.0,50000,50000,39630,0,0,0
slow_ratio_10pct,slow_ratio,10pct,1,dynamic_sensitivity_100d_10pct_hdd,100,43,1000000,5000,1.0,late_binding,15.0,8,400000,450000,90,severe_slow,95,healthy,5,10.8,15.9,68.9,250000,25.0,50000,50000,39559,0,0,0
slow_ratio_10pct,slow_ratio,10pct,1,dynamic_sensitivity_100d_10pct_hdd,100,43,1000000,5000,1.0,late_binding,15.0,9,450000,500000,90,recovery,95,mild_slow,5,10.9,18.3,29.5,250000,25.0,50000,50000,39876,0,0,0
slow_ratio_10pct,slow_ratio,10pct,1,dynamic_sensitivity_100d_10pct_hdd,100,43,1000000,5000,1.0,late_binding,15.0,10,500000,550000,90,recovery,95,mild_slow,5,10.9,18.1,29.1,250000,25.0,50000,50000,39747,0,0,0
slow_ratio_10pct,slow_ratio,10pct,1,dynamic_sensitivity_100d_10pct_hdd,100,43,1000000,5000,1.0,late_binding,15.0,11,550000,600000,90,healthy,95,severe_slow,5,10.9,34.1,68.2,250000,25.0,50000,50000,40173,0,0,0
slow_ratio_10pct,slow_ratio,10pct,1,dynamic_sensitivity_100d_10pct_hdd,100,43,1000000,5000,1.0,late_binding,15.0,12,600000,650000,90,healthy,95,severe_slow,5,10.8,32.1,67.1,250000,25.0,50000,50000,40019,0,0,0
slow_ratio_10pct,slow_ratio,10pct,1,dynamic_sensitivity_100d_10pct_hdd,100,43,1000000,5000,1.0,late_binding,15.0,13,650000,700000,90,healthy,95,severe_slow,5,10.8,29.4,67.9,250000,25.0,50000,50000,40300,0,0,0
slow_ratio_10pct,slow_ratio,10pct,1,dynamic_sensitivity_100d_10pct_hdd,100,43,1000000,5000,1.0,late_binding,15.0,14,700000,750000,90,mild_slow,95,recovery,5,10.9,17.5,30.0,250000,25.0,50000,50000,39867,0,0,0
slow_ratio_10pct,slow_ratio,10pct,1,dynamic_sensitivity_100d_10pct_hdd,100,43,1000000,5000,1.0,late_binding,15.0,15,750000,800000,90,recovery,95,recovery,0,10.9,15.3,18.8,250000,25.0,50000,50000,39873,0,0,0
slow_ratio_10pct,slow_ratio,10pct,1,dynamic_sensitivity_100d_10pct_hdd,100,43,1000000,5000,1.0,late_binding,15.0,16,800000,850000,90,healthy,95,healthy,0,10.7,14.0,15.4,250000,25.0,50000,50000,39910,0,0,0
slow_ratio_10pct,slow_ratio,10pct,1,dynamic_sensitivity_100d_10pct_hdd,100,43,1000000,5000,1.0,late_binding,15.0,17,850000,900000,90,healthy,95,healthy,0,10.7,14.0,15.5,250000,25.0,50000,50000,40032,0,0,0
slow_ratio_10pct,slow_ratio,10pct,1,dynamic_sensitivity_100d_10pct_hdd,100,43,1000000,5000,1.0,late_binding,15.0,18,900000,950000,90,healthy,95,healthy,0,10.7,14.0,15.4,250000,25.0,50000,50000,39985,0,0,0
slow_ratio_10pct,slow_ratio,10pct,1,dynamic_sensitivity_100d_10pct_hdd,100,43,1000000,5000,1.0,late_binding,15.0,19,950000,1000000,90,healthy,95,healthy,0,10.7,14.0,15.4,250000,25.0,50000,50000,39872,0,0,0
slow_ratio_10pct,slow_ratio,10pct,1,dynamic_sensitivity_100d_10pct_hdd,100,43,1000000,5000,1.0,timeout_degraded_read,15.0,0,0,50000,90,healthy,95,healthy,0,12.5,16.8,18.7,208102,4.1,8102,8102,165,0,0,0
slow_ratio_10pct,slow_ratio,10pct,1,dynamic_sensitivity_100d_10pct_hdd,100,43,1000000,5000,1.0,timeout_degraded_read,15.0,1,50000,100000,90,healthy,95,healthy,0,12.5,16.8,18.8,208123,4.1,8123,8123,169,0,0,0
slow_ratio_10pct,slow_ratio,10pct,1,dynamic_sensitivity_100d_10pct_hdd,100,43,1000000,5000,1.0,timeout_degraded_read,15.0,2,100000,150000,90,healthy,95,healthy,0,12.5,16.8,18.7,208110,4.1,8110,8110,198,0,0,0
slow_ratio_10pct,slow_ratio,10pct,1,dynamic_sensitivity_100d_10pct_hdd,100,43,1000000,5000,1.0,timeout_degraded_read,15.0,3,150000,200000,90,mild_slow,95,healthy,5,12.6,19.6,32.7,210215,5.1,10215,10215,1299,0,0,0
slow_ratio_10pct,slow_ratio,10pct,1,dynamic_sensitivity_100d_10pct_hdd,100,43,1000000,5000,1.0,timeout_degraded_read,15.0,4,200000,250000,90,mild_slow,95,healthy,5,12.7,20.1,33.0,210326,5.2,10326,10326,1409,0,0,0
slow_ratio_10pct,slow_ratio,10pct,1,dynamic_sensitivity_100d_10pct_hdd,100,43,1000000,5000,1.0,timeout_degraded_read,15.0,5,250000,300000,90,mild_slow,95,healthy,5,12.7,19.9,32.8,210299,5.1,10299,10299,1359,0,0,0
slow_ratio_10pct,slow_ratio,10pct,1,dynamic_sensitivity_100d_10pct_hdd,100,43,1000000,5000,1.0,timeout_degraded_read,15.0,6,300000,350000,90,severe_slow,95,healthy,5,12.7,22.9,71.8,210314,5.2,10314,10314,2191,0,0,0
slow_ratio_10pct,slow_ratio,10pct,1,dynamic_sensitivity_100d_10pct_hdd,100,43,1000000,5000,1.0,timeout_degraded_read,15.0,7,350000,400000,90,severe_slow,95,healthy,5,12.7,21.2,71.8,210254,5.1,10254,10254,2116,0,0,0
slow_ratio_10pct,slow_ratio,10pct,1,dynamic_sensitivity_100d_10pct_hdd,100,43,1000000,5000,1.0,timeout_degraded_read,15.0,8,400000,450000,90,severe_slow,95,healthy,5,12.6,22.5,71.8,210247,5.1,10247,10247,2152,0,0,0
slow_ratio_10pct,slow_ratio,10pct,1,dynamic_sensitivity_100d_10pct_hdd,100,43,1000000,5000,1.0,timeout_degraded_read,15.0,9,450000,500000,90,recovery,95,mild_slow,5,12.8,21.7,31.4,211347,5.7,11347,11347,1675,0,0,0
slow_ratio_10pct,slow_ratio,10pct,1,dynamic_sensitivity_100d_10pct_hdd,100,43,1000000,5000,1.0,timeout_degraded_read,15.0,10,500000,550000,90,recovery,95,mild_slow,5,12.8,21.7,31.3,211181,5.6,11181,11181,1708,0,0,0
slow_ratio_10pct,slow_ratio,10pct,1,dynamic_sensitivity_100d_10pct_hdd,100,43,1000000,5000,1.0,timeout_degraded_read,15.0,11,550000,600000,90,healthy,95,severe_slow,5,12.7,36.7,70.2,210449,5.2,10449,10449,2212,0,0,0
slow_ratio_10pct,slow_ratio,10pct,1,dynamic_sensitivity_100d_10pct_hdd,100,43,1000000,5000,1.0,timeout_degraded_read,15.0,12,600000,650000,90,healthy,95,severe_slow,5,12.6,34.8,69.7,210324,5.2,10324,10324,2181,0,0,0
slow_ratio_10pct,slow_ratio,10pct,1,dynamic_sensitivity_100d_10pct_hdd,100,43,1000000,5000,1.0,timeout_degraded_read,15.0,13,650000,700000,90,healthy,95,severe_slow,5,12.7,31.5,70.2,210379,5.2,10379,10379,2138,0,0,0
slow_ratio_10pct,slow_ratio,10pct,1,dynamic_sensitivity_100d_10pct_hdd,100,43,1000000,5000,1.0,timeout_degraded_read,15.0,14,700000,750000,90,mild_slow,95,recovery,5,12.8,21.8,33.5,211251,5.6,11251,11251,1309,0,0,0
slow_ratio_10pct,slow_ratio,10pct,1,dynamic_sensitivity_100d_10pct_hdd,100,43,1000000,5000,1.0,timeout_degraded_read,15.0,15,750000,800000,90,recovery,95,recovery,0,12.7,18.3,22.2,210864,5.4,10864,10864,500,0,0,0
slow_ratio_10pct,slow_ratio,10pct,1,dynamic_sensitivity_100d_10pct_hdd,100,43,1000000,5000,1.0,timeout_degraded_read,15.0,16,800000,850000,90,healthy,95,healthy,0,12.5,16.8,18.8,208097,4.0,8097,8097,187,0,0,0
slow_ratio_10pct,slow_ratio,10pct,1,dynamic_sensitivity_100d_10pct_hdd,100,43,1000000,5000,1.0,timeout_degraded_read,15.0,17,850000,900000,90,healthy,95,healthy,0,12.5,16.8,18.7,208029,4.0,8029,8029,173,0,0,0
slow_ratio_10pct,slow_ratio,10pct,1,dynamic_sensitivity_100d_10pct_hdd,100,43,1000000,5000,1.0,timeout_degraded_read,15.0,18,900000,950000,90,healthy,95,healthy,0,12.5,16.8,18.8,208094,4.0,8094,8094,194,0,0,0
slow_ratio_10pct,slow_ratio,10pct,1,dynamic_sensitivity_100d_10pct_hdd,100,43,1000000,5000,1.0,timeout_degraded_read,15.0,19,950000,1000000,90,healthy,95,healthy,0,12.5,16.7,18.7,207918,4.0,7918,7918,220,0,0,0
slow_ratio_10pct,slow_ratio,10pct,1,dynamic_sensitivity_100d_10pct_hdd,100,43,1000000,5000,1.0,health_ec,15.0,0,0,50000,90,healthy,95,healthy,0,12.5,16.8,18.8,200000,0.0,0,0,0,0,0,0
slow_ratio_10pct,slow_ratio,10pct,1,dynamic_sensitivity_100d_10pct_hdd,100,43,1000000,5000,1.0,health_ec,15.0,1,50000,100000,90,healthy,95,healthy,0,12.5,16.8,18.9,200000,0.0,0,0,0,0,0,0
slow_ratio_10pct,slow_ratio,10pct,1,dynamic_sensitivity_100d_10pct_hdd,100,43,1000000,5000,1.0,health_ec,15.0,2,100000,150000,90,healthy,95,healthy,0,12.5,16.8,18.8,200000,0.0,0,0,0,0,0,0
slow_ratio_10pct,slow_ratio,10pct,1,dynamic_sensitivity_100d_10pct_hdd,100,43,1000000,5000,1.0,health_ec,15.0,3,150000,200000,90,mild_slow,95,healthy,5,12.6,18.4,32.7,200896,0.4,896,896,825,6,6,0
slow_ratio_10pct,slow_ratio,10pct,1,dynamic_sensitivity_100d_10pct_hdd,100,43,1000000,5000,1.0,health_ec,15.0,4,200000,250000,90,mild_slow,95,healthy,5,12.6,18.2,31.3,201416,0.7,1416,1416,1272,0,0,0
slow_ratio_10pct,slow_ratio,10pct,1,dynamic_sensitivity_100d_10pct_hdd,100,43,1000000,5000,1.0,health_ec,15.0,5,250000,300000,90,mild_slow,95,healthy,5,12.6,18.1,30.4,201524,0.8,1524,1524,1398,0,0,0
slow_ratio_10pct,slow_ratio,10pct,1,dynamic_sensitivity_100d_10pct_hdd,100,43,1000000,5000,1.0,health_ec,15.0,6,300000,350000,90,severe_slow,95,healthy,5,12.6,18.1,67.1,201853,0.9,1853,1853,1672,1,1,0
slow_ratio_10pct,slow_ratio,10pct,1,dynamic_sensitivity_100d_10pct_hdd,100,43,1000000,5000,1.0,health_ec,15.0,7,350000,400000,90,severe_slow,95,healthy,5,12.6,18.0,64.9,201909,1.0,1909,1909,1731,0,0,0
slow_ratio_10pct,slow_ratio,10pct,1,dynamic_sensitivity_100d_10pct_hdd,100,43,1000000,5000,1.0,health_ec,15.0,8,400000,450000,90,severe_slow,95,healthy,5,12.6,18.0,64.8,202038,1.0,2038,2038,1839,0,0,0
slow_ratio_10pct,slow_ratio,10pct,1,dynamic_sensitivity_100d_10pct_hdd,100,43,1000000,5000,1.0,health_ec,15.0,9,450000,500000,90,recovery,95,mild_slow,5,12.7,19.1,31.8,202414,1.2,2414,2414,1763,4,4,0
slow_ratio_10pct,slow_ratio,10pct,1,dynamic_sensitivity_100d_10pct_hdd,100,43,1000000,5000,1.0,health_ec,15.0,10,500000,550000,90,recovery,95,mild_slow,5,12.7,19.1,30.5,202384,1.2,2384,2384,1852,0,0,0
slow_ratio_10pct,slow_ratio,10pct,1,dynamic_sensitivity_100d_10pct_hdd,100,43,1000000,5000,1.0,health_ec,15.0,11,550000,600000,90,healthy,95,severe_slow,5,12.7,19.6,67.9,202268,1.1,2268,2268,1791,2,2,0
slow_ratio_10pct,slow_ratio,10pct,1,dynamic_sensitivity_100d_10pct_hdd,100,43,1000000,5000,1.0,health_ec,15.0,12,600000,650000,90,healthy,95,severe_slow,5,12.6,19.3,65.7,202238,1.1,2238,2238,1770,0,0,0
slow_ratio_10pct,slow_ratio,10pct,1,dynamic_sensitivity_100d_10pct_hdd,100,43,1000000,5000,1.0,health_ec,15.0,13,650000,700000,90,healthy,95,severe_slow,5,12.7,19.1,66.1,202145,1.1,2145,2145,1682,0,0,0
slow_ratio_10pct,slow_ratio,10pct,1,dynamic_sensitivity_100d_10pct_hdd,100,43,1000000,5000,1.0,health_ec,15.0,14,700000,750000,90,mild_slow,95,recovery,5,12.7,18.3,30.8,202345,1.2,2345,2345,2177,0,0,0
slow_ratio_10pct,slow_ratio,10pct,1,dynamic_sensitivity_100d_10pct_hdd,100,43,1000000,5000,1.0,health_ec,15.0,15,750000,800000,90,recovery,95,recovery,0,12.6,17.5,20.5,201985,1.0,1985,1985,1678,0,0,0
slow_ratio_10pct,slow_ratio,10pct,1,dynamic_sensitivity_100d_10pct_hdd,100,43,1000000,5000,1.0,health_ec,15.0,16,800000,850000,90,healthy,95,healthy,0,12.5,16.8,18.8,200849,0.4,849,849,670,0,0,0
slow_ratio_10pct,slow_ratio,10pct,1,dynamic_sensitivity_100d_10pct_hdd,100,43,1000000,5000,1.0,health_ec,15.0,17,850000,900000,90,healthy,95,healthy,0,12.5,16.8,18.8,200288,0.1,288,288,225,0,0,0
slow_ratio_10pct,slow_ratio,10pct,1,dynamic_sensitivity_100d_10pct_hdd,100,43,1000000,5000,1.0,health_ec,15.0,18,900000,950000,90,healthy,95,healthy,0,12.5,16.8,18.9,200094,0.0,94,94,68,0,0,0
slow_ratio_10pct,slow_ratio,10pct,1,dynamic_sensitivity_100d_10pct_hdd,100,43,1000000,5000,1.0,health_ec,15.0,19,950000,1000000,90,healthy,95,healthy,0,12.5,16.8,18.7,200042,0.0,42,42,35,0,0,0
slow_ratio_10pct,slow_ratio,10pct,1,dynamic_sensitivity_100d_10pct_hdd,100,44,1000000,5000,1.0,vanilla_ec,15.0,0,0,50000,90,healthy,95,healthy,0,12.5,16.8,18.8,200000,0.0,0,0,0,0,0,0
slow_ratio_10pct,slow_ratio,10pct,1,dynamic_sensitivity_100d_10pct_hdd,100,44,1000000,5000,1.0,vanilla_ec,15.0,1,50000,100000,90,healthy,95,healthy,0,12.5,16.8,18.7,200000,0.0,0,0,0,0,0,0
slow_ratio_10pct,slow_ratio,10pct,1,dynamic_sensitivity_100d_10pct_hdd,100,44,1000000,5000,1.0,vanilla_ec,15.0,2,100000,150000,90,healthy,95,healthy,0,12.5,16.8,18.8,200000,0.0,0,0,0,0,0,0
slow_ratio_10pct,slow_ratio,10pct,1,dynamic_sensitivity_100d_10pct_hdd,100,44,1000000,5000,1.0,vanilla_ec,15.0,3,150000,200000,90,mild_slow,95,healthy,5,12.7,20.1,35.7,200000,0.0,0,0,0,0,0,0
slow_ratio_10pct,slow_ratio,10pct,1,dynamic_sensitivity_100d_10pct_hdd,100,44,1000000,5000,1.0,vanilla_ec,15.0,4,200000,250000,90,mild_slow,95,healthy,5,12.7,20.1,35.8,200000,0.0,0,0,0,0,0,0
slow_ratio_10pct,slow_ratio,10pct,1,dynamic_sensitivity_100d_10pct_hdd,100,44,1000000,5000,1.0,vanilla_ec,15.0,5,250000,300000,90,mild_slow,95,healthy,5,12.7,19.9,35.8,200000,0.0,0,0,0,0,0,0
slow_ratio_10pct,slow_ratio,10pct,1,dynamic_sensitivity_100d_10pct_hdd,100,44,1000000,5000,1.0,vanilla_ec,15.0,6,300000,350000,90,severe_slow,95,healthy,5,12.7,42.2,85.0,200000,0.0,0,0,0,0,0,0
slow_ratio_10pct,slow_ratio,10pct,1,dynamic_sensitivity_100d_10pct_hdd,100,44,1000000,5000,1.0,vanilla_ec,15.0,7,350000,400000,90,severe_slow,95,healthy,5,12.7,45.1,85.3,200000,0.0,0,0,0,0,0,0
slow_ratio_10pct,slow_ratio,10pct,1,dynamic_sensitivity_100d_10pct_hdd,100,44,1000000,5000,1.0,vanilla_ec,15.0,8,400000,450000,90,severe_slow,95,healthy,5,12.7,44.3,85.3,200000,0.0,0,0,0,0,0,0
slow_ratio_10pct,slow_ratio,10pct,1,dynamic_sensitivity_100d_10pct_hdd,100,44,1000000,5000,1.0,vanilla_ec,15.0,9,450000,500000,90,recovery,95,mild_slow,5,12.8,22.2,36.1,200000,0.0,0,0,0,0,0,0
slow_ratio_10pct,slow_ratio,10pct,1,dynamic_sensitivity_100d_10pct_hdd,100,44,1000000,5000,1.0,vanilla_ec,15.0,10,500000,550000,90,recovery,95,mild_slow,5,12.8,22.5,36.6,200000,0.0,0,0,0,0,0,0
slow_ratio_10pct,slow_ratio,10pct,1,dynamic_sensitivity_100d_10pct_hdd,100,44,1000000,5000,1.0,vanilla_ec,15.0,11,550000,600000,90,healthy,95,severe_slow,5,12.7,46.6,84.9,200000,0.0,0,0,0,0,0,0
slow_ratio_10pct,slow_ratio,10pct,1,dynamic_sensitivity_100d_10pct_hdd,100,44,1000000,5000,1.0,vanilla_ec,15.0,12,600000,650000,90,healthy,95,severe_slow,5,12.7,45.9,86.0,200000,0.0,0,0,0,0,0,0
slow_ratio_10pct,slow_ratio,10pct,1,dynamic_sensitivity_100d_10pct_hdd,100,44,1000000,5000,1.0,vanilla_ec,15.0,13,650000,700000,90,healthy,95,severe_slow,5,12.7,44.8,84.8,200000,0.0,0,0,0,0,0,0
slow_ratio_10pct,slow_ratio,10pct,1,dynamic_sensitivity_100d_10pct_hdd,100,44,1000000,5000,1.0,vanilla_ec,15.0,14,700000,750000,90,mild_slow,95,recovery,5,12.7,21.8,36.3,200000,0.0,0,0,0,0,0,0
slow_ratio_10pct,slow_ratio,10pct,1,dynamic_sensitivity_100d_10pct_hdd,100,44,1000000,5000,1.0,vanilla_ec,15.0,15,750000,800000,90,recovery,95,recovery,0,12.7,18.4,22.7,200000,0.0,0,0,0,0,0,0
slow_ratio_10pct,slow_ratio,10pct,1,dynamic_sensitivity_100d_10pct_hdd,100,44,1000000,5000,1.0,vanilla_ec,15.0,16,800000,850000,90,healthy,95,healthy,0,12.5,16.8,18.8,200000,0.0,0,0,0,0,0,0
slow_ratio_10pct,slow_ratio,10pct,1,dynamic_sensitivity_100d_10pct_hdd,100,44,1000000,5000,1.0,vanilla_ec,15.0,17,850000,900000,90,healthy,95,healthy,0,12.5,16.8,18.8,200000,0.0,0,0,0,0,0,0
slow_ratio_10pct,slow_ratio,10pct,1,dynamic_sensitivity_100d_10pct_hdd,100,44,1000000,5000,1.0,vanilla_ec,15.0,18,900000,950000,90,healthy,95,healthy,0,12.5,16.9,18.8,200000,0.0,0,0,0,0,0,0
slow_ratio_10pct,slow_ratio,10pct,1,dynamic_sensitivity_100d_10pct_hdd,100,44,1000000,5000,1.0,vanilla_ec,15.0,19,950000,1000000,90,healthy,95,healthy,0,12.5,16.9,18.9,200000,0.0,0,0,0,0,0,0
slow_ratio_10pct,slow_ratio,10pct,1,dynamic_sensitivity_100d_10pct_hdd,100,44,1000000,5000,1.0,late_binding,15.0,0,0,50000,90,healthy,95,healthy,0,10.7,14.0,15.4,250000,25.0,50000,50000,39978,0,0,0
slow_ratio_10pct,slow_ratio,10pct,1,dynamic_sensitivity_100d_10pct_hdd,100,44,1000000,5000,1.0,late_binding,15.0,1,50000,100000,90,healthy,95,healthy,0,10.7,14.0,15.4,250000,25.0,50000,50000,40008,0,0,0
slow_ratio_10pct,slow_ratio,10pct,1,dynamic_sensitivity_100d_10pct_hdd,100,44,1000000,5000,1.0,late_binding,15.0,2,100000,150000,90,healthy,95,healthy,0,10.7,14.0,15.5,250000,25.0,50000,50000,39927,0,0,0
slow_ratio_10pct,slow_ratio,10pct,1,dynamic_sensitivity_100d_10pct_hdd,100,44,1000000,5000,1.0,late_binding,15.0,3,150000,200000,90,mild_slow,95,healthy,5,10.8,15.5,29.9,250000,25.0,50000,50000,39792,0,0,0
slow_ratio_10pct,slow_ratio,10pct,1,dynamic_sensitivity_100d_10pct_hdd,100,44,1000000,5000,1.0,late_binding,15.0,4,200000,250000,90,mild_slow,95,healthy,5,10.9,15.6,29.6,250000,25.0,50000,50000,39810,0,0,0
slow_ratio_10pct,slow_ratio,10pct,1,dynamic_sensitivity_100d_10pct_hdd,100,44,1000000,5000,1.0,late_binding,15.0,5,250000,300000,90,mild_slow,95,healthy,5,10.8,15.5,29.5,250000,25.0,50000,50000,39628,0,0,0
slow_ratio_10pct,slow_ratio,10pct,1,dynamic_sensitivity_100d_10pct_hdd,100,44,1000000,5000,1.0,late_binding,15.0,6,300000,350000,90,severe_slow,95,healthy,5,10.9,15.9,68.9,250000,25.0,50000,50000,39529,0,0,0
slow_ratio_10pct,slow_ratio,10pct,1,dynamic_sensitivity_100d_10pct_hdd,100,44,1000000,5000,1.0,late_binding,15.0,7,350000,400000,90,severe_slow,95,healthy,5,10.9,16.0,69.2,250000,25.0,50000,50000,39616,0,0,0
slow_ratio_10pct,slow_ratio,10pct,1,dynamic_sensitivity_100d_10pct_hdd,100,44,1000000,5000,1.0,late_binding,15.0,8,400000,450000,90,severe_slow,95,healthy,5,10.8,15.9,68.9,250000,25.0,50000,50000,39651,0,0,0
slow_ratio_10pct,slow_ratio,10pct,1,dynamic_sensitivity_100d_10pct_hdd,100,44,1000000,5000,1.0,late_binding,15.0,9,450000,500000,90,recovery,95,mild_slow,5,10.9,18.0,29.0,250000,25.0,50000,50000,39891,0,0,0
slow_ratio_10pct,slow_ratio,10pct,1,dynamic_sensitivity_100d_10pct_hdd,100,44,1000000,5000,1.0,late_binding,15.0,10,500000,550000,90,recovery,95,mild_slow,5,10.9,18.2,29.3,250000,25.0,50000,50000,39822,0,0,0
slow_ratio_10pct,slow_ratio,10pct,1,dynamic_sensitivity_100d_10pct_hdd,100,44,1000000,5000,1.0,late_binding,15.0,11,550000,600000,90,healthy,95,severe_slow,5,10.8,32.6,67.6,250000,25.0,50000,50000,40113,0,0,0
slow_ratio_10pct,slow_ratio,10pct,1,dynamic_sensitivity_100d_10pct_hdd,100,44,1000000,5000,1.0,late_binding,15.0,12,600000,650000,90,healthy,95,severe_slow,5,10.8,32.9,68.1,250000,25.0,50000,50000,40090,0,0,0
slow_ratio_10pct,slow_ratio,10pct,1,dynamic_sensitivity_100d_10pct_hdd,100,44,1000000,5000,1.0,late_binding,15.0,13,650000,700000,90,healthy,95,severe_slow,5,10.8,32.2,67.5,250000,25.0,50000,50000,39965,0,0,0
slow_ratio_10pct,slow_ratio,10pct,1,dynamic_sensitivity_100d_10pct_hdd,100,44,1000000,5000,1.0,late_binding,15.0,14,700000,750000,90,mild_slow,95,recovery,5,10.9,17.2,29.6,250000,25.0,50000,50000,39989,0,0,0
slow_ratio_10pct,slow_ratio,10pct,1,dynamic_sensitivity_100d_10pct_hdd,100,44,1000000,5000,1.0,late_binding,15.0,15,750000,800000,90,recovery,95,recovery,0,10.9,15.3,18.7,250000,25.0,50000,50000,39894,0,0,0
slow_ratio_10pct,slow_ratio,10pct,1,dynamic_sensitivity_100d_10pct_hdd,100,44,1000000,5000,1.0,late_binding,15.0,16,800000,850000,90,healthy,95,healthy,0,10.7,14.0,15.5,250000,25.0,50000,50000,40014,0,0,0
slow_ratio_10pct,slow_ratio,10pct,1,dynamic_sensitivity_100d_10pct_hdd,100,44,1000000,5000,1.0,late_binding,15.0,17,850000,900000,90,healthy,95,healthy,0,10.7,14.0,15.4,250000,25.0,50000,50000,39891,0,0,0
slow_ratio_10pct,slow_ratio,10pct,1,dynamic_sensitivity_100d_10pct_hdd,100,44,1000000,5000,1.0,late_binding,15.0,18,900000,950000,90,healthy,95,healthy,0,10.7,14.0,15.5,250000,25.0,50000,50000,39817,0,0,0
slow_ratio_10pct,slow_ratio,10pct,1,dynamic_sensitivity_100d_10pct_hdd,100,44,1000000,5000,1.0,late_binding,15.0,19,950000,1000000,90,healthy,95,healthy,0,10.7,14.0,15.5,250000,25.0,50000,50000,40068,0,0,0
slow_ratio_10pct,slow_ratio,10pct,1,dynamic_sensitivity_100d_10pct_hdd,100,44,1000000,5000,1.0,timeout_degraded_read,15.0,0,0,50000,90,healthy,95,healthy,0,12.5,16.8,18.8,208033,4.0,8033,8033,184,0,0,0
slow_ratio_10pct,slow_ratio,10pct,1,dynamic_sensitivity_100d_10pct_hdd,100,44,1000000,5000,1.0,timeout_degraded_read,15.0,1,50000,100000,90,healthy,95,healthy,0,12.5,16.8,18.7,208137,4.1,8137,8137,165,0,0,0
slow_ratio_10pct,slow_ratio,10pct,1,dynamic_sensitivity_100d_10pct_hdd,100,44,1000000,5000,1.0,timeout_degraded_read,15.0,2,100000,150000,90,healthy,95,healthy,0,12.5,16.8,18.7,208104,4.1,8104,8104,193,0,0,0
slow_ratio_10pct,slow_ratio,10pct,1,dynamic_sensitivity_100d_10pct_hdd,100,44,1000000,5000,1.0,timeout_degraded_read,15.0,3,150000,200000,90,mild_slow,95,healthy,5,12.7,19.7,32.7,210122,5.1,10122,10122,1330,0,0,0
slow_ratio_10pct,slow_ratio,10pct,1,dynamic_sensitivity_100d_10pct_hdd,100,44,1000000,5000,1.0,timeout_degraded_read,15.0,4,200000,250000,90,mild_slow,95,healthy,5,12.7,19.8,32.7,210320,5.2,10320,10320,1345,0,0,0
slow_ratio_10pct,slow_ratio,10pct,1,dynamic_sensitivity_100d_10pct_hdd,100,44,1000000,5000,1.0,timeout_degraded_read,15.0,5,250000,300000,90,mild_slow,95,healthy,5,12.7,19.6,32.6,210107,5.1,10107,10107,1327,0,0,0
slow_ratio_10pct,slow_ratio,10pct,1,dynamic_sensitivity_100d_10pct_hdd,100,44,1000000,5000,1.0,timeout_degraded_read,15.0,6,300000,350000,90,severe_slow,95,healthy,5,12.7,22.0,71.9,210372,5.2,10372,10372,2142,0,0,0
slow_ratio_10pct,slow_ratio,10pct,1,dynamic_sensitivity_100d_10pct_hdd,100,44,1000000,5000,1.0,timeout_degraded_read,15.0,7,350000,400000,90,severe_slow,95,healthy,5,12.7,22.6,72.4,210473,5.2,10473,10473,2144,0,0,0
slow_ratio_10pct,slow_ratio,10pct,1,dynamic_sensitivity_100d_10pct_hdd,100,44,1000000,5000,1.0,timeout_degraded_read,15.0,8,400000,450000,90,severe_slow,95,healthy,5,12.7,22.5,71.4,210454,5.2,10454,10454,2155,0,0,0
slow_ratio_10pct,slow_ratio,10pct,1,dynamic_sensitivity_100d_10pct_hdd,100,44,1000000,5000,1.0,timeout_degraded_read,15.0,9,450000,500000,90,recovery,95,mild_slow,5,12.8,21.5,31.4,211126,5.6,11126,11126,1666,0,0,0
slow_ratio_10pct,slow_ratio,10pct,1,dynamic_sensitivity_100d_10pct_hdd,100,44,1000000,5000,1.0,timeout_degraded_read,15.0,10,500000,550000,90,recovery,95,mild_slow,5,12.8,21.7,31.5,211281,5.6,11281,11281,1754,0,0,0
slow_ratio_10pct,slow_ratio,10pct,1,dynamic_sensitivity_100d_10pct_hdd,100,44,1000000,5000,1.0,timeout_degraded_read,15.0,11,550000,600000,90,healthy,95,severe_slow,5,12.7,35.1,69.6,210406,5.2,10406,10406,2227,0,0,0
slow_ratio_10pct,slow_ratio,10pct,1,dynamic_sensitivity_100d_10pct_hdd,100,44,1000000,5000,1.0,timeout_degraded_read,15.0,12,600000,650000,90,healthy,95,severe_slow,5,12.7,34.9,70.4,210503,5.3,10503,10503,2261,0,0,0
slow_ratio_10pct,slow_ratio,10pct,1,dynamic_sensitivity_100d_10pct_hdd,100,44,1000000,5000,1.0,timeout_degraded_read,15.0,13,650000,700000,90,healthy,95,severe_slow,5,12.7,34.5,69.6,210244,5.1,10244,10244,2198,0,0,0
slow_ratio_10pct,slow_ratio,10pct,1,dynamic_sensitivity_100d_10pct_hdd,100,44,1000000,5000,1.0,timeout_degraded_read,15.0,14,700000,750000,90,mild_slow,95,recovery,5,12.7,21.3,33.2,211058,5.5,11058,11058,1289,0,0,0
slow_ratio_10pct,slow_ratio,10pct,1,dynamic_sensitivity_100d_10pct_hdd,100,44,1000000,5000,1.0,timeout_degraded_read,15.0,15,750000,800000,90,recovery,95,recovery,0,12.7,18.4,22.3,210681,5.3,10681,10681,521,0,0,0
slow_ratio_10pct,slow_ratio,10pct,1,dynamic_sensitivity_100d_10pct_hdd,100,44,1000000,5000,1.0,timeout_degraded_read,15.0,16,800000,850000,90,healthy,95,healthy,0,12.5,16.8,18.8,208040,4.0,8040,8040,191,0,0,0
slow_ratio_10pct,slow_ratio,10pct,1,dynamic_sensitivity_100d_10pct_hdd,100,44,1000000,5000,1.0,timeout_degraded_read,15.0,17,850000,900000,90,healthy,95,healthy,0,12.5,16.8,18.7,208057,4.0,8057,8057,162,0,0,0
slow_ratio_10pct,slow_ratio,10pct,1,dynamic_sensitivity_100d_10pct_hdd,100,44,1000000,5000,1.0,timeout_degraded_read,15.0,18,900000,950000,90,healthy,95,healthy,0,12.5,16.8,18.8,208090,4.0,8090,8090,175,0,0,0
slow_ratio_10pct,slow_ratio,10pct,1,dynamic_sensitivity_100d_10pct_hdd,100,44,1000000,5000,1.0,timeout_degraded_read,15.0,19,950000,1000000,90,healthy,95,healthy,0,12.5,16.8,18.8,208183,4.1,8183,8183,197,0,0,0
slow_ratio_10pct,slow_ratio,10pct,1,dynamic_sensitivity_100d_10pct_hdd,100,44,1000000,5000,1.0,health_ec,15.0,0,0,50000,90,healthy,95,healthy,0,12.5,16.8,18.8,200000,0.0,0,0,0,0,0,0
slow_ratio_10pct,slow_ratio,10pct,1,dynamic_sensitivity_100d_10pct_hdd,100,44,1000000,5000,1.0,health_ec,15.0,1,50000,100000,90,healthy,95,healthy,0,12.5,16.8,18.7,200000,0.0,0,0,0,0,0,0
slow_ratio_10pct,slow_ratio,10pct,1,dynamic_sensitivity_100d_10pct_hdd,100,44,1000000,5000,1.0,health_ec,15.0,2,100000,150000,90,healthy,95,healthy,0,12.5,16.8,18.8,200000,0.0,0,0,0,0,0,0
slow_ratio_10pct,slow_ratio,10pct,1,dynamic_sensitivity_100d_10pct_hdd,100,44,1000000,5000,1.0,health_ec,15.0,3,150000,200000,90,mild_slow,95,healthy,5,12.6,18.5,32.4,201044,0.5,1044,1044,955,4,4,0
slow_ratio_10pct,slow_ratio,10pct,1,dynamic_sensitivity_100d_10pct_hdd,100,44,1000000,5000,1.0,health_ec,15.0,4,200000,250000,90,mild_slow,95,healthy,5,12.6,18.2,30.9,201390,0.7,1390,1390,1282,0,0,0
slow_ratio_10pct,slow_ratio,10pct,1,dynamic_sensitivity_100d_10pct_hdd,100,44,1000000,5000,1.0,health_ec,15.0,5,250000,300000,90,mild_slow,95,healthy,5,12.6,18.2,30.2,201538,0.8,1538,1538,1426,0,0,0
slow_ratio_10pct,slow_ratio,10pct,1,dynamic_sensitivity_100d_10pct_hdd,100,44,1000000,5000,1.0,health_ec,15.0,6,300000,350000,90,severe_slow,95,healthy,5,12.6,18.2,66.9,201817,0.9,1817,1817,1655,3,3,0
slow_ratio_10pct,slow_ratio,10pct,1,dynamic_sensitivity_100d_10pct_hdd,100,44,1000000,5000,1.0,health_ec,15.0,7,350000,400000,90,severe_slow,95,healthy,5,12.6,18.3,65.0,201979,1.0,1979,1979,1815,0,0,0
slow_ratio_10pct,slow_ratio,10pct,1,dynamic_sensitivity_100d_10pct_hdd,100,44,1000000,5000,1.0,health_ec,15.0,8,400000,450000,90,severe_slow,95,healthy,5,12.6,18.1,64.9,202097,1.0,2097,2097,1899,0,0,0
slow_ratio_10pct,slow_ratio,10pct,1,dynamic_sensitivity_100d_10pct_hdd,100,44,1000000,5000,1.0,health_ec,15.0,9,450000,500000,90,recovery,95,mild_slow,5,12.7,19.1,31.5,202524,1.3,2524,2524,1896,4,4,0
slow_ratio_10pct,slow_ratio,10pct,1,dynamic_sensitivity_100d_10pct_hdd,100,44,1000000,5000,1.0,health_ec,15.0,10,500000,550000,90,recovery,95,mild_slow,5,12.7,19.1,30.3,202482,1.2,2482,2482,1938,0,0,0
slow_ratio_10pct,slow_ratio,10pct,1,dynamic_sensitivity_100d_10pct_hdd,100,44,1000000,5000,1.0,health_ec,15.0,11,550000,600000,90,healthy,95,severe_slow,5,12.6,19.5,67.5,202293,1.1,2293,2293,1820,2,1,0
slow_ratio_10pct,slow_ratio,10pct,1,dynamic_sensitivity_100d_10pct_hdd,100,44,1000000,5000,1.0,health_ec,15.0,12,600000,650000,90,healthy,95,severe_slow,5,12.6,19.5,67.2,202222,1.1,2222,2222,1793,0,0,0
slow_ratio_10pct,slow_ratio,10pct,1,dynamic_sensitivity_100d_10pct_hdd,100,44,1000000,5000,1.0,health_ec,15.0,13,650000,700000,90,healthy,95,severe_slow,5,12.6,19.4,65.9,202205,1.1,2205,2205,1734,0,0,0
slow_ratio_10pct,slow_ratio,10pct,1,dynamic_sensitivity_100d_10pct_hdd,100,44,1000000,5000,1.0,health_ec,15.0,14,700000,750000,90,mild_slow,95,recovery,5,12.6,18.3,30.4,202260,1.1,2260,2260,2082,0,0,0
slow_ratio_10pct,slow_ratio,10pct,1,dynamic_sensitivity_100d_10pct_hdd,100,44,1000000,5000,1.0,health_ec,15.0,15,750000,800000,90,recovery,95,recovery,0,12.6,17.5,20.3,201955,1.0,1955,1955,1684,0,0,0
slow_ratio_10pct,slow_ratio,10pct,1,dynamic_sensitivity_100d_10pct_hdd,100,44,1000000,5000,1.0,health_ec,15.0,16,800000,850000,90,healthy,95,healthy,0,12.5,16.8,18.8,200920,0.5,920,920,745,0,0,0
slow_ratio_10pct,slow_ratio,10pct,1,dynamic_sensitivity_100d_10pct_hdd,100,44,1000000,5000,1.0,health_ec,15.0,17,850000,900000,90,healthy,95,healthy,0,12.5,16.8,18.8,200278,0.1,278,278,220,0,0,0
slow_ratio_10pct,slow_ratio,10pct,1,dynamic_sensitivity_100d_10pct_hdd,100,44,1000000,5000,1.0,health_ec,15.0,18,900000,950000,90,healthy,95,healthy,0,12.5,16.8,18.9,200077,0.0,77,77,61,0,0,0
slow_ratio_10pct,slow_ratio,10pct,1,dynamic_sensitivity_100d_10pct_hdd,100,44,1000000,5000,1.0,health_ec,15.0,19,950000,1000000,90,healthy,95,healthy,0,12.5,16.9,18.9,200029,0.0,29,29,26,0,0,0
slow_ratio_20pct,slow_ratio,20pct,1,dynamic_sensitivity_100d_20pct_hdd,100,42,1000000,5000,1.0,vanilla_ec,15.0,0,0,50000,80,healthy,90,healthy,0,12.5,16.8,18.8,200000,0.0,0,0,0,0,0,0
slow_ratio_20pct,slow_ratio,20pct,1,dynamic_sensitivity_100d_20pct_hdd,100,42,1000000,5000,1.0,vanilla_ec,15.0,1,50000,100000,80,healthy,90,healthy,0,12.5,16.8,18.9,200000,0.0,0,0,0,0,0,0
slow_ratio_20pct,slow_ratio,20pct,1,dynamic_sensitivity_100d_20pct_hdd,100,42,1000000,5000,1.0,vanilla_ec,15.0,2,100000,150000,80,healthy,90,healthy,0,12.5,16.8,18.8,200000,0.0,0,0,0,0,0,0
slow_ratio_20pct,slow_ratio,20pct,1,dynamic_sensitivity_100d_20pct_hdd,100,42,1000000,5000,1.0,vanilla_ec,15.0,3,150000,200000,80,mild_slow,90,healthy,10,12.8,29.6,39.1,200000,0.0,0,0,0,0,0,0
slow_ratio_20pct,slow_ratio,20pct,1,dynamic_sensitivity_100d_20pct_hdd,100,42,1000000,5000,1.0,vanilla_ec,15.0,4,200000,250000,80,mild_slow,90,healthy,10,12.8,30.0,39.4,200000,0.0,0,0,0,0,0,0
slow_ratio_20pct,slow_ratio,20pct,1,dynamic_sensitivity_100d_20pct_hdd,100,42,1000000,5000,1.0,vanilla_ec,15.0,5,250000,300000,80,mild_slow,90,healthy,10,12.8,30.3,39.8,200000,0.0,0,0,0,0,0,0
slow_ratio_20pct,slow_ratio,20pct,1,dynamic_sensitivity_100d_20pct_hdd,100,42,1000000,5000,1.0,vanilla_ec,15.0,6,300000,350000,80,severe_slow,90,healthy,10,12.8,70.0,98.5,200000,0.0,0,0,0,0,0,0
slow_ratio_20pct,slow_ratio,20pct,1,dynamic_sensitivity_100d_20pct_hdd,100,42,1000000,5000,1.0,vanilla_ec,15.0,7,350000,400000,80,severe_slow,90,healthy,10,12.8,69.5,101.1,200000,0.0,0,0,0,0,0,0
slow_ratio_20pct,slow_ratio,20pct,1,dynamic_sensitivity_100d_20pct_hdd,100,42,1000000,5000,1.0,vanilla_ec,15.0,8,400000,450000,80,severe_slow,90,healthy,10,12.8,68.6,96.7,200000,0.0,0,0,0,0,0,0
slow_ratio_20pct,slow_ratio,20pct,1,dynamic_sensitivity_100d_20pct_hdd,100,42,1000000,5000,1.0,vanilla_ec,15.0,9,450000,500000,80,recovery,90,mild_slow,10,13.0,30.1,40.0,200000,0.0,0,0,0,0,0,0
slow_ratio_20pct,slow_ratio,20pct,1,dynamic_sensitivity_100d_20pct_hdd,100,42,1000000,5000,1.0,vanilla_ec,15.0,10,500000,550000,80,recovery,90,mild_slow,10,13.0,30.0,39.9,200000,0.0,0,0,0,0,0,0
slow_ratio_20pct,slow_ratio,20pct,1,dynamic_sensitivity_100d_20pct_hdd,100,42,1000000,5000,1.0,vanilla_ec,15.0,11,550000,600000,80,healthy,90,severe_slow,10,12.8,69.1,100.3,200000,0.0,0,0,0,0,0,0
slow_ratio_20pct,slow_ratio,20pct,1,dynamic_sensitivity_100d_20pct_hdd,100,42,1000000,5000,1.0,vanilla_ec,15.0,12,600000,650000,80,healthy,90,severe_slow,10,12.8,69.4,102.1,200000,0.0,0,0,0,0,0,0
slow_ratio_20pct,slow_ratio,20pct,1,dynamic_sensitivity_100d_20pct_hdd,100,42,1000000,5000,1.0,vanilla_ec,15.0,13,650000,700000,80,healthy,90,severe_slow,10,12.8,69.6,98.3,200000,0.0,0,0,0,0,0,0
slow_ratio_20pct,slow_ratio,20pct,1,dynamic_sensitivity_100d_20pct_hdd,100,42,1000000,5000,1.0,vanilla_ec,15.0,14,700000,750000,80,mild_slow,90,recovery,10,13.0,30.4,40.2,200000,0.0,0,0,0,0,0,0
slow_ratio_20pct,slow_ratio,20pct,1,dynamic_sensitivity_100d_20pct_hdd,100,42,1000000,5000,1.0,vanilla_ec,15.0,15,750000,800000,80,recovery,90,recovery,0,13.0,20.2,24.6,200000,0.0,0,0,0,0,0,0
slow_ratio_20pct,slow_ratio,20pct,1,dynamic_sensitivity_100d_20pct_hdd,100,42,1000000,5000,1.0,vanilla_ec,15.0,16,800000,850000,80,healthy,90,healthy,0,12.5,16.8,18.9,200000,0.0,0,0,0,0,0,0
slow_ratio_20pct,slow_ratio,20pct,1,dynamic_sensitivity_100d_20pct_hdd,100,42,1000000,5000,1.0,vanilla_ec,15.0,17,850000,900000,80,healthy,90,healthy,0,12.5,16.8,18.8,200000,0.0,0,0,0,0,0,0
slow_ratio_20pct,slow_ratio,20pct,1,dynamic_sensitivity_100d_20pct_hdd,100,42,1000000,5000,1.0,vanilla_ec,15.0,18,900000,950000,80,healthy,90,healthy,0,12.5,16.8,18.8,200000,0.0,0,0,0,0,0,0
slow_ratio_20pct,slow_ratio,20pct,1,dynamic_sensitivity_100d_20pct_hdd,100,42,1000000,5000,1.0,vanilla_ec,15.0,19,950000,1000000,80,healthy,90,healthy,0,12.5,16.8,18.9,200000,0.0,0,0,0,0,0,0
slow_ratio_20pct,slow_ratio,20pct,1,dynamic_sensitivity_100d_20pct_hdd,100,42,1000000,5000,1.0,late_binding,15.0,0,0,50000,80,healthy,90,healthy,0,10.7,14.0,15.4,250000,25.0,50000,50000,39904,0,0,0
slow_ratio_20pct,slow_ratio,20pct,1,dynamic_sensitivity_100d_20pct_hdd,100,42,1000000,5000,1.0,late_binding,15.0,1,50000,100000,80,healthy,90,healthy,0,10.7,14.0,15.5,250000,25.0,50000,50000,40119,0,0,0
slow_ratio_20pct,slow_ratio,20pct,1,dynamic_sensitivity_100d_20pct_hdd,100,42,1000000,5000,1.0,late_binding,15.0,2,100000,150000,80,healthy,90,healthy,0,10.7,14.0,15.4,250000,25.0,50000,50000,40024,0,0,0
slow_ratio_20pct,slow_ratio,20pct,1,dynamic_sensitivity_100d_20pct_hdd,100,42,1000000,5000,1.0,late_binding,15.0,3,150000,200000,80,mild_slow,90,healthy,10,10.9,24.8,32.3,250000,25.0,50000,50000,39590,0,0,0
slow_ratio_20pct,slow_ratio,20pct,1,dynamic_sensitivity_100d_20pct_hdd,100,42,1000000,5000,1.0,late_binding,15.0,4,200000,250000,80,mild_slow,90,healthy,10,10.9,25.2,32.5,250000,25.0,50000,50000,39728,0,0,0
slow_ratio_20pct,slow_ratio,20pct,1,dynamic_sensitivity_100d_20pct_hdd,100,42,1000000,5000,1.0,late_binding,15.0,5,250000,300000,80,mild_slow,90,healthy,10,10.9,25.5,32.7,250000,25.0,50000,50000,39754,0,0,0
slow_ratio_20pct,slow_ratio,20pct,1,dynamic_sensitivity_100d_20pct_hdd,100,42,1000000,5000,1.0,late_binding,15.0,6,300000,350000,80,severe_slow,90,healthy,10,10.9,58.9,76.3,250000,25.0,50000,50000,39659,0,0,0
slow_ratio_20pct,slow_ratio,20pct,1,dynamic_sensitivity_100d_20pct_hdd,100,42,1000000,5000,1.0,late_binding,15.0,7,350000,400000,80,severe_slow,90,healthy,10,10.9,58.1,75.4,250000,25.0,50000,50000,39707,0,0,0
slow_ratio_20pct,slow_ratio,20pct,1,dynamic_sensitivity_100d_20pct_hdd,100,42,1000000,5000,1.0,late_binding,15.0,8,400000,450000,80,severe_slow,90,healthy,10,11.0,57.7,75.7,250000,25.0,50000,50000,39693,0,0,0
slow_ratio_20pct,slow_ratio,20pct,1,dynamic_sensitivity_100d_20pct_hdd,100,42,1000000,5000,1.0,late_binding,15.0,9,450000,500000,80,recovery,90,mild_slow,10,11.1,25.3,32.6,250000,25.0,50000,50000,39618,0,0,0
slow_ratio_20pct,slow_ratio,20pct,1,dynamic_sensitivity_100d_20pct_hdd,100,42,1000000,5000,1.0,late_binding,15.0,10,500000,550000,80,recovery,90,mild_slow,10,11.2,24.9,32.6,250000,25.0,50000,50000,39592,0,0,0
slow_ratio_20pct,slow_ratio,20pct,1,dynamic_sensitivity_100d_20pct_hdd,100,42,1000000,5000,1.0,late_binding,15.0,11,550000,600000,80,healthy,90,severe_slow,10,11.0,57.5,76.0,250000,25.0,50000,50000,39656,0,0,0
slow_ratio_20pct,slow_ratio,20pct,1,dynamic_sensitivity_100d_20pct_hdd,100,42,1000000,5000,1.0,late_binding,15.0,12,600000,650000,80,healthy,90,severe_slow,10,10.9,57.6,75.7,250000,25.0,50000,50000,39847,0,0,0
slow_ratio_20pct,slow_ratio,20pct,1,dynamic_sensitivity_100d_20pct_hdd,100,42,1000000,5000,1.0,late_binding,15.0,13,650000,700000,80,healthy,90,severe_slow,10,10.9,58.2,76.1,250000,25.0,50000,50000,39649,0,0,0
slow_ratio_20pct,slow_ratio,20pct,1,dynamic_sensitivity_100d_20pct_hdd,100,42,1000000,5000,1.0,late_binding,15.0,14,700000,750000,80,mild_slow,90,recovery,10,11.1,25.4,32.7,250000,25.0,50000,50000,39941,0,0,0
slow_ratio_20pct,slow_ratio,20pct,1,dynamic_sensitivity_100d_20pct_hdd,100,42,1000000,5000,1.0,late_binding,15.0,15,750000,800000,80,recovery,90,recovery,0,11.1,17.0,20.0,250000,25.0,50000,50000,39888,0,0,0
slow_ratio_20pct,slow_ratio,20pct,1,dynamic_sensitivity_100d_20pct_hdd,100,42,1000000,5000,1.0,late_binding,15.0,16,800000,850000,80,healthy,90,healthy,0,10.7,14.0,15.4,250000,25.0,50000,50000,39820,0,0,0
slow_ratio_20pct,slow_ratio,20pct,1,dynamic_sensitivity_100d_20pct_hdd,100,42,1000000,5000,1.0,late_binding,15.0,17,850000,900000,80,healthy,90,healthy,0,10.7,14.0,15.4,250000,25.0,50000,50000,40051,0,0,0
slow_ratio_20pct,slow_ratio,20pct,1,dynamic_sensitivity_100d_20pct_hdd,100,42,1000000,5000,1.0,late_binding,15.0,18,900000,950000,80,healthy,90,healthy,0,10.7,14.0,15.5,250000,25.0,50000,50000,40025,0,0,0
slow_ratio_20pct,slow_ratio,20pct,1,dynamic_sensitivity_100d_20pct_hdd,100,42,1000000,5000,1.0,late_binding,15.0,19,950000,1000000,80,healthy,90,healthy,0,10.7,14.0,15.4,250000,25.0,50000,50000,40010,0,0,0
slow_ratio_20pct,slow_ratio,20pct,1,dynamic_sensitivity_100d_20pct_hdd,100,42,1000000,5000,1.0,timeout_degraded_read,15.0,0,0,50000,80,healthy,90,healthy,0,12.5,16.8,18.7,208081,4.0,8081,8081,182,0,0,0
slow_ratio_20pct,slow_ratio,20pct,1,dynamic_sensitivity_100d_20pct_hdd,100,42,1000000,5000,1.0,timeout_degraded_read,15.0,1,50000,100000,80,healthy,90,healthy,0,12.5,16.8,18.8,207998,4.0,7998,7998,191,0,0,0
slow_ratio_20pct,slow_ratio,20pct,1,dynamic_sensitivity_100d_20pct_hdd,100,42,1000000,5000,1.0,timeout_degraded_read,15.0,2,100000,150000,80,healthy,90,healthy,0,12.5,16.8,18.7,208051,4.0,8051,8051,198,0,0,0
slow_ratio_20pct,slow_ratio,20pct,1,dynamic_sensitivity_100d_20pct_hdd,100,42,1000000,5000,1.0,timeout_degraded_read,15.0,3,150000,200000,80,mild_slow,90,healthy,10,12.8,27.5,35.9,211658,5.8,11658,11658,1851,0,0,0
slow_ratio_20pct,slow_ratio,20pct,1,dynamic_sensitivity_100d_20pct_hdd,100,42,1000000,5000,1.0,timeout_degraded_read,15.0,4,200000,250000,80,mild_slow,90,healthy,10,12.8,27.6,36.2,211697,5.8,11697,11697,1979,0,0,0
slow_ratio_20pct,slow_ratio,20pct,1,dynamic_sensitivity_100d_20pct_hdd,100,42,1000000,5000,1.0,timeout_degraded_read,15.0,5,250000,300000,80,mild_slow,90,healthy,10,12.8,28.1,36.4,211823,5.9,11823,11823,2040,0,0,0
slow_ratio_20pct,slow_ratio,20pct,1,dynamic_sensitivity_100d_20pct_hdd,100,42,1000000,5000,1.0,timeout_degraded_read,15.0,6,300000,350000,80,severe_slow,90,healthy,10,12.8,61.7,79.7,211700,5.9,11700,11700,3020,0,0,0
slow_ratio_20pct,slow_ratio,20pct,1,dynamic_sensitivity_100d_20pct_hdd,100,42,1000000,5000,1.0,timeout_degraded_read,15.0,7,350000,400000,80,severe_slow,90,healthy,10,12.8,61.2,79.0,211721,5.9,11721,11721,3096,0,0,0
slow_ratio_20pct,slow_ratio,20pct,1,dynamic_sensitivity_100d_20pct_hdd,100,42,1000000,5000,1.0,timeout_degraded_read,15.0,8,400000,450000,80,severe_slow,90,healthy,10,12.8,60.4,78.8,211760,5.9,11760,11760,3080,0,0,0
slow_ratio_20pct,slow_ratio,20pct,1,dynamic_sensitivity_100d_20pct_hdd,100,42,1000000,5000,1.0,timeout_degraded_read,15.0,9,450000,500000,80,recovery,90,mild_slow,10,13.0,27.7,35.9,214022,7.0,14022,14022,2298,0,0,0
slow_ratio_20pct,slow_ratio,20pct,1,dynamic_sensitivity_100d_20pct_hdd,100,42,1000000,5000,1.0,timeout_degraded_read,15.0,10,500000,550000,80,recovery,90,mild_slow,10,13.0,27.5,35.9,213919,7.0,13919,13919,2268,0,0,0
slow_ratio_20pct,slow_ratio,20pct,1,dynamic_sensitivity_100d_20pct_hdd,100,42,1000000,5000,1.0,timeout_degraded_read,15.0,11,550000,600000,80,healthy,90,severe_slow,10,12.8,59.7,79.2,211503,5.8,11503,11503,3188,0,0,0
slow_ratio_20pct,slow_ratio,20pct,1,dynamic_sensitivity_100d_20pct_hdd,100,42,1000000,5000,1.0,timeout_degraded_read,15.0,12,600000,650000,80,healthy,90,severe_slow,10,12.8,60.1,79.0,211548,5.8,11548,11548,3203,0,0,0
slow_ratio_20pct,slow_ratio,20pct,1,dynamic_sensitivity_100d_20pct_hdd,100,42,1000000,5000,1.0,timeout_degraded_read,15.0,13,650000,700000,80,healthy,90,severe_slow,10,12.8,60.5,79.1,211633,5.8,11633,11633,3167,0,0,0
slow_ratio_20pct,slow_ratio,20pct,1,dynamic_sensitivity_100d_20pct_hdd,100,42,1000000,5000,1.0,timeout_degraded_read,15.0,14,700000,750000,80,mild_slow,90,recovery,10,13.0,28.8,36.2,214135,7.1,14135,14135,2052,0,0,0
slow_ratio_20pct,slow_ratio,20pct,1,dynamic_sensitivity_100d_20pct_hdd,100,42,1000000,5000,1.0,timeout_degraded_read,15.0,15,750000,800000,80,recovery,90,recovery,0,13.0,20.0,23.9,213282,6.6,13282,13282,797,0,0,0
slow_ratio_20pct,slow_ratio,20pct,1,dynamic_sensitivity_100d_20pct_hdd,100,42,1000000,5000,1.0,timeout_degraded_read,15.0,16,800000,850000,80,healthy,90,healthy,0,12.5,16.8,18.8,208029,4.0,8029,8029,187,0,0,0
slow_ratio_20pct,slow_ratio,20pct,1,dynamic_sensitivity_100d_20pct_hdd,100,42,1000000,5000,1.0,timeout_degraded_read,15.0,17,850000,900000,80,healthy,90,healthy,0,12.5,16.8,18.7,208054,4.0,8054,8054,201,0,0,0
slow_ratio_20pct,slow_ratio,20pct,1,dynamic_sensitivity_100d_20pct_hdd,100,42,1000000,5000,1.0,timeout_degraded_read,15.0,18,900000,950000,80,healthy,90,healthy,0,12.5,16.8,18.8,208085,4.0,8085,8085,211,0,0,0
slow_ratio_20pct,slow_ratio,20pct,1,dynamic_sensitivity_100d_20pct_hdd,100,42,1000000,5000,1.0,timeout_degraded_read,15.0,19,950000,1000000,80,healthy,90,healthy,0,12.5,16.8,18.8,208170,4.1,8170,8170,193,0,0,0
slow_ratio_20pct,slow_ratio,20pct,1,dynamic_sensitivity_100d_20pct_hdd,100,42,1000000,5000,1.0,health_ec,15.0,0,0,50000,80,healthy,90,healthy,0,12.5,16.8,18.8,200000,0.0,0,0,0,0,0,0
slow_ratio_20pct,slow_ratio,20pct,1,dynamic_sensitivity_100d_20pct_hdd,100,42,1000000,5000,1.0,health_ec,15.0,1,50000,100000,80,healthy,90,healthy,0,12.5,16.8,18.9,200000,0.0,0,0,0,0,0,0
slow_ratio_20pct,slow_ratio,20pct,1,dynamic_sensitivity_100d_20pct_hdd,100,42,1000000,5000,1.0,health_ec,15.0,2,100000,150000,80,healthy,90,healthy,0,12.5,16.8,18.8,200000,0.0,0,0,0,0,0,0
slow_ratio_20pct,slow_ratio,20pct,1,dynamic_sensitivity_100d_20pct_hdd,100,42,1000000,5000,1.0,health_ec,15.0,3,150000,200000,80,mild_slow,90,healthy,10,12.8,27.1,36.7,201895,0.9,1895,1895,1527,1,1,0
slow_ratio_20pct,slow_ratio,20pct,1,dynamic_sensitivity_100d_20pct_hdd,100,42,1000000,5000,1.0,health_ec,15.0,4,200000,250000,80,mild_slow,90,healthy,10,12.8,26.1,35.4,202958,1.5,2958,2958,2420,1,1,0
slow_ratio_20pct,slow_ratio,20pct,1,dynamic_sensitivity_100d_20pct_hdd,100,42,1000000,5000,1.0,health_ec,15.0,5,250000,300000,80,mild_slow,90,healthy,10,12.8,26.3,34.8,203265,1.6,3265,3265,2685,0,0,0
slow_ratio_20pct,slow_ratio,20pct,1,dynamic_sensitivity_100d_20pct_hdd,100,42,1000000,5000,1.0,health_ec,15.0,6,300000,350000,80,severe_slow,90,healthy,10,12.7,55.4,78.6,202869,1.4,2869,2869,2392,8,8,0
slow_ratio_20pct,slow_ratio,20pct,1,dynamic_sensitivity_100d_20pct_hdd,100,42,1000000,5000,1.0,health_ec,15.0,7,350000,400000,80,severe_slow,90,healthy,10,12.7,52.7,74.9,203068,1.5,3068,3068,2623,0,0,0
slow_ratio_20pct,slow_ratio,20pct,1,dynamic_sensitivity_100d_20pct_hdd,100,42,1000000,5000,1.0,health_ec,15.0,8,400000,450000,80,severe_slow,90,healthy,10,12.7,51.7,75.1,203163,1.6,3163,3163,2679,0,0,0
slow_ratio_20pct,slow_ratio,20pct,1,dynamic_sensitivity_100d_20pct_hdd,100,42,1000000,5000,1.0,health_ec,15.0,9,450000,500000,80,recovery,90,mild_slow,10,12.9,27.0,36.8,204150,2.1,4150,4150,3081,4,4,0
slow_ratio_20pct,slow_ratio,20pct,1,dynamic_sensitivity_100d_20pct_hdd,100,42,1000000,5000,1.0,health_ec,15.0,10,500000,550000,80,recovery,90,mild_slow,10,12.9,25.8,35.3,204063,2.0,4063,4063,3136,0,0,0
slow_ratio_20pct,slow_ratio,20pct,1,dynamic_sensitivity_100d_20pct_hdd,100,42,1000000,5000,1.0,health_ec,15.0,11,550000,600000,80,healthy,90,severe_slow,10,12.7,55.0,78.9,203500,1.8,3500,3500,2690,6,6,0
slow_ratio_20pct,slow_ratio,20pct,1,dynamic_sensitivity_100d_20pct_hdd,100,42,1000000,5000,1.0,health_ec,15.0,12,600000,650000,80,healthy,90,severe_slow,10,12.7,53.3,76.1,203290,1.6,3290,3290,2642,0,0,0
slow_ratio_20pct,slow_ratio,20pct,1,dynamic_sensitivity_100d_20pct_hdd,100,42,1000000,5000,1.0,health_ec,15.0,13,650000,700000,80,healthy,90,severe_slow,10,12.7,53.6,74.8,203385,1.7,3385,3385,2776,0,0,0
slow_ratio_20pct,slow_ratio,20pct,1,dynamic_sensitivity_100d_20pct_hdd,100,42,1000000,5000,1.0,health_ec,15.0,14,700000,750000,80,mild_slow,90,recovery,10,12.9,24.9,35.9,203878,1.9,3878,3878,3277,1,1,0
slow_ratio_20pct,slow_ratio,20pct,1,dynamic_sensitivity_100d_20pct_hdd,100,42,1000000,5000,1.0,health_ec,15.0,15,750000,800000,80,recovery,90,recovery,0,12.8,18.5,22.4,203056,1.5,3056,3056,2515,0,0,0
slow_ratio_20pct,slow_ratio,20pct,1,dynamic_sensitivity_100d_20pct_hdd,100,42,1000000,5000,1.0,health_ec,15.0,16,800000,850000,80,healthy,90,healthy,0,12.4,16.8,18.9,201095,0.5,1095,1095,872,0,0,0
slow_ratio_20pct,slow_ratio,20pct,1,dynamic_sensitivity_100d_20pct_hdd,100,42,1000000,5000,1.0,health_ec,15.0,17,850000,900000,80,healthy,90,healthy,0,12.5,16.8,18.9,200282,0.1,282,282,227,0,0,0
slow_ratio_20pct,slow_ratio,20pct,1,dynamic_sensitivity_100d_20pct_hdd,100,42,1000000,5000,1.0,health_ec,15.0,18,900000,950000,80,healthy,90,healthy,0,12.5,16.8,18.8,200083,0.0,83,83,68,0,0,0
slow_ratio_20pct,slow_ratio,20pct,1,dynamic_sensitivity_100d_20pct_hdd,100,42,1000000,5000,1.0,health_ec,15.0,19,950000,1000000,80,healthy,90,healthy,0,12.5,16.8,18.9,200050,0.0,50,50,40,0,0,0
slow_ratio_20pct,slow_ratio,20pct,1,dynamic_sensitivity_100d_20pct_hdd,100,43,1000000,5000,1.0,vanilla_ec,15.0,0,0,50000,80,healthy,90,healthy,0,12.5,16.8,18.8,200000,0.0,0,0,0,0,0,0
slow_ratio_20pct,slow_ratio,20pct,1,dynamic_sensitivity_100d_20pct_hdd,100,43,1000000,5000,1.0,vanilla_ec,15.0,1,50000,100000,80,healthy,90,healthy,0,12.5,16.8,18.9,200000,0.0,0,0,0,0,0,0
slow_ratio_20pct,slow_ratio,20pct,1,dynamic_sensitivity_100d_20pct_hdd,100,43,1000000,5000,1.0,vanilla_ec,15.0,2,100000,150000,80,healthy,90,healthy,0,12.5,16.8,18.8,200000,0.0,0,0,0,0,0,0
slow_ratio_20pct,slow_ratio,20pct,1,dynamic_sensitivity_100d_20pct_hdd,100,43,1000000,5000,1.0,vanilla_ec,15.0,3,150000,200000,80,mild_slow,90,healthy,10,12.8,29.9,39.4,200000,0.0,0,0,0,0,0,0
slow_ratio_20pct,slow_ratio,20pct,1,dynamic_sensitivity_100d_20pct_hdd,100,43,1000000,5000,1.0,vanilla_ec,15.0,4,200000,250000,80,mild_slow,90,healthy,10,12.8,29.7,39.4,200000,0.0,0,0,0,0,0,0
slow_ratio_20pct,slow_ratio,20pct,1,dynamic_sensitivity_100d_20pct_hdd,100,43,1000000,5000,1.0,vanilla_ec,15.0,5,250000,300000,80,mild_slow,90,healthy,10,12.8,29.7,39.4,200000,0.0,0,0,0,0,0,0
slow_ratio_20pct,slow_ratio,20pct,1,dynamic_sensitivity_100d_20pct_hdd,100,43,1000000,5000,1.0,vanilla_ec,15.0,6,300000,350000,80,severe_slow,90,healthy,10,12.8,69.1,97.4,200000,0.0,0,0,0,0,0,0
slow_ratio_20pct,slow_ratio,20pct,1,dynamic_sensitivity_100d_20pct_hdd,100,43,1000000,5000,1.0,vanilla_ec,15.0,7,350000,400000,80,severe_slow,90,healthy,10,12.8,69.6,99.1,200000,0.0,0,0,0,0,0,0
slow_ratio_20pct,slow_ratio,20pct,1,dynamic_sensitivity_100d_20pct_hdd,100,43,1000000,5000,1.0,vanilla_ec,15.0,8,400000,450000,80,severe_slow,90,healthy,10,12.8,68.3,97.1,200000,0.0,0,0,0,0,0,0
slow_ratio_20pct,slow_ratio,20pct,1,dynamic_sensitivity_100d_20pct_hdd,100,43,1000000,5000,1.0,vanilla_ec,15.0,9,450000,500000,80,recovery,90,mild_slow,10,13.0,29.9,40.3,200000,0.0,0,0,0,0,0,0
slow_ratio_20pct,slow_ratio,20pct,1,dynamic_sensitivity_100d_20pct_hdd,100,43,1000000,5000,1.0,vanilla_ec,15.0,10,500000,550000,80,recovery,90,mild_slow,10,13.0,29.9,39.8,200000,0.0,0,0,0,0,0,0
slow_ratio_20pct,slow_ratio,20pct,1,dynamic_sensitivity_100d_20pct_hdd,100,43,1000000,5000,1.0,vanilla_ec,15.0,11,550000,600000,80,healthy,90,severe_slow,10,12.8,68.8,97.4,200000,0.0,0,0,0,0,0,0
slow_ratio_20pct,slow_ratio,20pct,1,dynamic_sensitivity_100d_20pct_hdd,100,43,1000000,5000,1.0,vanilla_ec,15.0,12,600000,650000,80,healthy,90,severe_slow,10,12.8,69.2,99.8,200000,0.0,0,0,0,0,0,0
slow_ratio_20pct,slow_ratio,20pct,1,dynamic_sensitivity_100d_20pct_hdd,100,43,1000000,5000,1.0,vanilla_ec,15.0,13,650000,700000,80,healthy,90,severe_slow,10,12.8,69.3,98.7,200000,0.0,0,0,0,0,0,0
slow_ratio_20pct,slow_ratio,20pct,1,dynamic_sensitivity_100d_20pct_hdd,100,43,1000000,5000,1.0,vanilla_ec,15.0,14,700000,750000,80,mild_slow,90,recovery,10,13.0,30.0,40.4,200000,0.0,0,0,0,0,0,0
slow_ratio_20pct,slow_ratio,20pct,1,dynamic_sensitivity_100d_20pct_hdd,100,43,1000000,5000,1.0,vanilla_ec,15.0,15,750000,800000,80,recovery,90,recovery,0,13.0,20.1,24.5,200000,0.0,0,0,0,0,0,0
slow_ratio_20pct,slow_ratio,20pct,1,dynamic_sensitivity_100d_20pct_hdd,100,43,1000000,5000,1.0,vanilla_ec,15.0,16,800000,850000,80,healthy,90,healthy,0,12.5,16.8,18.9,200000,0.0,0,0,0,0,0,0
slow_ratio_20pct,slow_ratio,20pct,1,dynamic_sensitivity_100d_20pct_hdd,100,43,1000000,5000,1.0,vanilla_ec,15.0,17,850000,900000,80,healthy,90,healthy,0,12.5,16.8,18.8,200000,0.0,0,0,0,0,0,0
slow_ratio_20pct,slow_ratio,20pct,1,dynamic_sensitivity_100d_20pct_hdd,100,43,1000000,5000,1.0,vanilla_ec,15.0,18,900000,950000,80,healthy,90,healthy,0,12.5,16.8,18.9,200000,0.0,0,0,0,0,0,0
slow_ratio_20pct,slow_ratio,20pct,1,dynamic_sensitivity_100d_20pct_hdd,100,43,1000000,5000,1.0,vanilla_ec,15.0,19,950000,1000000,80,healthy,90,healthy,0,12.5,16.8,18.7,200000,0.0,0,0,0,0,0,0
slow_ratio_20pct,slow_ratio,20pct,1,dynamic_sensitivity_100d_20pct_hdd,100,43,1000000,5000,1.0,late_binding,15.0,0,0,50000,80,healthy,90,healthy,0,10.7,14.0,15.4,250000,25.0,50000,50000,39871,0,0,0
slow_ratio_20pct,slow_ratio,20pct,1,dynamic_sensitivity_100d_20pct_hdd,100,43,1000000,5000,1.0,late_binding,15.0,1,50000,100000,80,healthy,90,healthy,0,10.7,14.0,15.4,250000,25.0,50000,50000,40011,0,0,0
slow_ratio_20pct,slow_ratio,20pct,1,dynamic_sensitivity_100d_20pct_hdd,100,43,1000000,5000,1.0,late_binding,15.0,2,100000,150000,80,healthy,90,healthy,0,10.7,14.0,15.4,250000,25.0,50000,50000,40100,0,0,0
slow_ratio_20pct,slow_ratio,20pct,1,dynamic_sensitivity_100d_20pct_hdd,100,43,1000000,5000,1.0,late_binding,15.0,3,150000,200000,80,mild_slow,90,healthy,10,10.9,25.1,32.5,250000,25.0,50000,50000,39621,0,0,0
slow_ratio_20pct,slow_ratio,20pct,1,dynamic_sensitivity_100d_20pct_hdd,100,43,1000000,5000,1.0,late_binding,15.0,4,200000,250000,80,mild_slow,90,healthy,10,10.9,25.0,32.5,250000,25.0,50000,50000,39647,0,0,0
slow_ratio_20pct,slow_ratio,20pct,1,dynamic_sensitivity_100d_20pct_hdd,100,43,1000000,5000,1.0,late_binding,15.0,5,250000,300000,80,mild_slow,90,healthy,10,10.9,25.0,32.6,250000,25.0,50000,50000,39708,0,0,0
slow_ratio_20pct,slow_ratio,20pct,1,dynamic_sensitivity_100d_20pct_hdd,100,43,1000000,5000,1.0,late_binding,15.0,6,300000,350000,80,severe_slow,90,healthy,10,10.9,58.0,75.5,250000,25.0,50000,50000,39641,0,0,0
slow_ratio_20pct,slow_ratio,20pct,1,dynamic_sensitivity_100d_20pct_hdd,100,43,1000000,5000,1.0,late_binding,15.0,7,350000,400000,80,severe_slow,90,healthy,10,11.0,57.8,75.5,250000,25.0,50000,50000,39639,0,0,0
slow_ratio_20pct,slow_ratio,20pct,1,dynamic_sensitivity_100d_20pct_hdd,100,43,1000000,5000,1.0,late_binding,15.0,8,400000,450000,80,severe_slow,90,healthy,10,10.9,57.8,74.9,250000,25.0,50000,50000,39665,0,0,0
slow_ratio_20pct,slow_ratio,20pct,1,dynamic_sensitivity_100d_20pct_hdd,100,43,1000000,5000,1.0,late_binding,15.0,9,450000,500000,80,recovery,90,mild_slow,10,11.1,24.9,32.5,250000,25.0,50000,50000,39652,0,0,0
slow_ratio_20pct,slow_ratio,20pct,1,dynamic_sensitivity_100d_20pct_hdd,100,43,1000000,5000,1.0,late_binding,15.0,10,500000,550000,80,recovery,90,mild_slow,10,11.1,24.9,32.4,250000,25.0,50000,50000,39549,0,0,0
slow_ratio_20pct,slow_ratio,20pct,1,dynamic_sensitivity_100d_20pct_hdd,100,43,1000000,5000,1.0,late_binding,15.0,11,550000,600000,80,healthy,90,severe_slow,10,11.0,57.7,75.3,250000,25.0,50000,50000,39810,0,0,0
slow_ratio_20pct,slow_ratio,20pct,1,dynamic_sensitivity_100d_20pct_hdd,100,43,1000000,5000,1.0,late_binding,15.0,12,600000,650000,80,healthy,90,severe_slow,10,10.9,57.7,75.4,250000,25.0,50000,50000,39699,0,0,0
slow_ratio_20pct,slow_ratio,20pct,1,dynamic_sensitivity_100d_20pct_hdd,100,43,1000000,5000,1.0,late_binding,15.0,13,650000,700000,80,healthy,90,severe_slow,10,10.9,57.8,75.9,250000,25.0,50000,50000,39934,0,0,0
slow_ratio_20pct,slow_ratio,20pct,1,dynamic_sensitivity_100d_20pct_hdd,100,43,1000000,5000,1.0,late_binding,15.0,14,700000,750000,80,mild_slow,90,recovery,10,11.1,25.2,32.5,250000,25.0,50000,50000,39842,0,0,0
slow_ratio_20pct,slow_ratio,20pct,1,dynamic_sensitivity_100d_20pct_hdd,100,43,1000000,5000,1.0,late_binding,15.0,15,750000,800000,80,recovery,90,recovery,0,11.1,16.9,20.2,250000,25.0,50000,50000,39853,0,0,0
slow_ratio_20pct,slow_ratio,20pct,1,dynamic_sensitivity_100d_20pct_hdd,100,43,1000000,5000,1.0,late_binding,15.0,16,800000,850000,80,healthy,90,healthy,0,10.7,14.0,15.4,250000,25.0,50000,50000,39910,0,0,0
slow_ratio_20pct,slow_ratio,20pct,1,dynamic_sensitivity_100d_20pct_hdd,100,43,1000000,5000,1.0,late_binding,15.0,17,850000,900000,80,healthy,90,healthy,0,10.7,14.0,15.5,250000,25.0,50000,50000,40032,0,0,0
slow_ratio_20pct,slow_ratio,20pct,1,dynamic_sensitivity_100d_20pct_hdd,100,43,1000000,5000,1.0,late_binding,15.0,18,900000,950000,80,healthy,90,healthy,0,10.7,14.0,15.4,250000,25.0,50000,50000,39985,0,0,0
slow_ratio_20pct,slow_ratio,20pct,1,dynamic_sensitivity_100d_20pct_hdd,100,43,1000000,5000,1.0,late_binding,15.0,19,950000,1000000,80,healthy,90,healthy,0,10.7,14.0,15.4,250000,25.0,50000,50000,39872,0,0,0
slow_ratio_20pct,slow_ratio,20pct,1,dynamic_sensitivity_100d_20pct_hdd,100,43,1000000,5000,1.0,timeout_degraded_read,15.0,0,0,50000,80,healthy,90,healthy,0,12.5,16.8,18.7,208102,4.1,8102,8102,165,0,0,0
slow_ratio_20pct,slow_ratio,20pct,1,dynamic_sensitivity_100d_20pct_hdd,100,43,1000000,5000,1.0,timeout_degraded_read,15.0,1,50000,100000,80,healthy,90,healthy,0,12.5,16.8,18.8,208123,4.1,8123,8123,169,0,0,0
slow_ratio_20pct,slow_ratio,20pct,1,dynamic_sensitivity_100d_20pct_hdd,100,43,1000000,5000,1.0,timeout_degraded_read,15.0,2,100000,150000,80,healthy,90,healthy,0,12.5,16.8,18.7,208110,4.1,8110,8110,198,0,0,0
slow_ratio_20pct,slow_ratio,20pct,1,dynamic_sensitivity_100d_20pct_hdd,100,43,1000000,5000,1.0,timeout_degraded_read,15.0,3,150000,200000,80,mild_slow,90,healthy,10,12.8,27.6,36.3,211715,5.9,11715,11715,1944,0,0,0
slow_ratio_20pct,slow_ratio,20pct,1,dynamic_sensitivity_100d_20pct_hdd,100,43,1000000,5000,1.0,timeout_degraded_read,15.0,4,200000,250000,80,mild_slow,90,healthy,10,12.8,27.6,36.0,211680,5.8,11680,11680,1942,0,0,0
slow_ratio_20pct,slow_ratio,20pct,1,dynamic_sensitivity_100d_20pct_hdd,100,43,1000000,5000,1.0,timeout_degraded_read,15.0,5,250000,300000,80,mild_slow,90,healthy,10,12.8,27.6,36.0,211647,5.8,11647,11647,1869,0,0,0
slow_ratio_20pct,slow_ratio,20pct,1,dynamic_sensitivity_100d_20pct_hdd,100,43,1000000,5000,1.0,timeout_degraded_read,15.0,6,300000,350000,80,severe_slow,90,healthy,10,12.8,60.8,79.1,211636,5.8,11636,11636,3032,0,0,0
slow_ratio_20pct,slow_ratio,20pct,1,dynamic_sensitivity_100d_20pct_hdd,100,43,1000000,5000,1.0,timeout_degraded_read,15.0,7,350000,400000,80,severe_slow,90,healthy,10,12.8,61.0,78.9,211750,5.9,11750,11750,3136,0,0,0
slow_ratio_20pct,slow_ratio,20pct,1,dynamic_sensitivity_100d_20pct_hdd,100,43,1000000,5000,1.0,timeout_degraded_read,15.0,8,400000,450000,80,severe_slow,90,healthy,10,12.8,60.4,78.2,211620,5.8,11620,11620,3096,0,0,0
slow_ratio_20pct,slow_ratio,20pct,1,dynamic_sensitivity_100d_20pct_hdd,100,43,1000000,5000,1.0,timeout_degraded_read,15.0,9,450000,500000,80,recovery,90,mild_slow,10,13.0,27.4,35.9,214015,7.0,14015,14015,2238,0,0,0
slow_ratio_20pct,slow_ratio,20pct,1,dynamic_sensitivity_100d_20pct_hdd,100,43,1000000,5000,1.0,timeout_degraded_read,15.0,10,500000,550000,80,recovery,90,mild_slow,10,13.0,27.4,35.9,213901,7.0,13901,13901,2270,0,0,0
slow_ratio_20pct,slow_ratio,20pct,1,dynamic_sensitivity_100d_20pct_hdd,100,43,1000000,5000,1.0,timeout_degraded_read,15.0,11,550000,600000,80,healthy,90,severe_slow,10,12.8,60.2,78.1,211633,5.8,11633,11633,3191,0,0,0
slow_ratio_20pct,slow_ratio,20pct,1,dynamic_sensitivity_100d_20pct_hdd,100,43,1000000,5000,1.0,timeout_degraded_read,15.0,12,600000,650000,80,healthy,90,severe_slow,10,12.8,59.9,78.5,211564,5.8,11564,11564,3220,0,0,0
slow_ratio_20pct,slow_ratio,20pct,1,dynamic_sensitivity_100d_20pct_hdd,100,43,1000000,5000,1.0,timeout_degraded_read,15.0,13,650000,700000,80,healthy,90,severe_slow,10,12.8,60.4,79.5,211609,5.8,11609,11609,3106,0,0,0
slow_ratio_20pct,slow_ratio,20pct,1,dynamic_sensitivity_100d_20pct_hdd,100,43,1000000,5000,1.0,timeout_degraded_read,15.0,14,700000,750000,80,mild_slow,90,recovery,10,13.0,28.6,36.2,214051,7.0,14051,14051,1949,0,0,0
slow_ratio_20pct,slow_ratio,20pct,1,dynamic_sensitivity_100d_20pct_hdd,100,43,1000000,5000,1.0,timeout_degraded_read,15.0,15,750000,800000,80,recovery,90,recovery,0,13.0,19.9,23.9,213278,6.6,13278,13278,750,0,0,0
slow_ratio_20pct,slow_ratio,20pct,1,dynamic_sensitivity_100d_20pct_hdd,100,43,1000000,5000,1.0,timeout_degraded_read,15.0,16,800000,850000,80,healthy,90,healthy,0,12.5,16.8,18.8,208097,4.0,8097,8097,187,0,0,0
slow_ratio_20pct,slow_ratio,20pct,1,dynamic_sensitivity_100d_20pct_hdd,100,43,1000000,5000,1.0,timeout_degraded_read,15.0,17,850000,900000,80,healthy,90,healthy,0,12.5,16.8,18.7,208029,4.0,8029,8029,173,0,0,0
slow_ratio_20pct,slow_ratio,20pct,1,dynamic_sensitivity_100d_20pct_hdd,100,43,1000000,5000,1.0,timeout_degraded_read,15.0,18,900000,950000,80,healthy,90,healthy,0,12.5,16.8,18.8,208094,4.0,8094,8094,194,0,0,0
slow_ratio_20pct,slow_ratio,20pct,1,dynamic_sensitivity_100d_20pct_hdd,100,43,1000000,5000,1.0,timeout_degraded_read,15.0,19,950000,1000000,80,healthy,90,healthy,0,12.5,16.7,18.7,207918,4.0,7918,7918,220,0,0,0
slow_ratio_20pct,slow_ratio,20pct,1,dynamic_sensitivity_100d_20pct_hdd,100,43,1000000,5000,1.0,health_ec,15.0,0,0,50000,80,healthy,90,healthy,0,12.5,16.8,18.8,200000,0.0,0,0,0,0,0,0
slow_ratio_20pct,slow_ratio,20pct,1,dynamic_sensitivity_100d_20pct_hdd,100,43,1000000,5000,1.0,health_ec,15.0,1,50000,100000,80,healthy,90,healthy,0,12.5,16.8,18.9,200000,0.0,0,0,0,0,0,0
slow_ratio_20pct,slow_ratio,20pct,1,dynamic_sensitivity_100d_20pct_hdd,100,43,1000000,5000,1.0,health_ec,15.0,2,100000,150000,80,healthy,90,healthy,0,12.5,16.8,18.8,200000,0.0,0,0,0,0,0,0
slow_ratio_20pct,slow_ratio,20pct,1,dynamic_sensitivity_100d_20pct_hdd,100,43,1000000,5000,1.0,health_ec,15.0,3,150000,200000,80,mild_slow,90,healthy,10,12.8,27.3,36.7,202115,1.1,2115,2115,1746,0,0,0
slow_ratio_20pct,slow_ratio,20pct,1,dynamic_sensitivity_100d_20pct_hdd,100,43,1000000,5000,1.0,health_ec,15.0,4,200000,250000,80,mild_slow,90,healthy,10,12.8,26.2,35.0,202940,1.5,2940,2940,2433,2,2,0
slow_ratio_20pct,slow_ratio,20pct,1,dynamic_sensitivity_100d_20pct_hdd,100,43,1000000,5000,1.0,health_ec,15.0,5,250000,300000,80,mild_slow,90,healthy,10,12.8,25.9,34.9,203028,1.5,3028,3028,2511,1,1,0
slow_ratio_20pct,slow_ratio,20pct,1,dynamic_sensitivity_100d_20pct_hdd,100,43,1000000,5000,1.0,health_ec,15.0,6,300000,350000,80,severe_slow,90,healthy,10,12.7,53.7,77.5,202881,1.4,2881,2881,2423,7,7,0
slow_ratio_20pct,slow_ratio,20pct,1,dynamic_sensitivity_100d_20pct_hdd,100,43,1000000,5000,1.0,health_ec,15.0,7,350000,400000,80,severe_slow,90,healthy,10,12.7,53.0,75.8,203059,1.5,3059,3059,2564,0,0,0
slow_ratio_20pct,slow_ratio,20pct,1,dynamic_sensitivity_100d_20pct_hdd,100,43,1000000,5000,1.0,health_ec,15.0,8,400000,450000,80,severe_slow,90,healthy,10,12.7,51.9,74.6,203139,1.6,3139,3139,2629,0,0,0
slow_ratio_20pct,slow_ratio,20pct,1,dynamic_sensitivity_100d_20pct_hdd,100,43,1000000,5000,1.0,health_ec,15.0,9,450000,500000,80,recovery,90,mild_slow,10,12.9,26.2,36.6,204019,2.0,4019,4019,2988,5,5,0
slow_ratio_20pct,slow_ratio,20pct,1,dynamic_sensitivity_100d_20pct_hdd,100,43,1000000,5000,1.0,health_ec,15.0,10,500000,550000,80,recovery,90,mild_slow,10,12.9,25.6,35.2,203996,2.0,3996,3996,3061,0,0,0
slow_ratio_20pct,slow_ratio,20pct,1,dynamic_sensitivity_100d_20pct_hdd,100,43,1000000,5000,1.0,health_ec,15.0,11,550000,600000,80,healthy,90,severe_slow,10,12.7,54.2,77.5,203310,1.7,3310,3310,2631,6,6,0
slow_ratio_20pct,slow_ratio,20pct,1,dynamic_sensitivity_100d_20pct_hdd,100,43,1000000,5000,1.0,health_ec,15.0,12,600000,650000,80,healthy,90,severe_slow,10,12.7,52.8,75.6,203222,1.6,3222,3222,2710,0,0,0
slow_ratio_20pct,slow_ratio,20pct,1,dynamic_sensitivity_100d_20pct_hdd,100,43,1000000,5000,1.0,health_ec,15.0,13,650000,700000,80,healthy,90,severe_slow,10,12.7,52.0,74.6,203140,1.6,3140,3140,2587,0,0,0
slow_ratio_20pct,slow_ratio,20pct,1,dynamic_sensitivity_100d_20pct_hdd,100,43,1000000,5000,1.0,health_ec,15.0,14,700000,750000,80,mild_slow,90,recovery,10,12.9,24.5,36.0,203727,1.9,3727,3727,3219,0,0,0
slow_ratio_20pct,slow_ratio,20pct,1,dynamic_sensitivity_100d_20pct_hdd,100,43,1000000,5000,1.0,health_ec,15.0,15,750000,800000,80,recovery,90,recovery,0,12.8,18.5,22.4,202884,1.4,2884,2884,2389,0,0,0
slow_ratio_20pct,slow_ratio,20pct,1,dynamic_sensitivity_100d_20pct_hdd,100,43,1000000,5000,1.0,health_ec,15.0,16,800000,850000,80,healthy,90,healthy,0,12.4,16.8,18.9,201115,0.6,1115,1115,898,0,0,0
slow_ratio_20pct,slow_ratio,20pct,1,dynamic_sensitivity_100d_20pct_hdd,100,43,1000000,5000,1.0,health_ec,15.0,17,850000,900000,80,healthy,90,healthy,0,12.5,16.8,18.8,200343,0.2,343,343,270,0,0,0
slow_ratio_20pct,slow_ratio,20pct,1,dynamic_sensitivity_100d_20pct_hdd,100,43,1000000,5000,1.0,health_ec,15.0,18,900000,950000,80,healthy,90,healthy,0,12.5,16.8,18.9,200102,0.1,102,102,76,0,0,0
slow_ratio_20pct,slow_ratio,20pct,1,dynamic_sensitivity_100d_20pct_hdd,100,43,1000000,5000,1.0,health_ec,15.0,19,950000,1000000,80,healthy,90,healthy,0,12.5,16.8,18.7,200032,0.0,32,32,27,0,0,0
slow_ratio_20pct,slow_ratio,20pct,1,dynamic_sensitivity_100d_20pct_hdd,100,44,1000000,5000,1.0,vanilla_ec,15.0,0,0,50000,80,healthy,90,healthy,0,12.5,16.8,18.8,200000,0.0,0,0,0,0,0,0
slow_ratio_20pct,slow_ratio,20pct,1,dynamic_sensitivity_100d_20pct_hdd,100,44,1000000,5000,1.0,vanilla_ec,15.0,1,50000,100000,80,healthy,90,healthy,0,12.5,16.8,18.7,200000,0.0,0,0,0,0,0,0
slow_ratio_20pct,slow_ratio,20pct,1,dynamic_sensitivity_100d_20pct_hdd,100,44,1000000,5000,1.0,vanilla_ec,15.0,2,100000,150000,80,healthy,90,healthy,0,12.5,16.8,18.8,200000,0.0,0,0,0,0,0,0
slow_ratio_20pct,slow_ratio,20pct,1,dynamic_sensitivity_100d_20pct_hdd,100,44,1000000,5000,1.0,vanilla_ec,15.0,3,150000,200000,80,mild_slow,90,healthy,10,12.8,29.7,38.8,200000,0.0,0,0,0,0,0,0
slow_ratio_20pct,slow_ratio,20pct,1,dynamic_sensitivity_100d_20pct_hdd,100,44,1000000,5000,1.0,vanilla_ec,15.0,4,200000,250000,80,mild_slow,90,healthy,10,12.8,29.6,39.2,200000,0.0,0,0,0,0,0,0
slow_ratio_20pct,slow_ratio,20pct,1,dynamic_sensitivity_100d_20pct_hdd,100,44,1000000,5000,1.0,vanilla_ec,15.0,5,250000,300000,80,mild_slow,90,healthy,10,12.8,30.1,39.9,200000,0.0,0,0,0,0,0,0
slow_ratio_20pct,slow_ratio,20pct,1,dynamic_sensitivity_100d_20pct_hdd,100,44,1000000,5000,1.0,vanilla_ec,15.0,6,300000,350000,80,severe_slow,90,healthy,10,12.8,68.7,97.9,200000,0.0,0,0,0,0,0,0
slow_ratio_20pct,slow_ratio,20pct,1,dynamic_sensitivity_100d_20pct_hdd,100,44,1000000,5000,1.0,vanilla_ec,15.0,7,350000,400000,80,severe_slow,90,healthy,10,12.8,68.8,96.2,200000,0.0,0,0,0,0,0,0
slow_ratio_20pct,slow_ratio,20pct,1,dynamic_sensitivity_100d_20pct_hdd,100,44,1000000,5000,1.0,vanilla_ec,15.0,8,400000,450000,80,severe_slow,90,healthy,10,12.8,69.1,97.5,200000,0.0,0,0,0,0,0,0
slow_ratio_20pct,slow_ratio,20pct,1,dynamic_sensitivity_100d_20pct_hdd,100,44,1000000,5000,1.0,vanilla_ec,15.0,9,450000,500000,80,recovery,90,mild_slow,10,13.1,30.0,40.3,200000,0.0,0,0,0,0,0,0
slow_ratio_20pct,slow_ratio,20pct,1,dynamic_sensitivity_100d_20pct_hdd,100,44,1000000,5000,1.0,vanilla_ec,15.0,10,500000,550000,80,recovery,90,mild_slow,10,13.0,30.0,40.4,200000,0.0,0,0,0,0,0,0
slow_ratio_20pct,slow_ratio,20pct,1,dynamic_sensitivity_100d_20pct_hdd,100,44,1000000,5000,1.0,vanilla_ec,15.0,11,550000,600000,80,healthy,90,severe_slow,10,12.8,69.1,99.4,200000,0.0,0,0,0,0,0,0
slow_ratio_20pct,slow_ratio,20pct,1,dynamic_sensitivity_100d_20pct_hdd,100,44,1000000,5000,1.0,vanilla_ec,15.0,12,600000,650000,80,healthy,90,severe_slow,10,12.8,69.4,106.5,200000,0.0,0,0,0,0,0,0
slow_ratio_20pct,slow_ratio,20pct,1,dynamic_sensitivity_100d_20pct_hdd,100,44,1000000,5000,1.0,vanilla_ec,15.0,13,650000,700000,80,healthy,90,severe_slow,10,12.8,69.5,103.7,200000,0.0,0,0,0,0,0,0
slow_ratio_20pct,slow_ratio,20pct,1,dynamic_sensitivity_100d_20pct_hdd,100,44,1000000,5000,1.0,vanilla_ec,15.0,14,700000,750000,80,mild_slow,90,recovery,10,13.0,29.9,39.8,200000,0.0,0,0,0,0,0,0
slow_ratio_20pct,slow_ratio,20pct,1,dynamic_sensitivity_100d_20pct_hdd,100,44,1000000,5000,1.0,vanilla_ec,15.0,15,750000,800000,80,recovery,90,recovery,0,13.0,20.2,24.6,200000,0.0,0,0,0,0,0,0
slow_ratio_20pct,slow_ratio,20pct,1,dynamic_sensitivity_100d_20pct_hdd,100,44,1000000,5000,1.0,vanilla_ec,15.0,16,800000,850000,80,healthy,90,healthy,0,12.5,16.8,18.8,200000,0.0,0,0,0,0,0,0
slow_ratio_20pct,slow_ratio,20pct,1,dynamic_sensitivity_100d_20pct_hdd,100,44,1000000,5000,1.0,vanilla_ec,15.0,17,850000,900000,80,healthy,90,healthy,0,12.5,16.8,18.8,200000,0.0,0,0,0,0,0,0
slow_ratio_20pct,slow_ratio,20pct,1,dynamic_sensitivity_100d_20pct_hdd,100,44,1000000,5000,1.0,vanilla_ec,15.0,18,900000,950000,80,healthy,90,healthy,0,12.5,16.9,18.8,200000,0.0,0,0,0,0,0,0
slow_ratio_20pct,slow_ratio,20pct,1,dynamic_sensitivity_100d_20pct_hdd,100,44,1000000,5000,1.0,vanilla_ec,15.0,19,950000,1000000,80,healthy,90,healthy,0,12.5,16.9,18.9,200000,0.0,0,0,0,0,0,0
slow_ratio_20pct,slow_ratio,20pct,1,dynamic_sensitivity_100d_20pct_hdd,100,44,1000000,5000,1.0,late_binding,15.0,0,0,50000,80,healthy,90,healthy,0,10.7,14.0,15.4,250000,25.0,50000,50000,39978,0,0,0
slow_ratio_20pct,slow_ratio,20pct,1,dynamic_sensitivity_100d_20pct_hdd,100,44,1000000,5000,1.0,late_binding,15.0,1,50000,100000,80,healthy,90,healthy,0,10.7,14.0,15.4,250000,25.0,50000,50000,40008,0,0,0
slow_ratio_20pct,slow_ratio,20pct,1,dynamic_sensitivity_100d_20pct_hdd,100,44,1000000,5000,1.0,late_binding,15.0,2,100000,150000,80,healthy,90,healthy,0,10.7,14.0,15.5,250000,25.0,50000,50000,39927,0,0,0
slow_ratio_20pct,slow_ratio,20pct,1,dynamic_sensitivity_100d_20pct_hdd,100,44,1000000,5000,1.0,late_binding,15.0,3,150000,200000,80,mild_slow,90,healthy,10,11.0,25.0,32.2,250000,25.0,50000,50000,39774,0,0,0
slow_ratio_20pct,slow_ratio,20pct,1,dynamic_sensitivity_100d_20pct_hdd,100,44,1000000,5000,1.0,late_binding,15.0,4,200000,250000,80,mild_slow,90,healthy,10,11.0,24.8,32.4,250000,25.0,50000,50000,39819,0,0,0
slow_ratio_20pct,slow_ratio,20pct,1,dynamic_sensitivity_100d_20pct_hdd,100,44,1000000,5000,1.0,late_binding,15.0,5,250000,300000,80,mild_slow,90,healthy,10,10.9,25.3,32.5,250000,25.0,50000,50000,39696,0,0,0
slow_ratio_20pct,slow_ratio,20pct,1,dynamic_sensitivity_100d_20pct_hdd,100,44,1000000,5000,1.0,late_binding,15.0,6,300000,350000,80,severe_slow,90,healthy,10,11.0,57.6,75.1,250000,25.0,50000,50000,39577,0,0,0
slow_ratio_20pct,slow_ratio,20pct,1,dynamic_sensitivity_100d_20pct_hdd,100,44,1000000,5000,1.0,late_binding,15.0,7,350000,400000,80,severe_slow,90,healthy,10,11.0,58.1,75.9,250000,25.0,50000,50000,39621,0,0,0
slow_ratio_20pct,slow_ratio,20pct,1,dynamic_sensitivity_100d_20pct_hdd,100,44,1000000,5000,1.0,late_binding,15.0,8,400000,450000,80,severe_slow,90,healthy,10,10.9,58.0,75.5,250000,25.0,50000,50000,39747,0,0,0
slow_ratio_20pct,slow_ratio,20pct,1,dynamic_sensitivity_100d_20pct_hdd,100,44,1000000,5000,1.0,late_binding,15.0,9,450000,500000,80,recovery,90,mild_slow,10,11.1,24.8,32.5,250000,25.0,50000,50000,39652,0,0,0
slow_ratio_20pct,slow_ratio,20pct,1,dynamic_sensitivity_100d_20pct_hdd,100,44,1000000,5000,1.0,late_binding,15.0,10,500000,550000,80,recovery,90,mild_slow,10,11.1,24.7,32.5,250000,25.0,50000,50000,39563,0,0,0
slow_ratio_20pct,slow_ratio,20pct,1,dynamic_sensitivity_100d_20pct_hdd,100,44,1000000,5000,1.0,late_binding,15.0,11,550000,600000,80,healthy,90,severe_slow,10,11.0,57.7,75.6,250000,25.0,50000,50000,39672,0,0,0
slow_ratio_20pct,slow_ratio,20pct,1,dynamic_sensitivity_100d_20pct_hdd,100,44,1000000,5000,1.0,late_binding,15.0,12,600000,650000,80,healthy,90,severe_slow,10,10.9,58.0,75.9,250000,25.0,50000,50000,39748,0,0,0
slow_ratio_20pct,slow_ratio,20pct,1,dynamic_sensitivity_100d_20pct_hdd,100,44,1000000,5000,1.0,late_binding,15.0,13,650000,700000,80,healthy,90,severe_slow,10,10.9,57.7,75.7,250000,25.0,50000,50000,39638,0,0,0
slow_ratio_20pct,slow_ratio,20pct,1,dynamic_sensitivity_100d_20pct_hdd,100,44,1000000,5000,1.0,late_binding,15.0,14,700000,750000,80,mild_slow,90,recovery,10,11.1,24.9,32.2,250000,25.0,50000,50000,39987,0,0,0
slow_ratio_20pct,slow_ratio,20pct,1,dynamic_sensitivity_100d_20pct_hdd,100,44,1000000,5000,1.0,late_binding,15.0,15,750000,800000,80,recovery,90,recovery,0,11.1,16.9,20.2,250000,25.0,50000,50000,39851,0,0,0
slow_ratio_20pct,slow_ratio,20pct,1,dynamic_sensitivity_100d_20pct_hdd,100,44,1000000,5000,1.0,late_binding,15.0,16,800000,850000,80,healthy,90,healthy,0,10.7,14.0,15.5,250000,25.0,50000,50000,40014,0,0,0
slow_ratio_20pct,slow_ratio,20pct,1,dynamic_sensitivity_100d_20pct_hdd,100,44,1000000,5000,1.0,late_binding,15.0,17,850000,900000,80,healthy,90,healthy,0,10.7,14.0,15.4,250000,25.0,50000,50000,39891,0,0,0
slow_ratio_20pct,slow_ratio,20pct,1,dynamic_sensitivity_100d_20pct_hdd,100,44,1000000,5000,1.0,late_binding,15.0,18,900000,950000,80,healthy,90,healthy,0,10.7,14.0,15.5,250000,25.0,50000,50000,39817,0,0,0
slow_ratio_20pct,slow_ratio,20pct,1,dynamic_sensitivity_100d_20pct_hdd,100,44,1000000,5000,1.0,late_binding,15.0,19,950000,1000000,80,healthy,90,healthy,0,10.7,14.0,15.5,250000,25.0,50000,50000,40068,0,0,0
slow_ratio_20pct,slow_ratio,20pct,1,dynamic_sensitivity_100d_20pct_hdd,100,44,1000000,5000,1.0,timeout_degraded_read,15.0,0,0,50000,80,healthy,90,healthy,0,12.5,16.8,18.8,208033,4.0,8033,8033,184,0,0,0
slow_ratio_20pct,slow_ratio,20pct,1,dynamic_sensitivity_100d_20pct_hdd,100,44,1000000,5000,1.0,timeout_degraded_read,15.0,1,50000,100000,80,healthy,90,healthy,0,12.5,16.8,18.7,208137,4.1,8137,8137,165,0,0,0
slow_ratio_20pct,slow_ratio,20pct,1,dynamic_sensitivity_100d_20pct_hdd,100,44,1000000,5000,1.0,timeout_degraded_read,15.0,2,100000,150000,80,healthy,90,healthy,0,12.5,16.8,18.7,208104,4.1,8104,8104,193,0,0,0
slow_ratio_20pct,slow_ratio,20pct,1,dynamic_sensitivity_100d_20pct_hdd,100,44,1000000,5000,1.0,timeout_degraded_read,15.0,3,150000,200000,80,mild_slow,90,healthy,10,12.8,27.8,36.0,211587,5.8,11587,11587,1906,0,0,0
slow_ratio_20pct,slow_ratio,20pct,1,dynamic_sensitivity_100d_20pct_hdd,100,44,1000000,5000,1.0,timeout_degraded_read,15.0,4,200000,250000,80,mild_slow,90,healthy,10,12.8,27.5,35.8,211682,5.8,11682,11682,1864,0,0,0
slow_ratio_20pct,slow_ratio,20pct,1,dynamic_sensitivity_100d_20pct_hdd,100,44,1000000,5000,1.0,timeout_degraded_read,15.0,5,250000,300000,80,mild_slow,90,healthy,10,12.8,28.0,36.3,211606,5.8,11606,11606,1941,0,0,0
slow_ratio_20pct,slow_ratio,20pct,1,dynamic_sensitivity_100d_20pct_hdd,100,44,1000000,5000,1.0,timeout_degraded_read,15.0,6,300000,350000,80,severe_slow,90,healthy,10,12.8,60.3,78.9,211708,5.9,11708,11708,3063,0,0,0
slow_ratio_20pct,slow_ratio,20pct,1,dynamic_sensitivity_100d_20pct_hdd,100,44,1000000,5000,1.0,timeout_degraded_read,15.0,7,350000,400000,80,severe_slow,90,healthy,10,12.8,60.7,79.3,211810,5.9,11810,11810,3053,0,0,0
slow_ratio_20pct,slow_ratio,20pct,1,dynamic_sensitivity_100d_20pct_hdd,100,44,1000000,5000,1.0,timeout_degraded_read,15.0,8,400000,450000,80,severe_slow,90,healthy,10,12.8,60.6,78.9,211838,5.9,11838,11838,3097,0,0,0
slow_ratio_20pct,slow_ratio,20pct,1,dynamic_sensitivity_100d_20pct_hdd,100,44,1000000,5000,1.0,timeout_degraded_read,15.0,9,450000,500000,80,recovery,90,mild_slow,10,13.1,27.5,36.1,214006,7.0,14006,14006,2251,0,0,0
slow_ratio_20pct,slow_ratio,20pct,1,dynamic_sensitivity_100d_20pct_hdd,100,44,1000000,5000,1.0,timeout_degraded_read,15.0,10,500000,550000,80,recovery,90,mild_slow,10,13.0,27.2,35.9,213923,7.0,13923,13923,2312,0,0,0
slow_ratio_20pct,slow_ratio,20pct,1,dynamic_sensitivity_100d_20pct_hdd,100,44,1000000,5000,1.0,timeout_degraded_read,15.0,11,550000,600000,80,healthy,90,severe_slow,10,12.8,60.0,78.5,211637,5.8,11637,11637,3236,0,0,0
slow_ratio_20pct,slow_ratio,20pct,1,dynamic_sensitivity_100d_20pct_hdd,100,44,1000000,5000,1.0,timeout_degraded_read,15.0,12,600000,650000,80,healthy,90,severe_slow,10,12.8,60.4,78.9,211705,5.9,11705,11705,3249,0,0,0
slow_ratio_20pct,slow_ratio,20pct,1,dynamic_sensitivity_100d_20pct_hdd,100,44,1000000,5000,1.0,timeout_degraded_read,15.0,13,650000,700000,80,healthy,90,severe_slow,10,12.8,60.3,78.6,211462,5.7,11462,11462,3245,0,0,0
slow_ratio_20pct,slow_ratio,20pct,1,dynamic_sensitivity_100d_20pct_hdd,100,44,1000000,5000,1.0,timeout_degraded_read,15.0,14,700000,750000,80,mild_slow,90,recovery,10,13.0,28.5,36.0,213821,6.9,13821,13821,1923,0,0,0
slow_ratio_20pct,slow_ratio,20pct,1,dynamic_sensitivity_100d_20pct_hdd,100,44,1000000,5000,1.0,timeout_degraded_read,15.0,15,750000,800000,80,recovery,90,recovery,0,13.0,20.0,23.8,213248,6.6,13248,13248,773,0,0,0
slow_ratio_20pct,slow_ratio,20pct,1,dynamic_sensitivity_100d_20pct_hdd,100,44,1000000,5000,1.0,timeout_degraded_read,15.0,16,800000,850000,80,healthy,90,healthy,0,12.5,16.8,18.8,208040,4.0,8040,8040,191,0,0,0
slow_ratio_20pct,slow_ratio,20pct,1,dynamic_sensitivity_100d_20pct_hdd,100,44,1000000,5000,1.0,timeout_degraded_read,15.0,17,850000,900000,80,healthy,90,healthy,0,12.5,16.8,18.7,208057,4.0,8057,8057,162,0,0,0
slow_ratio_20pct,slow_ratio,20pct,1,dynamic_sensitivity_100d_20pct_hdd,100,44,1000000,5000,1.0,timeout_degraded_read,15.0,18,900000,950000,80,healthy,90,healthy,0,12.5,16.8,18.8,208090,4.0,8090,8090,175,0,0,0
slow_ratio_20pct,slow_ratio,20pct,1,dynamic_sensitivity_100d_20pct_hdd,100,44,1000000,5000,1.0,timeout_degraded_read,15.0,19,950000,1000000,80,healthy,90,healthy,0,12.5,16.8,18.8,208183,4.1,8183,8183,197,0,0,0
slow_ratio_20pct,slow_ratio,20pct,1,dynamic_sensitivity_100d_20pct_hdd,100,44,1000000,5000,1.0,health_ec,15.0,0,0,50000,80,healthy,90,healthy,0,12.5,16.8,18.8,200000,0.0,0,0,0,0,0,0
slow_ratio_20pct,slow_ratio,20pct,1,dynamic_sensitivity_100d_20pct_hdd,100,44,1000000,5000,1.0,health_ec,15.0,1,50000,100000,80,healthy,90,healthy,0,12.5,16.8,18.7,200000,0.0,0,0,0,0,0,0
slow_ratio_20pct,slow_ratio,20pct,1,dynamic_sensitivity_100d_20pct_hdd,100,44,1000000,5000,1.0,health_ec,15.0,2,100000,150000,80,healthy,90,healthy,0,12.5,16.8,18.8,200000,0.0,0,0,0,0,0,0
slow_ratio_20pct,slow_ratio,20pct,1,dynamic_sensitivity_100d_20pct_hdd,100,44,1000000,5000,1.0,health_ec,15.0,3,150000,200000,80,mild_slow,90,healthy,10,12.8,27.5,36.7,201871,0.9,1871,1871,1527,0,0,0
slow_ratio_20pct,slow_ratio,20pct,1,dynamic_sensitivity_100d_20pct_hdd,100,44,1000000,5000,1.0,health_ec,15.0,4,200000,250000,80,mild_slow,90,healthy,10,12.8,26.1,35.1,202814,1.4,2814,2814,2309,1,1,0
slow_ratio_20pct,slow_ratio,20pct,1,dynamic_sensitivity_100d_20pct_hdd,100,44,1000000,5000,1.0,health_ec,15.0,5,250000,300000,80,mild_slow,90,healthy,10,12.8,26.4,34.9,203106,1.6,3106,3106,2545,1,1,0
slow_ratio_20pct,slow_ratio,20pct,1,dynamic_sensitivity_100d_20pct_hdd,100,44,1000000,5000,1.0,health_ec,15.0,6,300000,350000,80,severe_slow,90,healthy,10,12.7,53.0,76.4,202784,1.4,2784,2784,2356,8,8,0
slow_ratio_20pct,slow_ratio,20pct,1,dynamic_sensitivity_100d_20pct_hdd,100,44,1000000,5000,1.0,health_ec,15.0,7,350000,400000,80,severe_slow,90,healthy,10,12.7,52.7,75.9,203068,1.5,3068,3068,2569,0,0,0
slow_ratio_20pct,slow_ratio,20pct,1,dynamic_sensitivity_100d_20pct_hdd,100,44,1000000,5000,1.0,health_ec,15.0,8,400000,450000,80,severe_slow,90,healthy,10,12.7,52.0,74.7,203135,1.6,3135,3135,2643,0,0,0
slow_ratio_20pct,slow_ratio,20pct,1,dynamic_sensitivity_100d_20pct_hdd,100,44,1000000,5000,1.0,health_ec,15.0,9,450000,500000,80,recovery,90,mild_slow,10,12.9,26.3,36.3,204235,2.1,4235,4235,3138,4,4,0
slow_ratio_20pct,slow_ratio,20pct,1,dynamic_sensitivity_100d_20pct_hdd,100,44,1000000,5000,1.0,health_ec,15.0,10,500000,550000,80,recovery,90,mild_slow,10,12.9,25.4,35.0,204089,2.0,4089,4089,3192,0,0,0
slow_ratio_20pct,slow_ratio,20pct,1,dynamic_sensitivity_100d_20pct_hdd,100,44,1000000,5000,1.0,health_ec,15.0,11,550000,600000,80,healthy,90,severe_slow,10,12.7,54.4,77.6,203367,1.7,3367,3367,2685,6,5,0
slow_ratio_20pct,slow_ratio,20pct,1,dynamic_sensitivity_100d_20pct_hdd,100,44,1000000,5000,1.0,health_ec,15.0,12,600000,650000,80,healthy,90,severe_slow,10,12.7,52.8,76.2,203175,1.6,3175,3175,2624,0,0,0
slow_ratio_20pct,slow_ratio,20pct,1,dynamic_sensitivity_100d_20pct_hdd,100,44,1000000,5000,1.0,health_ec,15.0,13,650000,700000,80,healthy,90,severe_slow,10,12.7,52.9,75.5,203176,1.6,3176,3176,2650,0,0,0
slow_ratio_20pct,slow_ratio,20pct,1,dynamic_sensitivity_100d_20pct_hdd,100,44,1000000,5000,1.0,health_ec,15.0,14,700000,750000,80,mild_slow,90,recovery,10,12.8,24.2,35.8,203646,1.8,3646,3646,3175,0,0,0
slow_ratio_20pct,slow_ratio,20pct,1,dynamic_sensitivity_100d_20pct_hdd,100,44,1000000,5000,1.0,health_ec,15.0,15,750000,800000,80,recovery,90,recovery,0,12.8,18.4,22.3,203207,1.6,3207,3207,2687,0,0,0
slow_ratio_20pct,slow_ratio,20pct,1,dynamic_sensitivity_100d_20pct_hdd,100,44,1000000,5000,1.0,health_ec,15.0,16,800000,850000,80,healthy,90,healthy,0,12.4,16.8,18.8,201205,0.6,1205,1205,969,0,0,0
slow_ratio_20pct,slow_ratio,20pct,1,dynamic_sensitivity_100d_20pct_hdd,100,44,1000000,5000,1.0,health_ec,15.0,17,850000,900000,80,healthy,90,healthy,0,12.5,16.8,18.8,200332,0.2,332,332,261,0,0,0
slow_ratio_20pct,slow_ratio,20pct,1,dynamic_sensitivity_100d_20pct_hdd,100,44,1000000,5000,1.0,health_ec,15.0,18,900000,950000,80,healthy,90,healthy,0,12.5,16.8,18.8,200087,0.0,87,87,66,0,0,0
slow_ratio_20pct,slow_ratio,20pct,1,dynamic_sensitivity_100d_20pct_hdd,100,44,1000000,5000,1.0,health_ec,15.0,19,950000,1000000,80,healthy,90,healthy,0,12.5,16.9,18.9,200026,0.0,26,26,23,0,0,0
zipf_0_8,zipf,0.8,1,dynamic_sensitivity_100d_4pct_hdd,100,42,1000000,5000,0.8,vanilla_ec,15.0,0,0,50000,96,healthy,98,healthy,0,12.5,16.8,18.7,200000,0.0,0,0,0,0,0,0
zipf_0_8,zipf,0.8,1,dynamic_sensitivity_100d_4pct_hdd,100,42,1000000,5000,0.8,vanilla_ec,15.0,1,50000,100000,96,healthy,98,healthy,0,12.5,16.8,18.9,200000,0.0,0,0,0,0,0,0
zipf_0_8,zipf,0.8,1,dynamic_sensitivity_100d_4pct_hdd,100,42,1000000,5000,0.8,vanilla_ec,15.0,2,100000,150000,96,healthy,98,healthy,0,12.5,16.8,18.8,200000,0.0,0,0,0,0,0,0
zipf_0_8,zipf,0.8,1,dynamic_sensitivity_100d_4pct_hdd,100,42,1000000,5000,0.8,vanilla_ec,15.0,3,150000,200000,96,mild_slow,98,healthy,2,12.6,18.2,32.2,200000,0.0,0,0,0,0,0,0
zipf_0_8,zipf,0.8,1,dynamic_sensitivity_100d_4pct_hdd,100,42,1000000,5000,0.8,vanilla_ec,15.0,4,200000,250000,96,mild_slow,98,healthy,2,12.6,18.2,32.1,200000,0.0,0,0,0,0,0,0
zipf_0_8,zipf,0.8,1,dynamic_sensitivity_100d_4pct_hdd,100,42,1000000,5000,0.8,vanilla_ec,15.0,5,250000,300000,96,mild_slow,98,healthy,2,12.6,18.1,31.9,200000,0.0,0,0,0,0,0,0
zipf_0_8,zipf,0.8,1,dynamic_sensitivity_100d_4pct_hdd,100,42,1000000,5000,0.8,vanilla_ec,15.0,6,300000,350000,96,severe_slow,98,healthy,2,12.6,18.3,75.4,200000,0.0,0,0,0,0,0,0
zipf_0_8,zipf,0.8,1,dynamic_sensitivity_100d_4pct_hdd,100,42,1000000,5000,0.8,vanilla_ec,15.0,7,350000,400000,96,severe_slow,98,healthy,2,12.6,18.3,75.3,200000,0.0,0,0,0,0,0,0
zipf_0_8,zipf,0.8,1,dynamic_sensitivity_100d_4pct_hdd,100,42,1000000,5000,0.8,vanilla_ec,15.0,8,400000,450000,96,severe_slow,98,healthy,2,12.6,18.3,76.3,200000,0.0,0,0,0,0,0,0
zipf_0_8,zipf,0.8,1,dynamic_sensitivity_100d_4pct_hdd,100,42,1000000,5000,0.8,vanilla_ec,15.0,9,450000,500000,96,recovery,98,mild_slow,2,12.7,18.7,32.8,200000,0.0,0,0,0,0,0,0
zipf_0_8,zipf,0.8,1,dynamic_sensitivity_100d_4pct_hdd,100,42,1000000,5000,0.8,vanilla_ec,15.0,10,500000,550000,96,recovery,98,mild_slow,2,12.6,18.5,32.8,200000,0.0,0,0,0,0,0,0
zipf_0_8,zipf,0.8,1,dynamic_sensitivity_100d_4pct_hdd,100,42,1000000,5000,0.8,vanilla_ec,15.0,11,550000,600000,96,healthy,98,severe_slow,2,12.6,18.4,75.8,200000,0.0,0,0,0,0,0,0
zipf_0_8,zipf,0.8,1,dynamic_sensitivity_100d_4pct_hdd,100,42,1000000,5000,0.8,vanilla_ec,15.0,12,600000,650000,96,healthy,98,severe_slow,2,12.6,18.4,76.0,200000,0.0,0,0,0,0,0,0
zipf_0_8,zipf,0.8,1,dynamic_sensitivity_100d_4pct_hdd,100,42,1000000,5000,0.8,vanilla_ec,15.0,13,650000,700000,96,healthy,98,severe_slow,2,12.6,18.4,76.2,200000,0.0,0,0,0,0,0,0
zipf_0_8,zipf,0.8,1,dynamic_sensitivity_100d_4pct_hdd,100,42,1000000,5000,0.8,vanilla_ec,15.0,14,700000,750000,96,mild_slow,98,recovery,2,12.6,18.5,32.4,200000,0.0,0,0,0,0,0,0
zipf_0_8,zipf,0.8,1,dynamic_sensitivity_100d_4pct_hdd,100,42,1000000,5000,0.8,vanilla_ec,15.0,15,750000,800000,96,recovery,98,recovery,0,12.6,17.6,21.2,200000,0.0,0,0,0,0,0,0
zipf_0_8,zipf,0.8,1,dynamic_sensitivity_100d_4pct_hdd,100,42,1000000,5000,0.8,vanilla_ec,15.0,16,800000,850000,96,healthy,98,healthy,0,12.5,16.8,18.8,200000,0.0,0,0,0,0,0,0
zipf_0_8,zipf,0.8,1,dynamic_sensitivity_100d_4pct_hdd,100,42,1000000,5000,0.8,vanilla_ec,15.0,17,850000,900000,96,healthy,98,healthy,0,12.5,16.8,18.7,200000,0.0,0,0,0,0,0,0
zipf_0_8,zipf,0.8,1,dynamic_sensitivity_100d_4pct_hdd,100,42,1000000,5000,0.8,vanilla_ec,15.0,18,900000,950000,96,healthy,98,healthy,0,12.5,16.9,18.9,200000,0.0,0,0,0,0,0,0
zipf_0_8,zipf,0.8,1,dynamic_sensitivity_100d_4pct_hdd,100,42,1000000,5000,0.8,vanilla_ec,15.0,19,950000,1000000,96,healthy,98,healthy,0,12.5,16.8,18.8,200000,0.0,0,0,0,0,0,0
zipf_0_8,zipf,0.8,1,dynamic_sensitivity_100d_4pct_hdd,100,42,1000000,5000,0.8,late_binding,15.0,0,0,50000,96,healthy,98,healthy,0,10.7,14.0,15.5,250000,25.0,50000,50000,40014,0,0,0
zipf_0_8,zipf,0.8,1,dynamic_sensitivity_100d_4pct_hdd,100,42,1000000,5000,0.8,late_binding,15.0,1,50000,100000,96,healthy,98,healthy,0,10.7,14.0,15.4,250000,25.0,50000,50000,40011,0,0,0
zipf_0_8,zipf,0.8,1,dynamic_sensitivity_100d_4pct_hdd,100,42,1000000,5000,0.8,late_binding,15.0,2,100000,150000,96,healthy,98,healthy,0,10.7,14.0,15.4,250000,25.0,50000,50000,40079,0,0,0
zipf_0_8,zipf,0.8,1,dynamic_sensitivity_100d_4pct_hdd,100,42,1000000,5000,0.8,late_binding,15.0,3,150000,200000,96,mild_slow,98,healthy,2,10.8,14.8,23.1,250000,25.0,50000,50000,39497,0,0,0
zipf_0_8,zipf,0.8,1,dynamic_sensitivity_100d_4pct_hdd,100,42,1000000,5000,0.8,late_binding,15.0,4,200000,250000,96,mild_slow,98,healthy,2,10.8,14.8,23.1,250000,25.0,50000,50000,39664,0,0,0
zipf_0_8,zipf,0.8,1,dynamic_sensitivity_100d_4pct_hdd,100,42,1000000,5000,0.8,late_binding,15.0,5,250000,300000,96,mild_slow,98,healthy,2,10.8,14.8,23.1,250000,25.0,50000,50000,39866,0,0,0
zipf_0_8,zipf,0.8,1,dynamic_sensitivity_100d_4pct_hdd,100,42,1000000,5000,0.8,late_binding,15.0,6,300000,350000,96,severe_slow,98,healthy,2,10.8,15.1,53.0,250000,25.0,50000,50000,39674,0,0,0
zipf_0_8,zipf,0.8,1,dynamic_sensitivity_100d_4pct_hdd,100,42,1000000,5000,0.8,late_binding,15.0,7,350000,400000,96,severe_slow,98,healthy,2,10.8,15.1,53.6,250000,25.0,50000,50000,39831,0,0,0
zipf_0_8,zipf,0.8,1,dynamic_sensitivity_100d_4pct_hdd,100,42,1000000,5000,0.8,late_binding,15.0,8,400000,450000,96,severe_slow,98,healthy,2,10.8,15.2,54.7,250000,25.0,50000,50000,39557,0,0,0
zipf_0_8,zipf,0.8,1,dynamic_sensitivity_100d_4pct_hdd,100,42,1000000,5000,0.8,late_binding,15.0,9,450000,500000,96,recovery,98,mild_slow,2,10.8,15.3,23.9,250000,25.0,50000,50000,39605,0,0,0
zipf_0_8,zipf,0.8,1,dynamic_sensitivity_100d_4pct_hdd,100,42,1000000,5000,0.8,late_binding,15.0,10,500000,550000,96,recovery,98,mild_slow,2,10.8,15.2,24.0,250000,25.0,50000,50000,39716,0,0,0
zipf_0_8,zipf,0.8,1,dynamic_sensitivity_100d_4pct_hdd,100,42,1000000,5000,0.8,late_binding,15.0,11,550000,600000,96,healthy,98,severe_slow,2,10.8,15.2,54.7,250000,25.0,50000,50000,39718,0,0,0
zipf_0_8,zipf,0.8,1,dynamic_sensitivity_100d_4pct_hdd,100,42,1000000,5000,0.8,late_binding,15.0,12,600000,650000,96,healthy,98,severe_slow,2,10.8,15.2,54.3,250000,25.0,50000,50000,39784,0,0,0
zipf_0_8,zipf,0.8,1,dynamic_sensitivity_100d_4pct_hdd,100,42,1000000,5000,0.8,late_binding,15.0,13,650000,700000,96,healthy,98,severe_slow,2,10.8,15.3,54.9,250000,25.0,50000,50000,39702,0,0,0
zipf_0_8,zipf,0.8,1,dynamic_sensitivity_100d_4pct_hdd,100,42,1000000,5000,0.8,late_binding,15.0,14,700000,750000,96,mild_slow,98,recovery,2,10.8,15.1,23.7,250000,25.0,50000,50000,39919,0,0,0
zipf_0_8,zipf,0.8,1,dynamic_sensitivity_100d_4pct_hdd,100,42,1000000,5000,0.8,late_binding,15.0,15,750000,800000,96,recovery,98,recovery,0,10.8,14.6,17.0,250000,25.0,50000,50000,39942,0,0,0
zipf_0_8,zipf,0.8,1,dynamic_sensitivity_100d_4pct_hdd,100,42,1000000,5000,0.8,late_binding,15.0,16,800000,850000,96,healthy,98,healthy,0,10.7,14.0,15.4,250000,25.0,50000,50000,39939,0,0,0
zipf_0_8,zipf,0.8,1,dynamic_sensitivity_100d_4pct_hdd,100,42,1000000,5000,0.8,late_binding,15.0,17,850000,900000,96,healthy,98,healthy,0,10.7,14.0,15.4,250000,25.0,50000,50000,40142,0,0,0
zipf_0_8,zipf,0.8,1,dynamic_sensitivity_100d_4pct_hdd,100,42,1000000,5000,0.8,late_binding,15.0,18,900000,950000,96,healthy,98,healthy,0,10.7,14.0,15.5,250000,25.0,50000,50000,40105,0,0,0
zipf_0_8,zipf,0.8,1,dynamic_sensitivity_100d_4pct_hdd,100,42,1000000,5000,0.8,late_binding,15.0,19,950000,1000000,96,healthy,98,healthy,0,10.7,14.0,15.4,250000,25.0,50000,50000,39871,0,0,0
zipf_0_8,zipf,0.8,1,dynamic_sensitivity_100d_4pct_hdd,100,42,1000000,5000,0.8,timeout_degraded_read,15.0,0,0,50000,96,healthy,98,healthy,0,12.5,16.8,18.7,208068,4.0,8068,8068,184,0,0,0
zipf_0_8,zipf,0.8,1,dynamic_sensitivity_100d_4pct_hdd,100,42,1000000,5000,0.8,timeout_degraded_read,15.0,1,50000,100000,96,healthy,98,healthy,0,12.5,16.8,18.8,208109,4.1,8109,8109,181,0,0,0
zipf_0_8,zipf,0.8,1,dynamic_sensitivity_100d_4pct_hdd,100,42,1000000,5000,0.8,timeout_degraded_read,15.0,2,100000,150000,96,healthy,98,healthy,0,12.5,16.8,18.7,208132,4.1,8132,8132,173,0,0,0
zipf_0_8,zipf,0.8,1,dynamic_sensitivity_100d_4pct_hdd,100,42,1000000,5000,0.8,timeout_degraded_read,15.0,3,150000,200000,96,mild_slow,98,healthy,2,12.6,18.1,26.2,209554,4.8,9554,9554,1427,0,0,0
zipf_0_8,zipf,0.8,1,dynamic_sensitivity_100d_4pct_hdd,100,42,1000000,5000,0.8,timeout_degraded_read,15.0,4,200000,250000,96,mild_slow,98,healthy,2,12.6,18.1,26.1,209555,4.8,9555,9555,1425,0,0,0
zipf_0_8,zipf,0.8,1,dynamic_sensitivity_100d_4pct_hdd,100,42,1000000,5000,0.8,timeout_degraded_read,15.0,5,250000,300000,96,mild_slow,98,healthy,2,12.6,18.0,26.0,209410,4.7,9410,9410,1428,0,0,0
zipf_0_8,zipf,0.8,1,dynamic_sensitivity_100d_4pct_hdd,100,42,1000000,5000,0.8,timeout_degraded_read,15.0,6,300000,350000,96,severe_slow,98,healthy,2,12.6,18.2,53.0,209560,4.8,9560,9560,1858,0,0,0
zipf_0_8,zipf,0.8,1,dynamic_sensitivity_100d_4pct_hdd,100,42,1000000,5000,0.8,timeout_degraded_read,15.0,7,350000,400000,96,severe_slow,98,healthy,2,12.6,18.2,53.6,209471,4.7,9471,9471,1901,0,0,0
zipf_0_8,zipf,0.8,1,dynamic_sensitivity_100d_4pct_hdd,100,42,1000000,5000,0.8,timeout_degraded_read,15.0,8,400000,450000,96,severe_slow,98,healthy,2,12.6,18.3,54.7,209581,4.8,9581,9581,1940,0,0,0
zipf_0_8,zipf,0.8,1,dynamic_sensitivity_100d_4pct_hdd,100,42,1000000,5000,0.8,timeout_degraded_read,15.0,9,450000,500000,96,recovery,98,mild_slow,2,12.7,18.5,26.4,209920,5.0,9920,9920,1542,0,0,0
zipf_0_8,zipf,0.8,1,dynamic_sensitivity_100d_4pct_hdd,100,42,1000000,5000,0.8,timeout_degraded_read,15.0,10,500000,550000,96,recovery,98,mild_slow,2,12.6,18.4,26.4,209768,4.9,9768,9768,1474,0,0,0
zipf_0_8,zipf,0.8,1,dynamic_sensitivity_100d_4pct_hdd,100,42,1000000,5000,0.8,timeout_degraded_read,15.0,11,550000,600000,96,healthy,98,severe_slow,2,12.6,18.3,54.7,209636,4.8,9636,9636,1967,0,0,0
zipf_0_8,zipf,0.8,1,dynamic_sensitivity_100d_4pct_hdd,100,42,1000000,5000,0.8,timeout_degraded_read,15.0,12,600000,650000,96,healthy,98,severe_slow,2,12.6,18.3,54.3,209678,4.8,9678,9678,2023,0,0,0
zipf_0_8,zipf,0.8,1,dynamic_sensitivity_100d_4pct_hdd,100,42,1000000,5000,0.8,timeout_degraded_read,15.0,13,650000,700000,96,healthy,98,severe_slow,2,12.6,18.3,54.9,209519,4.8,9519,9519,2021,0,0,0
zipf_0_8,zipf,0.8,1,dynamic_sensitivity_100d_4pct_hdd,100,42,1000000,5000,0.8,timeout_degraded_read,15.0,14,700000,750000,96,mild_slow,98,recovery,2,12.6,18.4,27.2,209986,5.0,9986,9986,1327,0,0,0
zipf_0_8,zipf,0.8,1,dynamic_sensitivity_100d_4pct_hdd,100,42,1000000,5000,0.8,timeout_degraded_read,15.0,15,750000,800000,96,recovery,98,recovery,0,12.6,17.6,20.8,209716,4.9,9716,9716,447,0,0,0
zipf_0_8,zipf,0.8,1,dynamic_sensitivity_100d_4pct_hdd,100,42,1000000,5000,0.8,timeout_degraded_read,15.0,16,800000,850000,96,healthy,98,healthy,0,12.5,16.7,18.8,208078,4.0,8078,8078,177,0,0,0
zipf_0_8,zipf,0.8,1,dynamic_sensitivity_100d_4pct_hdd,100,42,1000000,5000,0.8,timeout_degraded_read,15.0,17,850000,900000,96,healthy,98,healthy,0,12.5,16.8,18.7,208082,4.0,8082,8082,196,0,0,0
zipf_0_8,zipf,0.8,1,dynamic_sensitivity_100d_4pct_hdd,100,42,1000000,5000,0.8,timeout_degraded_read,15.0,18,900000,950000,96,healthy,98,healthy,0,12.5,16.9,18.8,208213,4.1,8213,8213,189,0,0,0
zipf_0_8,zipf,0.8,1,dynamic_sensitivity_100d_4pct_hdd,100,42,1000000,5000,0.8,timeout_degraded_read,15.0,19,950000,1000000,96,healthy,98,healthy,0,12.5,16.8,18.7,208034,4.0,8034,8034,174,0,0,0
zipf_0_8,zipf,0.8,1,dynamic_sensitivity_100d_4pct_hdd,100,42,1000000,5000,0.8,health_ec,15.0,0,0,50000,96,healthy,98,healthy,0,12.5,16.8,18.7,200000,0.0,0,0,0,0,0,0
zipf_0_8,zipf,0.8,1,dynamic_sensitivity_100d_4pct_hdd,100,42,1000000,5000,0.8,health_ec,15.0,1,50000,100000,96,healthy,98,healthy,0,12.5,16.8,18.9,200000,0.0,0,0,0,0,0,0
zipf_0_8,zipf,0.8,1,dynamic_sensitivity_100d_4pct_hdd,100,42,1000000,5000,0.8,health_ec,15.0,2,100000,150000,96,healthy,98,healthy,0,12.5,16.8,18.8,200000,0.0,0,0,0,0,0,0
zipf_0_8,zipf,0.8,1,dynamic_sensitivity_100d_4pct_hdd,100,42,1000000,5000,0.8,health_ec,15.0,3,150000,200000,96,mild_slow,98,healthy,2,12.6,17.7,29.0,200582,0.3,582,582,580,2,2,0
zipf_0_8,zipf,0.8,1,dynamic_sensitivity_100d_4pct_hdd,100,42,1000000,5000,0.8,health_ec,15.0,4,200000,250000,96,mild_slow,98,healthy,2,12.6,17.6,26.2,200934,0.5,934,934,931,0,0,0
zipf_0_8,zipf,0.8,1,dynamic_sensitivity_100d_4pct_hdd,100,42,1000000,5000,0.8,health_ec,15.0,5,250000,300000,96,mild_slow,98,healthy,2,12.6,17.5,25.7,201038,0.5,1038,1038,1035,0,0,0
zipf_0_8,zipf,0.8,1,dynamic_sensitivity_100d_4pct_hdd,100,42,1000000,5000,0.8,health_ec,15.0,6,300000,350000,96,severe_slow,98,healthy,2,12.6,17.9,52.5,201345,0.7,1345,1345,1345,0,0,0
zipf_0_8,zipf,0.8,1,dynamic_sensitivity_100d_4pct_hdd,100,42,1000000,5000,0.8,health_ec,15.0,7,350000,400000,96,severe_slow,98,healthy,2,12.6,18.0,52.0,201514,0.8,1514,1514,1514,0,0,0
zipf_0_8,zipf,0.8,1,dynamic_sensitivity_100d_4pct_hdd,100,42,1000000,5000,0.8,health_ec,15.0,8,400000,450000,96,severe_slow,98,healthy,2,12.6,17.9,53.0,201539,0.8,1539,1539,1539,0,0,0
zipf_0_8,zipf,0.8,1,dynamic_sensitivity_100d_4pct_hdd,100,42,1000000,5000,0.8,health_ec,15.0,9,450000,500000,96,recovery,98,mild_slow,2,12.6,18.0,26.4,201901,1.0,1901,1901,1351,2,2,0
zipf_0_8,zipf,0.8,1,dynamic_sensitivity_100d_4pct_hdd,100,42,1000000,5000,0.8,health_ec,15.0,10,500000,550000,96,recovery,98,mild_slow,2,12.6,17.8,24.7,201700,0.9,1700,1700,1388,0,0,0
zipf_0_8,zipf,0.8,1,dynamic_sensitivity_100d_4pct_hdd,100,42,1000000,5000,0.8,health_ec,15.0,11,550000,600000,96,healthy,98,severe_slow,2,12.6,17.9,52.4,201628,0.8,1628,1628,1432,2,2,0
zipf_0_8,zipf,0.8,1,dynamic_sensitivity_100d_4pct_hdd,100,42,1000000,5000,0.8,health_ec,15.0,12,600000,650000,96,healthy,98,severe_slow,2,12.6,17.9,51.4,201512,0.8,1512,1512,1442,0,0,0
zipf_0_8,zipf,0.8,1,dynamic_sensitivity_100d_4pct_hdd,100,42,1000000,5000,0.8,health_ec,15.0,13,650000,700000,96,healthy,98,severe_slow,2,12.6,17.9,52.5,201492,0.7,1492,1492,1471,0,0,0
zipf_0_8,zipf,0.8,1,dynamic_sensitivity_100d_4pct_hdd,100,42,1000000,5000,0.8,health_ec,15.0,14,700000,750000,96,mild_slow,98,recovery,2,12.6,17.7,25.8,201714,0.9,1714,1714,1656,0,0,0
zipf_0_8,zipf,0.8,1,dynamic_sensitivity_100d_4pct_hdd,100,42,1000000,5000,0.8,health_ec,15.0,15,750000,800000,96,recovery,98,recovery,0,12.6,17.1,19.4,201578,0.8,1578,1578,1414,0,0,0
zipf_0_8,zipf,0.8,1,dynamic_sensitivity_100d_4pct_hdd,100,42,1000000,5000,0.8,health_ec,15.0,16,800000,850000,96,healthy,98,healthy,0,12.4,16.7,18.8,200810,0.4,810,810,651,0,0,0
zipf_0_8,zipf,0.8,1,dynamic_sensitivity_100d_4pct_hdd,100,42,1000000,5000,0.8,health_ec,15.0,17,850000,900000,96,healthy,98,healthy,0,12.5,16.8,18.7,200276,0.1,276,276,226,0,0,0
zipf_0_8,zipf,0.8,1,dynamic_sensitivity_100d_4pct_hdd,100,42,1000000,5000,0.8,health_ec,15.0,18,900000,950000,96,healthy,98,healthy,0,12.5,16.9,18.9,200064,0.0,64,64,51,0,0,0
zipf_0_8,zipf,0.8,1,dynamic_sensitivity_100d_4pct_hdd,100,42,1000000,5000,0.8,health_ec,15.0,19,950000,1000000,96,healthy,98,healthy,0,12.5,16.8,18.8,200025,0.0,25,25,18,0,0,0
zipf_0_8,zipf,0.8,1,dynamic_sensitivity_100d_4pct_hdd,100,43,1000000,5000,0.8,vanilla_ec,15.0,0,0,50000,96,healthy,98,healthy,0,12.5,16.8,18.9,200000,0.0,0,0,0,0,0,0
zipf_0_8,zipf,0.8,1,dynamic_sensitivity_100d_4pct_hdd,100,43,1000000,5000,0.8,vanilla_ec,15.0,1,50000,100000,96,healthy,98,healthy,0,12.5,16.8,18.9,200000,0.0,0,0,0,0,0,0
zipf_0_8,zipf,0.8,1,dynamic_sensitivity_100d_4pct_hdd,100,43,1000000,5000,0.8,vanilla_ec,15.0,2,100000,150000,96,healthy,98,healthy,0,12.5,16.8,18.8,200000,0.0,0,0,0,0,0,0
zipf_0_8,zipf,0.8,1,dynamic_sensitivity_100d_4pct_hdd,100,43,1000000,5000,0.8,vanilla_ec,15.0,3,150000,200000,96,mild_slow,98,healthy,2,12.6,18.2,32.8,200000,0.0,0,0,0,0,0,0
zipf_0_8,zipf,0.8,1,dynamic_sensitivity_100d_4pct_hdd,100,43,1000000,5000,0.8,vanilla_ec,15.0,4,200000,250000,96,mild_slow,98,healthy,2,12.6,18.1,32.4,200000,0.0,0,0,0,0,0,0
zipf_0_8,zipf,0.8,1,dynamic_sensitivity_100d_4pct_hdd,100,43,1000000,5000,0.8,vanilla_ec,15.0,5,250000,300000,96,mild_slow,98,healthy,2,12.6,18.1,32.2,200000,0.0,0,0,0,0,0,0
zipf_0_8,zipf,0.8,1,dynamic_sensitivity_100d_4pct_hdd,100,43,1000000,5000,0.8,vanilla_ec,15.0,6,300000,350000,96,severe_slow,98,healthy,2,12.6,18.2,74.1,200000,0.0,0,0,0,0,0,0
zipf_0_8,zipf,0.8,1,dynamic_sensitivity_100d_4pct_hdd,100,43,1000000,5000,0.8,vanilla_ec,15.0,7,350000,400000,96,severe_slow,98,healthy,2,12.6,18.3,74.2,200000,0.0,0,0,0,0,0,0
zipf_0_8,zipf,0.8,1,dynamic_sensitivity_100d_4pct_hdd,100,43,1000000,5000,0.8,vanilla_ec,15.0,8,400000,450000,96,severe_slow,98,healthy,2,12.6,18.0,73.6,200000,0.0,0,0,0,0,0,0
zipf_0_8,zipf,0.8,1,dynamic_sensitivity_100d_4pct_hdd,100,43,1000000,5000,0.8,vanilla_ec,15.0,9,450000,500000,96,recovery,98,mild_slow,2,12.6,18.6,32.8,200000,0.0,0,0,0,0,0,0
zipf_0_8,zipf,0.8,1,dynamic_sensitivity_100d_4pct_hdd,100,43,1000000,5000,0.8,vanilla_ec,15.0,10,500000,550000,96,recovery,98,mild_slow,2,12.7,18.8,33.2,200000,0.0,0,0,0,0,0,0
zipf_0_8,zipf,0.8,1,dynamic_sensitivity_100d_4pct_hdd,100,43,1000000,5000,0.8,vanilla_ec,15.0,11,550000,600000,96,healthy,98,severe_slow,2,12.6,18.3,75.4,200000,0.0,0,0,0,0,0,0
zipf_0_8,zipf,0.8,1,dynamic_sensitivity_100d_4pct_hdd,100,43,1000000,5000,0.8,vanilla_ec,15.0,12,600000,650000,96,healthy,98,severe_slow,2,12.6,18.4,76.6,200000,0.0,0,0,0,0,0,0
zipf_0_8,zipf,0.8,1,dynamic_sensitivity_100d_4pct_hdd,100,43,1000000,5000,0.8,vanilla_ec,15.0,13,650000,700000,96,healthy,98,severe_slow,2,12.6,18.3,74.9,200000,0.0,0,0,0,0,0,0
zipf_0_8,zipf,0.8,1,dynamic_sensitivity_100d_4pct_hdd,100,43,1000000,5000,0.8,vanilla_ec,15.0,14,700000,750000,96,mild_slow,98,recovery,2,12.7,18.7,33.3,200000,0.0,0,0,0,0,0,0
zipf_0_8,zipf,0.8,1,dynamic_sensitivity_100d_4pct_hdd,100,43,1000000,5000,0.8,vanilla_ec,15.0,15,750000,800000,96,recovery,98,recovery,0,12.6,17.6,21.2,200000,0.0,0,0,0,0,0,0
zipf_0_8,zipf,0.8,1,dynamic_sensitivity_100d_4pct_hdd,100,43,1000000,5000,0.8,vanilla_ec,15.0,16,800000,850000,96,healthy,98,healthy,0,12.5,16.8,18.9,200000,0.0,0,0,0,0,0,0
zipf_0_8,zipf,0.8,1,dynamic_sensitivity_100d_4pct_hdd,100,43,1000000,5000,0.8,vanilla_ec,15.0,17,850000,900000,96,healthy,98,healthy,0,12.5,16.8,18.8,200000,0.0,0,0,0,0,0,0
zipf_0_8,zipf,0.8,1,dynamic_sensitivity_100d_4pct_hdd,100,43,1000000,5000,0.8,vanilla_ec,15.0,18,900000,950000,96,healthy,98,healthy,0,12.5,16.8,18.8,200000,0.0,0,0,0,0,0,0
zipf_0_8,zipf,0.8,1,dynamic_sensitivity_100d_4pct_hdd,100,43,1000000,5000,0.8,vanilla_ec,15.0,19,950000,1000000,96,healthy,98,healthy,0,12.5,16.8,18.9,200000,0.0,0,0,0,0,0,0
zipf_0_8,zipf,0.8,1,dynamic_sensitivity_100d_4pct_hdd,100,43,1000000,5000,0.8,late_binding,15.0,0,0,50000,96,healthy,98,healthy,0,10.7,14.0,15.4,250000,25.0,50000,50000,39965,0,0,0
zipf_0_8,zipf,0.8,1,dynamic_sensitivity_100d_4pct_hdd,100,43,1000000,5000,0.8,late_binding,15.0,1,50000,100000,96,healthy,98,healthy,0,10.7,14.0,15.4,250000,25.0,50000,50000,39873,0,0,0
zipf_0_8,zipf,0.8,1,dynamic_sensitivity_100d_4pct_hdd,100,43,1000000,5000,0.8,late_binding,15.0,2,100000,150000,96,healthy,98,healthy,0,10.7,14.0,15.4,250000,25.0,50000,50000,40132,0,0,0
zipf_0_8,zipf,0.8,1,dynamic_sensitivity_100d_4pct_hdd,100,43,1000000,5000,0.8,late_binding,15.0,3,150000,200000,96,mild_slow,98,healthy,2,10.8,14.9,23.3,250000,25.0,50000,50000,39713,0,0,0
zipf_0_8,zipf,0.8,1,dynamic_sensitivity_100d_4pct_hdd,100,43,1000000,5000,0.8,late_binding,15.0,4,200000,250000,96,mild_slow,98,healthy,2,10.8,14.8,22.9,250000,25.0,50000,50000,39675,0,0,0
zipf_0_8,zipf,0.8,1,dynamic_sensitivity_100d_4pct_hdd,100,43,1000000,5000,0.8,late_binding,15.0,5,250000,300000,96,mild_slow,98,healthy,2,10.8,14.8,23.3,250000,25.0,50000,50000,39725,0,0,0
zipf_0_8,zipf,0.8,1,dynamic_sensitivity_100d_4pct_hdd,100,43,1000000,5000,0.8,late_binding,15.0,6,300000,350000,96,severe_slow,98,healthy,2,10.8,15.1,53.1,250000,25.0,50000,50000,39617,0,0,0
zipf_0_8,zipf,0.8,1,dynamic_sensitivity_100d_4pct_hdd,100,43,1000000,5000,0.8,late_binding,15.0,7,350000,400000,96,severe_slow,98,healthy,2,10.8,15.1,53.8,250000,25.0,50000,50000,39785,0,0,0
zipf_0_8,zipf,0.8,1,dynamic_sensitivity_100d_4pct_hdd,100,43,1000000,5000,0.8,late_binding,15.0,8,400000,450000,96,severe_slow,98,healthy,2,10.8,15.1,52.9,250000,25.0,50000,50000,39487,0,0,0
zipf_0_8,zipf,0.8,1,dynamic_sensitivity_100d_4pct_hdd,100,43,1000000,5000,0.8,late_binding,15.0,9,450000,500000,96,recovery,98,mild_slow,2,10.8,15.2,23.8,250000,25.0,50000,50000,39686,0,0,0
zipf_0_8,zipf,0.8,1,dynamic_sensitivity_100d_4pct_hdd,100,43,1000000,5000,0.8,late_binding,15.0,10,500000,550000,96,recovery,98,mild_slow,2,10.8,15.5,24.2,250000,25.0,50000,50000,39617,0,0,0
zipf_0_8,zipf,0.8,1,dynamic_sensitivity_100d_4pct_hdd,100,43,1000000,5000,0.8,late_binding,15.0,11,550000,600000,96,healthy,98,severe_slow,2,10.8,15.1,53.6,250000,25.0,50000,50000,39887,0,0,0
zipf_0_8,zipf,0.8,1,dynamic_sensitivity_100d_4pct_hdd,100,43,1000000,5000,0.8,late_binding,15.0,12,600000,650000,96,healthy,98,severe_slow,2,10.8,15.2,55.4,250000,25.0,50000,50000,39806,0,0,0
zipf_0_8,zipf,0.8,1,dynamic_sensitivity_100d_4pct_hdd,100,43,1000000,5000,0.8,late_binding,15.0,13,650000,700000,96,healthy,98,severe_slow,2,10.8,15.2,54.3,250000,25.0,50000,50000,39674,0,0,0
zipf_0_8,zipf,0.8,1,dynamic_sensitivity_100d_4pct_hdd,100,43,1000000,5000,0.8,late_binding,15.0,14,700000,750000,96,mild_slow,98,recovery,2,10.9,15.3,24.3,250000,25.0,50000,50000,39953,0,0,0
zipf_0_8,zipf,0.8,1,dynamic_sensitivity_100d_4pct_hdd,100,43,1000000,5000,0.8,late_binding,15.0,15,750000,800000,96,recovery,98,recovery,0,10.8,14.6,17.1,250000,25.0,50000,50000,39916,0,0,0
zipf_0_8,zipf,0.8,1,dynamic_sensitivity_100d_4pct_hdd,100,43,1000000,5000,0.8,late_binding,15.0,16,800000,850000,96,healthy,98,healthy,0,10.7,14.0,15.4,250000,25.0,50000,50000,40120,0,0,0
zipf_0_8,zipf,0.8,1,dynamic_sensitivity_100d_4pct_hdd,100,43,1000000,5000,0.8,late_binding,15.0,17,850000,900000,96,healthy,98,healthy,0,10.7,14.0,15.4,250000,25.0,50000,50000,39943,0,0,0
zipf_0_8,zipf,0.8,1,dynamic_sensitivity_100d_4pct_hdd,100,43,1000000,5000,0.8,late_binding,15.0,18,900000,950000,96,healthy,98,healthy,0,10.7,14.0,15.4,250000,25.0,50000,50000,40062,0,0,0
zipf_0_8,zipf,0.8,1,dynamic_sensitivity_100d_4pct_hdd,100,43,1000000,5000,0.8,late_binding,15.0,19,950000,1000000,96,healthy,98,healthy,0,10.7,14.0,15.5,250000,25.0,50000,50000,39876,0,0,0
zipf_0_8,zipf,0.8,1,dynamic_sensitivity_100d_4pct_hdd,100,43,1000000,5000,0.8,timeout_degraded_read,15.0,0,0,50000,96,healthy,98,healthy,0,12.5,16.8,18.8,207952,4.0,7952,7952,209,0,0,0
zipf_0_8,zipf,0.8,1,dynamic_sensitivity_100d_4pct_hdd,100,43,1000000,5000,0.8,timeout_degraded_read,15.0,1,50000,100000,96,healthy,98,healthy,0,12.5,16.8,18.8,208148,4.1,8148,8148,182,0,0,0
zipf_0_8,zipf,0.8,1,dynamic_sensitivity_100d_4pct_hdd,100,43,1000000,5000,0.8,timeout_degraded_read,15.0,2,100000,150000,96,healthy,98,healthy,0,12.5,16.8,18.7,208146,4.1,8146,8146,191,0,0,0
zipf_0_8,zipf,0.8,1,dynamic_sensitivity_100d_4pct_hdd,100,43,1000000,5000,0.8,timeout_degraded_read,15.0,3,150000,200000,96,mild_slow,98,healthy,2,12.6,18.1,26.2,209615,4.8,9615,9615,1442,0,0,0
zipf_0_8,zipf,0.8,1,dynamic_sensitivity_100d_4pct_hdd,100,43,1000000,5000,0.8,timeout_degraded_read,15.0,4,200000,250000,96,mild_slow,98,healthy,2,12.6,18.0,26.1,209552,4.8,9552,9552,1408,0,0,0
zipf_0_8,zipf,0.8,1,dynamic_sensitivity_100d_4pct_hdd,100,43,1000000,5000,0.8,timeout_degraded_read,15.0,5,250000,300000,96,mild_slow,98,healthy,2,12.6,18.1,26.2,209623,4.8,9623,9623,1432,0,0,0
zipf_0_8,zipf,0.8,1,dynamic_sensitivity_100d_4pct_hdd,100,43,1000000,5000,0.8,timeout_degraded_read,15.0,6,300000,350000,96,severe_slow,98,healthy,2,12.6,18.1,53.1,209548,4.8,9548,9548,1843,0,0,0
zipf_0_8,zipf,0.8,1,dynamic_sensitivity_100d_4pct_hdd,100,43,1000000,5000,0.8,timeout_degraded_read,15.0,7,350000,400000,96,severe_slow,98,healthy,2,12.6,18.2,53.8,209678,4.8,9678,9678,1905,0,0,0
zipf_0_8,zipf,0.8,1,dynamic_sensitivity_100d_4pct_hdd,100,43,1000000,5000,0.8,timeout_degraded_read,15.0,8,400000,450000,96,severe_slow,98,healthy,2,12.6,18.0,52.9,209432,4.7,9432,9432,1797,0,0,0
zipf_0_8,zipf,0.8,1,dynamic_sensitivity_100d_4pct_hdd,100,43,1000000,5000,0.8,timeout_degraded_read,15.0,9,450000,500000,96,recovery,98,mild_slow,2,12.6,18.5,26.3,209907,5.0,9907,9907,1480,0,0,0
zipf_0_8,zipf,0.8,1,dynamic_sensitivity_100d_4pct_hdd,100,43,1000000,5000,0.8,timeout_degraded_read,15.0,10,500000,550000,96,recovery,98,mild_slow,2,12.7,18.7,26.4,210130,5.1,10130,10130,1547,0,0,0
zipf_0_8,zipf,0.8,1,dynamic_sensitivity_100d_4pct_hdd,100,43,1000000,5000,0.8,timeout_degraded_read,15.0,11,550000,600000,96,healthy,98,severe_slow,2,12.6,18.3,53.6,209489,4.7,9489,9489,1929,0,0,0
zipf_0_8,zipf,0.8,1,dynamic_sensitivity_100d_4pct_hdd,100,43,1000000,5000,0.8,timeout_degraded_read,15.0,12,600000,650000,96,healthy,98,severe_slow,2,12.6,18.3,55.4,209571,4.8,9571,9571,1994,0,0,0
zipf_0_8,zipf,0.8,1,dynamic_sensitivity_100d_4pct_hdd,100,43,1000000,5000,0.8,timeout_degraded_read,15.0,13,650000,700000,96,healthy,98,severe_slow,2,12.6,18.3,54.3,209641,4.8,9641,9641,1977,0,0,0
zipf_0_8,zipf,0.8,1,dynamic_sensitivity_100d_4pct_hdd,100,43,1000000,5000,0.8,timeout_degraded_read,15.0,14,700000,750000,96,mild_slow,98,recovery,2,12.7,18.6,27.5,210055,5.0,10055,10055,1455,0,0,0
zipf_0_8,zipf,0.8,1,dynamic_sensitivity_100d_4pct_hdd,100,43,1000000,5000,0.8,timeout_degraded_read,15.0,15,750000,800000,96,recovery,98,recovery,0,12.6,17.6,20.8,209542,4.8,9542,9542,453,0,0,0
zipf_0_8,zipf,0.8,1,dynamic_sensitivity_100d_4pct_hdd,100,43,1000000,5000,0.8,timeout_degraded_read,15.0,16,800000,850000,96,healthy,98,healthy,0,12.5,16.8,18.8,208152,4.1,8152,8152,198,0,0,0
zipf_0_8,zipf,0.8,1,dynamic_sensitivity_100d_4pct_hdd,100,43,1000000,5000,0.8,timeout_degraded_read,15.0,17,850000,900000,96,healthy,98,healthy,0,12.5,16.8,18.7,208034,4.0,8034,8034,181,0,0,0
zipf_0_8,zipf,0.8,1,dynamic_sensitivity_100d_4pct_hdd,100,43,1000000,5000,0.8,timeout_degraded_read,15.0,18,900000,950000,96,healthy,98,healthy,0,12.5,16.8,18.7,208095,4.0,8095,8095,197,0,0,0
zipf_0_8,zipf,0.8,1,dynamic_sensitivity_100d_4pct_hdd,100,43,1000000,5000,0.8,timeout_degraded_read,15.0,19,950000,1000000,96,healthy,98,healthy,0,12.5,16.8,18.8,208218,4.1,8218,8218,184,0,0,0
zipf_0_8,zipf,0.8,1,dynamic_sensitivity_100d_4pct_hdd,100,43,1000000,5000,0.8,health_ec,15.0,0,0,50000,96,healthy,98,healthy,0,12.5,16.8,18.9,200000,0.0,0,0,0,0,0,0
zipf_0_8,zipf,0.8,1,dynamic_sensitivity_100d_4pct_hdd,100,43,1000000,5000,0.8,health_ec,15.0,1,50000,100000,96,healthy,98,healthy,0,12.5,16.8,18.9,200000,0.0,0,0,0,0,0,0
zipf_0_8,zipf,0.8,1,dynamic_sensitivity_100d_4pct_hdd,100,43,1000000,5000,0.8,health_ec,15.0,2,100000,150000,96,healthy,98,healthy,0,12.5,16.8,18.8,200000,0.0,0,0,0,0,0,0
zipf_0_8,zipf,0.8,1,dynamic_sensitivity_100d_4pct_hdd,100,43,1000000,5000,0.8,health_ec,15.0,3,150000,200000,96,mild_slow,98,healthy,2,12.6,17.7,29.4,200607,0.3,607,607,601,2,2,0
zipf_0_8,zipf,0.8,1,dynamic_sensitivity_100d_4pct_hdd,100,43,1000000,5000,0.8,health_ec,15.0,4,200000,250000,96,mild_slow,98,healthy,2,12.6,17.6,26.5,200881,0.4,881,881,879,0,0,0
zipf_0_8,zipf,0.8,1,dynamic_sensitivity_100d_4pct_hdd,100,43,1000000,5000,0.8,health_ec,15.0,5,250000,300000,96,mild_slow,98,healthy,2,12.6,17.6,25.1,201058,0.5,1058,1058,1057,0,0,0
zipf_0_8,zipf,0.8,1,dynamic_sensitivity_100d_4pct_hdd,100,43,1000000,5000,0.8,health_ec,15.0,6,300000,350000,96,severe_slow,98,healthy,2,12.6,17.9,52.6,201366,0.7,1366,1366,1366,0,0,0
zipf_0_8,zipf,0.8,1,dynamic_sensitivity_100d_4pct_hdd,100,43,1000000,5000,0.8,health_ec,15.0,7,350000,400000,96,severe_slow,98,healthy,2,12.6,17.9,52.5,201495,0.7,1495,1495,1495,0,0,0
zipf_0_8,zipf,0.8,1,dynamic_sensitivity_100d_4pct_hdd,100,43,1000000,5000,0.8,health_ec,15.0,8,400000,450000,96,severe_slow,98,healthy,2,12.6,17.7,50.5,201402,0.7,1402,1402,1402,0,0,0
zipf_0_8,zipf,0.8,1,dynamic_sensitivity_100d_4pct_hdd,100,43,1000000,5000,0.8,health_ec,15.0,9,450000,500000,96,recovery,98,mild_slow,2,12.6,17.9,26.0,201807,0.9,1807,1807,1294,2,2,0
zipf_0_8,zipf,0.8,1,dynamic_sensitivity_100d_4pct_hdd,100,43,1000000,5000,0.8,health_ec,15.0,10,500000,550000,96,recovery,98,mild_slow,2,12.6,17.9,25.4,201744,0.9,1744,1744,1405,0,0,0
zipf_0_8,zipf,0.8,1,dynamic_sensitivity_100d_4pct_hdd,100,43,1000000,5000,0.8,health_ec,15.0,11,550000,600000,96,healthy,98,severe_slow,2,12.6,17.9,51.7,201588,0.8,1588,1588,1383,2,2,0
zipf_0_8,zipf,0.8,1,dynamic_sensitivity_100d_4pct_hdd,100,43,1000000,5000,0.8,health_ec,15.0,12,600000,650000,96,healthy,98,severe_slow,2,12.6,17.8,53.0,201539,0.8,1539,1539,1458,0,0,0
zipf_0_8,zipf,0.8,1,dynamic_sensitivity_100d_4pct_hdd,100,43,1000000,5000,0.8,health_ec,15.0,13,650000,700000,96,healthy,98,severe_slow,2,12.6,17.8,51.2,201449,0.7,1449,1449,1423,0,0,0
zipf_0_8,zipf,0.8,1,dynamic_sensitivity_100d_4pct_hdd,100,43,1000000,5000,0.8,health_ec,15.0,14,700000,750000,96,mild_slow,98,recovery,2,12.6,17.7,26.3,201849,0.9,1849,1849,1790,0,0,0
zipf_0_8,zipf,0.8,1,dynamic_sensitivity_100d_4pct_hdd,100,43,1000000,5000,0.8,health_ec,15.0,15,750000,800000,96,recovery,98,recovery,0,12.6,17.1,19.6,201480,0.7,1480,1480,1343,0,0,0
zipf_0_8,zipf,0.8,1,dynamic_sensitivity_100d_4pct_hdd,100,43,1000000,5000,0.8,health_ec,15.0,16,800000,850000,96,healthy,98,healthy,0,12.5,16.8,18.9,200823,0.4,823,823,677,0,0,0
zipf_0_8,zipf,0.8,1,dynamic_sensitivity_100d_4pct_hdd,100,43,1000000,5000,0.8,health_ec,15.0,17,850000,900000,96,healthy,98,healthy,0,12.5,16.8,18.8,200277,0.1,277,277,216,0,0,0
zipf_0_8,zipf,0.8,1,dynamic_sensitivity_100d_4pct_hdd,100,43,1000000,5000,0.8,health_ec,15.0,18,900000,950000,96,healthy,98,healthy,0,12.5,16.8,18.8,200081,0.0,81,81,64,0,0,0
zipf_0_8,zipf,0.8,1,dynamic_sensitivity_100d_4pct_hdd,100,43,1000000,5000,0.8,health_ec,15.0,19,950000,1000000,96,healthy,98,healthy,0,12.5,16.8,18.9,200019,0.0,19,19,15,0,0,0
zipf_0_8,zipf,0.8,1,dynamic_sensitivity_100d_4pct_hdd,100,44,1000000,5000,0.8,vanilla_ec,15.0,0,0,50000,96,healthy,98,healthy,0,12.5,16.8,18.8,200000,0.0,0,0,0,0,0,0
zipf_0_8,zipf,0.8,1,dynamic_sensitivity_100d_4pct_hdd,100,44,1000000,5000,0.8,vanilla_ec,15.0,1,50000,100000,96,healthy,98,healthy,0,12.5,16.8,18.8,200000,0.0,0,0,0,0,0,0
zipf_0_8,zipf,0.8,1,dynamic_sensitivity_100d_4pct_hdd,100,44,1000000,5000,0.8,vanilla_ec,15.0,2,100000,150000,96,healthy,98,healthy,0,12.5,16.8,18.8,200000,0.0,0,0,0,0,0,0
zipf_0_8,zipf,0.8,1,dynamic_sensitivity_100d_4pct_hdd,100,44,1000000,5000,0.8,vanilla_ec,15.0,3,150000,200000,96,mild_slow,98,healthy,2,12.6,18.2,32.5,200000,0.0,0,0,0,0,0,0
zipf_0_8,zipf,0.8,1,dynamic_sensitivity_100d_4pct_hdd,100,44,1000000,5000,0.8,vanilla_ec,15.0,4,200000,250000,96,mild_slow,98,healthy,2,12.6,18.2,32.3,200000,0.0,0,0,0,0,0,0
zipf_0_8,zipf,0.8,1,dynamic_sensitivity_100d_4pct_hdd,100,44,1000000,5000,0.8,vanilla_ec,15.0,5,250000,300000,96,mild_slow,98,healthy,2,12.6,18.2,32.2,200000,0.0,0,0,0,0,0,0
zipf_0_8,zipf,0.8,1,dynamic_sensitivity_100d_4pct_hdd,100,44,1000000,5000,0.8,vanilla_ec,15.0,6,300000,350000,96,severe_slow,98,healthy,2,12.6,18.3,75.4,200000,0.0,0,0,0,0,0,0
zipf_0_8,zipf,0.8,1,dynamic_sensitivity_100d_4pct_hdd,100,44,1000000,5000,0.8,vanilla_ec,15.0,7,350000,400000,96,severe_slow,98,healthy,2,12.6,18.2,73.6,200000,0.0,0,0,0,0,0,0
zipf_0_8,zipf,0.8,1,dynamic_sensitivity_100d_4pct_hdd,100,44,1000000,5000,0.8,vanilla_ec,15.0,8,400000,450000,96,severe_slow,98,healthy,2,12.6,18.1,74.7,200000,0.0,0,0,0,0,0,0
zipf_0_8,zipf,0.8,1,dynamic_sensitivity_100d_4pct_hdd,100,44,1000000,5000,0.8,vanilla_ec,15.0,9,450000,500000,96,recovery,98,mild_slow,2,12.6,18.6,32.7,200000,0.0,0,0,0,0,0,0
zipf_0_8,zipf,0.8,1,dynamic_sensitivity_100d_4pct_hdd,100,44,1000000,5000,0.8,vanilla_ec,15.0,10,500000,550000,96,recovery,98,mild_slow,2,12.6,18.9,33.1,200000,0.0,0,0,0,0,0,0
zipf_0_8,zipf,0.8,1,dynamic_sensitivity_100d_4pct_hdd,100,44,1000000,5000,0.8,vanilla_ec,15.0,11,550000,600000,96,healthy,98,severe_slow,2,12.6,18.4,75.5,200000,0.0,0,0,0,0,0,0
zipf_0_8,zipf,0.8,1,dynamic_sensitivity_100d_4pct_hdd,100,44,1000000,5000,0.8,vanilla_ec,15.0,12,600000,650000,96,healthy,98,severe_slow,2,12.6,18.4,75.8,200000,0.0,0,0,0,0,0,0
zipf_0_8,zipf,0.8,1,dynamic_sensitivity_100d_4pct_hdd,100,44,1000000,5000,0.8,vanilla_ec,15.0,13,650000,700000,96,healthy,98,severe_slow,2,12.6,18.2,74.9,200000,0.0,0,0,0,0,0,0
zipf_0_8,zipf,0.8,1,dynamic_sensitivity_100d_4pct_hdd,100,44,1000000,5000,0.8,vanilla_ec,15.0,14,700000,750000,96,mild_slow,98,recovery,2,12.6,18.6,32.6,200000,0.0,0,0,0,0,0,0
zipf_0_8,zipf,0.8,1,dynamic_sensitivity_100d_4pct_hdd,100,44,1000000,5000,0.8,vanilla_ec,15.0,15,750000,800000,96,recovery,98,recovery,0,12.6,17.6,21.2,200000,0.0,0,0,0,0,0,0
zipf_0_8,zipf,0.8,1,dynamic_sensitivity_100d_4pct_hdd,100,44,1000000,5000,0.8,vanilla_ec,15.0,16,800000,850000,96,healthy,98,healthy,0,12.5,16.8,18.8,200000,0.0,0,0,0,0,0,0
zipf_0_8,zipf,0.8,1,dynamic_sensitivity_100d_4pct_hdd,100,44,1000000,5000,0.8,vanilla_ec,15.0,17,850000,900000,96,healthy,98,healthy,0,12.5,16.8,18.8,200000,0.0,0,0,0,0,0,0
zipf_0_8,zipf,0.8,1,dynamic_sensitivity_100d_4pct_hdd,100,44,1000000,5000,0.8,vanilla_ec,15.0,18,900000,950000,96,healthy,98,healthy,0,12.5,16.8,18.8,200000,0.0,0,0,0,0,0,0
zipf_0_8,zipf,0.8,1,dynamic_sensitivity_100d_4pct_hdd,100,44,1000000,5000,0.8,vanilla_ec,15.0,19,950000,1000000,96,healthy,98,healthy,0,12.5,16.8,18.9,200000,0.0,0,0,0,0,0,0
zipf_0_8,zipf,0.8,1,dynamic_sensitivity_100d_4pct_hdd,100,44,1000000,5000,0.8,late_binding,15.0,0,0,50000,96,healthy,98,healthy,0,10.7,14.0,15.5,250000,25.0,50000,50000,39823,0,0,0
zipf_0_8,zipf,0.8,1,dynamic_sensitivity_100d_4pct_hdd,100,44,1000000,5000,0.8,late_binding,15.0,1,50000,100000,96,healthy,98,healthy,0,10.7,14.0,15.5,250000,25.0,50000,50000,39949,0,0,0
zipf_0_8,zipf,0.8,1,dynamic_sensitivity_100d_4pct_hdd,100,44,1000000,5000,0.8,late_binding,15.0,2,100000,150000,96,healthy,98,healthy,0,10.7,14.0,15.5,250000,25.0,50000,50000,40118,0,0,0
zipf_0_8,zipf,0.8,1,dynamic_sensitivity_100d_4pct_hdd,100,44,1000000,5000,0.8,late_binding,15.0,3,150000,200000,96,mild_slow,98,healthy,2,10.8,14.8,23.5,250000,25.0,50000,50000,39908,0,0,0
zipf_0_8,zipf,0.8,1,dynamic_sensitivity_100d_4pct_hdd,100,44,1000000,5000,0.8,late_binding,15.0,4,200000,250000,96,mild_slow,98,healthy,2,10.8,14.9,23.5,250000,25.0,50000,50000,39687,0,0,0
zipf_0_8,zipf,0.8,1,dynamic_sensitivity_100d_4pct_hdd,100,44,1000000,5000,0.8,late_binding,15.0,5,250000,300000,96,mild_slow,98,healthy,2,10.8,14.8,23.4,250000,25.0,50000,50000,39733,0,0,0
zipf_0_8,zipf,0.8,1,dynamic_sensitivity_100d_4pct_hdd,100,44,1000000,5000,0.8,late_binding,15.0,6,300000,350000,96,severe_slow,98,healthy,2,10.8,15.1,54.2,250000,25.0,50000,50000,39737,0,0,0
zipf_0_8,zipf,0.8,1,dynamic_sensitivity_100d_4pct_hdd,100,44,1000000,5000,0.8,late_binding,15.0,7,350000,400000,96,severe_slow,98,healthy,2,10.8,15.1,53.1,250000,25.0,50000,50000,39749,0,0,0
zipf_0_8,zipf,0.8,1,dynamic_sensitivity_100d_4pct_hdd,100,44,1000000,5000,0.8,late_binding,15.0,8,400000,450000,96,severe_slow,98,healthy,2,10.8,15.1,53.3,250000,25.0,50000,50000,39631,0,0,0
zipf_0_8,zipf,0.8,1,dynamic_sensitivity_100d_4pct_hdd,100,44,1000000,5000,0.8,late_binding,15.0,9,450000,500000,96,recovery,98,mild_slow,2,10.8,15.3,23.8,250000,25.0,50000,50000,39624,0,0,0
zipf_0_8,zipf,0.8,1,dynamic_sensitivity_100d_4pct_hdd,100,44,1000000,5000,0.8,late_binding,15.0,10,500000,550000,96,recovery,98,mild_slow,2,10.8,15.4,24.7,250000,25.0,50000,50000,39592,0,0,0
zipf_0_8,zipf,0.8,1,dynamic_sensitivity_100d_4pct_hdd,100,44,1000000,5000,0.8,late_binding,15.0,11,550000,600000,96,healthy,98,severe_slow,2,10.8,15.2,54.5,250000,25.0,50000,50000,39692,0,0,0
zipf_0_8,zipf,0.8,1,dynamic_sensitivity_100d_4pct_hdd,100,44,1000000,5000,0.8,late_binding,15.0,12,600000,650000,96,healthy,98,severe_slow,2,10.8,15.2,54.9,250000,25.0,50000,50000,39749,0,0,0
zipf_0_8,zipf,0.8,1,dynamic_sensitivity_100d_4pct_hdd,100,44,1000000,5000,0.8,late_binding,15.0,13,650000,700000,96,healthy,98,severe_slow,2,10.8,15.1,53.6,250000,25.0,50000,50000,39656,0,0,0
zipf_0_8,zipf,0.8,1,dynamic_sensitivity_100d_4pct_hdd,100,44,1000000,5000,0.8,late_binding,15.0,14,700000,750000,96,mild_slow,98,recovery,2,10.8,15.1,23.7,250000,25.0,50000,50000,39862,0,0,0
zipf_0_8,zipf,0.8,1,dynamic_sensitivity_100d_4pct_hdd,100,44,1000000,5000,0.8,late_binding,15.0,15,750000,800000,96,recovery,98,recovery,0,10.8,14.5,17.0,250000,25.0,50000,50000,39743,0,0,0
zipf_0_8,zipf,0.8,1,dynamic_sensitivity_100d_4pct_hdd,100,44,1000000,5000,0.8,late_binding,15.0,16,800000,850000,96,healthy,98,healthy,0,10.7,14.0,15.5,250000,25.0,50000,50000,40018,0,0,0
zipf_0_8,zipf,0.8,1,dynamic_sensitivity_100d_4pct_hdd,100,44,1000000,5000,0.8,late_binding,15.0,17,850000,900000,96,healthy,98,healthy,0,10.7,14.0,15.4,250000,25.0,50000,50000,39984,0,0,0
zipf_0_8,zipf,0.8,1,dynamic_sensitivity_100d_4pct_hdd,100,44,1000000,5000,0.8,late_binding,15.0,18,900000,950000,96,healthy,98,healthy,0,10.7,14.0,15.5,250000,25.0,50000,50000,39906,0,0,0
zipf_0_8,zipf,0.8,1,dynamic_sensitivity_100d_4pct_hdd,100,44,1000000,5000,0.8,late_binding,15.0,19,950000,1000000,96,healthy,98,healthy,0,10.7,14.0,15.5,250000,25.0,50000,50000,39872,0,0,0
zipf_0_8,zipf,0.8,1,dynamic_sensitivity_100d_4pct_hdd,100,44,1000000,5000,0.8,timeout_degraded_read,15.0,0,0,50000,96,healthy,98,healthy,0,12.5,16.8,18.8,207944,4.0,7944,7944,187,0,0,0
zipf_0_8,zipf,0.8,1,dynamic_sensitivity_100d_4pct_hdd,100,44,1000000,5000,0.8,timeout_degraded_read,15.0,1,50000,100000,96,healthy,98,healthy,0,12.5,16.8,18.8,207982,4.0,7982,7982,190,0,0,0
zipf_0_8,zipf,0.8,1,dynamic_sensitivity_100d_4pct_hdd,100,44,1000000,5000,0.8,timeout_degraded_read,15.0,2,100000,150000,96,healthy,98,healthy,0,12.5,16.8,18.8,208050,4.0,8050,8050,179,0,0,0
zipf_0_8,zipf,0.8,1,dynamic_sensitivity_100d_4pct_hdd,100,44,1000000,5000,0.8,timeout_degraded_read,15.0,3,150000,200000,96,mild_slow,98,healthy,2,12.6,18.1,26.2,209421,4.7,9421,9421,1472,0,0,0
zipf_0_8,zipf,0.8,1,dynamic_sensitivity_100d_4pct_hdd,100,44,1000000,5000,0.8,timeout_degraded_read,15.0,4,200000,250000,96,mild_slow,98,healthy,2,12.6,18.1,26.3,209502,4.8,9502,9502,1468,0,0,0
zipf_0_8,zipf,0.8,1,dynamic_sensitivity_100d_4pct_hdd,100,44,1000000,5000,0.8,timeout_degraded_read,15.0,5,250000,300000,96,mild_slow,98,healthy,2,12.6,18.1,26.2,209625,4.8,9625,9625,1454,0,0,0
zipf_0_8,zipf,0.8,1,dynamic_sensitivity_100d_4pct_hdd,100,44,1000000,5000,0.8,timeout_degraded_read,15.0,6,300000,350000,96,severe_slow,98,healthy,2,12.6,18.2,54.2,209490,4.7,9490,9490,1889,0,0,0
zipf_0_8,zipf,0.8,1,dynamic_sensitivity_100d_4pct_hdd,100,44,1000000,5000,0.8,timeout_degraded_read,15.0,7,350000,400000,96,severe_slow,98,healthy,2,12.6,18.2,53.1,209559,4.8,9559,9559,1898,0,0,0
zipf_0_8,zipf,0.8,1,dynamic_sensitivity_100d_4pct_hdd,100,44,1000000,5000,0.8,timeout_degraded_read,15.0,8,400000,450000,96,severe_slow,98,healthy,2,12.6,18.1,53.3,209498,4.7,9498,9498,1827,0,0,0
zipf_0_8,zipf,0.8,1,dynamic_sensitivity_100d_4pct_hdd,100,44,1000000,5000,0.8,timeout_degraded_read,15.0,9,450000,500000,96,recovery,98,mild_slow,2,12.6,18.5,26.3,209877,4.9,9877,9877,1502,0,0,0
zipf_0_8,zipf,0.8,1,dynamic_sensitivity_100d_4pct_hdd,100,44,1000000,5000,0.8,timeout_degraded_read,15.0,10,500000,550000,96,recovery,98,mild_slow,2,12.6,18.7,26.8,210126,5.1,10126,10126,1642,0,0,0
zipf_0_8,zipf,0.8,1,dynamic_sensitivity_100d_4pct_hdd,100,44,1000000,5000,0.8,timeout_degraded_read,15.0,11,550000,600000,96,healthy,98,severe_slow,2,12.6,18.3,54.5,209545,4.8,9545,9545,1956,0,0,0
zipf_0_8,zipf,0.8,1,dynamic_sensitivity_100d_4pct_hdd,100,44,1000000,5000,0.8,timeout_degraded_read,15.0,12,600000,650000,96,healthy,98,severe_slow,2,12.6,18.3,54.9,209610,4.8,9610,9610,1960,0,0,0
zipf_0_8,zipf,0.8,1,dynamic_sensitivity_100d_4pct_hdd,100,44,1000000,5000,0.8,timeout_degraded_read,15.0,13,650000,700000,96,healthy,98,severe_slow,2,12.6,18.2,53.6,209525,4.8,9525,9525,1874,0,0,0
zipf_0_8,zipf,0.8,1,dynamic_sensitivity_100d_4pct_hdd,100,44,1000000,5000,0.8,timeout_degraded_read,15.0,14,700000,750000,96,mild_slow,98,recovery,2,12.6,18.5,27.2,209983,5.0,9983,9983,1347,0,0,0
zipf_0_8,zipf,0.8,1,dynamic_sensitivity_100d_4pct_hdd,100,44,1000000,5000,0.8,timeout_degraded_read,15.0,15,750000,800000,96,recovery,98,recovery,0,12.6,17.6,20.9,209635,4.8,9635,9635,420,0,0,0
zipf_0_8,zipf,0.8,1,dynamic_sensitivity_100d_4pct_hdd,100,44,1000000,5000,0.8,timeout_degraded_read,15.0,16,800000,850000,96,healthy,98,healthy,0,12.5,16.8,18.7,208153,4.1,8153,8153,183,0,0,0
zipf_0_8,zipf,0.8,1,dynamic_sensitivity_100d_4pct_hdd,100,44,1000000,5000,0.8,timeout_degraded_read,15.0,17,850000,900000,96,healthy,98,healthy,0,12.5,16.8,18.7,208013,4.0,8013,8013,174,0,0,0
zipf_0_8,zipf,0.8,1,dynamic_sensitivity_100d_4pct_hdd,100,44,1000000,5000,0.8,timeout_degraded_read,15.0,18,900000,950000,96,healthy,98,healthy,0,12.5,16.8,18.8,208148,4.1,8148,8148,203,0,0,0
zipf_0_8,zipf,0.8,1,dynamic_sensitivity_100d_4pct_hdd,100,44,1000000,5000,0.8,timeout_degraded_read,15.0,19,950000,1000000,96,healthy,98,healthy,0,12.5,16.8,18.8,208199,4.1,8199,8199,194,0,0,0
zipf_0_8,zipf,0.8,1,dynamic_sensitivity_100d_4pct_hdd,100,44,1000000,5000,0.8,health_ec,15.0,0,0,50000,96,healthy,98,healthy,0,12.5,16.8,18.8,200000,0.0,0,0,0,0,0,0
zipf_0_8,zipf,0.8,1,dynamic_sensitivity_100d_4pct_hdd,100,44,1000000,5000,0.8,health_ec,15.0,1,50000,100000,96,healthy,98,healthy,0,12.5,16.8,18.8,200000,0.0,0,0,0,0,0,0
zipf_0_8,zipf,0.8,1,dynamic_sensitivity_100d_4pct_hdd,100,44,1000000,5000,0.8,health_ec,15.0,2,100000,150000,96,healthy,98,healthy,0,12.5,16.8,18.8,200000,0.0,0,0,0,0,0,0
zipf_0_8,zipf,0.8,1,dynamic_sensitivity_100d_4pct_hdd,100,44,1000000,5000,0.8,health_ec,15.0,3,150000,200000,96,mild_slow,98,healthy,2,12.6,17.8,30.0,200545,0.3,545,545,542,2,2,0
zipf_0_8,zipf,0.8,1,dynamic_sensitivity_100d_4pct_hdd,100,44,1000000,5000,0.8,health_ec,15.0,4,200000,250000,96,mild_slow,98,healthy,2,12.6,17.6,26.4,201004,0.5,1004,1004,999,0,0,0
zipf_0_8,zipf,0.8,1,dynamic_sensitivity_100d_4pct_hdd,100,44,1000000,5000,0.8,health_ec,15.0,5,250000,300000,96,mild_slow,98,healthy,2,12.6,17.6,25.6,201067,0.5,1067,1067,1064,0,0,0
zipf_0_8,zipf,0.8,1,dynamic_sensitivity_100d_4pct_hdd,100,44,1000000,5000,0.8,health_ec,15.0,6,300000,350000,96,severe_slow,98,healthy,2,12.6,17.9,53.9,201448,0.7,1448,1448,1448,0,0,0
zipf_0_8,zipf,0.8,1,dynamic_sensitivity_100d_4pct_hdd,100,44,1000000,5000,0.8,health_ec,15.0,7,350000,400000,96,severe_slow,98,healthy,2,12.6,17.9,51.3,201503,0.8,1503,1503,1502,0,0,0
zipf_0_8,zipf,0.8,1,dynamic_sensitivity_100d_4pct_hdd,100,44,1000000,5000,0.8,health_ec,15.0,8,400000,450000,96,severe_slow,98,healthy,2,12.6,17.8,51.8,201466,0.7,1466,1466,1466,0,0,0
zipf_0_8,zipf,0.8,1,dynamic_sensitivity_100d_4pct_hdd,100,44,1000000,5000,0.8,health_ec,15.0,9,450000,500000,96,recovery,98,mild_slow,2,12.6,18.0,26.8,201691,0.8,1691,1691,1228,2,2,0
zipf_0_8,zipf,0.8,1,dynamic_sensitivity_100d_4pct_hdd,100,44,1000000,5000,0.8,health_ec,15.0,10,500000,550000,96,recovery,98,mild_slow,2,12.6,17.9,25.9,201769,0.9,1769,1769,1412,0,0,0
zipf_0_8,zipf,0.8,1,dynamic_sensitivity_100d_4pct_hdd,100,44,1000000,5000,0.8,health_ec,15.0,11,550000,600000,96,healthy,98,severe_slow,2,12.6,17.8,52.8,201653,0.8,1653,1653,1391,2,2,0
zipf_0_8,zipf,0.8,1,dynamic_sensitivity_100d_4pct_hdd,100,44,1000000,5000,0.8,health_ec,15.0,12,600000,650000,96,healthy,98,severe_slow,2,12.6,17.8,51.6,201478,0.7,1478,1478,1397,0,0,0
zipf_0_8,zipf,0.8,1,dynamic_sensitivity_100d_4pct_hdd,100,44,1000000,5000,0.8,health_ec,15.0,13,650000,700000,96,healthy,98,severe_slow,2,12.6,17.8,50.5,201392,0.7,1392,1392,1355,0,0,0
zipf_0_8,zipf,0.8,1,dynamic_sensitivity_100d_4pct_hdd,100,44,1000000,5000,0.8,health_ec,15.0,14,700000,750000,96,mild_slow,98,recovery,2,12.6,17.7,25.8,201755,0.9,1755,1755,1710,0,0,0
zipf_0_8,zipf,0.8,1,dynamic_sensitivity_100d_4pct_hdd,100,44,1000000,5000,0.8,health_ec,15.0,15,750000,800000,96,recovery,98,recovery,0,12.6,17.1,19.5,201455,0.7,1455,1455,1325,0,0,0
zipf_0_8,zipf,0.8,1,dynamic_sensitivity_100d_4pct_hdd,100,44,1000000,5000,0.8,health_ec,15.0,16,800000,850000,96,healthy,98,healthy,0,12.5,16.8,18.8,200878,0.4,878,878,691,0,0,0
zipf_0_8,zipf,0.8,1,dynamic_sensitivity_100d_4pct_hdd,100,44,1000000,5000,0.8,health_ec,15.0,17,850000,900000,96,healthy,98,healthy,0,12.5,16.8,18.8,200254,0.1,254,254,213,0,0,0
zipf_0_8,zipf,0.8,1,dynamic_sensitivity_100d_4pct_hdd,100,44,1000000,5000,0.8,health_ec,15.0,18,900000,950000,96,healthy,98,healthy,0,12.5,16.8,18.8,200071,0.0,71,71,57,0,0,0
zipf_0_8,zipf,0.8,1,dynamic_sensitivity_100d_4pct_hdd,100,44,1000000,5000,0.8,health_ec,15.0,19,950000,1000000,96,healthy,98,healthy,0,12.5,16.8,18.9,200027,0.0,27,27,24,0,0,0
zipf_1_2,zipf,1.2,1,dynamic_sensitivity_100d_4pct_hdd,100,42,1000000,5000,1.2,vanilla_ec,15.0,0,0,50000,96,healthy,98,healthy,0,12.5,16.8,18.8,200000,0.0,0,0,0,0,0,0
zipf_1_2,zipf,1.2,1,dynamic_sensitivity_100d_4pct_hdd,100,42,1000000,5000,1.2,vanilla_ec,15.0,1,50000,100000,96,healthy,98,healthy,0,12.5,16.8,18.9,200000,0.0,0,0,0,0,0,0
zipf_1_2,zipf,1.2,1,dynamic_sensitivity_100d_4pct_hdd,100,42,1000000,5000,1.2,vanilla_ec,15.0,2,100000,150000,96,healthy,98,healthy,0,12.5,16.8,18.8,200000,0.0,0,0,0,0,0,0
zipf_1_2,zipf,1.2,1,dynamic_sensitivity_100d_4pct_hdd,100,42,1000000,5000,1.2,vanilla_ec,15.0,3,150000,200000,96,mild_slow,98,healthy,2,12.5,17.5,28.7,200000,0.0,0,0,0,0,0,0
zipf_1_2,zipf,1.2,1,dynamic_sensitivity_100d_4pct_hdd,100,42,1000000,5000,1.2,vanilla_ec,15.0,4,200000,250000,96,mild_slow,98,healthy,2,12.6,17.4,28.5,200000,0.0,0,0,0,0,0,0
zipf_1_2,zipf,1.2,1,dynamic_sensitivity_100d_4pct_hdd,100,42,1000000,5000,1.2,vanilla_ec,15.0,5,250000,300000,96,mild_slow,98,healthy,2,12.6,17.4,28.4,200000,0.0,0,0,0,0,0,0
zipf_1_2,zipf,1.2,1,dynamic_sensitivity_100d_4pct_hdd,100,42,1000000,5000,1.2,vanilla_ec,15.0,6,300000,350000,96,severe_slow,98,healthy,2,12.6,17.5,64.7,200000,0.0,0,0,0,0,0,0
zipf_1_2,zipf,1.2,1,dynamic_sensitivity_100d_4pct_hdd,100,42,1000000,5000,1.2,vanilla_ec,15.0,7,350000,400000,96,severe_slow,98,healthy,2,12.5,17.5,66.8,200000,0.0,0,0,0,0,0,0
zipf_1_2,zipf,1.2,1,dynamic_sensitivity_100d_4pct_hdd,100,42,1000000,5000,1.2,vanilla_ec,15.0,8,400000,450000,96,severe_slow,98,healthy,2,12.6,17.5,66.1,200000,0.0,0,0,0,0,0,0
zipf_1_2,zipf,1.2,1,dynamic_sensitivity_100d_4pct_hdd,100,42,1000000,5000,1.2,vanilla_ec,15.0,9,450000,500000,96,recovery,98,mild_slow,2,12.6,17.7,29.5,200000,0.0,0,0,0,0,0,0
zipf_1_2,zipf,1.2,1,dynamic_sensitivity_100d_4pct_hdd,100,42,1000000,5000,1.2,vanilla_ec,15.0,10,500000,550000,96,recovery,98,mild_slow,2,12.6,17.7,29.3,200000,0.0,0,0,0,0,0,0
zipf_1_2,zipf,1.2,1,dynamic_sensitivity_100d_4pct_hdd,100,42,1000000,5000,1.2,vanilla_ec,15.0,11,550000,600000,96,healthy,98,severe_slow,2,12.5,17.6,66.8,200000,0.0,0,0,0,0,0,0
zipf_1_2,zipf,1.2,1,dynamic_sensitivity_100d_4pct_hdd,100,42,1000000,5000,1.2,vanilla_ec,15.0,12,600000,650000,96,healthy,98,severe_slow,2,12.5,17.5,67.0,200000,0.0,0,0,0,0,0,0
zipf_1_2,zipf,1.2,1,dynamic_sensitivity_100d_4pct_hdd,100,42,1000000,5000,1.2,vanilla_ec,15.0,13,650000,700000,96,healthy,98,severe_slow,2,12.5,17.6,68.8,200000,0.0,0,0,0,0,0,0
zipf_1_2,zipf,1.2,1,dynamic_sensitivity_100d_4pct_hdd,100,42,1000000,5000,1.2,vanilla_ec,15.0,14,700000,750000,96,mild_slow,98,recovery,2,12.6,17.6,29.0,200000,0.0,0,0,0,0,0,0
zipf_1_2,zipf,1.2,1,dynamic_sensitivity_100d_4pct_hdd,100,42,1000000,5000,1.2,vanilla_ec,15.0,15,750000,800000,96,recovery,98,recovery,0,12.6,17.3,20.1,200000,0.0,0,0,0,0,0,0
zipf_1_2,zipf,1.2,1,dynamic_sensitivity_100d_4pct_hdd,100,42,1000000,5000,1.2,vanilla_ec,15.0,16,800000,850000,96,healthy,98,healthy,0,12.5,16.8,18.8,200000,0.0,0,0,0,0,0,0
zipf_1_2,zipf,1.2,1,dynamic_sensitivity_100d_4pct_hdd,100,42,1000000,5000,1.2,vanilla_ec,15.0,17,850000,900000,96,healthy,98,healthy,0,12.5,16.8,18.8,200000,0.0,0,0,0,0,0,0
zipf_1_2,zipf,1.2,1,dynamic_sensitivity_100d_4pct_hdd,100,42,1000000,5000,1.2,vanilla_ec,15.0,18,900000,950000,96,healthy,98,healthy,0,12.5,16.8,18.8,200000,0.0,0,0,0,0,0,0
zipf_1_2,zipf,1.2,1,dynamic_sensitivity_100d_4pct_hdd,100,42,1000000,5000,1.2,vanilla_ec,15.0,19,950000,1000000,96,healthy,98,healthy,0,12.5,16.8,18.8,200000,0.0,0,0,0,0,0,0
zipf_1_2,zipf,1.2,1,dynamic_sensitivity_100d_4pct_hdd,100,42,1000000,5000,1.2,late_binding,15.0,0,0,50000,96,healthy,98,healthy,0,10.7,14.0,15.4,250000,25.0,50000,50000,39935,0,0,0
zipf_1_2,zipf,1.2,1,dynamic_sensitivity_100d_4pct_hdd,100,42,1000000,5000,1.2,late_binding,15.0,1,50000,100000,96,healthy,98,healthy,0,10.7,14.0,15.5,250000,25.0,50000,50000,40101,0,0,0
zipf_1_2,zipf,1.2,1,dynamic_sensitivity_100d_4pct_hdd,100,42,1000000,5000,1.2,late_binding,15.0,2,100000,150000,96,healthy,98,healthy,0,10.7,14.0,15.5,250000,25.0,50000,50000,39960,0,0,0
zipf_1_2,zipf,1.2,1,dynamic_sensitivity_100d_4pct_hdd,100,42,1000000,5000,1.2,late_binding,15.0,3,150000,200000,96,mild_slow,98,healthy,2,10.7,14.4,19.8,250000,25.0,50000,50000,39853,0,0,0
zipf_1_2,zipf,1.2,1,dynamic_sensitivity_100d_4pct_hdd,100,42,1000000,5000,1.2,late_binding,15.0,4,200000,250000,96,mild_slow,98,healthy,2,10.8,14.4,20.0,250000,25.0,50000,50000,39978,0,0,0
zipf_1_2,zipf,1.2,1,dynamic_sensitivity_100d_4pct_hdd,100,42,1000000,5000,1.2,late_binding,15.0,5,250000,300000,96,mild_slow,98,healthy,2,10.7,14.4,19.6,250000,25.0,50000,50000,39916,0,0,0
zipf_1_2,zipf,1.2,1,dynamic_sensitivity_100d_4pct_hdd,100,42,1000000,5000,1.2,late_binding,15.0,6,300000,350000,96,severe_slow,98,healthy,2,10.7,14.5,45.1,250000,25.0,50000,50000,39818,0,0,0
zipf_1_2,zipf,1.2,1,dynamic_sensitivity_100d_4pct_hdd,100,42,1000000,5000,1.2,late_binding,15.0,7,350000,400000,96,severe_slow,98,healthy,2,10.7,14.5,46.3,250000,25.0,50000,50000,40021,0,0,0
zipf_1_2,zipf,1.2,1,dynamic_sensitivity_100d_4pct_hdd,100,42,1000000,5000,1.2,late_binding,15.0,8,400000,450000,96,severe_slow,98,healthy,2,10.8,14.5,45.9,250000,25.0,50000,50000,39824,0,0,0
zipf_1_2,zipf,1.2,1,dynamic_sensitivity_100d_4pct_hdd,100,42,1000000,5000,1.2,late_binding,15.0,9,450000,500000,96,recovery,98,mild_slow,2,10.8,14.6,22.0,250000,25.0,50000,50000,39865,0,0,0
zipf_1_2,zipf,1.2,1,dynamic_sensitivity_100d_4pct_hdd,100,42,1000000,5000,1.2,late_binding,15.0,10,500000,550000,96,recovery,98,mild_slow,2,10.8,14.6,21.2,250000,25.0,50000,50000,39860,0,0,0
zipf_1_2,zipf,1.2,1,dynamic_sensitivity_100d_4pct_hdd,100,42,1000000,5000,1.2,late_binding,15.0,11,550000,600000,96,healthy,98,severe_slow,2,10.8,14.6,47.0,250000,25.0,50000,50000,39952,0,0,0
zipf_1_2,zipf,1.2,1,dynamic_sensitivity_100d_4pct_hdd,100,42,1000000,5000,1.2,late_binding,15.0,12,600000,650000,96,healthy,98,severe_slow,2,10.8,14.5,46.1,250000,25.0,50000,50000,39972,0,0,0
zipf_1_2,zipf,1.2,1,dynamic_sensitivity_100d_4pct_hdd,100,42,1000000,5000,1.2,late_binding,15.0,13,650000,700000,96,healthy,98,severe_slow,2,10.7,14.6,47.1,250000,25.0,50000,50000,39806,0,0,0
zipf_1_2,zipf,1.2,1,dynamic_sensitivity_100d_4pct_hdd,100,42,1000000,5000,1.2,late_binding,15.0,14,700000,750000,96,mild_slow,98,recovery,2,10.8,14.5,20.6,250000,25.0,50000,50000,39779,0,0,0
zipf_1_2,zipf,1.2,1,dynamic_sensitivity_100d_4pct_hdd,100,42,1000000,5000,1.2,late_binding,15.0,15,750000,800000,96,recovery,98,recovery,0,10.8,14.3,16.3,250000,25.0,50000,50000,39898,0,0,0
zipf_1_2,zipf,1.2,1,dynamic_sensitivity_100d_4pct_hdd,100,42,1000000,5000,1.2,late_binding,15.0,16,800000,850000,96,healthy,98,healthy,0,10.7,14.0,15.4,250000,25.0,50000,50000,39882,0,0,0
zipf_1_2,zipf,1.2,1,dynamic_sensitivity_100d_4pct_hdd,100,42,1000000,5000,1.2,late_binding,15.0,17,850000,900000,96,healthy,98,healthy,0,10.7,14.0,15.4,250000,25.0,50000,50000,39993,0,0,0
zipf_1_2,zipf,1.2,1,dynamic_sensitivity_100d_4pct_hdd,100,42,1000000,5000,1.2,late_binding,15.0,18,900000,950000,96,healthy,98,healthy,0,10.7,14.0,15.4,250000,25.0,50000,50000,39819,0,0,0
zipf_1_2,zipf,1.2,1,dynamic_sensitivity_100d_4pct_hdd,100,42,1000000,5000,1.2,late_binding,15.0,19,950000,1000000,96,healthy,98,healthy,0,10.7,14.0,15.4,250000,25.0,50000,50000,39912,0,0,0
zipf_1_2,zipf,1.2,1,dynamic_sensitivity_100d_4pct_hdd,100,42,1000000,5000,1.2,timeout_degraded_read,15.0,0,0,50000,96,healthy,98,healthy,0,12.5,16.8,18.7,208001,4.0,8001,8001,181,0,0,0
zipf_1_2,zipf,1.2,1,dynamic_sensitivity_100d_4pct_hdd,100,42,1000000,5000,1.2,timeout_degraded_read,15.0,1,50000,100000,96,healthy,98,healthy,0,12.5,16.8,18.8,208246,4.1,8246,8246,200,0,0,0
zipf_1_2,zipf,1.2,1,dynamic_sensitivity_100d_4pct_hdd,100,42,1000000,5000,1.2,timeout_degraded_read,15.0,2,100000,150000,96,healthy,98,healthy,0,12.5,16.8,18.7,208165,4.1,8165,8165,184,0,0,0
zipf_1_2,zipf,1.2,1,dynamic_sensitivity_100d_4pct_hdd,100,42,1000000,5000,1.2,timeout_degraded_read,15.0,3,150000,200000,96,mild_slow,98,healthy,2,12.5,17.4,23.9,208923,4.5,8923,8923,940,0,0,0
zipf_1_2,zipf,1.2,1,dynamic_sensitivity_100d_4pct_hdd,100,42,1000000,5000,1.2,timeout_degraded_read,15.0,4,200000,250000,96,mild_slow,98,healthy,2,12.6,17.4,24.1,208883,4.4,8883,8883,932,0,0,0
zipf_1_2,zipf,1.2,1,dynamic_sensitivity_100d_4pct_hdd,100,42,1000000,5000,1.2,timeout_degraded_read,15.0,5,250000,300000,96,mild_slow,98,healthy,2,12.6,17.4,24.2,208910,4.5,8910,8910,844,0,0,0
zipf_1_2,zipf,1.2,1,dynamic_sensitivity_100d_4pct_hdd,100,42,1000000,5000,1.2,timeout_degraded_read,15.0,6,300000,350000,96,severe_slow,98,healthy,2,12.6,17.5,45.1,208968,4.5,8968,8968,1157,0,0,0
zipf_1_2,zipf,1.2,1,dynamic_sensitivity_100d_4pct_hdd,100,42,1000000,5000,1.2,timeout_degraded_read,15.0,7,350000,400000,96,severe_slow,98,healthy,2,12.5,17.5,46.3,209058,4.5,9058,9058,1231,0,0,0
zipf_1_2,zipf,1.2,1,dynamic_sensitivity_100d_4pct_hdd,100,42,1000000,5000,1.2,timeout_degraded_read,15.0,8,400000,450000,96,severe_slow,98,healthy,2,12.6,17.5,45.9,208958,4.5,8958,8958,1138,0,0,0
zipf_1_2,zipf,1.2,1,dynamic_sensitivity_100d_4pct_hdd,100,42,1000000,5000,1.2,timeout_degraded_read,15.0,9,450000,500000,96,recovery,98,mild_slow,2,12.6,17.7,24.8,209247,4.6,9247,9247,1055,0,0,0
zipf_1_2,zipf,1.2,1,dynamic_sensitivity_100d_4pct_hdd,100,42,1000000,5000,1.2,timeout_degraded_read,15.0,10,500000,550000,96,recovery,98,mild_slow,2,12.6,17.6,24.5,209187,4.6,9187,9187,964,0,0,0
zipf_1_2,zipf,1.2,1,dynamic_sensitivity_100d_4pct_hdd,100,42,1000000,5000,1.2,timeout_degraded_read,15.0,11,550000,600000,96,healthy,98,severe_slow,2,12.5,17.5,47.0,209043,4.5,9043,9043,1298,0,0,0
zipf_1_2,zipf,1.2,1,dynamic_sensitivity_100d_4pct_hdd,100,42,1000000,5000,1.2,timeout_degraded_read,15.0,12,600000,650000,96,healthy,98,severe_slow,2,12.5,17.5,46.1,208799,4.4,8799,8799,1255,0,0,0
zipf_1_2,zipf,1.2,1,dynamic_sensitivity_100d_4pct_hdd,100,42,1000000,5000,1.2,timeout_degraded_read,15.0,13,650000,700000,96,healthy,98,severe_slow,2,12.5,17.5,47.1,208992,4.5,8992,8992,1312,0,0,0
zipf_1_2,zipf,1.2,1,dynamic_sensitivity_100d_4pct_hdd,100,42,1000000,5000,1.2,timeout_degraded_read,15.0,14,700000,750000,96,mild_slow,98,recovery,2,12.6,17.5,25.0,209055,4.5,9055,9055,921,0,0,0
zipf_1_2,zipf,1.2,1,dynamic_sensitivity_100d_4pct_hdd,100,42,1000000,5000,1.2,timeout_degraded_read,15.0,15,750000,800000,96,recovery,98,recovery,0,12.6,17.2,20.0,209015,4.5,9015,9015,320,0,0,0
zipf_1_2,zipf,1.2,1,dynamic_sensitivity_100d_4pct_hdd,100,42,1000000,5000,1.2,timeout_degraded_read,15.0,16,800000,850000,96,healthy,98,healthy,0,12.5,16.8,18.8,208123,4.1,8123,8123,186,0,0,0
zipf_1_2,zipf,1.2,1,dynamic_sensitivity_100d_4pct_hdd,100,42,1000000,5000,1.2,timeout_degraded_read,15.0,17,850000,900000,96,healthy,98,healthy,0,12.5,16.8,18.7,208141,4.1,8141,8141,184,0,0,0
zipf_1_2,zipf,1.2,1,dynamic_sensitivity_100d_4pct_hdd,100,42,1000000,5000,1.2,timeout_degraded_read,15.0,18,900000,950000,96,healthy,98,healthy,0,12.5,16.8,18.6,208051,4.0,8051,8051,192,0,0,0
zipf_1_2,zipf,1.2,1,dynamic_sensitivity_100d_4pct_hdd,100,42,1000000,5000,1.2,timeout_degraded_read,15.0,19,950000,1000000,96,healthy,98,healthy,0,12.5,16.8,18.7,207984,4.0,7984,7984,188,0,0,0
zipf_1_2,zipf,1.2,1,dynamic_sensitivity_100d_4pct_hdd,100,42,1000000,5000,1.2,health_ec,15.0,0,0,50000,96,healthy,98,healthy,0,12.5,16.8,18.8,200000,0.0,0,0,0,0,0,0
zipf_1_2,zipf,1.2,1,dynamic_sensitivity_100d_4pct_hdd,100,42,1000000,5000,1.2,health_ec,15.0,1,50000,100000,96,healthy,98,healthy,0,12.5,16.8,18.9,200000,0.0,0,0,0,0,0,0
zipf_1_2,zipf,1.2,1,dynamic_sensitivity_100d_4pct_hdd,100,42,1000000,5000,1.2,health_ec,15.0,2,100000,150000,96,healthy,98,healthy,0,12.5,16.8,18.8,200000,0.0,0,0,0,0,0,0
zipf_1_2,zipf,1.2,1,dynamic_sensitivity_100d_4pct_hdd,100,42,1000000,5000,1.2,health_ec,15.0,3,150000,200000,96,mild_slow,98,healthy,2,12.5,17.2,22.2,200248,0.1,248,248,244,2,2,0
zipf_1_2,zipf,1.2,1,dynamic_sensitivity_100d_4pct_hdd,100,42,1000000,5000,1.2,health_ec,15.0,4,200000,250000,96,mild_slow,98,healthy,2,12.5,17.1,20.8,200380,0.2,380,380,380,0,0,0
zipf_1_2,zipf,1.2,1,dynamic_sensitivity_100d_4pct_hdd,100,42,1000000,5000,1.2,health_ec,15.0,5,250000,300000,96,mild_slow,98,healthy,2,12.5,17.1,20.3,200403,0.2,403,403,402,0,0,0
zipf_1_2,zipf,1.2,1,dynamic_sensitivity_100d_4pct_hdd,100,42,1000000,5000,1.2,health_ec,15.0,6,300000,350000,96,severe_slow,98,healthy,2,12.5,17.2,34.5,200513,0.3,513,513,513,0,0,0
zipf_1_2,zipf,1.2,1,dynamic_sensitivity_100d_4pct_hdd,100,42,1000000,5000,1.2,health_ec,15.0,7,350000,400000,96,severe_slow,98,healthy,2,12.5,17.3,37.2,200611,0.3,611,611,611,0,0,0
zipf_1_2,zipf,1.2,1,dynamic_sensitivity_100d_4pct_hdd,100,42,1000000,5000,1.2,health_ec,15.0,8,400000,450000,96,severe_slow,98,healthy,2,12.5,17.2,34.7,200562,0.3,562,562,562,0,0,0
zipf_1_2,zipf,1.2,1,dynamic_sensitivity_100d_4pct_hdd,100,42,1000000,5000,1.2,health_ec,15.0,9,450000,500000,96,recovery,98,mild_slow,2,12.5,17.3,22.0,200760,0.4,760,760,568,2,2,0
zipf_1_2,zipf,1.2,1,dynamic_sensitivity_100d_4pct_hdd,100,42,1000000,5000,1.2,health_ec,15.0,10,500000,550000,96,recovery,98,mild_slow,2,12.5,17.2,20.8,200752,0.4,752,752,632,0,0,0
zipf_1_2,zipf,1.2,1,dynamic_sensitivity_100d_4pct_hdd,100,42,1000000,5000,1.2,health_ec,15.0,11,550000,600000,96,healthy,98,severe_slow,2,12.5,17.1,30.2,200555,0.3,555,555,493,2,2,0
zipf_1_2,zipf,1.2,1,dynamic_sensitivity_100d_4pct_hdd,100,42,1000000,5000,1.2,health_ec,15.0,12,600000,650000,96,healthy,98,severe_slow,2,12.5,17.1,29.4,200549,0.3,549,549,510,0,0,0
zipf_1_2,zipf,1.2,1,dynamic_sensitivity_100d_4pct_hdd,100,42,1000000,5000,1.2,health_ec,15.0,13,650000,700000,96,healthy,98,severe_slow,2,12.5,17.2,27.9,200526,0.3,526,526,514,0,0,0
zipf_1_2,zipf,1.2,1,dynamic_sensitivity_100d_4pct_hdd,100,42,1000000,5000,1.2,health_ec,15.0,14,700000,750000,96,mild_slow,98,recovery,2,12.5,17.1,20.7,200654,0.3,654,654,631,0,0,0
zipf_1_2,zipf,1.2,1,dynamic_sensitivity_100d_4pct_hdd,100,42,1000000,5000,1.2,health_ec,15.0,15,750000,800000,96,recovery,98,recovery,0,12.5,17.0,19.1,200577,0.3,577,577,514,0,0,0
zipf_1_2,zipf,1.2,1,dynamic_sensitivity_100d_4pct_hdd,100,42,1000000,5000,1.2,health_ec,15.0,16,800000,850000,96,healthy,98,healthy,0,12.5,16.8,18.8,200284,0.1,284,284,221,0,0,0
zipf_1_2,zipf,1.2,1,dynamic_sensitivity_100d_4pct_hdd,100,42,1000000,5000,1.2,health_ec,15.0,17,850000,900000,96,healthy,98,healthy,0,12.5,16.8,18.8,200105,0.1,105,105,82,0,0,0
zipf_1_2,zipf,1.2,1,dynamic_sensitivity_100d_4pct_hdd,100,42,1000000,5000,1.2,health_ec,15.0,18,900000,950000,96,healthy,98,healthy,0,12.5,16.8,18.7,200039,0.0,39,39,32,0,0,0
zipf_1_2,zipf,1.2,1,dynamic_sensitivity_100d_4pct_hdd,100,42,1000000,5000,1.2,health_ec,15.0,19,950000,1000000,96,healthy,98,healthy,0,12.5,16.8,18.8,200011,0.0,11,11,8,0,0,0
zipf_1_2,zipf,1.2,1,dynamic_sensitivity_100d_4pct_hdd,100,43,1000000,5000,1.2,vanilla_ec,15.0,0,0,50000,96,healthy,98,healthy,0,12.5,16.8,18.8,200000,0.0,0,0,0,0,0,0
zipf_1_2,zipf,1.2,1,dynamic_sensitivity_100d_4pct_hdd,100,43,1000000,5000,1.2,vanilla_ec,15.0,1,50000,100000,96,healthy,98,healthy,0,12.5,16.8,18.8,200000,0.0,0,0,0,0,0,0
zipf_1_2,zipf,1.2,1,dynamic_sensitivity_100d_4pct_hdd,100,43,1000000,5000,1.2,vanilla_ec,15.0,2,100000,150000,96,healthy,98,healthy,0,12.5,16.8,18.9,200000,0.0,0,0,0,0,0,0
zipf_1_2,zipf,1.2,1,dynamic_sensitivity_100d_4pct_hdd,100,43,1000000,5000,1.2,vanilla_ec,15.0,3,150000,200000,96,mild_slow,98,healthy,2,12.6,17.4,28.1,200000,0.0,0,0,0,0,0,0
zipf_1_2,zipf,1.2,1,dynamic_sensitivity_100d_4pct_hdd,100,43,1000000,5000,1.2,vanilla_ec,15.0,4,200000,250000,96,mild_slow,98,healthy,2,12.6,17.5,28.2,200000,0.0,0,0,0,0,0,0
zipf_1_2,zipf,1.2,1,dynamic_sensitivity_100d_4pct_hdd,100,43,1000000,5000,1.2,vanilla_ec,15.0,5,250000,300000,96,mild_slow,98,healthy,2,12.6,17.5,28.9,200000,0.0,0,0,0,0,0,0
zipf_1_2,zipf,1.2,1,dynamic_sensitivity_100d_4pct_hdd,100,43,1000000,5000,1.2,vanilla_ec,15.0,6,300000,350000,96,severe_slow,98,healthy,2,12.6,17.5,68.2,200000,0.0,0,0,0,0,0,0
zipf_1_2,zipf,1.2,1,dynamic_sensitivity_100d_4pct_hdd,100,43,1000000,5000,1.2,vanilla_ec,15.0,7,350000,400000,96,severe_slow,98,healthy,2,12.6,17.5,65.8,200000,0.0,0,0,0,0,0,0
zipf_1_2,zipf,1.2,1,dynamic_sensitivity_100d_4pct_hdd,100,43,1000000,5000,1.2,vanilla_ec,15.0,8,400000,450000,96,severe_slow,98,healthy,2,12.5,17.4,65.5,200000,0.0,0,0,0,0,0,0
zipf_1_2,zipf,1.2,1,dynamic_sensitivity_100d_4pct_hdd,100,43,1000000,5000,1.2,vanilla_ec,15.0,9,450000,500000,96,recovery,98,mild_slow,2,12.6,17.6,29.7,200000,0.0,0,0,0,0,0,0
zipf_1_2,zipf,1.2,1,dynamic_sensitivity_100d_4pct_hdd,100,43,1000000,5000,1.2,vanilla_ec,15.0,10,500000,550000,96,recovery,98,mild_slow,2,12.6,17.5,29.4,200000,0.0,0,0,0,0,0,0
zipf_1_2,zipf,1.2,1,dynamic_sensitivity_100d_4pct_hdd,100,43,1000000,5000,1.2,vanilla_ec,15.0,11,550000,600000,96,healthy,98,severe_slow,2,12.5,17.5,67.5,200000,0.0,0,0,0,0,0,0
zipf_1_2,zipf,1.2,1,dynamic_sensitivity_100d_4pct_hdd,100,43,1000000,5000,1.2,vanilla_ec,15.0,12,600000,650000,96,healthy,98,severe_slow,2,12.6,17.5,68.5,200000,0.0,0,0,0,0,0,0
zipf_1_2,zipf,1.2,1,dynamic_sensitivity_100d_4pct_hdd,100,43,1000000,5000,1.2,vanilla_ec,15.0,13,650000,700000,96,healthy,98,severe_slow,2,12.5,17.6,68.1,200000,0.0,0,0,0,0,0,0
zipf_1_2,zipf,1.2,1,dynamic_sensitivity_100d_4pct_hdd,100,43,1000000,5000,1.2,vanilla_ec,15.0,14,700000,750000,96,mild_slow,98,recovery,2,12.6,17.6,28.4,200000,0.0,0,0,0,0,0,0
zipf_1_2,zipf,1.2,1,dynamic_sensitivity_100d_4pct_hdd,100,43,1000000,5000,1.2,vanilla_ec,15.0,15,750000,800000,96,recovery,98,recovery,0,12.6,17.3,20.3,200000,0.0,0,0,0,0,0,0
zipf_1_2,zipf,1.2,1,dynamic_sensitivity_100d_4pct_hdd,100,43,1000000,5000,1.2,vanilla_ec,15.0,16,800000,850000,96,healthy,98,healthy,0,12.5,16.8,18.8,200000,0.0,0,0,0,0,0,0
zipf_1_2,zipf,1.2,1,dynamic_sensitivity_100d_4pct_hdd,100,43,1000000,5000,1.2,vanilla_ec,15.0,17,850000,900000,96,healthy,98,healthy,0,12.5,16.8,18.8,200000,0.0,0,0,0,0,0,0
zipf_1_2,zipf,1.2,1,dynamic_sensitivity_100d_4pct_hdd,100,43,1000000,5000,1.2,vanilla_ec,15.0,18,900000,950000,96,healthy,98,healthy,0,12.5,16.8,18.9,200000,0.0,0,0,0,0,0,0
zipf_1_2,zipf,1.2,1,dynamic_sensitivity_100d_4pct_hdd,100,43,1000000,5000,1.2,vanilla_ec,15.0,19,950000,1000000,96,healthy,98,healthy,0,12.5,16.7,18.8,200000,0.0,0,0,0,0,0,0
zipf_1_2,zipf,1.2,1,dynamic_sensitivity_100d_4pct_hdd,100,43,1000000,5000,1.2,late_binding,15.0,0,0,50000,96,healthy,98,healthy,0,10.7,14.0,15.4,250000,25.0,50000,50000,40097,0,0,0
zipf_1_2,zipf,1.2,1,dynamic_sensitivity_100d_4pct_hdd,100,43,1000000,5000,1.2,late_binding,15.0,1,50000,100000,96,healthy,98,healthy,0,10.7,14.0,15.5,250000,25.0,50000,50000,40009,0,0,0
zipf_1_2,zipf,1.2,1,dynamic_sensitivity_100d_4pct_hdd,100,43,1000000,5000,1.2,late_binding,15.0,2,100000,150000,96,healthy,98,healthy,0,10.7,14.0,15.4,250000,25.0,50000,50000,40008,0,0,0
zipf_1_2,zipf,1.2,1,dynamic_sensitivity_100d_4pct_hdd,100,43,1000000,5000,1.2,late_binding,15.0,3,150000,200000,96,mild_slow,98,healthy,2,10.8,14.4,19.1,250000,25.0,50000,50000,39926,0,0,0
zipf_1_2,zipf,1.2,1,dynamic_sensitivity_100d_4pct_hdd,100,43,1000000,5000,1.2,late_binding,15.0,4,200000,250000,96,mild_slow,98,healthy,2,10.8,14.4,19.8,250000,25.0,50000,50000,39951,0,0,0
zipf_1_2,zipf,1.2,1,dynamic_sensitivity_100d_4pct_hdd,100,43,1000000,5000,1.2,late_binding,15.0,5,250000,300000,96,mild_slow,98,healthy,2,10.8,14.4,20.2,250000,25.0,50000,50000,39896,0,0,0
zipf_1_2,zipf,1.2,1,dynamic_sensitivity_100d_4pct_hdd,100,43,1000000,5000,1.2,late_binding,15.0,6,300000,350000,96,severe_slow,98,healthy,2,10.8,14.6,46.8,250000,25.0,50000,50000,39778,0,0,0
zipf_1_2,zipf,1.2,1,dynamic_sensitivity_100d_4pct_hdd,100,43,1000000,5000,1.2,late_binding,15.0,7,350000,400000,96,severe_slow,98,healthy,2,10.8,14.5,45.8,250000,25.0,50000,50000,39762,0,0,0
zipf_1_2,zipf,1.2,1,dynamic_sensitivity_100d_4pct_hdd,100,43,1000000,5000,1.2,late_binding,15.0,8,400000,450000,96,severe_slow,98,healthy,2,10.7,14.5,45.9,250000,25.0,50000,50000,39838,0,0,0
zipf_1_2,zipf,1.2,1,dynamic_sensitivity_100d_4pct_hdd,100,43,1000000,5000,1.2,late_binding,15.0,9,450000,500000,96,recovery,98,mild_slow,2,10.8,14.6,21.5,250000,25.0,50000,50000,39899,0,0,0
zipf_1_2,zipf,1.2,1,dynamic_sensitivity_100d_4pct_hdd,100,43,1000000,5000,1.2,late_binding,15.0,10,500000,550000,96,recovery,98,mild_slow,2,10.8,14.6,21.4,250000,25.0,50000,50000,39822,0,0,0
zipf_1_2,zipf,1.2,1,dynamic_sensitivity_100d_4pct_hdd,100,43,1000000,5000,1.2,late_binding,15.0,11,550000,600000,96,healthy,98,severe_slow,2,10.8,14.6,47.1,250000,25.0,50000,50000,39648,0,0,0
zipf_1_2,zipf,1.2,1,dynamic_sensitivity_100d_4pct_hdd,100,43,1000000,5000,1.2,late_binding,15.0,12,600000,650000,96,healthy,98,severe_slow,2,10.8,14.6,48.3,250000,25.0,50000,50000,39854,0,0,0
zipf_1_2,zipf,1.2,1,dynamic_sensitivity_100d_4pct_hdd,100,43,1000000,5000,1.2,late_binding,15.0,13,650000,700000,96,healthy,98,severe_slow,2,10.7,14.6,47.6,250000,25.0,50000,50000,40023,0,0,0
zipf_1_2,zipf,1.2,1,dynamic_sensitivity_100d_4pct_hdd,100,43,1000000,5000,1.2,late_binding,15.0,14,700000,750000,96,mild_slow,98,recovery,2,10.8,14.5,20.4,250000,25.0,50000,50000,40067,0,0,0
zipf_1_2,zipf,1.2,1,dynamic_sensitivity_100d_4pct_hdd,100,43,1000000,5000,1.2,late_binding,15.0,15,750000,800000,96,recovery,98,recovery,0,10.8,14.3,16.3,250000,25.0,50000,50000,39835,0,0,0
zipf_1_2,zipf,1.2,1,dynamic_sensitivity_100d_4pct_hdd,100,43,1000000,5000,1.2,late_binding,15.0,16,800000,850000,96,healthy,98,healthy,0,10.7,14.0,15.5,250000,25.0,50000,50000,39916,0,0,0
zipf_1_2,zipf,1.2,1,dynamic_sensitivity_100d_4pct_hdd,100,43,1000000,5000,1.2,late_binding,15.0,17,850000,900000,96,healthy,98,healthy,0,10.7,14.0,15.4,250000,25.0,50000,50000,39987,0,0,0
zipf_1_2,zipf,1.2,1,dynamic_sensitivity_100d_4pct_hdd,100,43,1000000,5000,1.2,late_binding,15.0,18,900000,950000,96,healthy,98,healthy,0,10.7,14.0,15.4,250000,25.0,50000,50000,40040,0,0,0
zipf_1_2,zipf,1.2,1,dynamic_sensitivity_100d_4pct_hdd,100,43,1000000,5000,1.2,late_binding,15.0,19,950000,1000000,96,healthy,98,healthy,0,10.7,14.0,15.4,250000,25.0,50000,50000,39887,0,0,0
zipf_1_2,zipf,1.2,1,dynamic_sensitivity_100d_4pct_hdd,100,43,1000000,5000,1.2,timeout_degraded_read,15.0,0,0,50000,96,healthy,98,healthy,0,12.5,16.8,18.7,208094,4.0,8094,8094,198,0,0,0
zipf_1_2,zipf,1.2,1,dynamic_sensitivity_100d_4pct_hdd,100,43,1000000,5000,1.2,timeout_degraded_read,15.0,1,50000,100000,96,healthy,98,healthy,0,12.5,16.8,18.8,208107,4.1,8107,8107,191,0,0,0
zipf_1_2,zipf,1.2,1,dynamic_sensitivity_100d_4pct_hdd,100,43,1000000,5000,1.2,timeout_degraded_read,15.0,2,100000,150000,96,healthy,98,healthy,0,12.5,16.8,18.8,208208,4.1,8208,8208,200,0,0,0
zipf_1_2,zipf,1.2,1,dynamic_sensitivity_100d_4pct_hdd,100,43,1000000,5000,1.2,timeout_degraded_read,15.0,3,150000,200000,96,mild_slow,98,healthy,2,12.6,17.4,23.7,208828,4.4,8828,8828,872,0,0,0
zipf_1_2,zipf,1.2,1,dynamic_sensitivity_100d_4pct_hdd,100,43,1000000,5000,1.2,timeout_degraded_read,15.0,4,200000,250000,96,mild_slow,98,healthy,2,12.6,17.4,23.9,208878,4.4,8878,8878,924,0,0,0
zipf_1_2,zipf,1.2,1,dynamic_sensitivity_100d_4pct_hdd,100,43,1000000,5000,1.2,timeout_degraded_read,15.0,5,250000,300000,96,mild_slow,98,healthy,2,12.6,17.4,24.2,209034,4.5,9034,9034,989,0,0,0
zipf_1_2,zipf,1.2,1,dynamic_sensitivity_100d_4pct_hdd,100,43,1000000,5000,1.2,timeout_degraded_read,15.0,6,300000,350000,96,severe_slow,98,healthy,2,12.6,17.5,46.8,208985,4.5,8985,8985,1253,0,0,0
zipf_1_2,zipf,1.2,1,dynamic_sensitivity_100d_4pct_hdd,100,43,1000000,5000,1.2,timeout_degraded_read,15.0,7,350000,400000,96,severe_slow,98,healthy,2,12.6,17.4,45.8,209020,4.5,9020,9020,1213,0,0,0
zipf_1_2,zipf,1.2,1,dynamic_sensitivity_100d_4pct_hdd,100,43,1000000,5000,1.2,timeout_degraded_read,15.0,8,400000,450000,96,severe_slow,98,healthy,2,12.5,17.4,45.9,208933,4.5,8933,8933,1169,0,0,0
zipf_1_2,zipf,1.2,1,dynamic_sensitivity_100d_4pct_hdd,100,43,1000000,5000,1.2,timeout_degraded_read,15.0,9,450000,500000,96,recovery,98,mild_slow,2,12.6,17.6,24.8,209191,4.6,9191,9191,1020,0,0,0
zipf_1_2,zipf,1.2,1,dynamic_sensitivity_100d_4pct_hdd,100,43,1000000,5000,1.2,timeout_degraded_read,15.0,10,500000,550000,96,recovery,98,mild_slow,2,12.6,17.5,24.5,209119,4.6,9119,9119,1008,0,0,0
zipf_1_2,zipf,1.2,1,dynamic_sensitivity_100d_4pct_hdd,100,43,1000000,5000,1.2,timeout_degraded_read,15.0,11,550000,600000,96,healthy,98,severe_slow,2,12.5,17.5,47.1,208847,4.4,8847,8847,1283,0,0,0
zipf_1_2,zipf,1.2,1,dynamic_sensitivity_100d_4pct_hdd,100,43,1000000,5000,1.2,timeout_degraded_read,15.0,12,600000,650000,96,healthy,98,severe_slow,2,12.6,17.4,48.3,208873,4.4,8873,8873,1270,0,0,0
zipf_1_2,zipf,1.2,1,dynamic_sensitivity_100d_4pct_hdd,100,43,1000000,5000,1.2,timeout_degraded_read,15.0,13,650000,700000,96,healthy,98,severe_slow,2,12.5,17.5,47.6,209121,4.6,9121,9121,1287,0,0,0
zipf_1_2,zipf,1.2,1,dynamic_sensitivity_100d_4pct_hdd,100,43,1000000,5000,1.2,timeout_degraded_read,15.0,14,700000,750000,96,mild_slow,98,recovery,2,12.6,17.5,24.7,209255,4.6,9255,9255,852,0,0,0
zipf_1_2,zipf,1.2,1,dynamic_sensitivity_100d_4pct_hdd,100,43,1000000,5000,1.2,timeout_degraded_read,15.0,15,750000,800000,96,recovery,98,recovery,0,12.6,17.3,20.1,209014,4.5,9014,9014,345,0,0,0
zipf_1_2,zipf,1.2,1,dynamic_sensitivity_100d_4pct_hdd,100,43,1000000,5000,1.2,timeout_degraded_read,15.0,16,800000,850000,96,healthy,98,healthy,0,12.5,16.8,18.7,208097,4.0,8097,8097,168,0,0,0
zipf_1_2,zipf,1.2,1,dynamic_sensitivity_100d_4pct_hdd,100,43,1000000,5000,1.2,timeout_degraded_read,15.0,17,850000,900000,96,healthy,98,healthy,0,12.5,16.8,18.7,207940,4.0,7940,7940,194,0,0,0
zipf_1_2,zipf,1.2,1,dynamic_sensitivity_100d_4pct_hdd,100,43,1000000,5000,1.2,timeout_degraded_read,15.0,18,900000,950000,96,healthy,98,healthy,0,12.5,16.8,18.8,208123,4.1,8123,8123,199,0,0,0
zipf_1_2,zipf,1.2,1,dynamic_sensitivity_100d_4pct_hdd,100,43,1000000,5000,1.2,timeout_degraded_read,15.0,19,950000,1000000,96,healthy,98,healthy,0,12.5,16.7,18.7,207925,4.0,7925,7925,208,0,0,0
zipf_1_2,zipf,1.2,1,dynamic_sensitivity_100d_4pct_hdd,100,43,1000000,5000,1.2,health_ec,15.0,0,0,50000,96,healthy,98,healthy,0,12.5,16.8,18.8,200000,0.0,0,0,0,0,0,0
zipf_1_2,zipf,1.2,1,dynamic_sensitivity_100d_4pct_hdd,100,43,1000000,5000,1.2,health_ec,15.0,1,50000,100000,96,healthy,98,healthy,0,12.5,16.8,18.8,200000,0.0,0,0,0,0,0,0
zipf_1_2,zipf,1.2,1,dynamic_sensitivity_100d_4pct_hdd,100,43,1000000,5000,1.2,health_ec,15.0,2,100000,150000,96,healthy,98,healthy,0,12.5,16.8,18.9,200000,0.0,0,0,0,0,0,0
zipf_1_2,zipf,1.2,1,dynamic_sensitivity_100d_4pct_hdd,100,43,1000000,5000,1.2,health_ec,15.0,3,150000,200000,96,mild_slow,98,healthy,2,12.5,17.2,21.3,200247,0.1,247,247,240,2,2,0
zipf_1_2,zipf,1.2,1,dynamic_sensitivity_100d_4pct_hdd,100,43,1000000,5000,1.2,health_ec,15.0,4,200000,250000,96,mild_slow,98,healthy,2,12.5,17.1,20.6,200375,0.2,375,375,374,0,0,0
zipf_1_2,zipf,1.2,1,dynamic_sensitivity_100d_4pct_hdd,100,43,1000000,5000,1.2,health_ec,15.0,5,250000,300000,96,mild_slow,98,healthy,2,12.5,17.2,20.8,200457,0.2,457,457,457,0,0,0
zipf_1_2,zipf,1.2,1,dynamic_sensitivity_100d_4pct_hdd,100,43,1000000,5000,1.2,health_ec,15.0,6,300000,350000,96,severe_slow,98,healthy,2,12.5,17.2,38.5,200547,0.3,547,547,547,0,0,0
zipf_1_2,zipf,1.2,1,dynamic_sensitivity_100d_4pct_hdd,100,43,1000000,5000,1.2,health_ec,15.0,7,350000,400000,96,severe_slow,98,healthy,2,12.5,17.2,35.5,200569,0.3,569,569,569,0,0,0
zipf_1_2,zipf,1.2,1,dynamic_sensitivity_100d_4pct_hdd,100,43,1000000,5000,1.2,health_ec,15.0,8,400000,450000,96,severe_slow,98,healthy,2,12.5,17.2,37.7,200570,0.3,570,570,570,0,0,0
zipf_1_2,zipf,1.2,1,dynamic_sensitivity_100d_4pct_hdd,100,43,1000000,5000,1.2,health_ec,15.0,9,450000,500000,96,recovery,98,mild_slow,2,12.6,17.3,22.3,200726,0.4,726,726,574,2,2,0
zipf_1_2,zipf,1.2,1,dynamic_sensitivity_100d_4pct_hdd,100,43,1000000,5000,1.2,health_ec,15.0,10,500000,550000,96,recovery,98,mild_slow,2,12.5,17.2,20.9,200746,0.4,746,746,605,0,0,0
zipf_1_2,zipf,1.2,1,dynamic_sensitivity_100d_4pct_hdd,100,43,1000000,5000,1.2,health_ec,15.0,11,550000,600000,96,healthy,98,severe_slow,2,12.5,17.1,31.9,200568,0.3,568,568,507,2,2,0
zipf_1_2,zipf,1.2,1,dynamic_sensitivity_100d_4pct_hdd,100,43,1000000,5000,1.2,health_ec,15.0,12,600000,650000,96,healthy,98,severe_slow,2,12.5,17.1,32.4,200546,0.3,546,546,518,0,0,0
zipf_1_2,zipf,1.2,1,dynamic_sensitivity_100d_4pct_hdd,100,43,1000000,5000,1.2,health_ec,15.0,13,650000,700000,96,healthy,98,severe_slow,2,12.5,17.2,32.6,200534,0.3,534,534,526,0,0,0
zipf_1_2,zipf,1.2,1,dynamic_sensitivity_100d_4pct_hdd,100,43,1000000,5000,1.2,health_ec,15.0,14,700000,750000,96,mild_slow,98,recovery,2,12.6,17.1,20.4,200679,0.3,679,679,659,0,0,0
zipf_1_2,zipf,1.2,1,dynamic_sensitivity_100d_4pct_hdd,100,43,1000000,5000,1.2,health_ec,15.0,15,750000,800000,96,recovery,98,recovery,0,12.5,17.0,19.3,200575,0.3,575,575,514,0,0,0
zipf_1_2,zipf,1.2,1,dynamic_sensitivity_100d_4pct_hdd,100,43,1000000,5000,1.2,health_ec,15.0,16,800000,850000,96,healthy,98,healthy,0,12.5,16.8,18.8,200252,0.1,252,252,206,0,0,0
zipf_1_2,zipf,1.2,1,dynamic_sensitivity_100d_4pct_hdd,100,43,1000000,5000,1.2,health_ec,15.0,17,850000,900000,96,healthy,98,healthy,0,12.5,16.8,18.8,200087,0.0,87,87,65,0,0,0
zipf_1_2,zipf,1.2,1,dynamic_sensitivity_100d_4pct_hdd,100,43,1000000,5000,1.2,health_ec,15.0,18,900000,950000,96,healthy,98,healthy,0,12.5,16.8,18.9,200042,0.0,42,42,33,0,0,0
zipf_1_2,zipf,1.2,1,dynamic_sensitivity_100d_4pct_hdd,100,43,1000000,5000,1.2,health_ec,15.0,19,950000,1000000,96,healthy,98,healthy,0,12.5,16.8,18.8,200016,0.0,16,16,13,0,0,0
zipf_1_2,zipf,1.2,1,dynamic_sensitivity_100d_4pct_hdd,100,44,1000000,5000,1.2,vanilla_ec,15.0,0,0,50000,96,healthy,98,healthy,0,12.5,16.9,18.9,200000,0.0,0,0,0,0,0,0
zipf_1_2,zipf,1.2,1,dynamic_sensitivity_100d_4pct_hdd,100,44,1000000,5000,1.2,vanilla_ec,15.0,1,50000,100000,96,healthy,98,healthy,0,12.5,16.9,18.9,200000,0.0,0,0,0,0,0,0
zipf_1_2,zipf,1.2,1,dynamic_sensitivity_100d_4pct_hdd,100,44,1000000,5000,1.2,vanilla_ec,15.0,2,100000,150000,96,healthy,98,healthy,0,12.5,16.8,18.7,200000,0.0,0,0,0,0,0,0
zipf_1_2,zipf,1.2,1,dynamic_sensitivity_100d_4pct_hdd,100,44,1000000,5000,1.2,vanilla_ec,15.0,3,150000,200000,96,mild_slow,98,healthy,2,12.6,17.5,29.0,200000,0.0,0,0,0,0,0,0
zipf_1_2,zipf,1.2,1,dynamic_sensitivity_100d_4pct_hdd,100,44,1000000,5000,1.2,vanilla_ec,15.0,4,200000,250000,96,mild_slow,98,healthy,2,12.6,17.4,27.9,200000,0.0,0,0,0,0,0,0
zipf_1_2,zipf,1.2,1,dynamic_sensitivity_100d_4pct_hdd,100,44,1000000,5000,1.2,vanilla_ec,15.0,5,250000,300000,96,mild_slow,98,healthy,2,12.5,17.4,28.2,200000,0.0,0,0,0,0,0,0
zipf_1_2,zipf,1.2,1,dynamic_sensitivity_100d_4pct_hdd,100,44,1000000,5000,1.2,vanilla_ec,15.0,6,300000,350000,96,severe_slow,98,healthy,2,12.6,17.5,66.2,200000,0.0,0,0,0,0,0,0
zipf_1_2,zipf,1.2,1,dynamic_sensitivity_100d_4pct_hdd,100,44,1000000,5000,1.2,vanilla_ec,15.0,7,350000,400000,96,severe_slow,98,healthy,2,12.6,17.5,66.0,200000,0.0,0,0,0,0,0,0
zipf_1_2,zipf,1.2,1,dynamic_sensitivity_100d_4pct_hdd,100,44,1000000,5000,1.2,vanilla_ec,15.0,8,400000,450000,96,severe_slow,98,healthy,2,12.6,17.5,67.1,200000,0.0,0,0,0,0,0,0
zipf_1_2,zipf,1.2,1,dynamic_sensitivity_100d_4pct_hdd,100,44,1000000,5000,1.2,vanilla_ec,15.0,9,450000,500000,96,recovery,98,mild_slow,2,12.6,17.6,29.2,200000,0.0,0,0,0,0,0,0
zipf_1_2,zipf,1.2,1,dynamic_sensitivity_100d_4pct_hdd,100,44,1000000,5000,1.2,vanilla_ec,15.0,10,500000,550000,96,recovery,98,mild_slow,2,12.6,17.7,29.9,200000,0.0,0,0,0,0,0,0
zipf_1_2,zipf,1.2,1,dynamic_sensitivity_100d_4pct_hdd,100,44,1000000,5000,1.2,vanilla_ec,15.0,11,550000,600000,96,healthy,98,severe_slow,2,12.5,17.5,68.7,200000,0.0,0,0,0,0,0,0
zipf_1_2,zipf,1.2,1,dynamic_sensitivity_100d_4pct_hdd,100,44,1000000,5000,1.2,vanilla_ec,15.0,12,600000,650000,96,healthy,98,severe_slow,2,12.6,17.5,66.9,200000,0.0,0,0,0,0,0,0
zipf_1_2,zipf,1.2,1,dynamic_sensitivity_100d_4pct_hdd,100,44,1000000,5000,1.2,vanilla_ec,15.0,13,650000,700000,96,healthy,98,severe_slow,2,12.6,17.5,68.0,200000,0.0,0,0,0,0,0,0
zipf_1_2,zipf,1.2,1,dynamic_sensitivity_100d_4pct_hdd,100,44,1000000,5000,1.2,vanilla_ec,15.0,14,700000,750000,96,mild_slow,98,recovery,2,12.6,17.7,29.0,200000,0.0,0,0,0,0,0,0
zipf_1_2,zipf,1.2,1,dynamic_sensitivity_100d_4pct_hdd,100,44,1000000,5000,1.2,vanilla_ec,15.0,15,750000,800000,96,recovery,98,recovery,0,12.6,17.3,20.2,200000,0.0,0,0,0,0,0,0
zipf_1_2,zipf,1.2,1,dynamic_sensitivity_100d_4pct_hdd,100,44,1000000,5000,1.2,vanilla_ec,15.0,16,800000,850000,96,healthy,98,healthy,0,12.5,16.8,18.8,200000,0.0,0,0,0,0,0,0
zipf_1_2,zipf,1.2,1,dynamic_sensitivity_100d_4pct_hdd,100,44,1000000,5000,1.2,vanilla_ec,15.0,17,850000,900000,96,healthy,98,healthy,0,12.5,16.8,18.8,200000,0.0,0,0,0,0,0,0
zipf_1_2,zipf,1.2,1,dynamic_sensitivity_100d_4pct_hdd,100,44,1000000,5000,1.2,vanilla_ec,15.0,18,900000,950000,96,healthy,98,healthy,0,12.5,16.8,18.8,200000,0.0,0,0,0,0,0,0
zipf_1_2,zipf,1.2,1,dynamic_sensitivity_100d_4pct_hdd,100,44,1000000,5000,1.2,vanilla_ec,15.0,19,950000,1000000,96,healthy,98,healthy,0,12.5,16.8,18.8,200000,0.0,0,0,0,0,0,0
zipf_1_2,zipf,1.2,1,dynamic_sensitivity_100d_4pct_hdd,100,44,1000000,5000,1.2,late_binding,15.0,0,0,50000,96,healthy,98,healthy,0,10.7,14.0,15.4,250000,25.0,50000,50000,40013,0,0,0
zipf_1_2,zipf,1.2,1,dynamic_sensitivity_100d_4pct_hdd,100,44,1000000,5000,1.2,late_binding,15.0,1,50000,100000,96,healthy,98,healthy,0,10.7,14.0,15.4,250000,25.0,50000,50000,39923,0,0,0
zipf_1_2,zipf,1.2,1,dynamic_sensitivity_100d_4pct_hdd,100,44,1000000,5000,1.2,late_binding,15.0,2,100000,150000,96,healthy,98,healthy,0,10.7,14.0,15.4,250000,25.0,50000,50000,40028,0,0,0
zipf_1_2,zipf,1.2,1,dynamic_sensitivity_100d_4pct_hdd,100,44,1000000,5000,1.2,late_binding,15.0,3,150000,200000,96,mild_slow,98,healthy,2,10.8,14.5,20.3,250000,25.0,50000,50000,39897,0,0,0
zipf_1_2,zipf,1.2,1,dynamic_sensitivity_100d_4pct_hdd,100,44,1000000,5000,1.2,late_binding,15.0,4,200000,250000,96,mild_slow,98,healthy,2,10.7,14.4,19.3,250000,25.0,50000,50000,39847,0,0,0
zipf_1_2,zipf,1.2,1,dynamic_sensitivity_100d_4pct_hdd,100,44,1000000,5000,1.2,late_binding,15.0,5,250000,300000,96,mild_slow,98,healthy,2,10.7,14.4,19.4,250000,25.0,50000,50000,39832,0,0,0
zipf_1_2,zipf,1.2,1,dynamic_sensitivity_100d_4pct_hdd,100,44,1000000,5000,1.2,late_binding,15.0,6,300000,350000,96,severe_slow,98,healthy,2,10.8,14.5,45.5,250000,25.0,50000,50000,39792,0,0,0
zipf_1_2,zipf,1.2,1,dynamic_sensitivity_100d_4pct_hdd,100,44,1000000,5000,1.2,late_binding,15.0,7,350000,400000,96,severe_slow,98,healthy,2,10.8,14.5,44.4,250000,25.0,50000,50000,39779,0,0,0
zipf_1_2,zipf,1.2,1,dynamic_sensitivity_100d_4pct_hdd,100,44,1000000,5000,1.2,late_binding,15.0,8,400000,450000,96,severe_slow,98,healthy,2,10.7,14.6,47.2,250000,25.0,50000,50000,39966,0,0,0
zipf_1_2,zipf,1.2,1,dynamic_sensitivity_100d_4pct_hdd,100,44,1000000,5000,1.2,late_binding,15.0,9,450000,500000,96,recovery,98,mild_slow,2,10.8,14.6,21.4,250000,25.0,50000,50000,39833,0,0,0
zipf_1_2,zipf,1.2,1,dynamic_sensitivity_100d_4pct_hdd,100,44,1000000,5000,1.2,late_binding,15.0,10,500000,550000,96,recovery,98,mild_slow,2,10.8,14.6,21.7,250000,25.0,50000,50000,39861,0,0,0
zipf_1_2,zipf,1.2,1,dynamic_sensitivity_100d_4pct_hdd,100,44,1000000,5000,1.2,late_binding,15.0,11,550000,600000,96,healthy,98,severe_slow,2,10.8,14.6,48.5,250000,25.0,50000,50000,39961,0,0,0
zipf_1_2,zipf,1.2,1,dynamic_sensitivity_100d_4pct_hdd,100,44,1000000,5000,1.2,late_binding,15.0,12,600000,650000,96,healthy,98,severe_slow,2,10.7,14.5,46.9,250000,25.0,50000,50000,39915,0,0,0
zipf_1_2,zipf,1.2,1,dynamic_sensitivity_100d_4pct_hdd,100,44,1000000,5000,1.2,late_binding,15.0,13,650000,700000,96,healthy,98,severe_slow,2,10.8,14.6,47.1,250000,25.0,50000,50000,39990,0,0,0
zipf_1_2,zipf,1.2,1,dynamic_sensitivity_100d_4pct_hdd,100,44,1000000,5000,1.2,late_binding,15.0,14,700000,750000,96,mild_slow,98,recovery,2,10.8,14.6,20.9,250000,25.0,50000,50000,40017,0,0,0
zipf_1_2,zipf,1.2,1,dynamic_sensitivity_100d_4pct_hdd,100,44,1000000,5000,1.2,late_binding,15.0,15,750000,800000,96,recovery,98,recovery,0,10.7,14.3,16.3,250000,25.0,50000,50000,39905,0,0,0
zipf_1_2,zipf,1.2,1,dynamic_sensitivity_100d_4pct_hdd,100,44,1000000,5000,1.2,late_binding,15.0,16,800000,850000,96,healthy,98,healthy,0,10.7,14.0,15.5,250000,25.0,50000,50000,40086,0,0,0
zipf_1_2,zipf,1.2,1,dynamic_sensitivity_100d_4pct_hdd,100,44,1000000,5000,1.2,late_binding,15.0,17,850000,900000,96,healthy,98,healthy,0,10.7,14.0,15.5,250000,25.0,50000,50000,40188,0,0,0
zipf_1_2,zipf,1.2,1,dynamic_sensitivity_100d_4pct_hdd,100,44,1000000,5000,1.2,late_binding,15.0,18,900000,950000,96,healthy,98,healthy,0,10.7,14.0,15.5,250000,25.0,50000,50000,40026,0,0,0
zipf_1_2,zipf,1.2,1,dynamic_sensitivity_100d_4pct_hdd,100,44,1000000,5000,1.2,late_binding,15.0,19,950000,1000000,96,healthy,98,healthy,0,10.7,14.0,15.5,250000,25.0,50000,50000,40050,0,0,0
zipf_1_2,zipf,1.2,1,dynamic_sensitivity_100d_4pct_hdd,100,44,1000000,5000,1.2,timeout_degraded_read,15.0,0,0,50000,96,healthy,98,healthy,0,12.5,16.8,18.8,208115,4.1,8115,8115,206,0,0,0
zipf_1_2,zipf,1.2,1,dynamic_sensitivity_100d_4pct_hdd,100,44,1000000,5000,1.2,timeout_degraded_read,15.0,1,50000,100000,96,healthy,98,healthy,0,12.5,16.8,18.8,208043,4.0,8043,8043,205,0,0,0
zipf_1_2,zipf,1.2,1,dynamic_sensitivity_100d_4pct_hdd,100,44,1000000,5000,1.2,timeout_degraded_read,15.0,2,100000,150000,96,healthy,98,healthy,0,12.5,16.7,18.6,208214,4.1,8214,8214,185,0,0,0
zipf_1_2,zipf,1.2,1,dynamic_sensitivity_100d_4pct_hdd,100,44,1000000,5000,1.2,timeout_degraded_read,15.0,3,150000,200000,96,mild_slow,98,healthy,2,12.6,17.4,24.4,208996,4.5,8996,8996,980,0,0,0
zipf_1_2,zipf,1.2,1,dynamic_sensitivity_100d_4pct_hdd,100,44,1000000,5000,1.2,timeout_degraded_read,15.0,4,200000,250000,96,mild_slow,98,healthy,2,12.6,17.4,23.8,208837,4.4,8837,8837,823,0,0,0
zipf_1_2,zipf,1.2,1,dynamic_sensitivity_100d_4pct_hdd,100,44,1000000,5000,1.2,timeout_degraded_read,15.0,5,250000,300000,96,mild_slow,98,healthy,2,12.5,17.4,23.8,208939,4.5,8939,8939,913,0,0,0
zipf_1_2,zipf,1.2,1,dynamic_sensitivity_100d_4pct_hdd,100,44,1000000,5000,1.2,timeout_degraded_read,15.0,6,300000,350000,96,severe_slow,98,healthy,2,12.6,17.4,45.5,208994,4.5,8994,8994,1144,0,0,0
zipf_1_2,zipf,1.2,1,dynamic_sensitivity_100d_4pct_hdd,100,44,1000000,5000,1.2,timeout_degraded_read,15.0,7,350000,400000,96,severe_slow,98,healthy,2,12.6,17.5,44.4,208946,4.5,8946,8946,1166,0,0,0
zipf_1_2,zipf,1.2,1,dynamic_sensitivity_100d_4pct_hdd,100,44,1000000,5000,1.2,timeout_degraded_read,15.0,8,400000,450000,96,severe_slow,98,healthy,2,12.6,17.5,47.2,208989,4.5,8989,8989,1209,0,0,0
zipf_1_2,zipf,1.2,1,dynamic_sensitivity_100d_4pct_hdd,100,44,1000000,5000,1.2,timeout_degraded_read,15.0,9,450000,500000,96,recovery,98,mild_slow,2,12.6,17.5,24.7,209214,4.6,9214,9214,949,0,0,0
zipf_1_2,zipf,1.2,1,dynamic_sensitivity_100d_4pct_hdd,100,44,1000000,5000,1.2,timeout_degraded_read,15.0,10,500000,550000,96,recovery,98,mild_slow,2,12.6,17.6,24.8,209083,4.5,9083,9083,1026,0,0,0
zipf_1_2,zipf,1.2,1,dynamic_sensitivity_100d_4pct_hdd,100,44,1000000,5000,1.2,timeout_degraded_read,15.0,11,550000,600000,96,healthy,98,severe_slow,2,12.5,17.5,48.5,209051,4.5,9051,9051,1295,0,0,0
zipf_1_2,zipf,1.2,1,dynamic_sensitivity_100d_4pct_hdd,100,44,1000000,5000,1.2,timeout_degraded_read,15.0,12,600000,650000,96,healthy,98,severe_slow,2,12.6,17.4,46.9,208945,4.5,8945,8945,1256,0,0,0
zipf_1_2,zipf,1.2,1,dynamic_sensitivity_100d_4pct_hdd,100,44,1000000,5000,1.2,timeout_degraded_read,15.0,13,650000,700000,96,healthy,98,severe_slow,2,12.6,17.5,47.1,209095,4.5,9095,9095,1268,0,0,0
zipf_1_2,zipf,1.2,1,dynamic_sensitivity_100d_4pct_hdd,100,44,1000000,5000,1.2,timeout_degraded_read,15.0,14,700000,750000,96,mild_slow,98,recovery,2,12.6,17.6,24.9,209247,4.6,9247,9247,954,0,0,0
zipf_1_2,zipf,1.2,1,dynamic_sensitivity_100d_4pct_hdd,100,44,1000000,5000,1.2,timeout_degraded_read,15.0,15,750000,800000,96,recovery,98,recovery,0,12.6,17.2,20.0,209078,4.5,9078,9078,346,0,0,0
zipf_1_2,zipf,1.2,1,dynamic_sensitivity_100d_4pct_hdd,100,44,1000000,5000,1.2,timeout_degraded_read,15.0,16,800000,850000,96,healthy,98,healthy,0,12.5,16.8,18.7,208049,4.0,8049,8049,196,0,0,0
zipf_1_2,zipf,1.2,1,dynamic_sensitivity_100d_4pct_hdd,100,44,1000000,5000,1.2,timeout_degraded_read,15.0,17,850000,900000,96,healthy,98,healthy,0,12.5,16.8,18.7,208145,4.1,8145,8145,200,0,0,0
zipf_1_2,zipf,1.2,1,dynamic_sensitivity_100d_4pct_hdd,100,44,1000000,5000,1.2,timeout_degraded_read,15.0,18,900000,950000,96,healthy,98,healthy,0,12.5,16.8,18.7,208066,4.0,8066,8066,172,0,0,0
zipf_1_2,zipf,1.2,1,dynamic_sensitivity_100d_4pct_hdd,100,44,1000000,5000,1.2,timeout_degraded_read,15.0,19,950000,1000000,96,healthy,98,healthy,0,12.5,16.8,18.7,208014,4.0,8014,8014,188,0,0,0
zipf_1_2,zipf,1.2,1,dynamic_sensitivity_100d_4pct_hdd,100,44,1000000,5000,1.2,health_ec,15.0,0,0,50000,96,healthy,98,healthy,0,12.5,16.9,18.9,200000,0.0,0,0,0,0,0,0
zipf_1_2,zipf,1.2,1,dynamic_sensitivity_100d_4pct_hdd,100,44,1000000,5000,1.2,health_ec,15.0,1,50000,100000,96,healthy,98,healthy,0,12.5,16.9,18.9,200000,0.0,0,0,0,0,0,0
zipf_1_2,zipf,1.2,1,dynamic_sensitivity_100d_4pct_hdd,100,44,1000000,5000,1.2,health_ec,15.0,2,100000,150000,96,healthy,98,healthy,0,12.5,16.8,18.7,200000,0.0,0,0,0,0,0,0
zipf_1_2,zipf,1.2,1,dynamic_sensitivity_100d_4pct_hdd,100,44,1000000,5000,1.2,health_ec,15.0,3,150000,200000,96,mild_slow,98,healthy,2,12.6,17.2,22.4,200260,0.1,260,260,260,2,2,0
zipf_1_2,zipf,1.2,1,dynamic_sensitivity_100d_4pct_hdd,100,44,1000000,5000,1.2,health_ec,15.0,4,200000,250000,96,mild_slow,98,healthy,2,12.5,17.1,20.3,200369,0.2,369,369,368,0,0,0
zipf_1_2,zipf,1.2,1,dynamic_sensitivity_100d_4pct_hdd,100,44,1000000,5000,1.2,health_ec,15.0,5,250000,300000,96,mild_slow,98,healthy,2,12.5,17.1,20.3,200399,0.2,399,399,398,0,0,0
zipf_1_2,zipf,1.2,1,dynamic_sensitivity_100d_4pct_hdd,100,44,1000000,5000,1.2,health_ec,15.0,6,300000,350000,96,severe_slow,98,healthy,2,12.5,17.2,36.5,200507,0.3,507,507,507,0,0,0
zipf_1_2,zipf,1.2,1,dynamic_sensitivity_100d_4pct_hdd,100,44,1000000,5000,1.2,health_ec,15.0,7,350000,400000,96,severe_slow,98,healthy,2,12.5,17.2,35.9,200563,0.3,563,563,563,0,0,0
zipf_1_2,zipf,1.2,1,dynamic_sensitivity_100d_4pct_hdd,100,44,1000000,5000,1.2,health_ec,15.0,8,400000,450000,96,severe_slow,98,healthy,2,12.5,17.2,36.2,200585,0.3,585,585,585,0,0,0
zipf_1_2,zipf,1.2,1,dynamic_sensitivity_100d_4pct_hdd,100,44,1000000,5000,1.2,health_ec,15.0,9,450000,500000,96,recovery,98,mild_slow,2,12.6,17.2,21.5,200732,0.4,732,732,541,2,2,0
zipf_1_2,zipf,1.2,1,dynamic_sensitivity_100d_4pct_hdd,100,44,1000000,5000,1.2,health_ec,15.0,10,500000,550000,96,recovery,98,mild_slow,2,12.5,17.3,21.5,200696,0.3,696,696,604,0,0,0
zipf_1_2,zipf,1.2,1,dynamic_sensitivity_100d_4pct_hdd,100,44,1000000,5000,1.2,health_ec,15.0,11,550000,600000,96,healthy,98,severe_slow,2,12.5,17.1,29.8,200540,0.3,540,540,489,2,2,0
zipf_1_2,zipf,1.2,1,dynamic_sensitivity_100d_4pct_hdd,100,44,1000000,5000,1.2,health_ec,15.0,12,600000,650000,96,healthy,98,severe_slow,2,12.5,17.1,24.1,200492,0.2,492,492,468,0,0,0
zipf_1_2,zipf,1.2,1,dynamic_sensitivity_100d_4pct_hdd,100,44,1000000,5000,1.2,health_ec,15.0,13,650000,700000,96,healthy,98,severe_slow,2,12.5,17.1,29.5,200518,0.3,518,518,506,0,0,0
zipf_1_2,zipf,1.2,1,dynamic_sensitivity_100d_4pct_hdd,100,44,1000000,5000,1.2,health_ec,15.0,14,700000,750000,96,mild_slow,98,recovery,2,12.6,17.2,21.1,200754,0.4,754,754,728,0,0,0
zipf_1_2,zipf,1.2,1,dynamic_sensitivity_100d_4pct_hdd,100,44,1000000,5000,1.2,health_ec,15.0,15,750000,800000,96,recovery,98,recovery,0,12.5,17.0,19.2,200660,0.3,660,660,588,0,0,0
zipf_1_2,zipf,1.2,1,dynamic_sensitivity_100d_4pct_hdd,100,44,1000000,5000,1.2,health_ec,15.0,16,800000,850000,96,healthy,98,healthy,0,12.5,16.8,18.8,200264,0.1,264,264,210,0,0,0
zipf_1_2,zipf,1.2,1,dynamic_sensitivity_100d_4pct_hdd,100,44,1000000,5000,1.2,health_ec,15.0,17,850000,900000,96,healthy,98,healthy,0,12.5,16.8,18.8,200106,0.1,106,106,80,0,0,0
zipf_1_2,zipf,1.2,1,dynamic_sensitivity_100d_4pct_hdd,100,44,1000000,5000,1.2,health_ec,15.0,18,900000,950000,96,healthy,98,healthy,0,12.5,16.8,18.8,200051,0.0,51,51,39,0,0,0
zipf_1_2,zipf,1.2,1,dynamic_sensitivity_100d_4pct_hdd,100,44,1000000,5000,1.2,health_ec,15.0,19,950000,1000000,96,healthy,98,healthy,0,12.5,16.8,18.8,200029,0.0,29,29,25,0,0,0
slowdown_0_5,slowdown_scale,0.5,0.5,dynamic_sensitivity_100d_4pct_hdd,100,42,1000000,5000,1.0,vanilla_ec,15.0,0,0,50000,96,healthy,98,healthy,0,12.5,16.8,18.8,200000,0.0,0,0,0,0,0,0
slowdown_0_5,slowdown_scale,0.5,0.5,dynamic_sensitivity_100d_4pct_hdd,100,42,1000000,5000,1.0,vanilla_ec,15.0,1,50000,100000,96,healthy,98,healthy,0,12.5,16.8,18.9,200000,0.0,0,0,0,0,0,0
slowdown_0_5,slowdown_scale,0.5,0.5,dynamic_sensitivity_100d_4pct_hdd,100,42,1000000,5000,1.0,vanilla_ec,15.0,2,100000,150000,96,healthy,98,healthy,0,12.5,16.8,18.8,200000,0.0,0,0,0,0,0,0
slowdown_0_5,slowdown_scale,0.5,0.5,dynamic_sensitivity_100d_4pct_hdd,100,42,1000000,5000,1.0,vanilla_ec,15.0,3,150000,200000,96,mild_slow,98,healthy,2,12.6,17.5,22.0,200000,0.0,0,0,0,0,0,0
slowdown_0_5,slowdown_scale,0.5,0.5,dynamic_sensitivity_100d_4pct_hdd,100,42,1000000,5000,1.0,vanilla_ec,15.0,4,200000,250000,96,mild_slow,98,healthy,2,12.6,17.5,21.8,200000,0.0,0,0,0,0,0,0
slowdown_0_5,slowdown_scale,0.5,0.5,dynamic_sensitivity_100d_4pct_hdd,100,42,1000000,5000,1.0,vanilla_ec,15.0,5,250000,300000,96,mild_slow,98,healthy,2,12.6,17.4,21.7,200000,0.0,0,0,0,0,0,0
slowdown_0_5,slowdown_scale,0.5,0.5,dynamic_sensitivity_100d_4pct_hdd,100,42,1000000,5000,1.0,vanilla_ec,15.0,6,300000,350000,96,severe_slow,98,healthy,2,12.6,17.9,41.8,200000,0.0,0,0,0,0,0,0
slowdown_0_5,slowdown_scale,0.5,0.5,dynamic_sensitivity_100d_4pct_hdd,100,42,1000000,5000,1.0,vanilla_ec,15.0,7,350000,400000,96,severe_slow,98,healthy,2,12.6,17.9,42.4,200000,0.0,0,0,0,0,0,0
slowdown_0_5,slowdown_scale,0.5,0.5,dynamic_sensitivity_100d_4pct_hdd,100,42,1000000,5000,1.0,vanilla_ec,15.0,8,400000,450000,96,severe_slow,98,healthy,2,12.6,17.9,41.9,200000,0.0,0,0,0,0,0,0
slowdown_0_5,slowdown_scale,0.5,0.5,dynamic_sensitivity_100d_4pct_hdd,100,42,1000000,5000,1.0,vanilla_ec,15.0,9,450000,500000,96,recovery,98,mild_slow,2,12.6,17.6,22.1,200000,0.0,0,0,0,0,0,0
slowdown_0_5,slowdown_scale,0.5,0.5,dynamic_sensitivity_100d_4pct_hdd,100,42,1000000,5000,1.0,vanilla_ec,15.0,10,500000,550000,96,recovery,98,mild_slow,2,12.6,17.5,22.1,200000,0.0,0,0,0,0,0,0
slowdown_0_5,slowdown_scale,0.5,0.5,dynamic_sensitivity_100d_4pct_hdd,100,42,1000000,5000,1.0,vanilla_ec,15.0,11,550000,600000,96,healthy,98,severe_slow,2,12.6,18.0,42.3,200000,0.0,0,0,0,0,0,0
slowdown_0_5,slowdown_scale,0.5,0.5,dynamic_sensitivity_100d_4pct_hdd,100,42,1000000,5000,1.0,vanilla_ec,15.0,12,600000,650000,96,healthy,98,severe_slow,2,12.6,17.9,42.1,200000,0.0,0,0,0,0,0,0
slowdown_0_5,slowdown_scale,0.5,0.5,dynamic_sensitivity_100d_4pct_hdd,100,42,1000000,5000,1.0,vanilla_ec,15.0,13,650000,700000,96,healthy,98,severe_slow,2,12.6,18.0,42.5,200000,0.0,0,0,0,0,0,0
slowdown_0_5,slowdown_scale,0.5,0.5,dynamic_sensitivity_100d_4pct_hdd,100,42,1000000,5000,1.0,vanilla_ec,15.0,14,700000,750000,96,mild_slow,98,recovery,2,12.6,17.5,21.7,200000,0.0,0,0,0,0,0,0
slowdown_0_5,slowdown_scale,0.5,0.5,dynamic_sensitivity_100d_4pct_hdd,100,42,1000000,5000,1.0,vanilla_ec,15.0,15,750000,800000,96,recovery,98,recovery,0,12.6,17.0,19.3,200000,0.0,0,0,0,0,0,0
slowdown_0_5,slowdown_scale,0.5,0.5,dynamic_sensitivity_100d_4pct_hdd,100,42,1000000,5000,1.0,vanilla_ec,15.0,16,800000,850000,96,healthy,98,healthy,0,12.5,16.8,18.9,200000,0.0,0,0,0,0,0,0
slowdown_0_5,slowdown_scale,0.5,0.5,dynamic_sensitivity_100d_4pct_hdd,100,42,1000000,5000,1.0,vanilla_ec,15.0,17,850000,900000,96,healthy,98,healthy,0,12.5,16.8,18.8,200000,0.0,0,0,0,0,0,0
slowdown_0_5,slowdown_scale,0.5,0.5,dynamic_sensitivity_100d_4pct_hdd,100,42,1000000,5000,1.0,vanilla_ec,15.0,18,900000,950000,96,healthy,98,healthy,0,12.5,16.8,18.8,200000,0.0,0,0,0,0,0,0
slowdown_0_5,slowdown_scale,0.5,0.5,dynamic_sensitivity_100d_4pct_hdd,100,42,1000000,5000,1.0,vanilla_ec,15.0,19,950000,1000000,96,healthy,98,healthy,0,12.5,16.8,18.9,200000,0.0,0,0,0,0,0,0
slowdown_0_5,slowdown_scale,0.5,0.5,dynamic_sensitivity_100d_4pct_hdd,100,42,1000000,5000,1.0,late_binding,15.0,0,0,50000,96,healthy,98,healthy,0,10.7,14.0,15.4,250000,25.0,50000,50000,39904,0,0,0
slowdown_0_5,slowdown_scale,0.5,0.5,dynamic_sensitivity_100d_4pct_hdd,100,42,1000000,5000,1.0,late_binding,15.0,1,50000,100000,96,healthy,98,healthy,0,10.7,14.0,15.5,250000,25.0,50000,50000,40119,0,0,0
slowdown_0_5,slowdown_scale,0.5,0.5,dynamic_sensitivity_100d_4pct_hdd,100,42,1000000,5000,1.0,late_binding,15.0,2,100000,150000,96,healthy,98,healthy,0,10.7,14.0,15.4,250000,25.0,50000,50000,40024,0,0,0
slowdown_0_5,slowdown_scale,0.5,0.5,dynamic_sensitivity_100d_4pct_hdd,100,42,1000000,5000,1.0,late_binding,15.0,3,150000,200000,96,mild_slow,98,healthy,2,10.8,14.4,16.6,250000,25.0,50000,50000,39764,0,0,0
slowdown_0_5,slowdown_scale,0.5,0.5,dynamic_sensitivity_100d_4pct_hdd,100,42,1000000,5000,1.0,late_binding,15.0,4,200000,250000,96,mild_slow,98,healthy,2,10.8,14.3,16.5,250000,25.0,50000,50000,39842,0,0,0
slowdown_0_5,slowdown_scale,0.5,0.5,dynamic_sensitivity_100d_4pct_hdd,100,42,1000000,5000,1.0,late_binding,15.0,5,250000,300000,96,mild_slow,98,healthy,2,10.8,14.3,16.6,250000,25.0,50000,50000,39954,0,0,0
slowdown_0_5,slowdown_scale,0.5,0.5,dynamic_sensitivity_100d_4pct_hdd,100,42,1000000,5000,1.0,late_binding,15.0,6,300000,350000,96,severe_slow,98,healthy,2,10.8,14.8,30.6,250000,25.0,50000,50000,39735,0,0,0
slowdown_0_5,slowdown_scale,0.5,0.5,dynamic_sensitivity_100d_4pct_hdd,100,42,1000000,5000,1.0,late_binding,15.0,7,350000,400000,96,severe_slow,98,healthy,2,10.8,14.7,29.6,250000,25.0,50000,50000,39763,0,0,0
slowdown_0_5,slowdown_scale,0.5,0.5,dynamic_sensitivity_100d_4pct_hdd,100,42,1000000,5000,1.0,late_binding,15.0,8,400000,450000,96,severe_slow,98,healthy,2,10.8,14.7,29.7,250000,25.0,50000,50000,39784,0,0,0
slowdown_0_5,slowdown_scale,0.5,0.5,dynamic_sensitivity_100d_4pct_hdd,100,42,1000000,5000,1.0,late_binding,15.0,9,450000,500000,96,recovery,98,mild_slow,2,10.8,14.5,17.2,250000,25.0,50000,50000,39951,0,0,0
slowdown_0_5,slowdown_scale,0.5,0.5,dynamic_sensitivity_100d_4pct_hdd,100,42,1000000,5000,1.0,late_binding,15.0,10,500000,550000,96,recovery,98,mild_slow,2,10.8,14.4,17.0,250000,25.0,50000,50000,39964,0,0,0
slowdown_0_5,slowdown_scale,0.5,0.5,dynamic_sensitivity_100d_4pct_hdd,100,42,1000000,5000,1.0,late_binding,15.0,11,550000,600000,96,healthy,98,severe_slow,2,10.8,14.8,30.0,250000,25.0,50000,50000,39826,0,0,0
slowdown_0_5,slowdown_scale,0.5,0.5,dynamic_sensitivity_100d_4pct_hdd,100,42,1000000,5000,1.0,late_binding,15.0,12,600000,650000,96,healthy,98,severe_slow,2,10.8,14.8,29.9,250000,25.0,50000,50000,40012,0,0,0
slowdown_0_5,slowdown_scale,0.5,0.5,dynamic_sensitivity_100d_4pct_hdd,100,42,1000000,5000,1.0,late_binding,15.0,13,650000,700000,96,healthy,98,severe_slow,2,10.8,14.8,30.3,250000,25.0,50000,50000,39788,0,0,0
slowdown_0_5,slowdown_scale,0.5,0.5,dynamic_sensitivity_100d_4pct_hdd,100,42,1000000,5000,1.0,late_binding,15.0,14,700000,750000,96,mild_slow,98,recovery,2,10.8,14.4,16.9,250000,25.0,50000,50000,39910,0,0,0
slowdown_0_5,slowdown_scale,0.5,0.5,dynamic_sensitivity_100d_4pct_hdd,100,42,1000000,5000,1.0,late_binding,15.0,15,750000,800000,96,recovery,98,recovery,0,10.8,14.2,15.8,250000,25.0,50000,50000,39959,0,0,0
slowdown_0_5,slowdown_scale,0.5,0.5,dynamic_sensitivity_100d_4pct_hdd,100,42,1000000,5000,1.0,late_binding,15.0,16,800000,850000,96,healthy,98,healthy,0,10.7,14.0,15.4,250000,25.0,50000,50000,39820,0,0,0
slowdown_0_5,slowdown_scale,0.5,0.5,dynamic_sensitivity_100d_4pct_hdd,100,42,1000000,5000,1.0,late_binding,15.0,17,850000,900000,96,healthy,98,healthy,0,10.7,14.0,15.4,250000,25.0,50000,50000,40051,0,0,0
slowdown_0_5,slowdown_scale,0.5,0.5,dynamic_sensitivity_100d_4pct_hdd,100,42,1000000,5000,1.0,late_binding,15.0,18,900000,950000,96,healthy,98,healthy,0,10.7,14.0,15.5,250000,25.0,50000,50000,40025,0,0,0
slowdown_0_5,slowdown_scale,0.5,0.5,dynamic_sensitivity_100d_4pct_hdd,100,42,1000000,5000,1.0,late_binding,15.0,19,950000,1000000,96,healthy,98,healthy,0,10.7,14.0,15.4,250000,25.0,50000,50000,40010,0,0,0
slowdown_0_5,slowdown_scale,0.5,0.5,dynamic_sensitivity_100d_4pct_hdd,100,42,1000000,5000,1.0,timeout_degraded_read,15.0,0,0,50000,96,healthy,98,healthy,0,12.5,16.8,18.7,208081,4.0,8081,8081,182,0,0,0
slowdown_0_5,slowdown_scale,0.5,0.5,dynamic_sensitivity_100d_4pct_hdd,100,42,1000000,5000,1.0,timeout_degraded_read,15.0,1,50000,100000,96,healthy,98,healthy,0,12.5,16.8,18.8,207998,4.0,7998,7998,191,0,0,0
slowdown_0_5,slowdown_scale,0.5,0.5,dynamic_sensitivity_100d_4pct_hdd,100,42,1000000,5000,1.0,timeout_degraded_read,15.0,2,100000,150000,96,healthy,98,healthy,0,12.5,16.8,18.7,208051,4.0,8051,8051,198,0,0,0
slowdown_0_5,slowdown_scale,0.5,0.5,dynamic_sensitivity_100d_4pct_hdd,100,42,1000000,5000,1.0,timeout_degraded_read,15.0,3,150000,200000,96,mild_slow,98,healthy,2,12.6,17.4,21.1,209130,4.6,9130,9130,576,0,0,0
slowdown_0_5,slowdown_scale,0.5,0.5,dynamic_sensitivity_100d_4pct_hdd,100,42,1000000,5000,1.0,timeout_degraded_read,15.0,4,200000,250000,96,mild_slow,98,healthy,2,12.6,17.4,21.1,209079,4.5,9079,9079,528,0,0,0
slowdown_0_5,slowdown_scale,0.5,0.5,dynamic_sensitivity_100d_4pct_hdd,100,42,1000000,5000,1.0,timeout_degraded_read,15.0,5,250000,300000,96,mild_slow,98,healthy,2,12.6,17.4,20.9,209074,4.5,9074,9074,539,0,0,0
slowdown_0_5,slowdown_scale,0.5,0.5,dynamic_sensitivity_100d_4pct_hdd,100,42,1000000,5000,1.0,timeout_degraded_read,15.0,6,300000,350000,96,severe_slow,98,healthy,2,12.6,17.8,30.8,209227,4.6,9227,9227,1475,0,0,0
slowdown_0_5,slowdown_scale,0.5,0.5,dynamic_sensitivity_100d_4pct_hdd,100,42,1000000,5000,1.0,timeout_degraded_read,15.0,7,350000,400000,96,severe_slow,98,healthy,2,12.6,17.8,30.1,209268,4.6,9268,9268,1485,0,0,0
slowdown_0_5,slowdown_scale,0.5,0.5,dynamic_sensitivity_100d_4pct_hdd,100,42,1000000,5000,1.0,timeout_degraded_read,15.0,8,400000,450000,96,severe_slow,98,healthy,2,12.6,17.9,30.1,209316,4.7,9316,9316,1522,0,0,0
slowdown_0_5,slowdown_scale,0.5,0.5,dynamic_sensitivity_100d_4pct_hdd,100,42,1000000,5000,1.0,timeout_degraded_read,15.0,9,450000,500000,96,recovery,98,mild_slow,2,12.6,17.6,21.4,209280,4.6,9280,9280,561,0,0,0
slowdown_0_5,slowdown_scale,0.5,0.5,dynamic_sensitivity_100d_4pct_hdd,100,42,1000000,5000,1.0,timeout_degraded_read,15.0,10,500000,550000,96,recovery,98,mild_slow,2,12.6,17.5,21.3,209198,4.6,9198,9198,563,0,0,0
slowdown_0_5,slowdown_scale,0.5,0.5,dynamic_sensitivity_100d_4pct_hdd,100,42,1000000,5000,1.0,timeout_degraded_read,15.0,11,550000,600000,96,healthy,98,severe_slow,2,12.6,18.0,30.4,209308,4.7,9308,9308,1622,0,0,0
slowdown_0_5,slowdown_scale,0.5,0.5,dynamic_sensitivity_100d_4pct_hdd,100,42,1000000,5000,1.0,timeout_degraded_read,15.0,12,600000,650000,96,healthy,98,severe_slow,2,12.6,17.9,30.3,209337,4.7,9337,9337,1598,0,0,0
slowdown_0_5,slowdown_scale,0.5,0.5,dynamic_sensitivity_100d_4pct_hdd,100,42,1000000,5000,1.0,timeout_degraded_read,15.0,13,650000,700000,96,healthy,98,severe_slow,2,12.6,17.9,30.6,209342,4.7,9342,9342,1592,0,0,0
slowdown_0_5,slowdown_scale,0.5,0.5,dynamic_sensitivity_100d_4pct_hdd,100,42,1000000,5000,1.0,timeout_degraded_read,15.0,14,700000,750000,96,mild_slow,98,recovery,2,12.6,17.4,21.1,209254,4.6,9254,9254,494,0,0,0
slowdown_0_5,slowdown_scale,0.5,0.5,dynamic_sensitivity_100d_4pct_hdd,100,42,1000000,5000,1.0,timeout_degraded_read,15.0,15,750000,800000,96,recovery,98,recovery,0,12.6,17.0,19.2,208722,4.4,8722,8722,230,0,0,0
slowdown_0_5,slowdown_scale,0.5,0.5,dynamic_sensitivity_100d_4pct_hdd,100,42,1000000,5000,1.0,timeout_degraded_read,15.0,16,800000,850000,96,healthy,98,healthy,0,12.5,16.8,18.8,208029,4.0,8029,8029,187,0,0,0
slowdown_0_5,slowdown_scale,0.5,0.5,dynamic_sensitivity_100d_4pct_hdd,100,42,1000000,5000,1.0,timeout_degraded_read,15.0,17,850000,900000,96,healthy,98,healthy,0,12.5,16.8,18.7,208054,4.0,8054,8054,201,0,0,0
slowdown_0_5,slowdown_scale,0.5,0.5,dynamic_sensitivity_100d_4pct_hdd,100,42,1000000,5000,1.0,timeout_degraded_read,15.0,18,900000,950000,96,healthy,98,healthy,0,12.5,16.8,18.8,208085,4.0,8085,8085,211,0,0,0
slowdown_0_5,slowdown_scale,0.5,0.5,dynamic_sensitivity_100d_4pct_hdd,100,42,1000000,5000,1.0,timeout_degraded_read,15.0,19,950000,1000000,96,healthy,98,healthy,0,12.5,16.8,18.8,208170,4.1,8170,8170,193,0,0,0
slowdown_0_5,slowdown_scale,0.5,0.5,dynamic_sensitivity_100d_4pct_hdd,100,42,1000000,5000,1.0,health_ec,15.0,0,0,50000,96,healthy,98,healthy,0,12.5,16.8,18.8,200000,0.0,0,0,0,0,0,0
slowdown_0_5,slowdown_scale,0.5,0.5,dynamic_sensitivity_100d_4pct_hdd,100,42,1000000,5000,1.0,health_ec,15.0,1,50000,100000,96,healthy,98,healthy,0,12.5,16.8,18.9,200000,0.0,0,0,0,0,0,0
slowdown_0_5,slowdown_scale,0.5,0.5,dynamic_sensitivity_100d_4pct_hdd,100,42,1000000,5000,1.0,health_ec,15.0,2,100000,150000,96,healthy,98,healthy,0,12.5,16.8,18.8,200000,0.0,0,0,0,0,0,0
slowdown_0_5,slowdown_scale,0.5,0.5,dynamic_sensitivity_100d_4pct_hdd,100,42,1000000,5000,1.0,health_ec,15.0,3,150000,200000,96,mild_slow,98,healthy,2,12.6,17.3,20.6,200547,0.3,547,547,527,0,0,0
slowdown_0_5,slowdown_scale,0.5,0.5,dynamic_sensitivity_100d_4pct_hdd,100,42,1000000,5000,1.0,health_ec,15.0,4,200000,250000,96,mild_slow,98,healthy,2,12.6,17.2,20.3,200663,0.3,663,663,647,0,0,0
slowdown_0_5,slowdown_scale,0.5,0.5,dynamic_sensitivity_100d_4pct_hdd,100,42,1000000,5000,1.0,health_ec,15.0,5,250000,300000,96,mild_slow,98,healthy,2,12.6,17.2,20.1,200713,0.4,713,713,699,0,0,0
slowdown_0_5,slowdown_scale,0.5,0.5,dynamic_sensitivity_100d_4pct_hdd,100,42,1000000,5000,1.0,health_ec,15.0,6,300000,350000,96,severe_slow,98,healthy,2,12.6,17.4,31.6,200738,0.4,738,738,738,2,2,0
slowdown_0_5,slowdown_scale,0.5,0.5,dynamic_sensitivity_100d_4pct_hdd,100,42,1000000,5000,1.0,health_ec,15.0,7,350000,400000,96,severe_slow,98,healthy,2,12.5,17.4,28.6,200927,0.5,927,927,926,0,0,0
slowdown_0_5,slowdown_scale,0.5,0.5,dynamic_sensitivity_100d_4pct_hdd,100,42,1000000,5000,1.0,health_ec,15.0,8,400000,450000,96,severe_slow,98,healthy,2,12.6,17.5,27.9,200977,0.5,977,977,977,0,0,0
slowdown_0_5,slowdown_scale,0.5,0.5,dynamic_sensitivity_100d_4pct_hdd,100,42,1000000,5000,1.0,health_ec,15.0,9,450000,500000,96,recovery,98,mild_slow,2,12.6,17.3,20.4,201189,0.6,1189,1189,939,0,0,0
slowdown_0_5,slowdown_scale,0.5,0.5,dynamic_sensitivity_100d_4pct_hdd,100,42,1000000,5000,1.0,health_ec,15.0,10,500000,550000,96,recovery,98,mild_slow,2,12.6,17.1,19.8,201209,0.6,1209,1209,1053,0,0,0
slowdown_0_5,slowdown_scale,0.5,0.5,dynamic_sensitivity_100d_4pct_hdd,100,42,1000000,5000,1.0,health_ec,15.0,11,550000,600000,96,healthy,98,severe_slow,2,12.6,17.5,29.6,200911,0.5,911,911,836,4,4,0
slowdown_0_5,slowdown_scale,0.5,0.5,dynamic_sensitivity_100d_4pct_hdd,100,42,1000000,5000,1.0,health_ec,15.0,12,600000,650000,96,healthy,98,severe_slow,2,12.5,17.3,26.9,200887,0.4,887,887,860,0,0,0
slowdown_0_5,slowdown_scale,0.5,0.5,dynamic_sensitivity_100d_4pct_hdd,100,42,1000000,5000,1.0,health_ec,15.0,13,650000,700000,96,healthy,98,severe_slow,2,12.6,17.4,27.1,200942,0.5,942,942,931,0,0,0
slowdown_0_5,slowdown_scale,0.5,0.5,dynamic_sensitivity_100d_4pct_hdd,100,42,1000000,5000,1.0,health_ec,15.0,14,700000,750000,96,mild_slow,98,recovery,2,12.5,17.1,19.9,201000,0.5,1000,1000,942,0,0,0
slowdown_0_5,slowdown_scale,0.5,0.5,dynamic_sensitivity_100d_4pct_hdd,100,42,1000000,5000,1.0,health_ec,15.0,15,750000,800000,96,recovery,98,recovery,0,12.5,16.9,19.0,200606,0.3,606,606,535,0,0,0
slowdown_0_5,slowdown_scale,0.5,0.5,dynamic_sensitivity_100d_4pct_hdd,100,42,1000000,5000,1.0,health_ec,15.0,16,800000,850000,96,healthy,98,healthy,0,12.5,16.8,18.9,200216,0.1,216,216,176,0,0,0
slowdown_0_5,slowdown_scale,0.5,0.5,dynamic_sensitivity_100d_4pct_hdd,100,42,1000000,5000,1.0,health_ec,15.0,17,850000,900000,96,healthy,98,healthy,0,12.5,16.8,18.8,200092,0.0,92,92,73,0,0,0
slowdown_0_5,slowdown_scale,0.5,0.5,dynamic_sensitivity_100d_4pct_hdd,100,42,1000000,5000,1.0,health_ec,15.0,18,900000,950000,96,healthy,98,healthy,0,12.5,16.8,18.8,200031,0.0,31,31,23,0,0,0
slowdown_0_5,slowdown_scale,0.5,0.5,dynamic_sensitivity_100d_4pct_hdd,100,42,1000000,5000,1.0,health_ec,15.0,19,950000,1000000,96,healthy,98,healthy,0,12.5,16.8,18.9,200022,0.0,22,22,17,0,0,0
slowdown_0_5,slowdown_scale,0.5,0.5,dynamic_sensitivity_100d_4pct_hdd,100,43,1000000,5000,1.0,vanilla_ec,15.0,0,0,50000,96,healthy,98,healthy,0,12.5,16.8,18.8,200000,0.0,0,0,0,0,0,0
slowdown_0_5,slowdown_scale,0.5,0.5,dynamic_sensitivity_100d_4pct_hdd,100,43,1000000,5000,1.0,vanilla_ec,15.0,1,50000,100000,96,healthy,98,healthy,0,12.5,16.8,18.9,200000,0.0,0,0,0,0,0,0
slowdown_0_5,slowdown_scale,0.5,0.5,dynamic_sensitivity_100d_4pct_hdd,100,43,1000000,5000,1.0,vanilla_ec,15.0,2,100000,150000,96,healthy,98,healthy,0,12.5,16.8,18.8,200000,0.0,0,0,0,0,0,0
slowdown_0_5,slowdown_scale,0.5,0.5,dynamic_sensitivity_100d_4pct_hdd,100,43,1000000,5000,1.0,vanilla_ec,15.0,3,150000,200000,96,mild_slow,98,healthy,2,12.6,17.3,21.2,200000,0.0,0,0,0,0,0,0
slowdown_0_5,slowdown_scale,0.5,0.5,dynamic_sensitivity_100d_4pct_hdd,100,43,1000000,5000,1.0,vanilla_ec,15.0,4,200000,250000,96,mild_slow,98,healthy,2,12.6,17.5,21.9,200000,0.0,0,0,0,0,0,0
slowdown_0_5,slowdown_scale,0.5,0.5,dynamic_sensitivity_100d_4pct_hdd,100,43,1000000,5000,1.0,vanilla_ec,15.0,5,250000,300000,96,mild_slow,98,healthy,2,12.6,17.4,21.7,200000,0.0,0,0,0,0,0,0
slowdown_0_5,slowdown_scale,0.5,0.5,dynamic_sensitivity_100d_4pct_hdd,100,43,1000000,5000,1.0,vanilla_ec,15.0,6,300000,350000,96,severe_slow,98,healthy,2,12.6,17.8,41.1,200000,0.0,0,0,0,0,0,0
slowdown_0_5,slowdown_scale,0.5,0.5,dynamic_sensitivity_100d_4pct_hdd,100,43,1000000,5000,1.0,vanilla_ec,15.0,7,350000,400000,96,severe_slow,98,healthy,2,12.6,17.9,42.3,200000,0.0,0,0,0,0,0,0
slowdown_0_5,slowdown_scale,0.5,0.5,dynamic_sensitivity_100d_4pct_hdd,100,43,1000000,5000,1.0,vanilla_ec,15.0,8,400000,450000,96,severe_slow,98,healthy,2,12.6,17.8,41.3,200000,0.0,0,0,0,0,0,0
slowdown_0_5,slowdown_scale,0.5,0.5,dynamic_sensitivity_100d_4pct_hdd,100,43,1000000,5000,1.0,vanilla_ec,15.0,9,450000,500000,96,recovery,98,mild_slow,2,12.6,17.6,22.3,200000,0.0,0,0,0,0,0,0
slowdown_0_5,slowdown_scale,0.5,0.5,dynamic_sensitivity_100d_4pct_hdd,100,43,1000000,5000,1.0,vanilla_ec,15.0,10,500000,550000,96,recovery,98,mild_slow,2,12.6,17.5,22.0,200000,0.0,0,0,0,0,0,0
slowdown_0_5,slowdown_scale,0.5,0.5,dynamic_sensitivity_100d_4pct_hdd,100,43,1000000,5000,1.0,vanilla_ec,15.0,11,550000,600000,96,healthy,98,severe_slow,2,12.6,17.9,42.5,200000,0.0,0,0,0,0,0,0
slowdown_0_5,slowdown_scale,0.5,0.5,dynamic_sensitivity_100d_4pct_hdd,100,43,1000000,5000,1.0,vanilla_ec,15.0,12,600000,650000,96,healthy,98,severe_slow,2,12.6,18.0,42.4,200000,0.0,0,0,0,0,0,0
slowdown_0_5,slowdown_scale,0.5,0.5,dynamic_sensitivity_100d_4pct_hdd,100,43,1000000,5000,1.0,vanilla_ec,15.0,13,650000,700000,96,healthy,98,severe_slow,2,12.6,17.9,42.2,200000,0.0,0,0,0,0,0,0
slowdown_0_5,slowdown_scale,0.5,0.5,dynamic_sensitivity_100d_4pct_hdd,100,43,1000000,5000,1.0,vanilla_ec,15.0,14,700000,750000,96,mild_slow,98,recovery,2,12.6,17.5,21.7,200000,0.0,0,0,0,0,0,0
slowdown_0_5,slowdown_scale,0.5,0.5,dynamic_sensitivity_100d_4pct_hdd,100,43,1000000,5000,1.0,vanilla_ec,15.0,15,750000,800000,96,recovery,98,recovery,0,12.6,17.1,19.3,200000,0.0,0,0,0,0,0,0
slowdown_0_5,slowdown_scale,0.5,0.5,dynamic_sensitivity_100d_4pct_hdd,100,43,1000000,5000,1.0,vanilla_ec,15.0,16,800000,850000,96,healthy,98,healthy,0,12.5,16.8,18.9,200000,0.0,0,0,0,0,0,0
slowdown_0_5,slowdown_scale,0.5,0.5,dynamic_sensitivity_100d_4pct_hdd,100,43,1000000,5000,1.0,vanilla_ec,15.0,17,850000,900000,96,healthy,98,healthy,0,12.5,16.8,18.8,200000,0.0,0,0,0,0,0,0
slowdown_0_5,slowdown_scale,0.5,0.5,dynamic_sensitivity_100d_4pct_hdd,100,43,1000000,5000,1.0,vanilla_ec,15.0,18,900000,950000,96,healthy,98,healthy,0,12.5,16.8,18.9,200000,0.0,0,0,0,0,0,0
slowdown_0_5,slowdown_scale,0.5,0.5,dynamic_sensitivity_100d_4pct_hdd,100,43,1000000,5000,1.0,vanilla_ec,15.0,19,950000,1000000,96,healthy,98,healthy,0,12.5,16.8,18.7,200000,0.0,0,0,0,0,0,0
slowdown_0_5,slowdown_scale,0.5,0.5,dynamic_sensitivity_100d_4pct_hdd,100,43,1000000,5000,1.0,late_binding,15.0,0,0,50000,96,healthy,98,healthy,0,10.7,14.0,15.4,250000,25.0,50000,50000,39871,0,0,0
slowdown_0_5,slowdown_scale,0.5,0.5,dynamic_sensitivity_100d_4pct_hdd,100,43,1000000,5000,1.0,late_binding,15.0,1,50000,100000,96,healthy,98,healthy,0,10.7,14.0,15.4,250000,25.0,50000,50000,40011,0,0,0
slowdown_0_5,slowdown_scale,0.5,0.5,dynamic_sensitivity_100d_4pct_hdd,100,43,1000000,5000,1.0,late_binding,15.0,2,100000,150000,96,healthy,98,healthy,0,10.7,14.0,15.4,250000,25.0,50000,50000,40100,0,0,0
slowdown_0_5,slowdown_scale,0.5,0.5,dynamic_sensitivity_100d_4pct_hdd,100,43,1000000,5000,1.0,late_binding,15.0,3,150000,200000,96,mild_slow,98,healthy,2,10.8,14.3,16.4,250000,25.0,50000,50000,39775,0,0,0
slowdown_0_5,slowdown_scale,0.5,0.5,dynamic_sensitivity_100d_4pct_hdd,100,43,1000000,5000,1.0,late_binding,15.0,4,200000,250000,96,mild_slow,98,healthy,2,10.8,14.4,16.9,250000,25.0,50000,50000,39855,0,0,0
slowdown_0_5,slowdown_scale,0.5,0.5,dynamic_sensitivity_100d_4pct_hdd,100,43,1000000,5000,1.0,late_binding,15.0,5,250000,300000,96,mild_slow,98,healthy,2,10.8,14.3,16.6,250000,25.0,50000,50000,39919,0,0,0
slowdown_0_5,slowdown_scale,0.5,0.5,dynamic_sensitivity_100d_4pct_hdd,100,43,1000000,5000,1.0,late_binding,15.0,6,300000,350000,96,severe_slow,98,healthy,2,10.8,14.7,29.7,250000,25.0,50000,50000,39783,0,0,0
slowdown_0_5,slowdown_scale,0.5,0.5,dynamic_sensitivity_100d_4pct_hdd,100,43,1000000,5000,1.0,late_binding,15.0,7,350000,400000,96,severe_slow,98,healthy,2,10.8,14.8,29.9,250000,25.0,50000,50000,39852,0,0,0
slowdown_0_5,slowdown_scale,0.5,0.5,dynamic_sensitivity_100d_4pct_hdd,100,43,1000000,5000,1.0,late_binding,15.0,8,400000,450000,96,severe_slow,98,healthy,2,10.8,14.7,29.3,250000,25.0,50000,50000,39696,0,0,0
slowdown_0_5,slowdown_scale,0.5,0.5,dynamic_sensitivity_100d_4pct_hdd,100,43,1000000,5000,1.0,late_binding,15.0,9,450000,500000,96,recovery,98,mild_slow,2,10.8,14.5,17.2,250000,25.0,50000,50000,39974,0,0,0
slowdown_0_5,slowdown_scale,0.5,0.5,dynamic_sensitivity_100d_4pct_hdd,100,43,1000000,5000,1.0,late_binding,15.0,10,500000,550000,96,recovery,98,mild_slow,2,10.8,14.5,17.2,250000,25.0,50000,50000,39871,0,0,0
slowdown_0_5,slowdown_scale,0.5,0.5,dynamic_sensitivity_100d_4pct_hdd,100,43,1000000,5000,1.0,late_binding,15.0,11,550000,600000,96,healthy,98,severe_slow,2,10.8,14.8,30.3,250000,25.0,50000,50000,39953,0,0,0
slowdown_0_5,slowdown_scale,0.5,0.5,dynamic_sensitivity_100d_4pct_hdd,100,43,1000000,5000,1.0,late_binding,15.0,12,600000,650000,96,healthy,98,severe_slow,2,10.8,14.8,30.0,250000,25.0,50000,50000,39839,0,0,0
slowdown_0_5,slowdown_scale,0.5,0.5,dynamic_sensitivity_100d_4pct_hdd,100,43,1000000,5000,1.0,late_binding,15.0,13,650000,700000,96,healthy,98,severe_slow,2,10.8,14.8,30.5,250000,25.0,50000,50000,40120,0,0,0
slowdown_0_5,slowdown_scale,0.5,0.5,dynamic_sensitivity_100d_4pct_hdd,100,43,1000000,5000,1.0,late_binding,15.0,14,700000,750000,96,mild_slow,98,recovery,2,10.8,14.5,17.0,250000,25.0,50000,50000,39853,0,0,0
slowdown_0_5,slowdown_scale,0.5,0.5,dynamic_sensitivity_100d_4pct_hdd,100,43,1000000,5000,1.0,late_binding,15.0,15,750000,800000,96,recovery,98,recovery,0,10.8,14.2,15.8,250000,25.0,50000,50000,39935,0,0,0
slowdown_0_5,slowdown_scale,0.5,0.5,dynamic_sensitivity_100d_4pct_hdd,100,43,1000000,5000,1.0,late_binding,15.0,16,800000,850000,96,healthy,98,healthy,0,10.7,14.0,15.4,250000,25.0,50000,50000,39910,0,0,0
slowdown_0_5,slowdown_scale,0.5,0.5,dynamic_sensitivity_100d_4pct_hdd,100,43,1000000,5000,1.0,late_binding,15.0,17,850000,900000,96,healthy,98,healthy,0,10.7,14.0,15.5,250000,25.0,50000,50000,40032,0,0,0
slowdown_0_5,slowdown_scale,0.5,0.5,dynamic_sensitivity_100d_4pct_hdd,100,43,1000000,5000,1.0,late_binding,15.0,18,900000,950000,96,healthy,98,healthy,0,10.7,14.0,15.4,250000,25.0,50000,50000,39985,0,0,0
slowdown_0_5,slowdown_scale,0.5,0.5,dynamic_sensitivity_100d_4pct_hdd,100,43,1000000,5000,1.0,late_binding,15.0,19,950000,1000000,96,healthy,98,healthy,0,10.7,14.0,15.4,250000,25.0,50000,50000,39872,0,0,0
slowdown_0_5,slowdown_scale,0.5,0.5,dynamic_sensitivity_100d_4pct_hdd,100,43,1000000,5000,1.0,timeout_degraded_read,15.0,0,0,50000,96,healthy,98,healthy,0,12.5,16.8,18.7,208102,4.1,8102,8102,165,0,0,0
slowdown_0_5,slowdown_scale,0.5,0.5,dynamic_sensitivity_100d_4pct_hdd,100,43,1000000,5000,1.0,timeout_degraded_read,15.0,1,50000,100000,96,healthy,98,healthy,0,12.5,16.8,18.8,208123,4.1,8123,8123,169,0,0,0
slowdown_0_5,slowdown_scale,0.5,0.5,dynamic_sensitivity_100d_4pct_hdd,100,43,1000000,5000,1.0,timeout_degraded_read,15.0,2,100000,150000,96,healthy,98,healthy,0,12.5,16.8,18.7,208110,4.1,8110,8110,198,0,0,0
slowdown_0_5,slowdown_scale,0.5,0.5,dynamic_sensitivity_100d_4pct_hdd,100,43,1000000,5000,1.0,timeout_degraded_read,15.0,3,150000,200000,96,mild_slow,98,healthy,2,12.6,17.3,20.7,209065,4.5,9065,9065,460,0,0,0
slowdown_0_5,slowdown_scale,0.5,0.5,dynamic_sensitivity_100d_4pct_hdd,100,43,1000000,5000,1.0,timeout_degraded_read,15.0,4,200000,250000,96,mild_slow,98,healthy,2,12.6,17.4,21.3,209158,4.6,9158,9158,557,0,0,0
slowdown_0_5,slowdown_scale,0.5,0.5,dynamic_sensitivity_100d_4pct_hdd,100,43,1000000,5000,1.0,timeout_degraded_read,15.0,5,250000,300000,96,mild_slow,98,healthy,2,12.6,17.4,21.0,209162,4.6,9162,9162,514,0,0,0
slowdown_0_5,slowdown_scale,0.5,0.5,dynamic_sensitivity_100d_4pct_hdd,100,43,1000000,5000,1.0,timeout_degraded_read,15.0,6,300000,350000,96,severe_slow,98,healthy,2,12.6,17.7,30.1,209214,4.6,9214,9214,1489,0,0,0
slowdown_0_5,slowdown_scale,0.5,0.5,dynamic_sensitivity_100d_4pct_hdd,100,43,1000000,5000,1.0,timeout_degraded_read,15.0,7,350000,400000,96,severe_slow,98,healthy,2,12.6,17.8,30.2,209310,4.7,9310,9310,1555,0,0,0
slowdown_0_5,slowdown_scale,0.5,0.5,dynamic_sensitivity_100d_4pct_hdd,100,43,1000000,5000,1.0,timeout_degraded_read,15.0,8,400000,450000,96,severe_slow,98,healthy,2,12.6,17.8,29.7,209173,4.6,9173,9173,1514,0,0,0
slowdown_0_5,slowdown_scale,0.5,0.5,dynamic_sensitivity_100d_4pct_hdd,100,43,1000000,5000,1.0,timeout_degraded_read,15.0,9,450000,500000,96,recovery,98,mild_slow,2,12.6,17.6,21.4,209456,4.7,9456,9456,546,0,0,0
slowdown_0_5,slowdown_scale,0.5,0.5,dynamic_sensitivity_100d_4pct_hdd,100,43,1000000,5000,1.0,timeout_degraded_read,15.0,10,500000,550000,96,recovery,98,mild_slow,2,12.6,17.5,21.4,209296,4.6,9296,9296,556,0,0,0
slowdown_0_5,slowdown_scale,0.5,0.5,dynamic_sensitivity_100d_4pct_hdd,100,43,1000000,5000,1.0,timeout_degraded_read,15.0,11,550000,600000,96,healthy,98,severe_slow,2,12.6,17.9,30.6,209362,4.7,9362,9362,1615,0,0,0
slowdown_0_5,slowdown_scale,0.5,0.5,dynamic_sensitivity_100d_4pct_hdd,100,43,1000000,5000,1.0,timeout_degraded_read,15.0,12,600000,650000,96,healthy,98,severe_slow,2,12.6,17.9,30.4,209314,4.7,9314,9314,1591,0,0,0
slowdown_0_5,slowdown_scale,0.5,0.5,dynamic_sensitivity_100d_4pct_hdd,100,43,1000000,5000,1.0,timeout_degraded_read,15.0,13,650000,700000,96,healthy,98,severe_slow,2,12.6,17.8,30.8,209373,4.7,9373,9373,1557,0,0,0
slowdown_0_5,slowdown_scale,0.5,0.5,dynamic_sensitivity_100d_4pct_hdd,100,43,1000000,5000,1.0,timeout_degraded_read,15.0,14,700000,750000,96,mild_slow,98,recovery,2,12.6,17.4,21.1,209307,4.7,9307,9307,464,0,0,0
slowdown_0_5,slowdown_scale,0.5,0.5,dynamic_sensitivity_100d_4pct_hdd,100,43,1000000,5000,1.0,timeout_degraded_read,15.0,15,750000,800000,96,recovery,98,recovery,0,12.6,17.0,19.2,208876,4.4,8876,8876,211,0,0,0
slowdown_0_5,slowdown_scale,0.5,0.5,dynamic_sensitivity_100d_4pct_hdd,100,43,1000000,5000,1.0,timeout_degraded_read,15.0,16,800000,850000,96,healthy,98,healthy,0,12.5,16.8,18.8,208097,4.0,8097,8097,187,0,0,0
slowdown_0_5,slowdown_scale,0.5,0.5,dynamic_sensitivity_100d_4pct_hdd,100,43,1000000,5000,1.0,timeout_degraded_read,15.0,17,850000,900000,96,healthy,98,healthy,0,12.5,16.8,18.7,208029,4.0,8029,8029,173,0,0,0
slowdown_0_5,slowdown_scale,0.5,0.5,dynamic_sensitivity_100d_4pct_hdd,100,43,1000000,5000,1.0,timeout_degraded_read,15.0,18,900000,950000,96,healthy,98,healthy,0,12.5,16.8,18.8,208094,4.0,8094,8094,194,0,0,0
slowdown_0_5,slowdown_scale,0.5,0.5,dynamic_sensitivity_100d_4pct_hdd,100,43,1000000,5000,1.0,timeout_degraded_read,15.0,19,950000,1000000,96,healthy,98,healthy,0,12.5,16.7,18.7,207918,4.0,7918,7918,220,0,0,0
slowdown_0_5,slowdown_scale,0.5,0.5,dynamic_sensitivity_100d_4pct_hdd,100,43,1000000,5000,1.0,health_ec,15.0,0,0,50000,96,healthy,98,healthy,0,12.5,16.8,18.8,200000,0.0,0,0,0,0,0,0
slowdown_0_5,slowdown_scale,0.5,0.5,dynamic_sensitivity_100d_4pct_hdd,100,43,1000000,5000,1.0,health_ec,15.0,1,50000,100000,96,healthy,98,healthy,0,12.5,16.8,18.9,200000,0.0,0,0,0,0,0,0
slowdown_0_5,slowdown_scale,0.5,0.5,dynamic_sensitivity_100d_4pct_hdd,100,43,1000000,5000,1.0,health_ec,15.0,2,100000,150000,96,healthy,98,healthy,0,12.5,16.8,18.8,200000,0.0,0,0,0,0,0,0
slowdown_0_5,slowdown_scale,0.5,0.5,dynamic_sensitivity_100d_4pct_hdd,100,43,1000000,5000,1.0,health_ec,15.0,3,150000,200000,96,mild_slow,98,healthy,2,12.6,17.2,20.8,200274,0.1,274,274,266,0,0,0
slowdown_0_5,slowdown_scale,0.5,0.5,dynamic_sensitivity_100d_4pct_hdd,100,43,1000000,5000,1.0,health_ec,15.0,4,200000,250000,96,mild_slow,98,healthy,2,12.6,17.3,20.9,200555,0.3,555,555,543,0,0,0
slowdown_0_5,slowdown_scale,0.5,0.5,dynamic_sensitivity_100d_4pct_hdd,100,43,1000000,5000,1.0,health_ec,15.0,5,250000,300000,96,mild_slow,98,healthy,2,12.6,17.2,20.2,200732,0.4,732,732,709,0,0,0
slowdown_0_5,slowdown_scale,0.5,0.5,dynamic_sensitivity_100d_4pct_hdd,100,43,1000000,5000,1.0,health_ec,15.0,6,300000,350000,96,severe_slow,98,healthy,2,12.5,17.4,31.3,200699,0.3,699,699,699,2,2,0
slowdown_0_5,slowdown_scale,0.5,0.5,dynamic_sensitivity_100d_4pct_hdd,100,43,1000000,5000,1.0,health_ec,15.0,7,350000,400000,96,severe_slow,98,healthy,2,12.6,17.4,29.1,200911,0.5,911,911,909,0,0,0
slowdown_0_5,slowdown_scale,0.5,0.5,dynamic_sensitivity_100d_4pct_hdd,100,43,1000000,5000,1.0,health_ec,15.0,8,400000,450000,96,severe_slow,98,healthy,2,12.5,17.4,28.3,200967,0.5,967,967,966,0,0,0
slowdown_0_5,slowdown_scale,0.5,0.5,dynamic_sensitivity_100d_4pct_hdd,100,43,1000000,5000,1.0,health_ec,15.0,9,450000,500000,96,recovery,98,mild_slow,2,12.6,17.3,20.0,201379,0.7,1379,1379,1110,0,0,0
slowdown_0_5,slowdown_scale,0.5,0.5,dynamic_sensitivity_100d_4pct_hdd,100,43,1000000,5000,1.0,health_ec,15.0,10,500000,550000,96,recovery,98,mild_slow,2,12.6,17.1,19.9,201259,0.6,1259,1259,1140,0,0,0
slowdown_0_5,slowdown_scale,0.5,0.5,dynamic_sensitivity_100d_4pct_hdd,100,43,1000000,5000,1.0,health_ec,15.0,11,550000,600000,96,healthy,98,severe_slow,2,12.6,17.4,29.4,200906,0.5,906,906,821,4,4,0
slowdown_0_5,slowdown_scale,0.5,0.5,dynamic_sensitivity_100d_4pct_hdd,100,43,1000000,5000,1.0,health_ec,15.0,12,600000,650000,96,healthy,98,severe_slow,2,12.5,17.4,27.7,200924,0.5,924,924,904,0,0,0
slowdown_0_5,slowdown_scale,0.5,0.5,dynamic_sensitivity_100d_4pct_hdd,100,43,1000000,5000,1.0,health_ec,15.0,13,650000,700000,96,healthy,98,severe_slow,2,12.6,17.3,27.7,200922,0.5,922,922,913,0,0,0
slowdown_0_5,slowdown_scale,0.5,0.5,dynamic_sensitivity_100d_4pct_hdd,100,43,1000000,5000,1.0,health_ec,15.0,14,700000,750000,96,mild_slow,98,recovery,2,12.6,17.1,19.8,200953,0.5,953,953,903,0,0,0
slowdown_0_5,slowdown_scale,0.5,0.5,dynamic_sensitivity_100d_4pct_hdd,100,43,1000000,5000,1.0,health_ec,15.0,15,750000,800000,96,recovery,98,recovery,0,12.5,16.9,19.0,200591,0.3,591,591,526,0,0,0
slowdown_0_5,slowdown_scale,0.5,0.5,dynamic_sensitivity_100d_4pct_hdd,100,43,1000000,5000,1.0,health_ec,15.0,16,800000,850000,96,healthy,98,healthy,0,12.5,16.8,18.9,200295,0.1,295,295,233,0,0,0
slowdown_0_5,slowdown_scale,0.5,0.5,dynamic_sensitivity_100d_4pct_hdd,100,43,1000000,5000,1.0,health_ec,15.0,17,850000,900000,96,healthy,98,healthy,0,12.5,16.8,18.8,200086,0.0,86,86,68,0,0,0
slowdown_0_5,slowdown_scale,0.5,0.5,dynamic_sensitivity_100d_4pct_hdd,100,43,1000000,5000,1.0,health_ec,15.0,18,900000,950000,96,healthy,98,healthy,0,12.5,16.8,18.9,200034,0.0,34,34,29,0,0,0
slowdown_0_5,slowdown_scale,0.5,0.5,dynamic_sensitivity_100d_4pct_hdd,100,43,1000000,5000,1.0,health_ec,15.0,19,950000,1000000,96,healthy,98,healthy,0,12.5,16.8,18.7,200007,0.0,7,7,5,0,0,0
slowdown_0_5,slowdown_scale,0.5,0.5,dynamic_sensitivity_100d_4pct_hdd,100,44,1000000,5000,1.0,vanilla_ec,15.0,0,0,50000,96,healthy,98,healthy,0,12.5,16.8,18.8,200000,0.0,0,0,0,0,0,0
slowdown_0_5,slowdown_scale,0.5,0.5,dynamic_sensitivity_100d_4pct_hdd,100,44,1000000,5000,1.0,vanilla_ec,15.0,1,50000,100000,96,healthy,98,healthy,0,12.5,16.8,18.7,200000,0.0,0,0,0,0,0,0
slowdown_0_5,slowdown_scale,0.5,0.5,dynamic_sensitivity_100d_4pct_hdd,100,44,1000000,5000,1.0,vanilla_ec,15.0,2,100000,150000,96,healthy,98,healthy,0,12.5,16.8,18.8,200000,0.0,0,0,0,0,0,0
slowdown_0_5,slowdown_scale,0.5,0.5,dynamic_sensitivity_100d_4pct_hdd,100,44,1000000,5000,1.0,vanilla_ec,15.0,3,150000,200000,96,mild_slow,98,healthy,2,12.6,17.5,21.7,200000,0.0,0,0,0,0,0,0
slowdown_0_5,slowdown_scale,0.5,0.5,dynamic_sensitivity_100d_4pct_hdd,100,44,1000000,5000,1.0,vanilla_ec,15.0,4,200000,250000,96,mild_slow,98,healthy,2,12.6,17.4,21.8,200000,0.0,0,0,0,0,0,0
slowdown_0_5,slowdown_scale,0.5,0.5,dynamic_sensitivity_100d_4pct_hdd,100,44,1000000,5000,1.0,vanilla_ec,15.0,5,250000,300000,96,mild_slow,98,healthy,2,12.6,17.4,21.8,200000,0.0,0,0,0,0,0,0
slowdown_0_5,slowdown_scale,0.5,0.5,dynamic_sensitivity_100d_4pct_hdd,100,44,1000000,5000,1.0,vanilla_ec,15.0,6,300000,350000,96,severe_slow,98,healthy,2,12.6,17.9,41.4,200000,0.0,0,0,0,0,0,0
slowdown_0_5,slowdown_scale,0.5,0.5,dynamic_sensitivity_100d_4pct_hdd,100,44,1000000,5000,1.0,vanilla_ec,15.0,7,350000,400000,96,severe_slow,98,healthy,2,12.6,17.9,41.4,200000,0.0,0,0,0,0,0,0
slowdown_0_5,slowdown_scale,0.5,0.5,dynamic_sensitivity_100d_4pct_hdd,100,44,1000000,5000,1.0,vanilla_ec,15.0,8,400000,450000,96,severe_slow,98,healthy,2,12.6,17.9,41.7,200000,0.0,0,0,0,0,0,0
slowdown_0_5,slowdown_scale,0.5,0.5,dynamic_sensitivity_100d_4pct_hdd,100,44,1000000,5000,1.0,vanilla_ec,15.0,9,450000,500000,96,recovery,98,mild_slow,2,12.6,17.5,22.0,200000,0.0,0,0,0,0,0,0
slowdown_0_5,slowdown_scale,0.5,0.5,dynamic_sensitivity_100d_4pct_hdd,100,44,1000000,5000,1.0,vanilla_ec,15.0,10,500000,550000,96,recovery,98,mild_slow,2,12.6,17.6,22.4,200000,0.0,0,0,0,0,0,0
slowdown_0_5,slowdown_scale,0.5,0.5,dynamic_sensitivity_100d_4pct_hdd,100,44,1000000,5000,1.0,vanilla_ec,15.0,11,550000,600000,96,healthy,98,severe_slow,2,12.6,18.0,42.1,200000,0.0,0,0,0,0,0,0
slowdown_0_5,slowdown_scale,0.5,0.5,dynamic_sensitivity_100d_4pct_hdd,100,44,1000000,5000,1.0,vanilla_ec,15.0,12,600000,650000,96,healthy,98,severe_slow,2,12.6,18.0,42.6,200000,0.0,0,0,0,0,0,0
slowdown_0_5,slowdown_scale,0.5,0.5,dynamic_sensitivity_100d_4pct_hdd,100,44,1000000,5000,1.0,vanilla_ec,15.0,13,650000,700000,96,healthy,98,severe_slow,2,12.6,18.0,42.3,200000,0.0,0,0,0,0,0,0
slowdown_0_5,slowdown_scale,0.5,0.5,dynamic_sensitivity_100d_4pct_hdd,100,44,1000000,5000,1.0,vanilla_ec,15.0,14,700000,750000,96,mild_slow,98,recovery,2,12.6,17.5,21.7,200000,0.0,0,0,0,0,0,0
slowdown_0_5,slowdown_scale,0.5,0.5,dynamic_sensitivity_100d_4pct_hdd,100,44,1000000,5000,1.0,vanilla_ec,15.0,15,750000,800000,96,recovery,98,recovery,0,12.6,17.0,19.2,200000,0.0,0,0,0,0,0,0
slowdown_0_5,slowdown_scale,0.5,0.5,dynamic_sensitivity_100d_4pct_hdd,100,44,1000000,5000,1.0,vanilla_ec,15.0,16,800000,850000,96,healthy,98,healthy,0,12.5,16.8,18.8,200000,0.0,0,0,0,0,0,0
slowdown_0_5,slowdown_scale,0.5,0.5,dynamic_sensitivity_100d_4pct_hdd,100,44,1000000,5000,1.0,vanilla_ec,15.0,17,850000,900000,96,healthy,98,healthy,0,12.5,16.8,18.8,200000,0.0,0,0,0,0,0,0
slowdown_0_5,slowdown_scale,0.5,0.5,dynamic_sensitivity_100d_4pct_hdd,100,44,1000000,5000,1.0,vanilla_ec,15.0,18,900000,950000,96,healthy,98,healthy,0,12.5,16.9,18.8,200000,0.0,0,0,0,0,0,0
slowdown_0_5,slowdown_scale,0.5,0.5,dynamic_sensitivity_100d_4pct_hdd,100,44,1000000,5000,1.0,vanilla_ec,15.0,19,950000,1000000,96,healthy,98,healthy,0,12.5,16.9,18.9,200000,0.0,0,0,0,0,0,0
slowdown_0_5,slowdown_scale,0.5,0.5,dynamic_sensitivity_100d_4pct_hdd,100,44,1000000,5000,1.0,late_binding,15.0,0,0,50000,96,healthy,98,healthy,0,10.7,14.0,15.4,250000,25.0,50000,50000,39978,0,0,0
slowdown_0_5,slowdown_scale,0.5,0.5,dynamic_sensitivity_100d_4pct_hdd,100,44,1000000,5000,1.0,late_binding,15.0,1,50000,100000,96,healthy,98,healthy,0,10.7,14.0,15.4,250000,25.0,50000,50000,40008,0,0,0
slowdown_0_5,slowdown_scale,0.5,0.5,dynamic_sensitivity_100d_4pct_hdd,100,44,1000000,5000,1.0,late_binding,15.0,2,100000,150000,96,healthy,98,healthy,0,10.7,14.0,15.5,250000,25.0,50000,50000,39927,0,0,0
slowdown_0_5,slowdown_scale,0.5,0.5,dynamic_sensitivity_100d_4pct_hdd,100,44,1000000,5000,1.0,late_binding,15.0,3,150000,200000,96,mild_slow,98,healthy,2,10.8,14.3,16.5,250000,25.0,50000,50000,40011,0,0,0
slowdown_0_5,slowdown_scale,0.5,0.5,dynamic_sensitivity_100d_4pct_hdd,100,44,1000000,5000,1.0,late_binding,15.0,4,200000,250000,96,mild_slow,98,healthy,2,10.8,14.4,16.7,250000,25.0,50000,50000,40000,0,0,0
slowdown_0_5,slowdown_scale,0.5,0.5,dynamic_sensitivity_100d_4pct_hdd,100,44,1000000,5000,1.0,late_binding,15.0,5,250000,300000,96,mild_slow,98,healthy,2,10.8,14.3,16.7,250000,25.0,50000,50000,39882,0,0,0
slowdown_0_5,slowdown_scale,0.5,0.5,dynamic_sensitivity_100d_4pct_hdd,100,44,1000000,5000,1.0,late_binding,15.0,6,300000,350000,96,severe_slow,98,healthy,2,10.8,14.8,29.8,250000,25.0,50000,50000,39737,0,0,0
slowdown_0_5,slowdown_scale,0.5,0.5,dynamic_sensitivity_100d_4pct_hdd,100,44,1000000,5000,1.0,late_binding,15.0,7,350000,400000,96,severe_slow,98,healthy,2,10.8,14.7,29.3,250000,25.0,50000,50000,39672,0,0,0
slowdown_0_5,slowdown_scale,0.5,0.5,dynamic_sensitivity_100d_4pct_hdd,100,44,1000000,5000,1.0,late_binding,15.0,8,400000,450000,96,severe_slow,98,healthy,2,10.8,14.8,29.5,250000,25.0,50000,50000,39765,0,0,0
slowdown_0_5,slowdown_scale,0.5,0.5,dynamic_sensitivity_100d_4pct_hdd,100,44,1000000,5000,1.0,late_binding,15.0,9,450000,500000,96,recovery,98,mild_slow,2,10.8,14.5,17.1,250000,25.0,50000,50000,39989,0,0,0
slowdown_0_5,slowdown_scale,0.5,0.5,dynamic_sensitivity_100d_4pct_hdd,100,44,1000000,5000,1.0,late_binding,15.0,10,500000,550000,96,recovery,98,mild_slow,2,10.8,14.5,17.3,250000,25.0,50000,50000,39901,0,0,0
slowdown_0_5,slowdown_scale,0.5,0.5,dynamic_sensitivity_100d_4pct_hdd,100,44,1000000,5000,1.0,late_binding,15.0,11,550000,600000,96,healthy,98,severe_slow,2,10.8,14.8,30.4,250000,25.0,50000,50000,39904,0,0,0
slowdown_0_5,slowdown_scale,0.5,0.5,dynamic_sensitivity_100d_4pct_hdd,100,44,1000000,5000,1.0,late_binding,15.0,12,600000,650000,96,healthy,98,severe_slow,2,10.8,14.9,30.5,250000,25.0,50000,50000,39872,0,0,0
slowdown_0_5,slowdown_scale,0.5,0.5,dynamic_sensitivity_100d_4pct_hdd,100,44,1000000,5000,1.0,late_binding,15.0,13,650000,700000,96,healthy,98,severe_slow,2,10.8,14.8,30.4,250000,25.0,50000,50000,39749,0,0,0
slowdown_0_5,slowdown_scale,0.5,0.5,dynamic_sensitivity_100d_4pct_hdd,100,44,1000000,5000,1.0,late_binding,15.0,14,700000,750000,96,mild_slow,98,recovery,2,10.8,14.4,16.8,250000,25.0,50000,50000,40000,0,0,0
slowdown_0_5,slowdown_scale,0.5,0.5,dynamic_sensitivity_100d_4pct_hdd,100,44,1000000,5000,1.0,late_binding,15.0,15,750000,800000,96,recovery,98,recovery,0,10.8,14.2,15.7,250000,25.0,50000,50000,39954,0,0,0
slowdown_0_5,slowdown_scale,0.5,0.5,dynamic_sensitivity_100d_4pct_hdd,100,44,1000000,5000,1.0,late_binding,15.0,16,800000,850000,96,healthy,98,healthy,0,10.7,14.0,15.5,250000,25.0,50000,50000,40014,0,0,0
slowdown_0_5,slowdown_scale,0.5,0.5,dynamic_sensitivity_100d_4pct_hdd,100,44,1000000,5000,1.0,late_binding,15.0,17,850000,900000,96,healthy,98,healthy,0,10.7,14.0,15.4,250000,25.0,50000,50000,39891,0,0,0
slowdown_0_5,slowdown_scale,0.5,0.5,dynamic_sensitivity_100d_4pct_hdd,100,44,1000000,5000,1.0,late_binding,15.0,18,900000,950000,96,healthy,98,healthy,0,10.7,14.0,15.5,250000,25.0,50000,50000,39817,0,0,0
slowdown_0_5,slowdown_scale,0.5,0.5,dynamic_sensitivity_100d_4pct_hdd,100,44,1000000,5000,1.0,late_binding,15.0,19,950000,1000000,96,healthy,98,healthy,0,10.7,14.0,15.5,250000,25.0,50000,50000,40068,0,0,0
slowdown_0_5,slowdown_scale,0.5,0.5,dynamic_sensitivity_100d_4pct_hdd,100,44,1000000,5000,1.0,timeout_degraded_read,15.0,0,0,50000,96,healthy,98,healthy,0,12.5,16.8,18.8,208033,4.0,8033,8033,184,0,0,0
slowdown_0_5,slowdown_scale,0.5,0.5,dynamic_sensitivity_100d_4pct_hdd,100,44,1000000,5000,1.0,timeout_degraded_read,15.0,1,50000,100000,96,healthy,98,healthy,0,12.5,16.8,18.7,208137,4.1,8137,8137,165,0,0,0
slowdown_0_5,slowdown_scale,0.5,0.5,dynamic_sensitivity_100d_4pct_hdd,100,44,1000000,5000,1.0,timeout_degraded_read,15.0,2,100000,150000,96,healthy,98,healthy,0,12.5,16.8,18.7,208104,4.1,8104,8104,193,0,0,0
slowdown_0_5,slowdown_scale,0.5,0.5,dynamic_sensitivity_100d_4pct_hdd,100,44,1000000,5000,1.0,timeout_degraded_read,15.0,3,150000,200000,96,mild_slow,98,healthy,2,12.6,17.5,21.1,209002,4.5,9002,9002,533,0,0,0
slowdown_0_5,slowdown_scale,0.5,0.5,dynamic_sensitivity_100d_4pct_hdd,100,44,1000000,5000,1.0,timeout_degraded_read,15.0,4,200000,250000,96,mild_slow,98,healthy,2,12.6,17.4,21.1,209185,4.6,9185,9185,517,0,0,0
slowdown_0_5,slowdown_scale,0.5,0.5,dynamic_sensitivity_100d_4pct_hdd,100,44,1000000,5000,1.0,timeout_degraded_read,15.0,5,250000,300000,96,mild_slow,98,healthy,2,12.6,17.4,21.1,208985,4.5,8985,8985,519,0,0,0
slowdown_0_5,slowdown_scale,0.5,0.5,dynamic_sensitivity_100d_4pct_hdd,100,44,1000000,5000,1.0,timeout_degraded_read,15.0,6,300000,350000,96,severe_slow,98,healthy,2,12.6,17.9,30.1,209350,4.7,9350,9350,1529,0,0,0
slowdown_0_5,slowdown_scale,0.5,0.5,dynamic_sensitivity_100d_4pct_hdd,100,44,1000000,5000,1.0,timeout_degraded_read,15.0,7,350000,400000,96,severe_slow,98,healthy,2,12.6,17.8,29.9,209356,4.7,9356,9356,1453,0,0,0
slowdown_0_5,slowdown_scale,0.5,0.5,dynamic_sensitivity_100d_4pct_hdd,100,44,1000000,5000,1.0,timeout_degraded_read,15.0,8,400000,450000,96,severe_slow,98,healthy,2,12.6,17.8,29.8,209349,4.7,9349,9349,1473,0,0,0
slowdown_0_5,slowdown_scale,0.5,0.5,dynamic_sensitivity_100d_4pct_hdd,100,44,1000000,5000,1.0,timeout_degraded_read,15.0,9,450000,500000,96,recovery,98,mild_slow,2,12.6,17.4,21.2,209262,4.6,9262,9262,530,0,0,0
slowdown_0_5,slowdown_scale,0.5,0.5,dynamic_sensitivity_100d_4pct_hdd,100,44,1000000,5000,1.0,timeout_degraded_read,15.0,10,500000,550000,96,recovery,98,mild_slow,2,12.6,17.5,21.6,209456,4.7,9456,9456,562,0,0,0
slowdown_0_5,slowdown_scale,0.5,0.5,dynamic_sensitivity_100d_4pct_hdd,100,44,1000000,5000,1.0,timeout_degraded_read,15.0,11,550000,600000,96,healthy,98,severe_slow,2,12.6,18.0,30.7,209424,4.7,9424,9424,1666,0,0,0
slowdown_0_5,slowdown_scale,0.5,0.5,dynamic_sensitivity_100d_4pct_hdd,100,44,1000000,5000,1.0,timeout_degraded_read,15.0,12,600000,650000,96,healthy,98,severe_slow,2,12.6,17.9,30.8,209498,4.7,9498,9498,1657,0,0,0
slowdown_0_5,slowdown_scale,0.5,0.5,dynamic_sensitivity_100d_4pct_hdd,100,44,1000000,5000,1.0,timeout_degraded_read,15.0,13,650000,700000,96,healthy,98,severe_slow,2,12.6,17.9,30.7,209186,4.6,9186,9186,1622,0,0,0
slowdown_0_5,slowdown_scale,0.5,0.5,dynamic_sensitivity_100d_4pct_hdd,100,44,1000000,5000,1.0,timeout_degraded_read,15.0,14,700000,750000,96,mild_slow,98,recovery,2,12.6,17.4,21.0,209148,4.6,9148,9148,511,0,0,0
slowdown_0_5,slowdown_scale,0.5,0.5,dynamic_sensitivity_100d_4pct_hdd,100,44,1000000,5000,1.0,timeout_degraded_read,15.0,15,750000,800000,96,recovery,98,recovery,0,12.6,17.0,19.1,208720,4.4,8720,8720,217,0,0,0
slowdown_0_5,slowdown_scale,0.5,0.5,dynamic_sensitivity_100d_4pct_hdd,100,44,1000000,5000,1.0,timeout_degraded_read,15.0,16,800000,850000,96,healthy,98,healthy,0,12.5,16.8,18.8,208040,4.0,8040,8040,191,0,0,0
slowdown_0_5,slowdown_scale,0.5,0.5,dynamic_sensitivity_100d_4pct_hdd,100,44,1000000,5000,1.0,timeout_degraded_read,15.0,17,850000,900000,96,healthy,98,healthy,0,12.5,16.8,18.7,208057,4.0,8057,8057,162,0,0,0
slowdown_0_5,slowdown_scale,0.5,0.5,dynamic_sensitivity_100d_4pct_hdd,100,44,1000000,5000,1.0,timeout_degraded_read,15.0,18,900000,950000,96,healthy,98,healthy,0,12.5,16.8,18.8,208090,4.0,8090,8090,175,0,0,0
slowdown_0_5,slowdown_scale,0.5,0.5,dynamic_sensitivity_100d_4pct_hdd,100,44,1000000,5000,1.0,timeout_degraded_read,15.0,19,950000,1000000,96,healthy,98,healthy,0,12.5,16.8,18.8,208183,4.1,8183,8183,197,0,0,0
slowdown_0_5,slowdown_scale,0.5,0.5,dynamic_sensitivity_100d_4pct_hdd,100,44,1000000,5000,1.0,health_ec,15.0,0,0,50000,96,healthy,98,healthy,0,12.5,16.8,18.8,200000,0.0,0,0,0,0,0,0
slowdown_0_5,slowdown_scale,0.5,0.5,dynamic_sensitivity_100d_4pct_hdd,100,44,1000000,5000,1.0,health_ec,15.0,1,50000,100000,96,healthy,98,healthy,0,12.5,16.8,18.7,200000,0.0,0,0,0,0,0,0
slowdown_0_5,slowdown_scale,0.5,0.5,dynamic_sensitivity_100d_4pct_hdd,100,44,1000000,5000,1.0,health_ec,15.0,2,100000,150000,96,healthy,98,healthy,0,12.5,16.8,18.8,200000,0.0,0,0,0,0,0,0
slowdown_0_5,slowdown_scale,0.5,0.5,dynamic_sensitivity_100d_4pct_hdd,100,44,1000000,5000,1.0,health_ec,15.0,3,150000,200000,96,mild_slow,98,healthy,2,12.6,17.4,20.9,200364,0.2,364,364,355,0,0,0
slowdown_0_5,slowdown_scale,0.5,0.5,dynamic_sensitivity_100d_4pct_hdd,100,44,1000000,5000,1.0,health_ec,15.0,4,200000,250000,96,mild_slow,98,healthy,2,12.6,17.2,20.3,200656,0.3,656,656,637,0,0,0
slowdown_0_5,slowdown_scale,0.5,0.5,dynamic_sensitivity_100d_4pct_hdd,100,44,1000000,5000,1.0,health_ec,15.0,5,250000,300000,96,mild_slow,98,healthy,2,12.5,17.2,20.2,200697,0.3,697,697,687,0,0,0
slowdown_0_5,slowdown_scale,0.5,0.5,dynamic_sensitivity_100d_4pct_hdd,100,44,1000000,5000,1.0,health_ec,15.0,6,300000,350000,96,severe_slow,98,healthy,2,12.6,17.5,30.7,200780,0.4,780,780,780,2,2,0
slowdown_0_5,slowdown_scale,0.5,0.5,dynamic_sensitivity_100d_4pct_hdd,100,44,1000000,5000,1.0,health_ec,15.0,7,350000,400000,96,severe_slow,98,healthy,2,12.6,17.4,28.7,200863,0.4,863,863,862,0,0,0
slowdown_0_5,slowdown_scale,0.5,0.5,dynamic_sensitivity_100d_4pct_hdd,100,44,1000000,5000,1.0,health_ec,15.0,8,400000,450000,96,severe_slow,98,healthy,2,12.5,17.4,28.3,200950,0.5,950,950,950,0,0,0
slowdown_0_5,slowdown_scale,0.5,0.5,dynamic_sensitivity_100d_4pct_hdd,100,44,1000000,5000,1.0,health_ec,15.0,9,450000,500000,96,recovery,98,mild_slow,2,12.6,17.2,20.3,201053,0.5,1053,1053,803,0,0,0
slowdown_0_5,slowdown_scale,0.5,0.5,dynamic_sensitivity_100d_4pct_hdd,100,44,1000000,5000,1.0,health_ec,15.0,10,500000,550000,96,recovery,98,mild_slow,2,12.6,17.2,20.1,201228,0.6,1228,1228,1092,0,0,0
slowdown_0_5,slowdown_scale,0.5,0.5,dynamic_sensitivity_100d_4pct_hdd,100,44,1000000,5000,1.0,health_ec,15.0,11,550000,600000,96,healthy,98,severe_slow,2,12.6,17.5,30.4,201008,0.5,1008,1008,928,4,4,0
slowdown_0_5,slowdown_scale,0.5,0.5,dynamic_sensitivity_100d_4pct_hdd,100,44,1000000,5000,1.0,health_ec,15.0,12,600000,650000,96,healthy,98,severe_slow,2,12.6,17.4,28.9,200959,0.5,959,959,939,0,0,0
slowdown_0_5,slowdown_scale,0.5,0.5,dynamic_sensitivity_100d_4pct_hdd,100,44,1000000,5000,1.0,health_ec,15.0,13,650000,700000,96,healthy,98,severe_slow,2,12.5,17.4,27.6,200953,0.5,953,953,941,0,0,0
slowdown_0_5,slowdown_scale,0.5,0.5,dynamic_sensitivity_100d_4pct_hdd,100,44,1000000,5000,1.0,health_ec,15.0,14,700000,750000,96,mild_slow,98,recovery,2,12.5,17.1,19.8,200891,0.4,891,891,832,0,0,0
slowdown_0_5,slowdown_scale,0.5,0.5,dynamic_sensitivity_100d_4pct_hdd,100,44,1000000,5000,1.0,health_ec,15.0,15,750000,800000,96,recovery,98,recovery,0,12.5,16.9,18.9,200601,0.3,601,601,537,0,0,0
slowdown_0_5,slowdown_scale,0.5,0.5,dynamic_sensitivity_100d_4pct_hdd,100,44,1000000,5000,1.0,health_ec,15.0,16,800000,850000,96,healthy,98,healthy,0,12.5,16.8,18.8,200255,0.1,255,255,197,0,0,0
slowdown_0_5,slowdown_scale,0.5,0.5,dynamic_sensitivity_100d_4pct_hdd,100,44,1000000,5000,1.0,health_ec,15.0,17,850000,900000,96,healthy,98,healthy,0,12.5,16.8,18.8,200119,0.1,119,119,96,0,0,0
slowdown_0_5,slowdown_scale,0.5,0.5,dynamic_sensitivity_100d_4pct_hdd,100,44,1000000,5000,1.0,health_ec,15.0,18,900000,950000,96,healthy,98,healthy,0,12.5,16.9,18.8,200028,0.0,28,28,22,0,0,0
slowdown_0_5,slowdown_scale,0.5,0.5,dynamic_sensitivity_100d_4pct_hdd,100,44,1000000,5000,1.0,health_ec,15.0,19,950000,1000000,96,healthy,98,healthy,0,12.5,16.9,18.9,200011,0.0,11,11,11,0,0,0
slowdown_1_5,slowdown_scale,1.5,1.5,dynamic_sensitivity_100d_4pct_hdd,100,42,1000000,5000,1.0,vanilla_ec,15.0,0,0,50000,96,healthy,98,healthy,0,12.5,16.8,18.8,200000,0.0,0,0,0,0,0,0
slowdown_1_5,slowdown_scale,1.5,1.5,dynamic_sensitivity_100d_4pct_hdd,100,42,1000000,5000,1.0,vanilla_ec,15.0,1,50000,100000,96,healthy,98,healthy,0,12.5,16.8,18.9,200000,0.0,0,0,0,0,0,0
slowdown_1_5,slowdown_scale,1.5,1.5,dynamic_sensitivity_100d_4pct_hdd,100,42,1000000,5000,1.0,vanilla_ec,15.0,2,100000,150000,96,healthy,98,healthy,0,12.5,16.8,18.8,200000,0.0,0,0,0,0,0,0
slowdown_1_5,slowdown_scale,1.5,1.5,dynamic_sensitivity_100d_4pct_hdd,100,42,1000000,5000,1.0,vanilla_ec,15.0,3,150000,200000,96,mild_slow,98,healthy,2,12.6,17.9,41.2,200000,0.0,0,0,0,0,0,0
slowdown_1_5,slowdown_scale,1.5,1.5,dynamic_sensitivity_100d_4pct_hdd,100,42,1000000,5000,1.0,vanilla_ec,15.0,4,200000,250000,96,mild_slow,98,healthy,2,12.6,17.9,41.1,200000,0.0,0,0,0,0,0,0
slowdown_1_5,slowdown_scale,1.5,1.5,dynamic_sensitivity_100d_4pct_hdd,100,42,1000000,5000,1.0,vanilla_ec,15.0,5,250000,300000,96,mild_slow,98,healthy,2,12.6,17.8,40.5,200000,0.0,0,0,0,0,0,0
slowdown_1_5,slowdown_scale,1.5,1.5,dynamic_sensitivity_100d_4pct_hdd,100,42,1000000,5000,1.0,vanilla_ec,15.0,6,300000,350000,96,severe_slow,98,healthy,2,12.6,17.9,104.0,200000,0.0,0,0,0,0,0,0
slowdown_1_5,slowdown_scale,1.5,1.5,dynamic_sensitivity_100d_4pct_hdd,100,42,1000000,5000,1.0,vanilla_ec,15.0,7,350000,400000,96,severe_slow,98,healthy,2,12.6,17.9,104.9,200000,0.0,0,0,0,0,0,0
slowdown_1_5,slowdown_scale,1.5,1.5,dynamic_sensitivity_100d_4pct_hdd,100,42,1000000,5000,1.0,vanilla_ec,15.0,8,400000,450000,96,severe_slow,98,healthy,2,12.6,17.9,103.3,200000,0.0,0,0,0,0,0,0
slowdown_1_5,slowdown_scale,1.5,1.5,dynamic_sensitivity_100d_4pct_hdd,100,42,1000000,5000,1.0,vanilla_ec,15.0,9,450000,500000,96,recovery,98,mild_slow,2,12.6,18.5,41.5,200000,0.0,0,0,0,0,0,0
slowdown_1_5,slowdown_scale,1.5,1.5,dynamic_sensitivity_100d_4pct_hdd,100,42,1000000,5000,1.0,vanilla_ec,15.0,10,500000,550000,96,recovery,98,mild_slow,2,12.6,18.3,41.2,200000,0.0,0,0,0,0,0,0
slowdown_1_5,slowdown_scale,1.5,1.5,dynamic_sensitivity_100d_4pct_hdd,100,42,1000000,5000,1.0,vanilla_ec,15.0,11,550000,600000,96,healthy,98,severe_slow,2,12.6,18.0,105.1,200000,0.0,0,0,0,0,0,0
slowdown_1_5,slowdown_scale,1.5,1.5,dynamic_sensitivity_100d_4pct_hdd,100,42,1000000,5000,1.0,vanilla_ec,15.0,12,600000,650000,96,healthy,98,severe_slow,2,12.6,18.0,105.3,200000,0.0,0,0,0,0,0,0
slowdown_1_5,slowdown_scale,1.5,1.5,dynamic_sensitivity_100d_4pct_hdd,100,42,1000000,5000,1.0,vanilla_ec,15.0,13,650000,700000,96,healthy,98,severe_slow,2,12.6,18.0,105.2,200000,0.0,0,0,0,0,0,0
slowdown_1_5,slowdown_scale,1.5,1.5,dynamic_sensitivity_100d_4pct_hdd,100,42,1000000,5000,1.0,vanilla_ec,15.0,14,700000,750000,96,mild_slow,98,recovery,2,12.6,18.3,40.5,200000,0.0,0,0,0,0,0,0
slowdown_1_5,slowdown_scale,1.5,1.5,dynamic_sensitivity_100d_4pct_hdd,100,42,1000000,5000,1.0,vanilla_ec,15.0,15,750000,800000,96,recovery,98,recovery,0,12.6,17.9,23.5,200000,0.0,0,0,0,0,0,0
slowdown_1_5,slowdown_scale,1.5,1.5,dynamic_sensitivity_100d_4pct_hdd,100,42,1000000,5000,1.0,vanilla_ec,15.0,16,800000,850000,96,healthy,98,healthy,0,12.5,16.8,18.9,200000,0.0,0,0,0,0,0,0
slowdown_1_5,slowdown_scale,1.5,1.5,dynamic_sensitivity_100d_4pct_hdd,100,42,1000000,5000,1.0,vanilla_ec,15.0,17,850000,900000,96,healthy,98,healthy,0,12.5,16.8,18.8,200000,0.0,0,0,0,0,0,0
slowdown_1_5,slowdown_scale,1.5,1.5,dynamic_sensitivity_100d_4pct_hdd,100,42,1000000,5000,1.0,vanilla_ec,15.0,18,900000,950000,96,healthy,98,healthy,0,12.5,16.8,18.8,200000,0.0,0,0,0,0,0,0
slowdown_1_5,slowdown_scale,1.5,1.5,dynamic_sensitivity_100d_4pct_hdd,100,42,1000000,5000,1.0,vanilla_ec,15.0,19,950000,1000000,96,healthy,98,healthy,0,12.5,16.8,18.9,200000,0.0,0,0,0,0,0,0
slowdown_1_5,slowdown_scale,1.5,1.5,dynamic_sensitivity_100d_4pct_hdd,100,42,1000000,5000,1.0,late_binding,15.0,0,0,50000,96,healthy,98,healthy,0,10.7,14.0,15.4,250000,25.0,50000,50000,39904,0,0,0
slowdown_1_5,slowdown_scale,1.5,1.5,dynamic_sensitivity_100d_4pct_hdd,100,42,1000000,5000,1.0,late_binding,15.0,1,50000,100000,96,healthy,98,healthy,0,10.7,14.0,15.5,250000,25.0,50000,50000,40119,0,0,0
slowdown_1_5,slowdown_scale,1.5,1.5,dynamic_sensitivity_100d_4pct_hdd,100,42,1000000,5000,1.0,late_binding,15.0,2,100000,150000,96,healthy,98,healthy,0,10.7,14.0,15.4,250000,25.0,50000,50000,40024,0,0,0
slowdown_1_5,slowdown_scale,1.5,1.5,dynamic_sensitivity_100d_4pct_hdd,100,42,1000000,5000,1.0,late_binding,15.0,3,150000,200000,96,mild_slow,98,healthy,2,10.8,14.8,29.3,250000,25.0,50000,50000,39651,0,0,0
slowdown_1_5,slowdown_scale,1.5,1.5,dynamic_sensitivity_100d_4pct_hdd,100,42,1000000,5000,1.0,late_binding,15.0,4,200000,250000,96,mild_slow,98,healthy,2,10.8,14.7,29.0,250000,25.0,50000,50000,39749,0,0,0
slowdown_1_5,slowdown_scale,1.5,1.5,dynamic_sensitivity_100d_4pct_hdd,100,42,1000000,5000,1.0,late_binding,15.0,5,250000,300000,96,mild_slow,98,healthy,2,10.8,14.7,28.8,250000,25.0,50000,50000,39853,0,0,0
slowdown_1_5,slowdown_scale,1.5,1.5,dynamic_sensitivity_100d_4pct_hdd,100,42,1000000,5000,1.0,late_binding,15.0,6,300000,350000,96,severe_slow,98,healthy,2,10.8,14.8,75.3,250000,25.0,50000,50000,39716,0,0,0
slowdown_1_5,slowdown_scale,1.5,1.5,dynamic_sensitivity_100d_4pct_hdd,100,42,1000000,5000,1.0,late_binding,15.0,7,350000,400000,96,severe_slow,98,healthy,2,10.8,14.8,73.2,250000,25.0,50000,50000,39740,0,0,0
slowdown_1_5,slowdown_scale,1.5,1.5,dynamic_sensitivity_100d_4pct_hdd,100,42,1000000,5000,1.0,late_binding,15.0,8,400000,450000,96,severe_slow,98,healthy,2,10.8,14.9,73.6,250000,25.0,50000,50000,39762,0,0,0
slowdown_1_5,slowdown_scale,1.5,1.5,dynamic_sensitivity_100d_4pct_hdd,100,42,1000000,5000,1.0,late_binding,15.0,9,450000,500000,96,recovery,98,mild_slow,2,10.8,15.3,30.3,250000,25.0,50000,50000,39615,0,0,0
slowdown_1_5,slowdown_scale,1.5,1.5,dynamic_sensitivity_100d_4pct_hdd,100,42,1000000,5000,1.0,late_binding,15.0,10,500000,550000,96,recovery,98,mild_slow,2,10.8,15.2,29.1,250000,25.0,50000,50000,39673,0,0,0
slowdown_1_5,slowdown_scale,1.5,1.5,dynamic_sensitivity_100d_4pct_hdd,100,42,1000000,5000,1.0,late_binding,15.0,11,550000,600000,96,healthy,98,severe_slow,2,10.8,14.9,74.1,250000,25.0,50000,50000,39815,0,0,0
slowdown_1_5,slowdown_scale,1.5,1.5,dynamic_sensitivity_100d_4pct_hdd,100,42,1000000,5000,1.0,late_binding,15.0,12,600000,650000,96,healthy,98,severe_slow,2,10.8,14.9,74.3,250000,25.0,50000,50000,39991,0,0,0
slowdown_1_5,slowdown_scale,1.5,1.5,dynamic_sensitivity_100d_4pct_hdd,100,42,1000000,5000,1.0,late_binding,15.0,13,650000,700000,96,healthy,98,severe_slow,2,10.8,14.9,74.6,250000,25.0,50000,50000,39773,0,0,0
slowdown_1_5,slowdown_scale,1.5,1.5,dynamic_sensitivity_100d_4pct_hdd,100,42,1000000,5000,1.0,late_binding,15.0,14,700000,750000,96,mild_slow,98,recovery,2,10.8,15.0,28.7,250000,25.0,50000,50000,39835,0,0,0
slowdown_1_5,slowdown_scale,1.5,1.5,dynamic_sensitivity_100d_4pct_hdd,100,42,1000000,5000,1.0,late_binding,15.0,15,750000,800000,96,recovery,98,recovery,0,10.8,14.7,18.8,250000,25.0,50000,50000,39866,0,0,0
slowdown_1_5,slowdown_scale,1.5,1.5,dynamic_sensitivity_100d_4pct_hdd,100,42,1000000,5000,1.0,late_binding,15.0,16,800000,850000,96,healthy,98,healthy,0,10.7,14.0,15.4,250000,25.0,50000,50000,39820,0,0,0
slowdown_1_5,slowdown_scale,1.5,1.5,dynamic_sensitivity_100d_4pct_hdd,100,42,1000000,5000,1.0,late_binding,15.0,17,850000,900000,96,healthy,98,healthy,0,10.7,14.0,15.4,250000,25.0,50000,50000,40051,0,0,0
slowdown_1_5,slowdown_scale,1.5,1.5,dynamic_sensitivity_100d_4pct_hdd,100,42,1000000,5000,1.0,late_binding,15.0,18,900000,950000,96,healthy,98,healthy,0,10.7,14.0,15.5,250000,25.0,50000,50000,40025,0,0,0
slowdown_1_5,slowdown_scale,1.5,1.5,dynamic_sensitivity_100d_4pct_hdd,100,42,1000000,5000,1.0,late_binding,15.0,19,950000,1000000,96,healthy,98,healthy,0,10.7,14.0,15.4,250000,25.0,50000,50000,40010,0,0,0
slowdown_1_5,slowdown_scale,1.5,1.5,dynamic_sensitivity_100d_4pct_hdd,100,42,1000000,5000,1.0,timeout_degraded_read,15.0,0,0,50000,96,healthy,98,healthy,0,12.5,16.8,18.7,208081,4.0,8081,8081,182,0,0,0
slowdown_1_5,slowdown_scale,1.5,1.5,dynamic_sensitivity_100d_4pct_hdd,100,42,1000000,5000,1.0,timeout_degraded_read,15.0,1,50000,100000,96,healthy,98,healthy,0,12.5,16.8,18.8,207998,4.0,7998,7998,191,0,0,0
slowdown_1_5,slowdown_scale,1.5,1.5,dynamic_sensitivity_100d_4pct_hdd,100,42,1000000,5000,1.0,timeout_degraded_read,15.0,2,100000,150000,96,healthy,98,healthy,0,12.5,16.8,18.7,208051,4.0,8051,8051,198,0,0,0
slowdown_1_5,slowdown_scale,1.5,1.5,dynamic_sensitivity_100d_4pct_hdd,100,42,1000000,5000,1.0,timeout_degraded_read,15.0,3,150000,200000,96,mild_slow,98,healthy,2,12.6,17.8,30.0,209326,4.7,9326,9326,1570,0,0,0
slowdown_1_5,slowdown_scale,1.5,1.5,dynamic_sensitivity_100d_4pct_hdd,100,42,1000000,5000,1.0,timeout_degraded_read,15.0,4,200000,250000,96,mild_slow,98,healthy,2,12.6,17.8,29.6,209298,4.6,9298,9298,1472,0,0,0
slowdown_1_5,slowdown_scale,1.5,1.5,dynamic_sensitivity_100d_4pct_hdd,100,42,1000000,5000,1.0,timeout_degraded_read,15.0,5,250000,300000,96,mild_slow,98,healthy,2,12.6,17.8,29.4,209285,4.6,9285,9285,1475,0,0,0
slowdown_1_5,slowdown_scale,1.5,1.5,dynamic_sensitivity_100d_4pct_hdd,100,42,1000000,5000,1.0,timeout_degraded_read,15.0,6,300000,350000,96,severe_slow,98,healthy,2,12.6,17.8,75.3,209228,4.6,9228,9228,1568,0,0,0
slowdown_1_5,slowdown_scale,1.5,1.5,dynamic_sensitivity_100d_4pct_hdd,100,42,1000000,5000,1.0,timeout_degraded_read,15.0,7,350000,400000,96,severe_slow,98,healthy,2,12.6,17.8,73.2,209271,4.6,9271,9271,1574,0,0,0
slowdown_1_5,slowdown_scale,1.5,1.5,dynamic_sensitivity_100d_4pct_hdd,100,42,1000000,5000,1.0,timeout_degraded_read,15.0,8,400000,450000,96,severe_slow,98,healthy,2,12.6,17.9,73.6,209323,4.7,9323,9323,1621,0,0,0
slowdown_1_5,slowdown_scale,1.5,1.5,dynamic_sensitivity_100d_4pct_hdd,100,42,1000000,5000,1.0,timeout_degraded_read,15.0,9,450000,500000,96,recovery,98,mild_slow,2,12.6,18.4,30.7,209689,4.8,9689,9689,1662,0,0,0
slowdown_1_5,slowdown_scale,1.5,1.5,dynamic_sensitivity_100d_4pct_hdd,100,42,1000000,5000,1.0,timeout_degraded_read,15.0,10,500000,550000,96,recovery,98,mild_slow,2,12.6,18.2,29.9,209632,4.8,9632,9632,1533,0,0,0
slowdown_1_5,slowdown_scale,1.5,1.5,dynamic_sensitivity_100d_4pct_hdd,100,42,1000000,5000,1.0,timeout_degraded_read,15.0,11,550000,600000,96,healthy,98,severe_slow,2,12.6,18.0,74.1,209312,4.7,9312,9312,1719,0,0,0
slowdown_1_5,slowdown_scale,1.5,1.5,dynamic_sensitivity_100d_4pct_hdd,100,42,1000000,5000,1.0,timeout_degraded_read,15.0,12,600000,650000,96,healthy,98,severe_slow,2,12.6,17.9,74.3,209343,4.7,9343,9343,1699,0,0,0
slowdown_1_5,slowdown_scale,1.5,1.5,dynamic_sensitivity_100d_4pct_hdd,100,42,1000000,5000,1.0,timeout_degraded_read,15.0,13,650000,700000,96,healthy,98,severe_slow,2,12.6,18.0,74.6,209347,4.7,9347,9347,1689,0,0,0
slowdown_1_5,slowdown_scale,1.5,1.5,dynamic_sensitivity_100d_4pct_hdd,100,42,1000000,5000,1.0,timeout_degraded_read,15.0,14,700000,750000,96,mild_slow,98,recovery,2,12.6,18.2,31.3,209689,4.8,9689,9689,1464,0,0,0
slowdown_1_5,slowdown_scale,1.5,1.5,dynamic_sensitivity_100d_4pct_hdd,100,42,1000000,5000,1.0,timeout_degraded_read,15.0,15,750000,800000,96,recovery,98,recovery,0,12.6,17.8,22.5,209579,4.8,9579,9579,640,0,0,0
slowdown_1_5,slowdown_scale,1.5,1.5,dynamic_sensitivity_100d_4pct_hdd,100,42,1000000,5000,1.0,timeout_degraded_read,15.0,16,800000,850000,96,healthy,98,healthy,0,12.5,16.8,18.8,208029,4.0,8029,8029,187,0,0,0
slowdown_1_5,slowdown_scale,1.5,1.5,dynamic_sensitivity_100d_4pct_hdd,100,42,1000000,5000,1.0,timeout_degraded_read,15.0,17,850000,900000,96,healthy,98,healthy,0,12.5,16.8,18.7,208054,4.0,8054,8054,201,0,0,0
slowdown_1_5,slowdown_scale,1.5,1.5,dynamic_sensitivity_100d_4pct_hdd,100,42,1000000,5000,1.0,timeout_degraded_read,15.0,18,900000,950000,96,healthy,98,healthy,0,12.5,16.8,18.8,208085,4.0,8085,8085,211,0,0,0
slowdown_1_5,slowdown_scale,1.5,1.5,dynamic_sensitivity_100d_4pct_hdd,100,42,1000000,5000,1.0,timeout_degraded_read,15.0,19,950000,1000000,96,healthy,98,healthy,0,12.5,16.8,18.8,208170,4.1,8170,8170,193,0,0,0
slowdown_1_5,slowdown_scale,1.5,1.5,dynamic_sensitivity_100d_4pct_hdd,100,42,1000000,5000,1.0,health_ec,15.0,0,0,50000,96,healthy,98,healthy,0,12.5,16.8,18.8,200000,0.0,0,0,0,0,0,0
slowdown_1_5,slowdown_scale,1.5,1.5,dynamic_sensitivity_100d_4pct_hdd,100,42,1000000,5000,1.0,health_ec,15.0,1,50000,100000,96,healthy,98,healthy,0,12.5,16.8,18.9,200000,0.0,0,0,0,0,0,0
slowdown_1_5,slowdown_scale,1.5,1.5,dynamic_sensitivity_100d_4pct_hdd,100,42,1000000,5000,1.0,health_ec,15.0,2,100000,150000,96,healthy,98,healthy,0,12.5,16.8,18.8,200000,0.0,0,0,0,0,0,0
slowdown_1_5,slowdown_scale,1.5,1.5,dynamic_sensitivity_100d_4pct_hdd,100,42,1000000,5000,1.0,health_ec,15.0,3,150000,200000,96,mild_slow,98,healthy,2,12.5,17.5,32.3,200647,0.3,647,647,646,2,2,0
slowdown_1_5,slowdown_scale,1.5,1.5,dynamic_sensitivity_100d_4pct_hdd,100,42,1000000,5000,1.0,health_ec,15.0,4,200000,250000,96,mild_slow,98,healthy,2,12.6,17.5,28.6,200895,0.4,895,895,895,0,0,0
slowdown_1_5,slowdown_scale,1.5,1.5,dynamic_sensitivity_100d_4pct_hdd,100,42,1000000,5000,1.0,health_ec,15.0,5,250000,300000,96,mild_slow,98,healthy,2,12.6,17.4,27.9,200931,0.5,931,931,931,0,0,0
slowdown_1_5,slowdown_scale,1.5,1.5,dynamic_sensitivity_100d_4pct_hdd,100,42,1000000,5000,1.0,health_ec,15.0,6,300000,350000,96,severe_slow,98,healthy,2,12.6,17.5,70.2,201010,0.5,1010,1010,1010,0,0,0
slowdown_1_5,slowdown_scale,1.5,1.5,dynamic_sensitivity_100d_4pct_hdd,100,42,1000000,5000,1.0,health_ec,15.0,7,350000,400000,96,severe_slow,98,healthy,2,12.6,17.5,67.9,201061,0.5,1061,1061,1061,0,0,0
slowdown_1_5,slowdown_scale,1.5,1.5,dynamic_sensitivity_100d_4pct_hdd,100,42,1000000,5000,1.0,health_ec,15.0,8,400000,450000,96,severe_slow,98,healthy,2,12.6,17.6,67.3,201077,0.5,1077,1077,1077,0,0,0
slowdown_1_5,slowdown_scale,1.5,1.5,dynamic_sensitivity_100d_4pct_hdd,100,42,1000000,5000,1.0,health_ec,15.0,9,450000,500000,96,recovery,98,mild_slow,2,12.6,17.8,30.2,201397,0.7,1397,1397,1001,4,4,0
slowdown_1_5,slowdown_scale,1.5,1.5,dynamic_sensitivity_100d_4pct_hdd,100,42,1000000,5000,1.0,health_ec,15.0,10,500000,550000,96,recovery,98,mild_slow,2,12.6,17.6,27.3,201216,0.6,1216,1216,932,0,0,0
slowdown_1_5,slowdown_scale,1.5,1.5,dynamic_sensitivity_100d_4pct_hdd,100,42,1000000,5000,1.0,health_ec,15.0,11,550000,600000,96,healthy,98,severe_slow,2,12.6,17.5,66.6,201097,0.5,1097,1097,952,0,0,0
slowdown_1_5,slowdown_scale,1.5,1.5,dynamic_sensitivity_100d_4pct_hdd,100,42,1000000,5000,1.0,health_ec,15.0,12,600000,650000,96,healthy,98,severe_slow,2,12.5,17.4,64.2,201060,0.5,1060,1060,977,0,0,0
slowdown_1_5,slowdown_scale,1.5,1.5,dynamic_sensitivity_100d_4pct_hdd,100,42,1000000,5000,1.0,health_ec,15.0,13,650000,700000,96,healthy,98,severe_slow,2,12.6,17.5,65.3,201045,0.5,1045,1045,1010,0,0,0
slowdown_1_5,slowdown_scale,1.5,1.5,dynamic_sensitivity_100d_4pct_hdd,100,42,1000000,5000,1.0,health_ec,15.0,14,700000,750000,96,mild_slow,98,recovery,2,12.6,17.5,28.1,201372,0.7,1372,1372,1337,0,0,0
slowdown_1_5,slowdown_scale,1.5,1.5,dynamic_sensitivity_100d_4pct_hdd,100,42,1000000,5000,1.0,health_ec,15.0,15,750000,800000,96,recovery,98,recovery,0,12.6,17.2,19.9,201375,0.7,1375,1375,1225,0,0,0
slowdown_1_5,slowdown_scale,1.5,1.5,dynamic_sensitivity_100d_4pct_hdd,100,42,1000000,5000,1.0,health_ec,15.0,16,800000,850000,96,healthy,98,healthy,0,12.4,16.8,18.9,200760,0.4,760,760,609,0,0,0
slowdown_1_5,slowdown_scale,1.5,1.5,dynamic_sensitivity_100d_4pct_hdd,100,42,1000000,5000,1.0,health_ec,15.0,17,850000,900000,96,healthy,98,healthy,0,12.5,16.8,18.8,200307,0.2,307,307,257,0,0,0
slowdown_1_5,slowdown_scale,1.5,1.5,dynamic_sensitivity_100d_4pct_hdd,100,42,1000000,5000,1.0,health_ec,15.0,18,900000,950000,96,healthy,98,healthy,0,12.5,16.8,18.8,200127,0.1,127,127,102,0,0,0
slowdown_1_5,slowdown_scale,1.5,1.5,dynamic_sensitivity_100d_4pct_hdd,100,42,1000000,5000,1.0,health_ec,15.0,19,950000,1000000,96,healthy,98,healthy,0,12.5,16.8,18.9,200082,0.0,82,82,64,0,0,0
slowdown_1_5,slowdown_scale,1.5,1.5,dynamic_sensitivity_100d_4pct_hdd,100,43,1000000,5000,1.0,vanilla_ec,15.0,0,0,50000,96,healthy,98,healthy,0,12.5,16.8,18.8,200000,0.0,0,0,0,0,0,0
slowdown_1_5,slowdown_scale,1.5,1.5,dynamic_sensitivity_100d_4pct_hdd,100,43,1000000,5000,1.0,vanilla_ec,15.0,1,50000,100000,96,healthy,98,healthy,0,12.5,16.8,18.9,200000,0.0,0,0,0,0,0,0
slowdown_1_5,slowdown_scale,1.5,1.5,dynamic_sensitivity_100d_4pct_hdd,100,43,1000000,5000,1.0,vanilla_ec,15.0,2,100000,150000,96,healthy,98,healthy,0,12.5,16.8,18.8,200000,0.0,0,0,0,0,0,0
slowdown_1_5,slowdown_scale,1.5,1.5,dynamic_sensitivity_100d_4pct_hdd,100,43,1000000,5000,1.0,vanilla_ec,15.0,3,150000,200000,96,mild_slow,98,healthy,2,12.6,17.7,39.5,200000,0.0,0,0,0,0,0,0
slowdown_1_5,slowdown_scale,1.5,1.5,dynamic_sensitivity_100d_4pct_hdd,100,43,1000000,5000,1.0,vanilla_ec,15.0,4,200000,250000,96,mild_slow,98,healthy,2,12.6,17.9,41.1,200000,0.0,0,0,0,0,0,0
slowdown_1_5,slowdown_scale,1.5,1.5,dynamic_sensitivity_100d_4pct_hdd,100,43,1000000,5000,1.0,vanilla_ec,15.0,5,250000,300000,96,mild_slow,98,healthy,2,12.6,17.9,40.6,200000,0.0,0,0,0,0,0,0
slowdown_1_5,slowdown_scale,1.5,1.5,dynamic_sensitivity_100d_4pct_hdd,100,43,1000000,5000,1.0,vanilla_ec,15.0,6,300000,350000,96,severe_slow,98,healthy,2,12.6,17.8,101.9,200000,0.0,0,0,0,0,0,0
slowdown_1_5,slowdown_scale,1.5,1.5,dynamic_sensitivity_100d_4pct_hdd,100,43,1000000,5000,1.0,vanilla_ec,15.0,7,350000,400000,96,severe_slow,98,healthy,2,12.6,17.9,105.8,200000,0.0,0,0,0,0,0,0
slowdown_1_5,slowdown_scale,1.5,1.5,dynamic_sensitivity_100d_4pct_hdd,100,43,1000000,5000,1.0,vanilla_ec,15.0,8,400000,450000,96,severe_slow,98,healthy,2,12.6,17.8,102.2,200000,0.0,0,0,0,0,0,0
slowdown_1_5,slowdown_scale,1.5,1.5,dynamic_sensitivity_100d_4pct_hdd,100,43,1000000,5000,1.0,vanilla_ec,15.0,9,450000,500000,96,recovery,98,mild_slow,2,12.6,18.4,41.9,200000,0.0,0,0,0,0,0,0
slowdown_1_5,slowdown_scale,1.5,1.5,dynamic_sensitivity_100d_4pct_hdd,100,43,1000000,5000,1.0,vanilla_ec,15.0,10,500000,550000,96,recovery,98,mild_slow,2,12.6,18.3,41.3,200000,0.0,0,0,0,0,0,0
slowdown_1_5,slowdown_scale,1.5,1.5,dynamic_sensitivity_100d_4pct_hdd,100,43,1000000,5000,1.0,vanilla_ec,15.0,11,550000,600000,96,healthy,98,severe_slow,2,12.6,18.0,104.8,200000,0.0,0,0,0,0,0,0
slowdown_1_5,slowdown_scale,1.5,1.5,dynamic_sensitivity_100d_4pct_hdd,100,43,1000000,5000,1.0,vanilla_ec,15.0,12,600000,650000,96,healthy,98,severe_slow,2,12.6,18.0,104.3,200000,0.0,0,0,0,0,0,0
slowdown_1_5,slowdown_scale,1.5,1.5,dynamic_sensitivity_100d_4pct_hdd,100,43,1000000,5000,1.0,vanilla_ec,15.0,13,650000,700000,96,healthy,98,severe_slow,2,12.6,17.9,104.2,200000,0.0,0,0,0,0,0,0
slowdown_1_5,slowdown_scale,1.5,1.5,dynamic_sensitivity_100d_4pct_hdd,100,43,1000000,5000,1.0,vanilla_ec,15.0,14,700000,750000,96,mild_slow,98,recovery,2,12.6,18.2,40.5,200000,0.0,0,0,0,0,0,0
slowdown_1_5,slowdown_scale,1.5,1.5,dynamic_sensitivity_100d_4pct_hdd,100,43,1000000,5000,1.0,vanilla_ec,15.0,15,750000,800000,96,recovery,98,recovery,0,12.6,17.9,23.5,200000,0.0,0,0,0,0,0,0
slowdown_1_5,slowdown_scale,1.5,1.5,dynamic_sensitivity_100d_4pct_hdd,100,43,1000000,5000,1.0,vanilla_ec,15.0,16,800000,850000,96,healthy,98,healthy,0,12.5,16.8,18.9,200000,0.0,0,0,0,0,0,0
slowdown_1_5,slowdown_scale,1.5,1.5,dynamic_sensitivity_100d_4pct_hdd,100,43,1000000,5000,1.0,vanilla_ec,15.0,17,850000,900000,96,healthy,98,healthy,0,12.5,16.8,18.8,200000,0.0,0,0,0,0,0,0
slowdown_1_5,slowdown_scale,1.5,1.5,dynamic_sensitivity_100d_4pct_hdd,100,43,1000000,5000,1.0,vanilla_ec,15.0,18,900000,950000,96,healthy,98,healthy,0,12.5,16.8,18.9,200000,0.0,0,0,0,0,0,0
slowdown_1_5,slowdown_scale,1.5,1.5,dynamic_sensitivity_100d_4pct_hdd,100,43,1000000,5000,1.0,vanilla_ec,15.0,19,950000,1000000,96,healthy,98,healthy,0,12.5,16.8,18.7,200000,0.0,0,0,0,0,0,0
slowdown_1_5,slowdown_scale,1.5,1.5,dynamic_sensitivity_100d_4pct_hdd,100,43,1000000,5000,1.0,late_binding,15.0,0,0,50000,96,healthy,98,healthy,0,10.7,14.0,15.4,250000,25.0,50000,50000,39871,0,0,0
slowdown_1_5,slowdown_scale,1.5,1.5,dynamic_sensitivity_100d_4pct_hdd,100,43,1000000,5000,1.0,late_binding,15.0,1,50000,100000,96,healthy,98,healthy,0,10.7,14.0,15.4,250000,25.0,50000,50000,40011,0,0,0
slowdown_1_5,slowdown_scale,1.5,1.5,dynamic_sensitivity_100d_4pct_hdd,100,43,1000000,5000,1.0,late_binding,15.0,2,100000,150000,96,healthy,98,healthy,0,10.7,14.0,15.4,250000,25.0,50000,50000,40100,0,0,0
slowdown_1_5,slowdown_scale,1.5,1.5,dynamic_sensitivity_100d_4pct_hdd,100,43,1000000,5000,1.0,late_binding,15.0,3,150000,200000,96,mild_slow,98,healthy,2,10.8,14.7,28.1,250000,25.0,50000,50000,39656,0,0,0
slowdown_1_5,slowdown_scale,1.5,1.5,dynamic_sensitivity_100d_4pct_hdd,100,43,1000000,5000,1.0,late_binding,15.0,4,200000,250000,96,mild_slow,98,healthy,2,10.8,14.7,29.9,250000,25.0,50000,50000,39742,0,0,0
slowdown_1_5,slowdown_scale,1.5,1.5,dynamic_sensitivity_100d_4pct_hdd,100,43,1000000,5000,1.0,late_binding,15.0,5,250000,300000,96,mild_slow,98,healthy,2,10.8,14.7,29.3,250000,25.0,50000,50000,39810,0,0,0
slowdown_1_5,slowdown_scale,1.5,1.5,dynamic_sensitivity_100d_4pct_hdd,100,43,1000000,5000,1.0,late_binding,15.0,6,300000,350000,96,severe_slow,98,healthy,2,10.8,14.8,73.3,250000,25.0,50000,50000,39770,0,0,0
slowdown_1_5,slowdown_scale,1.5,1.5,dynamic_sensitivity_100d_4pct_hdd,100,43,1000000,5000,1.0,late_binding,15.0,7,350000,400000,96,severe_slow,98,healthy,2,10.8,14.9,73.9,250000,25.0,50000,50000,39829,0,0,0
slowdown_1_5,slowdown_scale,1.5,1.5,dynamic_sensitivity_100d_4pct_hdd,100,43,1000000,5000,1.0,late_binding,15.0,8,400000,450000,96,severe_slow,98,healthy,2,10.8,14.8,72.5,250000,25.0,50000,50000,39677,0,0,0
slowdown_1_5,slowdown_scale,1.5,1.5,dynamic_sensitivity_100d_4pct_hdd,100,43,1000000,5000,1.0,late_binding,15.0,9,450000,500000,96,recovery,98,mild_slow,2,10.8,15.3,30.0,250000,25.0,50000,50000,39674,0,0,0
slowdown_1_5,slowdown_scale,1.5,1.5,dynamic_sensitivity_100d_4pct_hdd,100,43,1000000,5000,1.0,late_binding,15.0,10,500000,550000,96,recovery,98,mild_slow,2,10.8,15.3,30.1,250000,25.0,50000,50000,39580,0,0,0
slowdown_1_5,slowdown_scale,1.5,1.5,dynamic_sensitivity_100d_4pct_hdd,100,43,1000000,5000,1.0,late_binding,15.0,11,550000,600000,96,healthy,98,severe_slow,2,10.8,14.9,74.7,250000,25.0,50000,50000,39932,0,0,0
slowdown_1_5,slowdown_scale,1.5,1.5,dynamic_sensitivity_100d_4pct_hdd,100,43,1000000,5000,1.0,late_binding,15.0,12,600000,650000,96,healthy,98,severe_slow,2,10.8,14.9,73.8,250000,25.0,50000,50000,39819,0,0,0
slowdown_1_5,slowdown_scale,1.5,1.5,dynamic_sensitivity_100d_4pct_hdd,100,43,1000000,5000,1.0,late_binding,15.0,13,650000,700000,96,healthy,98,severe_slow,2,10.8,14.9,75.3,250000,25.0,50000,50000,40101,0,0,0
slowdown_1_5,slowdown_scale,1.5,1.5,dynamic_sensitivity_100d_4pct_hdd,100,43,1000000,5000,1.0,late_binding,15.0,14,700000,750000,96,mild_slow,98,recovery,2,10.8,15.1,29.1,250000,25.0,50000,50000,39796,0,0,0
slowdown_1_5,slowdown_scale,1.5,1.5,dynamic_sensitivity_100d_4pct_hdd,100,43,1000000,5000,1.0,late_binding,15.0,15,750000,800000,96,recovery,98,recovery,0,10.8,14.7,18.8,250000,25.0,50000,50000,39832,0,0,0
slowdown_1_5,slowdown_scale,1.5,1.5,dynamic_sensitivity_100d_4pct_hdd,100,43,1000000,5000,1.0,late_binding,15.0,16,800000,850000,96,healthy,98,healthy,0,10.7,14.0,15.4,250000,25.0,50000,50000,39910,0,0,0
slowdown_1_5,slowdown_scale,1.5,1.5,dynamic_sensitivity_100d_4pct_hdd,100,43,1000000,5000,1.0,late_binding,15.0,17,850000,900000,96,healthy,98,healthy,0,10.7,14.0,15.5,250000,25.0,50000,50000,40032,0,0,0
slowdown_1_5,slowdown_scale,1.5,1.5,dynamic_sensitivity_100d_4pct_hdd,100,43,1000000,5000,1.0,late_binding,15.0,18,900000,950000,96,healthy,98,healthy,0,10.7,14.0,15.4,250000,25.0,50000,50000,39985,0,0,0
slowdown_1_5,slowdown_scale,1.5,1.5,dynamic_sensitivity_100d_4pct_hdd,100,43,1000000,5000,1.0,late_binding,15.0,19,950000,1000000,96,healthy,98,healthy,0,10.7,14.0,15.4,250000,25.0,50000,50000,39872,0,0,0
slowdown_1_5,slowdown_scale,1.5,1.5,dynamic_sensitivity_100d_4pct_hdd,100,43,1000000,5000,1.0,timeout_degraded_read,15.0,0,0,50000,96,healthy,98,healthy,0,12.5,16.8,18.7,208102,4.1,8102,8102,165,0,0,0
slowdown_1_5,slowdown_scale,1.5,1.5,dynamic_sensitivity_100d_4pct_hdd,100,43,1000000,5000,1.0,timeout_degraded_read,15.0,1,50000,100000,96,healthy,98,healthy,0,12.5,16.8,18.8,208123,4.1,8123,8123,169,0,0,0
slowdown_1_5,slowdown_scale,1.5,1.5,dynamic_sensitivity_100d_4pct_hdd,100,43,1000000,5000,1.0,timeout_degraded_read,15.0,2,100000,150000,96,healthy,98,healthy,0,12.5,16.8,18.7,208110,4.1,8110,8110,198,0,0,0
slowdown_1_5,slowdown_scale,1.5,1.5,dynamic_sensitivity_100d_4pct_hdd,100,43,1000000,5000,1.0,timeout_degraded_read,15.0,3,150000,200000,96,mild_slow,98,healthy,2,12.6,17.6,28.9,209252,4.6,9252,9252,1385,0,0,0
slowdown_1_5,slowdown_scale,1.5,1.5,dynamic_sensitivity_100d_4pct_hdd,100,43,1000000,5000,1.0,timeout_degraded_read,15.0,4,200000,250000,96,mild_slow,98,healthy,2,12.6,17.9,30.2,209347,4.7,9347,9347,1528,0,0,0
slowdown_1_5,slowdown_scale,1.5,1.5,dynamic_sensitivity_100d_4pct_hdd,100,43,1000000,5000,1.0,timeout_degraded_read,15.0,5,250000,300000,96,mild_slow,98,healthy,2,12.6,17.8,29.9,209365,4.7,9365,9365,1504,0,0,0
slowdown_1_5,slowdown_scale,1.5,1.5,dynamic_sensitivity_100d_4pct_hdd,100,43,1000000,5000,1.0,timeout_degraded_read,15.0,6,300000,350000,96,severe_slow,98,healthy,2,12.6,17.7,73.3,209217,4.6,9217,9217,1585,0,0,0
slowdown_1_5,slowdown_scale,1.5,1.5,dynamic_sensitivity_100d_4pct_hdd,100,43,1000000,5000,1.0,timeout_degraded_read,15.0,7,350000,400000,96,severe_slow,98,healthy,2,12.6,17.8,73.9,209313,4.7,9313,9313,1657,0,0,0
slowdown_1_5,slowdown_scale,1.5,1.5,dynamic_sensitivity_100d_4pct_hdd,100,43,1000000,5000,1.0,timeout_degraded_read,15.0,8,400000,450000,96,severe_slow,98,healthy,2,12.6,17.8,72.5,209176,4.6,9176,9176,1611,0,0,0
slowdown_1_5,slowdown_scale,1.5,1.5,dynamic_sensitivity_100d_4pct_hdd,100,43,1000000,5000,1.0,timeout_degraded_read,15.0,9,450000,500000,96,recovery,98,mild_slow,2,12.6,18.3,30.4,209873,4.9,9873,9873,1605,0,0,0
slowdown_1_5,slowdown_scale,1.5,1.5,dynamic_sensitivity_100d_4pct_hdd,100,43,1000000,5000,1.0,timeout_degraded_read,15.0,10,500000,550000,96,recovery,98,mild_slow,2,12.6,18.3,30.5,209719,4.9,9719,9719,1611,0,0,0
slowdown_1_5,slowdown_scale,1.5,1.5,dynamic_sensitivity_100d_4pct_hdd,100,43,1000000,5000,1.0,timeout_degraded_read,15.0,11,550000,600000,96,healthy,98,severe_slow,2,12.6,17.9,74.7,209369,4.7,9369,9369,1717,0,0,0
slowdown_1_5,slowdown_scale,1.5,1.5,dynamic_sensitivity_100d_4pct_hdd,100,43,1000000,5000,1.0,timeout_degraded_read,15.0,12,600000,650000,96,healthy,98,severe_slow,2,12.6,17.9,73.8,209315,4.7,9315,9315,1684,0,0,0
slowdown_1_5,slowdown_scale,1.5,1.5,dynamic_sensitivity_100d_4pct_hdd,100,43,1000000,5000,1.0,timeout_degraded_read,15.0,13,650000,700000,96,healthy,98,severe_slow,2,12.6,17.8,75.3,209378,4.7,9378,9378,1660,0,0,0
slowdown_1_5,slowdown_scale,1.5,1.5,dynamic_sensitivity_100d_4pct_hdd,100,43,1000000,5000,1.0,timeout_degraded_read,15.0,14,700000,750000,96,mild_slow,98,recovery,2,12.6,18.2,31.4,209765,4.9,9765,9765,1485,0,0,0
slowdown_1_5,slowdown_scale,1.5,1.5,dynamic_sensitivity_100d_4pct_hdd,100,43,1000000,5000,1.0,timeout_degraded_read,15.0,15,750000,800000,96,recovery,98,recovery,0,12.6,17.8,22.4,209741,4.9,9741,9741,600,0,0,0
slowdown_1_5,slowdown_scale,1.5,1.5,dynamic_sensitivity_100d_4pct_hdd,100,43,1000000,5000,1.0,timeout_degraded_read,15.0,16,800000,850000,96,healthy,98,healthy,0,12.5,16.8,18.8,208097,4.0,8097,8097,187,0,0,0
slowdown_1_5,slowdown_scale,1.5,1.5,dynamic_sensitivity_100d_4pct_hdd,100,43,1000000,5000,1.0,timeout_degraded_read,15.0,17,850000,900000,96,healthy,98,healthy,0,12.5,16.8,18.7,208029,4.0,8029,8029,173,0,0,0
slowdown_1_5,slowdown_scale,1.5,1.5,dynamic_sensitivity_100d_4pct_hdd,100,43,1000000,5000,1.0,timeout_degraded_read,15.0,18,900000,950000,96,healthy,98,healthy,0,12.5,16.8,18.8,208094,4.0,8094,8094,194,0,0,0
slowdown_1_5,slowdown_scale,1.5,1.5,dynamic_sensitivity_100d_4pct_hdd,100,43,1000000,5000,1.0,timeout_degraded_read,15.0,19,950000,1000000,96,healthy,98,healthy,0,12.5,16.7,18.7,207918,4.0,7918,7918,220,0,0,0
slowdown_1_5,slowdown_scale,1.5,1.5,dynamic_sensitivity_100d_4pct_hdd,100,43,1000000,5000,1.0,health_ec,15.0,0,0,50000,96,healthy,98,healthy,0,12.5,16.8,18.8,200000,0.0,0,0,0,0,0,0
slowdown_1_5,slowdown_scale,1.5,1.5,dynamic_sensitivity_100d_4pct_hdd,100,43,1000000,5000,1.0,health_ec,15.0,1,50000,100000,96,healthy,98,healthy,0,12.5,16.8,18.9,200000,0.0,0,0,0,0,0,0
slowdown_1_5,slowdown_scale,1.5,1.5,dynamic_sensitivity_100d_4pct_hdd,100,43,1000000,5000,1.0,health_ec,15.0,2,100000,150000,96,healthy,98,healthy,0,12.5,16.8,18.8,200000,0.0,0,0,0,0,0,0
slowdown_1_5,slowdown_scale,1.5,1.5,dynamic_sensitivity_100d_4pct_hdd,100,43,1000000,5000,1.0,health_ec,15.0,3,150000,200000,96,mild_slow,98,healthy,2,12.5,17.3,30.6,200549,0.3,549,549,549,2,2,0
slowdown_1_5,slowdown_scale,1.5,1.5,dynamic_sensitivity_100d_4pct_hdd,100,43,1000000,5000,1.0,health_ec,15.0,4,200000,250000,96,mild_slow,98,healthy,2,12.6,17.5,29.4,200892,0.4,892,892,892,0,0,0
slowdown_1_5,slowdown_scale,1.5,1.5,dynamic_sensitivity_100d_4pct_hdd,100,43,1000000,5000,1.0,health_ec,15.0,5,250000,300000,96,mild_slow,98,healthy,2,12.6,17.5,28.6,200957,0.5,957,957,956,0,0,0
slowdown_1_5,slowdown_scale,1.5,1.5,dynamic_sensitivity_100d_4pct_hdd,100,43,1000000,5000,1.0,health_ec,15.0,6,300000,350000,96,severe_slow,98,healthy,2,12.5,17.5,69.7,201009,0.5,1009,1009,1009,0,0,0
slowdown_1_5,slowdown_scale,1.5,1.5,dynamic_sensitivity_100d_4pct_hdd,100,43,1000000,5000,1.0,health_ec,15.0,7,350000,400000,96,severe_slow,98,healthy,2,12.6,17.5,68.4,201069,0.5,1069,1069,1069,0,0,0
slowdown_1_5,slowdown_scale,1.5,1.5,dynamic_sensitivity_100d_4pct_hdd,100,43,1000000,5000,1.0,health_ec,15.0,8,400000,450000,96,severe_slow,98,healthy,2,12.5,17.5,67.0,201088,0.5,1088,1088,1088,0,0,0
slowdown_1_5,slowdown_scale,1.5,1.5,dynamic_sensitivity_100d_4pct_hdd,100,43,1000000,5000,1.0,health_ec,15.0,9,450000,500000,96,recovery,98,mild_slow,2,12.6,17.8,29.5,201350,0.7,1350,1350,963,4,4,0
slowdown_1_5,slowdown_scale,1.5,1.5,dynamic_sensitivity_100d_4pct_hdd,100,43,1000000,5000,1.0,health_ec,15.0,10,500000,550000,96,recovery,98,mild_slow,2,12.6,17.6,27.4,201198,0.6,1198,1198,951,0,0,0
slowdown_1_5,slowdown_scale,1.5,1.5,dynamic_sensitivity_100d_4pct_hdd,100,43,1000000,5000,1.0,health_ec,15.0,11,550000,600000,96,healthy,98,severe_slow,2,12.6,17.4,66.3,201139,0.6,1139,1139,972,0,0,0
slowdown_1_5,slowdown_scale,1.5,1.5,dynamic_sensitivity_100d_4pct_hdd,100,43,1000000,5000,1.0,health_ec,15.0,12,600000,650000,96,healthy,98,severe_slow,2,12.5,17.5,65.7,201073,0.5,1073,1073,1001,0,0,0
slowdown_1_5,slowdown_scale,1.5,1.5,dynamic_sensitivity_100d_4pct_hdd,100,43,1000000,5000,1.0,health_ec,15.0,13,650000,700000,96,healthy,98,severe_slow,2,12.6,17.4,66.6,201035,0.5,1035,1035,1004,0,0,0
slowdown_1_5,slowdown_scale,1.5,1.5,dynamic_sensitivity_100d_4pct_hdd,100,43,1000000,5000,1.0,health_ec,15.0,14,700000,750000,96,mild_slow,98,recovery,2,12.6,17.5,29.0,201382,0.7,1382,1382,1363,0,0,0
slowdown_1_5,slowdown_scale,1.5,1.5,dynamic_sensitivity_100d_4pct_hdd,100,43,1000000,5000,1.0,health_ec,15.0,15,750000,800000,96,recovery,98,recovery,0,12.6,17.2,19.9,201284,0.6,1284,1284,1175,0,0,0
slowdown_1_5,slowdown_scale,1.5,1.5,dynamic_sensitivity_100d_4pct_hdd,100,43,1000000,5000,1.0,health_ec,15.0,16,800000,850000,96,healthy,98,healthy,0,12.5,16.8,18.8,200773,0.4,773,773,614,0,0,0
slowdown_1_5,slowdown_scale,1.5,1.5,dynamic_sensitivity_100d_4pct_hdd,100,43,1000000,5000,1.0,health_ec,15.0,17,850000,900000,96,healthy,98,healthy,0,12.5,16.8,18.8,200322,0.2,322,322,253,0,0,0
slowdown_1_5,slowdown_scale,1.5,1.5,dynamic_sensitivity_100d_4pct_hdd,100,43,1000000,5000,1.0,health_ec,15.0,18,900000,950000,96,healthy,98,healthy,0,12.5,16.8,18.9,200147,0.1,147,147,119,0,0,0
slowdown_1_5,slowdown_scale,1.5,1.5,dynamic_sensitivity_100d_4pct_hdd,100,43,1000000,5000,1.0,health_ec,15.0,19,950000,1000000,96,healthy,98,healthy,0,12.5,16.8,18.7,200052,0.0,52,52,45,0,0,0
slowdown_1_5,slowdown_scale,1.5,1.5,dynamic_sensitivity_100d_4pct_hdd,100,44,1000000,5000,1.0,vanilla_ec,15.0,0,0,50000,96,healthy,98,healthy,0,12.5,16.8,18.8,200000,0.0,0,0,0,0,0,0
slowdown_1_5,slowdown_scale,1.5,1.5,dynamic_sensitivity_100d_4pct_hdd,100,44,1000000,5000,1.0,vanilla_ec,15.0,1,50000,100000,96,healthy,98,healthy,0,12.5,16.8,18.7,200000,0.0,0,0,0,0,0,0
slowdown_1_5,slowdown_scale,1.5,1.5,dynamic_sensitivity_100d_4pct_hdd,100,44,1000000,5000,1.0,vanilla_ec,15.0,2,100000,150000,96,healthy,98,healthy,0,12.5,16.8,18.8,200000,0.0,0,0,0,0,0,0
slowdown_1_5,slowdown_scale,1.5,1.5,dynamic_sensitivity_100d_4pct_hdd,100,44,1000000,5000,1.0,vanilla_ec,15.0,3,150000,200000,96,mild_slow,98,healthy,2,12.6,18.0,40.8,200000,0.0,0,0,0,0,0,0
slowdown_1_5,slowdown_scale,1.5,1.5,dynamic_sensitivity_100d_4pct_hdd,100,44,1000000,5000,1.0,vanilla_ec,15.0,4,200000,250000,96,mild_slow,98,healthy,2,12.6,17.8,40.9,200000,0.0,0,0,0,0,0,0
slowdown_1_5,slowdown_scale,1.5,1.5,dynamic_sensitivity_100d_4pct_hdd,100,44,1000000,5000,1.0,vanilla_ec,15.0,5,250000,300000,96,mild_slow,98,healthy,2,12.6,17.8,40.9,200000,0.0,0,0,0,0,0,0
slowdown_1_5,slowdown_scale,1.5,1.5,dynamic_sensitivity_100d_4pct_hdd,100,44,1000000,5000,1.0,vanilla_ec,15.0,6,300000,350000,96,severe_slow,98,healthy,2,12.6,17.9,102.9,200000,0.0,0,0,0,0,0,0
slowdown_1_5,slowdown_scale,1.5,1.5,dynamic_sensitivity_100d_4pct_hdd,100,44,1000000,5000,1.0,vanilla_ec,15.0,7,350000,400000,96,severe_slow,98,healthy,2,12.6,17.9,101.9,200000,0.0,0,0,0,0,0,0
slowdown_1_5,slowdown_scale,1.5,1.5,dynamic_sensitivity_100d_4pct_hdd,100,44,1000000,5000,1.0,vanilla_ec,15.0,8,400000,450000,96,severe_slow,98,healthy,2,12.6,17.9,103.5,200000,0.0,0,0,0,0,0,0
slowdown_1_5,slowdown_scale,1.5,1.5,dynamic_sensitivity_100d_4pct_hdd,100,44,1000000,5000,1.0,vanilla_ec,15.0,9,450000,500000,96,recovery,98,mild_slow,2,12.6,18.3,41.5,200000,0.0,0,0,0,0,0,0
slowdown_1_5,slowdown_scale,1.5,1.5,dynamic_sensitivity_100d_4pct_hdd,100,44,1000000,5000,1.0,vanilla_ec,15.0,10,500000,550000,96,recovery,98,mild_slow,2,12.6,18.5,42.3,200000,0.0,0,0,0,0,0,0
slowdown_1_5,slowdown_scale,1.5,1.5,dynamic_sensitivity_100d_4pct_hdd,100,44,1000000,5000,1.0,vanilla_ec,15.0,11,550000,600000,96,healthy,98,severe_slow,2,12.6,18.0,105.6,200000,0.0,0,0,0,0,0,0
slowdown_1_5,slowdown_scale,1.5,1.5,dynamic_sensitivity_100d_4pct_hdd,100,44,1000000,5000,1.0,vanilla_ec,15.0,12,600000,650000,96,healthy,98,severe_slow,2,12.6,18.0,106.5,200000,0.0,0,0,0,0,0,0
slowdown_1_5,slowdown_scale,1.5,1.5,dynamic_sensitivity_100d_4pct_hdd,100,44,1000000,5000,1.0,vanilla_ec,15.0,13,650000,700000,96,healthy,98,severe_slow,2,12.6,18.0,104.2,200000,0.0,0,0,0,0,0,0
slowdown_1_5,slowdown_scale,1.5,1.5,dynamic_sensitivity_100d_4pct_hdd,100,44,1000000,5000,1.0,vanilla_ec,15.0,14,700000,750000,96,mild_slow,98,recovery,2,12.6,18.3,40.4,200000,0.0,0,0,0,0,0,0
slowdown_1_5,slowdown_scale,1.5,1.5,dynamic_sensitivity_100d_4pct_hdd,100,44,1000000,5000,1.0,vanilla_ec,15.0,15,750000,800000,96,recovery,98,recovery,0,12.6,17.8,23.2,200000,0.0,0,0,0,0,0,0
slowdown_1_5,slowdown_scale,1.5,1.5,dynamic_sensitivity_100d_4pct_hdd,100,44,1000000,5000,1.0,vanilla_ec,15.0,16,800000,850000,96,healthy,98,healthy,0,12.5,16.8,18.8,200000,0.0,0,0,0,0,0,0
slowdown_1_5,slowdown_scale,1.5,1.5,dynamic_sensitivity_100d_4pct_hdd,100,44,1000000,5000,1.0,vanilla_ec,15.0,17,850000,900000,96,healthy,98,healthy,0,12.5,16.8,18.8,200000,0.0,0,0,0,0,0,0
slowdown_1_5,slowdown_scale,1.5,1.5,dynamic_sensitivity_100d_4pct_hdd,100,44,1000000,5000,1.0,vanilla_ec,15.0,18,900000,950000,96,healthy,98,healthy,0,12.5,16.9,18.8,200000,0.0,0,0,0,0,0,0
slowdown_1_5,slowdown_scale,1.5,1.5,dynamic_sensitivity_100d_4pct_hdd,100,44,1000000,5000,1.0,vanilla_ec,15.0,19,950000,1000000,96,healthy,98,healthy,0,12.5,16.9,18.9,200000,0.0,0,0,0,0,0,0
slowdown_1_5,slowdown_scale,1.5,1.5,dynamic_sensitivity_100d_4pct_hdd,100,44,1000000,5000,1.0,late_binding,15.0,0,0,50000,96,healthy,98,healthy,0,10.7,14.0,15.4,250000,25.0,50000,50000,39978,0,0,0
slowdown_1_5,slowdown_scale,1.5,1.5,dynamic_sensitivity_100d_4pct_hdd,100,44,1000000,5000,1.0,late_binding,15.0,1,50000,100000,96,healthy,98,healthy,0,10.7,14.0,15.4,250000,25.0,50000,50000,40008,0,0,0
slowdown_1_5,slowdown_scale,1.5,1.5,dynamic_sensitivity_100d_4pct_hdd,100,44,1000000,5000,1.0,late_binding,15.0,2,100000,150000,96,healthy,98,healthy,0,10.7,14.0,15.5,250000,25.0,50000,50000,39927,0,0,0
slowdown_1_5,slowdown_scale,1.5,1.5,dynamic_sensitivity_100d_4pct_hdd,100,44,1000000,5000,1.0,late_binding,15.0,3,150000,200000,96,mild_slow,98,healthy,2,10.8,14.8,29.0,250000,25.0,50000,50000,39911,0,0,0
slowdown_1_5,slowdown_scale,1.5,1.5,dynamic_sensitivity_100d_4pct_hdd,100,44,1000000,5000,1.0,late_binding,15.0,4,200000,250000,96,mild_slow,98,healthy,2,10.8,14.8,29.4,250000,25.0,50000,50000,39906,0,0,0
slowdown_1_5,slowdown_scale,1.5,1.5,dynamic_sensitivity_100d_4pct_hdd,100,44,1000000,5000,1.0,late_binding,15.0,5,250000,300000,96,mild_slow,98,healthy,2,10.8,14.7,29.9,250000,25.0,50000,50000,39771,0,0,0
slowdown_1_5,slowdown_scale,1.5,1.5,dynamic_sensitivity_100d_4pct_hdd,100,44,1000000,5000,1.0,late_binding,15.0,6,300000,350000,96,severe_slow,98,healthy,2,10.8,14.9,73.6,250000,25.0,50000,50000,39717,0,0,0
slowdown_1_5,slowdown_scale,1.5,1.5,dynamic_sensitivity_100d_4pct_hdd,100,44,1000000,5000,1.0,late_binding,15.0,7,350000,400000,96,severe_slow,98,healthy,2,10.8,14.8,72.7,250000,25.0,50000,50000,39655,0,0,0
slowdown_1_5,slowdown_scale,1.5,1.5,dynamic_sensitivity_100d_4pct_hdd,100,44,1000000,5000,1.0,late_binding,15.0,8,400000,450000,96,severe_slow,98,healthy,2,10.8,14.9,72.7,250000,25.0,50000,50000,39739,0,0,0
slowdown_1_5,slowdown_scale,1.5,1.5,dynamic_sensitivity_100d_4pct_hdd,100,44,1000000,5000,1.0,late_binding,15.0,9,450000,500000,96,recovery,98,mild_slow,2,10.8,15.3,29.9,250000,25.0,50000,50000,39700,0,0,0
slowdown_1_5,slowdown_scale,1.5,1.5,dynamic_sensitivity_100d_4pct_hdd,100,44,1000000,5000,1.0,late_binding,15.0,10,500000,550000,96,recovery,98,mild_slow,2,10.8,15.3,30.8,250000,25.0,50000,50000,39624,0,0,0
slowdown_1_5,slowdown_scale,1.5,1.5,dynamic_sensitivity_100d_4pct_hdd,100,44,1000000,5000,1.0,late_binding,15.0,11,550000,600000,96,healthy,98,severe_slow,2,10.8,14.9,74.9,250000,25.0,50000,50000,39885,0,0,0
slowdown_1_5,slowdown_scale,1.5,1.5,dynamic_sensitivity_100d_4pct_hdd,100,44,1000000,5000,1.0,late_binding,15.0,12,600000,650000,96,healthy,98,severe_slow,2,10.8,15.0,75.7,250000,25.0,50000,50000,39852,0,0,0
slowdown_1_5,slowdown_scale,1.5,1.5,dynamic_sensitivity_100d_4pct_hdd,100,44,1000000,5000,1.0,late_binding,15.0,13,650000,700000,96,healthy,98,severe_slow,2,10.8,14.9,74.7,250000,25.0,50000,50000,39728,0,0,0
slowdown_1_5,slowdown_scale,1.5,1.5,dynamic_sensitivity_100d_4pct_hdd,100,44,1000000,5000,1.0,late_binding,15.0,14,700000,750000,96,mild_slow,98,recovery,2,10.8,15.0,29.1,250000,25.0,50000,50000,39955,0,0,0
slowdown_1_5,slowdown_scale,1.5,1.5,dynamic_sensitivity_100d_4pct_hdd,100,44,1000000,5000,1.0,late_binding,15.0,15,750000,800000,96,recovery,98,recovery,0,10.8,14.7,18.7,250000,25.0,50000,50000,39837,0,0,0
slowdown_1_5,slowdown_scale,1.5,1.5,dynamic_sensitivity_100d_4pct_hdd,100,44,1000000,5000,1.0,late_binding,15.0,16,800000,850000,96,healthy,98,healthy,0,10.7,14.0,15.5,250000,25.0,50000,50000,40014,0,0,0
slowdown_1_5,slowdown_scale,1.5,1.5,dynamic_sensitivity_100d_4pct_hdd,100,44,1000000,5000,1.0,late_binding,15.0,17,850000,900000,96,healthy,98,healthy,0,10.7,14.0,15.4,250000,25.0,50000,50000,39891,0,0,0
slowdown_1_5,slowdown_scale,1.5,1.5,dynamic_sensitivity_100d_4pct_hdd,100,44,1000000,5000,1.0,late_binding,15.0,18,900000,950000,96,healthy,98,healthy,0,10.7,14.0,15.5,250000,25.0,50000,50000,39817,0,0,0
slowdown_1_5,slowdown_scale,1.5,1.5,dynamic_sensitivity_100d_4pct_hdd,100,44,1000000,5000,1.0,late_binding,15.0,19,950000,1000000,96,healthy,98,healthy,0,10.7,14.0,15.5,250000,25.0,50000,50000,40068,0,0,0
slowdown_1_5,slowdown_scale,1.5,1.5,dynamic_sensitivity_100d_4pct_hdd,100,44,1000000,5000,1.0,timeout_degraded_read,15.0,0,0,50000,96,healthy,98,healthy,0,12.5,16.8,18.8,208033,4.0,8033,8033,184,0,0,0
slowdown_1_5,slowdown_scale,1.5,1.5,dynamic_sensitivity_100d_4pct_hdd,100,44,1000000,5000,1.0,timeout_degraded_read,15.0,1,50000,100000,96,healthy,98,healthy,0,12.5,16.8,18.7,208137,4.1,8137,8137,165,0,0,0
slowdown_1_5,slowdown_scale,1.5,1.5,dynamic_sensitivity_100d_4pct_hdd,100,44,1000000,5000,1.0,timeout_degraded_read,15.0,2,100000,150000,96,healthy,98,healthy,0,12.5,16.8,18.7,208104,4.1,8104,8104,193,0,0,0
slowdown_1_5,slowdown_scale,1.5,1.5,dynamic_sensitivity_100d_4pct_hdd,100,44,1000000,5000,1.0,timeout_degraded_read,15.0,3,150000,200000,96,mild_slow,98,healthy,2,12.6,17.9,29.6,209221,4.6,9221,9221,1561,0,0,0
slowdown_1_5,slowdown_scale,1.5,1.5,dynamic_sensitivity_100d_4pct_hdd,100,44,1000000,5000,1.0,timeout_degraded_read,15.0,4,200000,250000,96,mild_slow,98,healthy,2,12.6,17.8,29.7,209381,4.7,9381,9381,1509,0,0,0
slowdown_1_5,slowdown_scale,1.5,1.5,dynamic_sensitivity_100d_4pct_hdd,100,44,1000000,5000,1.0,timeout_degraded_read,15.0,5,250000,300000,96,mild_slow,98,healthy,2,12.6,17.8,30.2,209161,4.6,9161,9161,1490,0,0,0
slowdown_1_5,slowdown_scale,1.5,1.5,dynamic_sensitivity_100d_4pct_hdd,100,44,1000000,5000,1.0,timeout_degraded_read,15.0,6,300000,350000,96,severe_slow,98,healthy,2,12.6,17.9,73.6,209358,4.7,9358,9358,1627,0,0,0
slowdown_1_5,slowdown_scale,1.5,1.5,dynamic_sensitivity_100d_4pct_hdd,100,44,1000000,5000,1.0,timeout_degraded_read,15.0,7,350000,400000,96,severe_slow,98,healthy,2,12.6,17.8,72.7,209358,4.7,9358,9358,1534,0,0,0
slowdown_1_5,slowdown_scale,1.5,1.5,dynamic_sensitivity_100d_4pct_hdd,100,44,1000000,5000,1.0,timeout_degraded_read,15.0,8,400000,450000,96,severe_slow,98,healthy,2,12.6,17.8,72.7,209351,4.7,9351,9351,1561,0,0,0
slowdown_1_5,slowdown_scale,1.5,1.5,dynamic_sensitivity_100d_4pct_hdd,100,44,1000000,5000,1.0,timeout_degraded_read,15.0,9,450000,500000,96,recovery,98,mild_slow,2,12.6,18.2,30.4,209680,4.8,9680,9680,1567,0,0,0
slowdown_1_5,slowdown_scale,1.5,1.5,dynamic_sensitivity_100d_4pct_hdd,100,44,1000000,5000,1.0,timeout_degraded_read,15.0,10,500000,550000,96,recovery,98,mild_slow,2,12.6,18.4,31.1,209858,4.9,9858,9858,1640,0,0,0
slowdown_1_5,slowdown_scale,1.5,1.5,dynamic_sensitivity_100d_4pct_hdd,100,44,1000000,5000,1.0,timeout_degraded_read,15.0,11,550000,600000,96,healthy,98,severe_slow,2,12.6,18.0,74.9,209426,4.7,9426,9426,1756,0,0,0
slowdown_1_5,slowdown_scale,1.5,1.5,dynamic_sensitivity_100d_4pct_hdd,100,44,1000000,5000,1.0,timeout_degraded_read,15.0,12,600000,650000,96,healthy,98,severe_slow,2,12.6,18.0,75.7,209505,4.8,9505,9505,1752,0,0,0
slowdown_1_5,slowdown_scale,1.5,1.5,dynamic_sensitivity_100d_4pct_hdd,100,44,1000000,5000,1.0,timeout_degraded_read,15.0,13,650000,700000,96,healthy,98,severe_slow,2,12.6,17.9,74.7,209190,4.6,9190,9190,1701,0,0,0
slowdown_1_5,slowdown_scale,1.5,1.5,dynamic_sensitivity_100d_4pct_hdd,100,44,1000000,5000,1.0,timeout_degraded_read,15.0,14,700000,750000,96,mild_slow,98,recovery,2,12.6,18.2,31.2,209572,4.8,9572,9572,1486,0,0,0
slowdown_1_5,slowdown_scale,1.5,1.5,dynamic_sensitivity_100d_4pct_hdd,100,44,1000000,5000,1.0,timeout_degraded_read,15.0,15,750000,800000,96,recovery,98,recovery,0,12.6,17.8,22.2,209535,4.8,9535,9535,625,0,0,0
slowdown_1_5,slowdown_scale,1.5,1.5,dynamic_sensitivity_100d_4pct_hdd,100,44,1000000,5000,1.0,timeout_degraded_read,15.0,16,800000,850000,96,healthy,98,healthy,0,12.5,16.8,18.8,208040,4.0,8040,8040,191,0,0,0
slowdown_1_5,slowdown_scale,1.5,1.5,dynamic_sensitivity_100d_4pct_hdd,100,44,1000000,5000,1.0,timeout_degraded_read,15.0,17,850000,900000,96,healthy,98,healthy,0,12.5,16.8,18.7,208057,4.0,8057,8057,162,0,0,0
slowdown_1_5,slowdown_scale,1.5,1.5,dynamic_sensitivity_100d_4pct_hdd,100,44,1000000,5000,1.0,timeout_degraded_read,15.0,18,900000,950000,96,healthy,98,healthy,0,12.5,16.8,18.8,208090,4.0,8090,8090,175,0,0,0
slowdown_1_5,slowdown_scale,1.5,1.5,dynamic_sensitivity_100d_4pct_hdd,100,44,1000000,5000,1.0,timeout_degraded_read,15.0,19,950000,1000000,96,healthy,98,healthy,0,12.5,16.8,18.8,208183,4.1,8183,8183,197,0,0,0
slowdown_1_5,slowdown_scale,1.5,1.5,dynamic_sensitivity_100d_4pct_hdd,100,44,1000000,5000,1.0,health_ec,15.0,0,0,50000,96,healthy,98,healthy,0,12.5,16.8,18.8,200000,0.0,0,0,0,0,0,0
slowdown_1_5,slowdown_scale,1.5,1.5,dynamic_sensitivity_100d_4pct_hdd,100,44,1000000,5000,1.0,health_ec,15.0,1,50000,100000,96,healthy,98,healthy,0,12.5,16.8,18.7,200000,0.0,0,0,0,0,0,0
slowdown_1_5,slowdown_scale,1.5,1.5,dynamic_sensitivity_100d_4pct_hdd,100,44,1000000,5000,1.0,health_ec,15.0,2,100000,150000,96,healthy,98,healthy,0,12.5,16.8,18.8,200000,0.0,0,0,0,0,0,0
slowdown_1_5,slowdown_scale,1.5,1.5,dynamic_sensitivity_100d_4pct_hdd,100,44,1000000,5000,1.0,health_ec,15.0,3,150000,200000,96,mild_slow,98,healthy,2,12.6,17.5,31.3,200694,0.3,694,694,694,2,2,0
slowdown_1_5,slowdown_scale,1.5,1.5,dynamic_sensitivity_100d_4pct_hdd,100,44,1000000,5000,1.0,health_ec,15.0,4,200000,250000,96,mild_slow,98,healthy,2,12.5,17.4,28.6,200875,0.4,875,875,875,0,0,0
slowdown_1_5,slowdown_scale,1.5,1.5,dynamic_sensitivity_100d_4pct_hdd,100,44,1000000,5000,1.0,health_ec,15.0,5,250000,300000,96,mild_slow,98,healthy,2,12.5,17.4,28.9,200927,0.5,927,927,926,0,0,0
slowdown_1_5,slowdown_scale,1.5,1.5,dynamic_sensitivity_100d_4pct_hdd,100,44,1000000,5000,1.0,health_ec,15.0,6,300000,350000,96,severe_slow,98,healthy,2,12.6,17.6,69.4,201033,0.5,1033,1033,1033,0,0,0
slowdown_1_5,slowdown_scale,1.5,1.5,dynamic_sensitivity_100d_4pct_hdd,100,44,1000000,5000,1.0,health_ec,15.0,7,350000,400000,96,severe_slow,98,healthy,2,12.6,17.5,67.2,201002,0.5,1002,1002,1002,0,0,0
slowdown_1_5,slowdown_scale,1.5,1.5,dynamic_sensitivity_100d_4pct_hdd,100,44,1000000,5000,1.0,health_ec,15.0,8,400000,450000,96,severe_slow,98,healthy,2,12.5,17.6,66.9,201074,0.5,1074,1074,1074,0,0,0
slowdown_1_5,slowdown_scale,1.5,1.5,dynamic_sensitivity_100d_4pct_hdd,100,44,1000000,5000,1.0,health_ec,15.0,9,450000,500000,96,recovery,98,mild_slow,2,12.6,17.7,29.7,201351,0.7,1351,1351,945,4,4,0
slowdown_1_5,slowdown_scale,1.5,1.5,dynamic_sensitivity_100d_4pct_hdd,100,44,1000000,5000,1.0,health_ec,15.0,10,500000,550000,96,recovery,98,mild_slow,2,12.6,17.7,28.4,201266,0.6,1266,1266,1027,0,0,0
slowdown_1_5,slowdown_scale,1.5,1.5,dynamic_sensitivity_100d_4pct_hdd,100,44,1000000,5000,1.0,health_ec,15.0,11,550000,600000,96,healthy,98,severe_slow,2,12.5,17.6,69.5,201202,0.6,1202,1202,1036,0,0,0
slowdown_1_5,slowdown_scale,1.5,1.5,dynamic_sensitivity_100d_4pct_hdd,100,44,1000000,5000,1.0,health_ec,15.0,12,600000,650000,96,healthy,98,severe_slow,2,12.6,17.5,68.4,201115,0.6,1115,1115,1043,0,0,0
slowdown_1_5,slowdown_scale,1.5,1.5,dynamic_sensitivity_100d_4pct_hdd,100,44,1000000,5000,1.0,health_ec,15.0,13,650000,700000,96,healthy,98,severe_slow,2,12.5,17.5,66.8,201057,0.5,1057,1057,1013,0,0,0
slowdown_1_5,slowdown_scale,1.5,1.5,dynamic_sensitivity_100d_4pct_hdd,100,44,1000000,5000,1.0,health_ec,15.0,14,700000,750000,96,mild_slow,98,recovery,2,12.6,17.5,28.9,201363,0.7,1363,1363,1339,0,0,0
slowdown_1_5,slowdown_scale,1.5,1.5,dynamic_sensitivity_100d_4pct_hdd,100,44,1000000,5000,1.0,health_ec,15.0,15,750000,800000,96,recovery,98,recovery,0,12.5,17.2,19.7,201348,0.7,1348,1348,1201,0,0,0
slowdown_1_5,slowdown_scale,1.5,1.5,dynamic_sensitivity_100d_4pct_hdd,100,44,1000000,5000,1.0,health_ec,15.0,16,800000,850000,96,healthy,98,healthy,0,12.5,16.8,18.8,200834,0.4,834,834,655,0,0,0
slowdown_1_5,slowdown_scale,1.5,1.5,dynamic_sensitivity_100d_4pct_hdd,100,44,1000000,5000,1.0,health_ec,15.0,17,850000,900000,96,healthy,98,healthy,0,12.5,16.8,18.8,200327,0.2,327,327,259,0,0,0
slowdown_1_5,slowdown_scale,1.5,1.5,dynamic_sensitivity_100d_4pct_hdd,100,44,1000000,5000,1.0,health_ec,15.0,18,900000,950000,96,healthy,98,healthy,0,12.5,16.8,18.8,200123,0.1,123,123,96,0,0,0
slowdown_1_5,slowdown_scale,1.5,1.5,dynamic_sensitivity_100d_4pct_hdd,100,44,1000000,5000,1.0,health_ec,15.0,19,950000,1000000,96,healthy,98,healthy,0,12.5,16.9,18.9,200066,0.0,66,66,50,0,0,0
