scenario,num_disks,seed,num_reads,num_stripes,zipf_s,policy,timeout_ms,window_id,window_start_read,window_end_read,slow_disk_a_id,slow_disk_a_state,slow_disk_b_id,slow_disk_b_state,active_slow_disks,p50_ms,p95_ms,p99_ms,issued_shard_reads,bandwidth_overhead_pct,parity_reads,proactive_or_degraded_reads,decode_count,migration_triggers,migration_true_positives,migration_false_positives
dynamic_overlap_100d_4pct_hdd,100,42,1000000,5000,1.0,vanilla_ec,15.0,0,0,50000,96,healthy,99,healthy,0,12.5,16.8,18.8,200000,0.0,0,0,0,0,0,0
dynamic_overlap_100d_4pct_hdd,100,42,1000000,5000,1.0,vanilla_ec,15.0,1,50000,100000,96,healthy,99,healthy,0,12.5,16.8,18.9,200000,0.0,0,0,0,0,0,0
dynamic_overlap_100d_4pct_hdd,100,42,1000000,5000,1.0,vanilla_ec,15.0,2,100000,150000,96,healthy,99,healthy,0,12.5,16.8,18.8,200000,0.0,0,0,0,0,0,0
dynamic_overlap_100d_4pct_hdd,100,42,1000000,5000,1.0,vanilla_ec,15.0,3,150000,200000,96,mild_slow,99,healthy,1,12.6,17.6,27.5,200000,0.0,0,0,0,0,0,0
dynamic_overlap_100d_4pct_hdd,100,42,1000000,5000,1.0,vanilla_ec,15.0,4,200000,250000,96,mild_slow,99,healthy,1,12.6,17.6,26.9,200000,0.0,0,0,0,0,0,0
dynamic_overlap_100d_4pct_hdd,100,42,1000000,5000,1.0,vanilla_ec,15.0,5,250000,300000,96,mild_slow,99,healthy,2,12.6,17.8,30.9,200000,0.0,0,0,0,0,0,0
dynamic_overlap_100d_4pct_hdd,100,42,1000000,5000,1.0,vanilla_ec,15.0,6,300000,350000,96,severe_slow,99,healthy,2,12.6,17.9,63.3,200000,0.0,0,0,0,0,0,0
dynamic_overlap_100d_4pct_hdd,100,42,1000000,5000,1.0,vanilla_ec,15.0,7,350000,400000,96,severe_slow,99,healthy,2,12.6,17.9,63.5,200000,0.0,0,0,0,0,0,0
dynamic_overlap_100d_4pct_hdd,100,42,1000000,5000,1.0,vanilla_ec,15.0,8,400000,450000,96,severe_slow,99,healthy,3,12.6,18.7,72.5,200000,0.0,0,0,0,0,0,0
dynamic_overlap_100d_4pct_hdd,100,42,1000000,5000,1.0,vanilla_ec,15.0,9,450000,500000,96,severe_slow,99,healthy,3,12.6,18.6,72.0,200000,0.0,0,0,0,0,0,0
dynamic_overlap_100d_4pct_hdd,100,42,1000000,5000,1.0,vanilla_ec,15.0,10,500000,550000,96,recovery,99,healthy,2,12.6,18.4,62.8,200000,0.0,0,0,0,0,0,0
dynamic_overlap_100d_4pct_hdd,100,42,1000000,5000,1.0,vanilla_ec,15.0,11,550000,600000,96,recovery,99,mild_slow,3,12.6,19.0,74.6,200000,0.0,0,0,0,0,0,0
dynamic_overlap_100d_4pct_hdd,100,42,1000000,5000,1.0,vanilla_ec,15.0,12,600000,650000,96,healthy,99,mild_slow,2,12.6,18.1,64.7,200000,0.0,0,0,0,0,0,0
dynamic_overlap_100d_4pct_hdd,100,42,1000000,5000,1.0,vanilla_ec,15.0,13,650000,700000,96,healthy,99,mild_slow,2,12.6,18.1,64.6,200000,0.0,0,0,0,0,0,0
dynamic_overlap_100d_4pct_hdd,100,42,1000000,5000,1.0,vanilla_ec,15.0,14,700000,750000,96,healthy,99,severe_slow,2,12.6,17.9,72.6,200000,0.0,0,0,0,0,0,0
dynamic_overlap_100d_4pct_hdd,100,42,1000000,5000,1.0,vanilla_ec,15.0,15,750000,800000,96,healthy,99,severe_slow,1,12.6,18.0,64.5,200000,0.0,0,0,0,0,0,0
dynamic_overlap_100d_4pct_hdd,100,42,1000000,5000,1.0,vanilla_ec,15.0,16,800000,850000,96,healthy,99,severe_slow,1,12.6,17.9,64.7,200000,0.0,0,0,0,0,0,0
dynamic_overlap_100d_4pct_hdd,100,42,1000000,5000,1.0,vanilla_ec,15.0,17,850000,900000,96,healthy,99,recovery,0,12.5,17.0,19.3,200000,0.0,0,0,0,0,0,0
dynamic_overlap_100d_4pct_hdd,100,42,1000000,5000,1.0,vanilla_ec,15.0,18,900000,950000,96,healthy,99,healthy,0,12.5,16.8,18.8,200000,0.0,0,0,0,0,0,0
dynamic_overlap_100d_4pct_hdd,100,42,1000000,5000,1.0,vanilla_ec,15.0,19,950000,1000000,96,healthy,99,healthy,0,12.5,16.8,18.9,200000,0.0,0,0,0,0,0,0
dynamic_overlap_100d_4pct_hdd,100,42,1000000,5000,1.0,late_binding,15.0,0,0,50000,96,healthy,99,healthy,0,10.7,14.0,15.4,250000,25.0,50000,50000,39904,0,0,0
dynamic_overlap_100d_4pct_hdd,100,42,1000000,5000,1.0,late_binding,15.0,1,50000,100000,96,healthy,99,healthy,0,10.7,14.0,15.5,250000,25.0,50000,50000,40119,0,0,0
dynamic_overlap_100d_4pct_hdd,100,42,1000000,5000,1.0,late_binding,15.0,2,100000,150000,96,healthy,99,healthy,0,10.7,14.0,15.4,250000,25.0,50000,50000,40024,0,0,0
dynamic_overlap_100d_4pct_hdd,100,42,1000000,5000,1.0,late_binding,15.0,3,150000,200000,96,mild_slow,99,healthy,1,10.8,14.2,15.8,250000,25.0,50000,50000,39663,0,0,0
dynamic_overlap_100d_4pct_hdd,100,42,1000000,5000,1.0,late_binding,15.0,4,200000,250000,96,mild_slow,99,healthy,1,10.8,14.1,15.8,250000,25.0,50000,50000,39746,0,0,0
dynamic_overlap_100d_4pct_hdd,100,42,1000000,5000,1.0,late_binding,15.0,5,250000,300000,96,mild_slow,99,healthy,2,10.8,14.6,21.9,250000,25.0,50000,50000,39888,0,0,0
dynamic_overlap_100d_4pct_hdd,100,42,1000000,5000,1.0,late_binding,15.0,6,300000,350000,96,severe_slow,99,healthy,2,10.8,14.7,27.2,250000,25.0,50000,50000,39718,0,0,0
dynamic_overlap_100d_4pct_hdd,100,42,1000000,5000,1.0,late_binding,15.0,7,350000,400000,96,severe_slow,99,healthy,2,10.8,14.7,27.3,250000,25.0,50000,50000,39746,0,0,0
dynamic_overlap_100d_4pct_hdd,100,42,1000000,5000,1.0,late_binding,15.0,8,400000,450000,96,severe_slow,99,healthy,3,10.8,14.9,51.9,250000,25.0,50000,50000,39879,0,0,0
dynamic_overlap_100d_4pct_hdd,100,42,1000000,5000,1.0,late_binding,15.0,9,450000,500000,96,severe_slow,99,healthy,3,10.8,14.9,51.1,250000,25.0,50000,50000,39871,0,0,0
dynamic_overlap_100d_4pct_hdd,100,42,1000000,5000,1.0,late_binding,15.0,10,500000,550000,96,recovery,99,healthy,2,10.8,14.7,26.7,250000,25.0,50000,50000,40192,0,0,0
dynamic_overlap_100d_4pct_hdd,100,42,1000000,5000,1.0,late_binding,15.0,11,550000,600000,96,recovery,99,mild_slow,3,10.8,15.4,51.5,250000,25.0,50000,50000,39815,0,0,0
dynamic_overlap_100d_4pct_hdd,100,42,1000000,5000,1.0,late_binding,15.0,12,600000,650000,96,healthy,99,mild_slow,2,10.8,15.0,27.4,250000,25.0,50000,50000,40002,0,0,0
dynamic_overlap_100d_4pct_hdd,100,42,1000000,5000,1.0,late_binding,15.0,13,650000,700000,96,healthy,99,mild_slow,2,10.8,14.9,27.4,250000,25.0,50000,50000,39778,0,0,0
dynamic_overlap_100d_4pct_hdd,100,42,1000000,5000,1.0,late_binding,15.0,14,700000,750000,96,healthy,99,severe_slow,2,10.8,14.8,52.0,250000,25.0,50000,50000,39833,0,0,0
dynamic_overlap_100d_4pct_hdd,100,42,1000000,5000,1.0,late_binding,15.0,15,750000,800000,96,healthy,99,severe_slow,1,10.8,14.4,16.8,250000,25.0,50000,50000,40046,0,0,0
dynamic_overlap_100d_4pct_hdd,100,42,1000000,5000,1.0,late_binding,15.0,16,800000,850000,96,healthy,99,severe_slow,1,10.8,14.3,16.8,250000,25.0,50000,50000,39890,0,0,0
dynamic_overlap_100d_4pct_hdd,100,42,1000000,5000,1.0,late_binding,15.0,17,850000,900000,96,healthy,99,recovery,0,10.7,14.0,15.5,250000,25.0,50000,50000,40190,0,0,0
dynamic_overlap_100d_4pct_hdd,100,42,1000000,5000,1.0,late_binding,15.0,18,900000,950000,96,healthy,99,healthy,0,10.7,14.0,15.5,250000,25.0,50000,50000,40025,0,0,0
dynamic_overlap_100d_4pct_hdd,100,42,1000000,5000,1.0,late_binding,15.0,19,950000,1000000,96,healthy,99,healthy,0,10.7,14.0,15.4,250000,25.0,50000,50000,40010,0,0,0
dynamic_overlap_100d_4pct_hdd,100,42,1000000,5000,1.0,timeout_degraded_read,15.0,0,0,50000,96,healthy,99,healthy,0,12.5,16.8,18.7,208081,4.0,8081,8081,182,0,0,0
dynamic_overlap_100d_4pct_hdd,100,42,1000000,5000,1.0,timeout_degraded_read,15.0,1,50000,100000,96,healthy,99,healthy,0,12.5,16.8,18.8,207998,4.0,7998,7998,191,0,0,0
dynamic_overlap_100d_4pct_hdd,100,42,1000000,5000,1.0,timeout_degraded_read,15.0,2,100000,150000,96,healthy,99,healthy,0,12.5,16.8,18.7,208051,4.0,8051,8051,198,0,0,0
dynamic_overlap_100d_4pct_hdd,100,42,1000000,5000,1.0,timeout_degraded_read,15.0,3,150000,200000,96,mild_slow,99,healthy,1,12.6,17.5,23.2,209199,4.6,9199,9199,932,0,0,0
dynamic_overlap_100d_4pct_hdd,100,42,1000000,5000,1.0,timeout_degraded_read,15.0,4,200000,250000,96,mild_slow,99,healthy,1,12.6,17.5,22.7,209139,4.6,9139,9139,864,0,0,0
dynamic_overlap_100d_4pct_hdd,100,42,1000000,5000,1.0,timeout_degraded_read,15.0,5,250000,300000,96,mild_slow,99,healthy,2,12.6,17.7,25.4,209265,4.6,9265,9265,1193,0,0,0
dynamic_overlap_100d_4pct_hdd,100,42,1000000,5000,1.0,timeout_degraded_read,15.0,6,300000,350000,96,severe_slow,99,healthy,2,12.6,17.8,28.6,209225,4.6,9225,9225,1533,0,0,0
dynamic_overlap_100d_4pct_hdd,100,42,1000000,5000,1.0,timeout_degraded_read,15.0,7,350000,400000,96,severe_slow,99,healthy,2,12.6,17.8,28.6,209269,4.6,9269,9269,1534,0,0,0
dynamic_overlap_100d_4pct_hdd,100,42,1000000,5000,1.0,timeout_degraded_read,15.0,8,400000,450000,96,severe_slow,99,healthy,3,12.6,18.5,52.3,209812,4.9,9812,9812,1903,0,0,0
dynamic_overlap_100d_4pct_hdd,100,42,1000000,5000,1.0,timeout_degraded_read,15.0,9,450000,500000,96,severe_slow,99,healthy,3,12.6,18.5,51.8,209708,4.9,9708,9708,1959,0,0,0
dynamic_overlap_100d_4pct_hdd,100,42,1000000,5000,1.0,timeout_degraded_read,15.0,10,500000,550000,96,recovery,99,healthy,2,12.6,18.3,33.1,209647,4.8,9647,9647,1755,0,0,0
dynamic_overlap_100d_4pct_hdd,100,42,1000000,5000,1.0,timeout_degraded_read,15.0,11,550000,600000,96,recovery,99,mild_slow,3,12.6,18.8,53.8,209756,4.9,9756,9756,1836,0,0,0
dynamic_overlap_100d_4pct_hdd,100,42,1000000,5000,1.0,timeout_degraded_read,15.0,12,600000,650000,96,healthy,99,mild_slow,2,12.6,18.0,28.6,209514,4.8,9514,9514,1661,0,0,0
dynamic_overlap_100d_4pct_hdd,100,42,1000000,5000,1.0,timeout_degraded_read,15.0,13,650000,700000,96,healthy,99,mild_slow,2,12.6,18.1,28.7,209515,4.8,9515,9515,1664,0,0,0
dynamic_overlap_100d_4pct_hdd,100,42,1000000,5000,1.0,timeout_degraded_read,15.0,14,700000,750000,96,healthy,99,severe_slow,2,12.6,17.9,52.0,209323,4.7,9323,9323,1632,0,0,0
dynamic_overlap_100d_4pct_hdd,100,42,1000000,5000,1.0,timeout_degraded_read,15.0,15,750000,800000,96,healthy,99,severe_slow,1,12.6,17.9,25.5,209336,4.7,9336,9336,1609,0,0,0
dynamic_overlap_100d_4pct_hdd,100,42,1000000,5000,1.0,timeout_degraded_read,15.0,16,800000,850000,96,healthy,99,severe_slow,1,12.6,17.8,25.4,209271,4.6,9271,9271,1592,0,0,0
dynamic_overlap_100d_4pct_hdd,100,42,1000000,5000,1.0,timeout_degraded_read,15.0,17,850000,900000,96,healthy,99,recovery,0,12.5,17.0,19.2,208507,4.3,8507,8507,268,0,0,0
dynamic_overlap_100d_4pct_hdd,100,42,1000000,5000,1.0,timeout_degraded_read,15.0,18,900000,950000,96,healthy,99,healthy,0,12.5,16.8,18.8,208085,4.0,8085,8085,211,0,0,0
dynamic_overlap_100d_4pct_hdd,100,42,1000000,5000,1.0,timeout_degraded_read,15.0,19,950000,1000000,96,healthy,99,healthy,0,12.5,16.8,18.8,208170,4.1,8170,8170,193,0,0,0
dynamic_overlap_100d_4pct_hdd,100,42,1000000,5000,1.0,health_ec,15.0,0,0,50000,96,healthy,99,healthy,0,12.5,16.8,18.8,200000,0.0,0,0,0,0,0,0
dynamic_overlap_100d_4pct_hdd,100,42,1000000,5000,1.0,health_ec,15.0,1,50000,100000,96,healthy,99,healthy,0,12.5,16.8,18.9,200000,0.0,0,0,0,0,0,0
dynamic_overlap_100d_4pct_hdd,100,42,1000000,5000,1.0,health_ec,15.0,2,100000,150000,96,healthy,99,healthy,0,12.5,16.8,18.8,200000,0.0,0,0,0,0,0,0
dynamic_overlap_100d_4pct_hdd,100,42,1000000,5000,1.0,health_ec,15.0,3,150000,200000,96,mild_slow,99,healthy,1,12.5,17.1,20.5,200539,0.3,539,539,525,1,1,0
dynamic_overlap_100d_4pct_hdd,100,42,1000000,5000,1.0,health_ec,15.0,4,200000,250000,96,mild_slow,99,healthy,1,12.5,17.0,19.5,200774,0.4,774,774,755,0,0,0
dynamic_overlap_100d_4pct_hdd,100,42,1000000,5000,1.0,health_ec,15.0,5,250000,300000,96,mild_slow,99,healthy,2,12.6,17.3,22.3,200842,0.4,842,842,839,1,1,0
dynamic_overlap_100d_4pct_hdd,100,42,1000000,5000,1.0,health_ec,15.0,6,300000,350000,96,severe_slow,99,healthy,2,12.5,17.4,26.5,200944,0.5,944,944,944,0,0,0
dynamic_overlap_100d_4pct_hdd,100,42,1000000,5000,1.0,health_ec,15.0,7,350000,400000,96,severe_slow,99,healthy,2,12.5,17.4,25.8,201042,0.5,1042,1042,1042,0,0,0
dynamic_overlap_100d_4pct_hdd,100,42,1000000,5000,1.0,health_ec,15.0,8,400000,450000,96,severe_slow,99,healthy,3,12.6,17.8,47.6,201478,0.7,1478,1478,1474,1,1,0
dynamic_overlap_100d_4pct_hdd,100,42,1000000,5000,1.0,health_ec,15.0,9,450000,500000,96,severe_slow,99,healthy,3,12.6,17.7,47.3,201639,0.8,1639,1639,1625,0,0,0
dynamic_overlap_100d_4pct_hdd,100,42,1000000,5000,1.0,health_ec,15.0,10,500000,550000,96,recovery,99,healthy,2,12.6,17.2,21.4,201578,0.8,1578,1578,1562,0,0,0
dynamic_overlap_100d_4pct_hdd,100,42,1000000,5000,1.0,health_ec,15.0,11,550000,600000,96,recovery,99,mild_slow,3,12.6,17.8,36.0,201679,0.8,1679,1679,1638,2,2,0
dynamic_overlap_100d_4pct_hdd,100,42,1000000,5000,1.0,health_ec,15.0,12,600000,650000,96,healthy,99,mild_slow,2,12.6,17.4,23.8,201587,0.8,1587,1587,1207,0,0,0
dynamic_overlap_100d_4pct_hdd,100,42,1000000,5000,1.0,health_ec,15.0,13,650000,700000,96,healthy,99,mild_slow,2,12.6,17.4,24.3,201423,0.7,1423,1423,1209,0,0,0
dynamic_overlap_100d_4pct_hdd,100,42,1000000,5000,1.0,health_ec,15.0,14,700000,750000,96,healthy,99,severe_slow,2,12.5,17.4,45.2,201129,0.6,1129,1129,990,1,1,0
dynamic_overlap_100d_4pct_hdd,100,42,1000000,5000,1.0,health_ec,15.0,15,750000,800000,96,healthy,99,severe_slow,1,12.5,16.9,19.1,201081,0.5,1081,1081,1044,0,0,0
dynamic_overlap_100d_4pct_hdd,100,42,1000000,5000,1.0,health_ec,15.0,16,800000,850000,96,healthy,99,severe_slow,1,12.5,17.0,19.2,201015,0.5,1015,1015,999,0,0,0
dynamic_overlap_100d_4pct_hdd,100,42,1000000,5000,1.0,health_ec,15.0,17,850000,900000,96,healthy,99,recovery,0,12.5,16.8,18.9,200878,0.4,878,878,777,0,0,0
dynamic_overlap_100d_4pct_hdd,100,42,1000000,5000,1.0,health_ec,15.0,18,900000,950000,96,healthy,99,healthy,0,12.5,16.8,18.8,200520,0.3,520,520,431,0,0,0
dynamic_overlap_100d_4pct_hdd,100,42,1000000,5000,1.0,health_ec,15.0,19,950000,1000000,96,healthy,99,healthy,0,12.5,16.8,18.9,200306,0.2,306,306,237,0,0,0
dynamic_overlap_100d_4pct_hdd,100,43,1000000,5000,1.0,vanilla_ec,15.0,0,0,50000,96,healthy,99,healthy,0,12.5,16.8,18.8,200000,0.0,0,0,0,0,0,0
dynamic_overlap_100d_4pct_hdd,100,43,1000000,5000,1.0,vanilla_ec,15.0,1,50000,100000,96,healthy,99,healthy,0,12.5,16.8,18.9,200000,0.0,0,0,0,0,0,0
dynamic_overlap_100d_4pct_hdd,100,43,1000000,5000,1.0,vanilla_ec,15.0,2,100000,150000,96,healthy,99,healthy,0,12.5,16.8,18.8,200000,0.0,0,0,0,0,0,0
dynamic_overlap_100d_4pct_hdd,100,43,1000000,5000,1.0,vanilla_ec,15.0,3,150000,200000,96,mild_slow,99,healthy,1,12.6,17.4,26.1,200000,0.0,0,0,0,0,0,0
dynamic_overlap_100d_4pct_hdd,100,43,1000000,5000,1.0,vanilla_ec,15.0,4,200000,250000,96,mild_slow,99,healthy,1,12.6,17.6,27.7,200000,0.0,0,0,0,0,0,0
dynamic_overlap_100d_4pct_hdd,100,43,1000000,5000,1.0,vanilla_ec,15.0,5,250000,300000,96,mild_slow,99,healthy,2,12.6,17.8,31.0,200000,0.0,0,0,0,0,0,0
dynamic_overlap_100d_4pct_hdd,100,43,1000000,5000,1.0,vanilla_ec,15.0,6,300000,350000,96,severe_slow,99,healthy,2,12.6,17.8,63.4,200000,0.0,0,0,0,0,0,0
dynamic_overlap_100d_4pct_hdd,100,43,1000000,5000,1.0,vanilla_ec,15.0,7,350000,400000,96,severe_slow,99,healthy,2,12.6,17.9,63.5,200000,0.0,0,0,0,0,0,0
dynamic_overlap_100d_4pct_hdd,100,43,1000000,5000,1.0,vanilla_ec,15.0,8,400000,450000,96,severe_slow,99,healthy,3,12.6,18.5,71.8,200000,0.0,0,0,0,0,0,0
dynamic_overlap_100d_4pct_hdd,100,43,1000000,5000,1.0,vanilla_ec,15.0,9,450000,500000,96,severe_slow,99,healthy,3,12.6,18.6,72.9,200000,0.0,0,0,0,0,0,0
dynamic_overlap_100d_4pct_hdd,100,43,1000000,5000,1.0,vanilla_ec,15.0,10,500000,550000,96,recovery,99,healthy,2,12.6,18.5,62.0,200000,0.0,0,0,0,0,0,0
dynamic_overlap_100d_4pct_hdd,100,43,1000000,5000,1.0,vanilla_ec,15.0,11,550000,600000,96,recovery,99,mild_slow,3,12.7,19.0,73.7,200000,0.0,0,0,0,0,0,0
dynamic_overlap_100d_4pct_hdd,100,43,1000000,5000,1.0,vanilla_ec,15.0,12,600000,650000,96,healthy,99,mild_slow,2,12.6,18.1,64.5,200000,0.0,0,0,0,0,0,0
dynamic_overlap_100d_4pct_hdd,100,43,1000000,5000,1.0,vanilla_ec,15.0,13,650000,700000,96,healthy,99,mild_slow,2,12.6,18.0,65.6,200000,0.0,0,0,0,0,0,0
dynamic_overlap_100d_4pct_hdd,100,43,1000000,5000,1.0,vanilla_ec,15.0,14,700000,750000,96,healthy,99,severe_slow,2,12.6,17.9,73.4,200000,0.0,0,0,0,0,0,0
dynamic_overlap_100d_4pct_hdd,100,43,1000000,5000,1.0,vanilla_ec,15.0,15,750000,800000,96,healthy,99,severe_slow,1,12.6,18.0,64.1,200000,0.0,0,0,0,0,0,0
dynamic_overlap_100d_4pct_hdd,100,43,1000000,5000,1.0,vanilla_ec,15.0,16,800000,850000,96,healthy,99,severe_slow,1,12.6,18.0,63.5,200000,0.0,0,0,0,0,0,0
dynamic_overlap_100d_4pct_hdd,100,43,1000000,5000,1.0,vanilla_ec,15.0,17,850000,900000,96,healthy,99,recovery,0,12.5,17.0,19.2,200000,0.0,0,0,0,0,0,0
dynamic_overlap_100d_4pct_hdd,100,43,1000000,5000,1.0,vanilla_ec,15.0,18,900000,950000,96,healthy,99,healthy,0,12.5,16.8,18.9,200000,0.0,0,0,0,0,0,0
dynamic_overlap_100d_4pct_hdd,100,43,1000000,5000,1.0,vanilla_ec,15.0,19,950000,1000000,96,healthy,99,healthy,0,12.5,16.8,18.7,200000,0.0,0,0,0,0,0,0
dynamic_overlap_100d_4pct_hdd,100,43,1000000,5000,1.0,late_binding,15.0,0,0,50000,96,healthy,99,healthy,0,10.7,14.0,15.4,250000,25.0,50000,50000,39871,0,0,0
dynamic_overlap_100d_4pct_hdd,100,43,1000000,5000,1.0,late_binding,15.0,1,50000,100000,96,healthy,99,healthy,0,10.7,14.0,15.4,250000,25.0,50000,50000,40011,0,0,0
dynamic_overlap_100d_4pct_hdd,100,43,1000000,5000,1.0,late_binding,15.0,2,100000,150000,96,healthy,99,healthy,0,10.7,14.0,15.4,250000,25.0,50000,50000,40100,0,0,0
dynamic_overlap_100d_4pct_hdd,100,43,1000000,5000,1.0,late_binding,15.0,3,150000,200000,96,mild_slow,99,healthy,1,10.7,14.2,15.7,250000,25.0,50000,50000,39656,0,0,0
dynamic_overlap_100d_4pct_hdd,100,43,1000000,5000,1.0,late_binding,15.0,4,200000,250000,96,mild_slow,99,healthy,1,10.7,14.2,15.8,250000,25.0,50000,50000,39745,0,0,0
dynamic_overlap_100d_4pct_hdd,100,43,1000000,5000,1.0,late_binding,15.0,5,250000,300000,96,mild_slow,99,healthy,2,10.8,14.6,22.3,250000,25.0,50000,50000,39831,0,0,0
dynamic_overlap_100d_4pct_hdd,100,43,1000000,5000,1.0,late_binding,15.0,6,300000,350000,96,severe_slow,99,healthy,2,10.8,14.7,26.4,250000,25.0,50000,50000,39772,0,0,0
dynamic_overlap_100d_4pct_hdd,100,43,1000000,5000,1.0,late_binding,15.0,7,350000,400000,96,severe_slow,99,healthy,2,10.8,14.7,26.9,250000,25.0,50000,50000,39832,0,0,0
dynamic_overlap_100d_4pct_hdd,100,43,1000000,5000,1.0,late_binding,15.0,8,400000,450000,96,severe_slow,99,healthy,3,10.8,14.9,50.8,250000,25.0,50000,50000,39786,0,0,0
dynamic_overlap_100d_4pct_hdd,100,43,1000000,5000,1.0,late_binding,15.0,9,450000,500000,96,severe_slow,99,healthy,3,10.8,15.0,51.6,250000,25.0,50000,50000,39972,0,0,0
dynamic_overlap_100d_4pct_hdd,100,43,1000000,5000,1.0,late_binding,15.0,10,500000,550000,96,recovery,99,healthy,2,10.8,14.8,26.9,250000,25.0,50000,50000,40084,0,0,0
dynamic_overlap_100d_4pct_hdd,100,43,1000000,5000,1.0,late_binding,15.0,11,550000,600000,96,recovery,99,mild_slow,3,10.8,15.5,52.4,250000,25.0,50000,50000,39976,0,0,0
dynamic_overlap_100d_4pct_hdd,100,43,1000000,5000,1.0,late_binding,15.0,12,600000,650000,96,healthy,99,mild_slow,2,10.8,15.0,27.0,250000,25.0,50000,50000,39828,0,0,0
dynamic_overlap_100d_4pct_hdd,100,43,1000000,5000,1.0,late_binding,15.0,13,650000,700000,96,healthy,99,mild_slow,2,10.8,14.9,27.2,250000,25.0,50000,50000,40115,0,0,0
dynamic_overlap_100d_4pct_hdd,100,43,1000000,5000,1.0,late_binding,15.0,14,700000,750000,96,healthy,99,severe_slow,2,10.8,14.9,52.1,250000,25.0,50000,50000,39810,0,0,0
dynamic_overlap_100d_4pct_hdd,100,43,1000000,5000,1.0,late_binding,15.0,15,750000,800000,96,healthy,99,severe_slow,1,10.8,14.4,16.8,250000,25.0,50000,50000,40002,0,0,0
dynamic_overlap_100d_4pct_hdd,100,43,1000000,5000,1.0,late_binding,15.0,16,800000,850000,96,healthy,99,severe_slow,1,10.8,14.4,16.9,250000,25.0,50000,50000,39997,0,0,0
dynamic_overlap_100d_4pct_hdd,100,43,1000000,5000,1.0,late_binding,15.0,17,850000,900000,96,healthy,99,recovery,0,10.7,14.0,15.5,250000,25.0,50000,50000,40178,0,0,0
dynamic_overlap_100d_4pct_hdd,100,43,1000000,5000,1.0,late_binding,15.0,18,900000,950000,96,healthy,99,healthy,0,10.7,14.0,15.4,250000,25.0,50000,50000,39985,0,0,0
dynamic_overlap_100d_4pct_hdd,100,43,1000000,5000,1.0,late_binding,15.0,19,950000,1000000,96,healthy,99,healthy,0,10.7,14.0,15.4,250000,25.0,50000,50000,39872,0,0,0
dynamic_overlap_100d_4pct_hdd,100,43,1000000,5000,1.0,timeout_degraded_read,15.0,0,0,50000,96,healthy,99,healthy,0,12.5,16.8,18.7,208102,4.1,8102,8102,165,0,0,0
dynamic_overlap_100d_4pct_hdd,100,43,1000000,5000,1.0,timeout_degraded_read,15.0,1,50000,100000,96,healthy,99,healthy,0,12.5,16.8,18.8,208123,4.1,8123,8123,169,0,0,0
dynamic_overlap_100d_4pct_hdd,100,43,1000000,5000,1.0,timeout_degraded_read,15.0,2,100000,150000,96,healthy,99,healthy,0,12.5,16.8,18.7,208110,4.1,8110,8110,198,0,0,0
dynamic_overlap_100d_4pct_hdd,100,43,1000000,5000,1.0,timeout_degraded_read,15.0,3,150000,200000,96,mild_slow,99,healthy,1,12.6,17.4,22.4,209098,4.5,9098,9098,797,0,0,0
dynamic_overlap_100d_4pct_hdd,100,43,1000000,5000,1.0,timeout_degraded_read,15.0,4,200000,250000,96,mild_slow,99,healthy,1,12.6,17.6,23.0,209181,4.6,9181,9181,947,0,0,0
dynamic_overlap_100d_4pct_hdd,100,43,1000000,5000,1.0,timeout_degraded_read,15.0,5,250000,300000,96,mild_slow,99,healthy,2,12.6,17.8,25.5,209346,4.7,9346,9346,1202,0,0,0
dynamic_overlap_100d_4pct_hdd,100,43,1000000,5000,1.0,timeout_degraded_read,15.0,6,300000,350000,96,severe_slow,99,healthy,2,12.6,17.7,28.2,209216,4.6,9216,9216,1553,0,0,0
dynamic_overlap_100d_4pct_hdd,100,43,1000000,5000,1.0,timeout_degraded_read,15.0,7,350000,400000,96,severe_slow,99,healthy,2,12.6,17.8,28.6,209308,4.7,9308,9308,1618,0,0,0
dynamic_overlap_100d_4pct_hdd,100,43,1000000,5000,1.0,timeout_degraded_read,15.0,8,400000,450000,96,severe_slow,99,healthy,3,12.6,18.4,51.0,209624,4.8,9624,9624,1892,0,0,0
dynamic_overlap_100d_4pct_hdd,100,43,1000000,5000,1.0,timeout_degraded_read,15.0,9,450000,500000,96,severe_slow,99,healthy,3,12.6,18.5,52.1,209911,5.0,9911,9911,1914,0,0,0
dynamic_overlap_100d_4pct_hdd,100,43,1000000,5000,1.0,timeout_degraded_read,15.0,10,500000,550000,96,recovery,99,healthy,2,12.6,18.4,32.6,209749,4.9,9749,9749,1822,0,0,0
dynamic_overlap_100d_4pct_hdd,100,43,1000000,5000,1.0,timeout_degraded_read,15.0,11,550000,600000,96,recovery,99,mild_slow,3,12.7,18.9,55.4,209870,4.9,9870,9870,1878,0,0,0
dynamic_overlap_100d_4pct_hdd,100,43,1000000,5000,1.0,timeout_degraded_read,15.0,12,600000,650000,96,healthy,99,mild_slow,2,12.6,18.1,28.4,209511,4.8,9511,9511,1648,0,0,0
dynamic_overlap_100d_4pct_hdd,100,43,1000000,5000,1.0,timeout_degraded_read,15.0,13,650000,700000,96,healthy,99,mild_slow,2,12.6,18.0,28.9,209542,4.8,9542,9542,1636,0,0,0
dynamic_overlap_100d_4pct_hdd,100,43,1000000,5000,1.0,timeout_degraded_read,15.0,14,700000,750000,96,healthy,99,severe_slow,2,12.6,17.9,52.1,209437,4.7,9437,9437,1679,0,0,0
dynamic_overlap_100d_4pct_hdd,100,43,1000000,5000,1.0,timeout_degraded_read,15.0,15,750000,800000,96,healthy,99,severe_slow,1,12.6,17.9,25.5,209486,4.7,9486,9486,1591,0,0,0
dynamic_overlap_100d_4pct_hdd,100,43,1000000,5000,1.0,timeout_degraded_read,15.0,16,800000,850000,96,healthy,99,severe_slow,1,12.6,17.8,25.6,209379,4.7,9379,9379,1616,0,0,0
dynamic_overlap_100d_4pct_hdd,100,43,1000000,5000,1.0,timeout_degraded_read,15.0,17,850000,900000,96,healthy,99,recovery,0,12.5,17.0,19.1,208501,4.3,8501,8501,246,0,0,0
dynamic_overlap_100d_4pct_hdd,100,43,1000000,5000,1.0,timeout_degraded_read,15.0,18,900000,950000,96,healthy,99,healthy,0,12.5,16.8,18.8,208094,4.0,8094,8094,194,0,0,0
dynamic_overlap_100d_4pct_hdd,100,43,1000000,5000,1.0,timeout_degraded_read,15.0,19,950000,1000000,96,healthy,99,healthy,0,12.5,16.7,18.7,207918,4.0,7918,7918,220,0,0,0
dynamic_overlap_100d_4pct_hdd,100,43,1000000,5000,1.0,health_ec,15.0,0,0,50000,96,healthy,99,healthy,0,12.5,16.8,18.8,200000,0.0,0,0,0,0,0,0
dynamic_overlap_100d_4pct_hdd,100,43,1000000,5000,1.0,health_ec,15.0,1,50000,100000,96,healthy,99,healthy,0,12.5,16.8,18.9,200000,0.0,0,0,0,0,0,0
dynamic_overlap_100d_4pct_hdd,100,43,1000000,5000,1.0,health_ec,15.0,2,100000,150000,96,healthy,99,healthy,0,12.5,16.8,18.8,200000,0.0,0,0,0,0,0,0
dynamic_overlap_100d_4pct_hdd,100,43,1000000,5000,1.0,health_ec,15.0,3,150000,200000,96,mild_slow,99,healthy,1,12.5,17.0,20.6,200409,0.2,409,409,398,1,1,0
dynamic_overlap_100d_4pct_hdd,100,43,1000000,5000,1.0,health_ec,15.0,4,200000,250000,96,mild_slow,99,healthy,1,12.5,17.0,19.6,200754,0.4,754,754,738,0,0,0
dynamic_overlap_100d_4pct_hdd,100,43,1000000,5000,1.0,health_ec,15.0,5,250000,300000,96,mild_slow,99,healthy,2,12.6,17.4,22.9,200862,0.4,862,862,860,1,1,0
dynamic_overlap_100d_4pct_hdd,100,43,1000000,5000,1.0,health_ec,15.0,6,300000,350000,96,severe_slow,99,healthy,2,12.5,17.3,25.9,200945,0.5,945,945,945,0,0,0
dynamic_overlap_100d_4pct_hdd,100,43,1000000,5000,1.0,health_ec,15.0,7,350000,400000,96,severe_slow,99,healthy,2,12.6,17.3,25.5,201052,0.5,1052,1052,1052,0,0,0
dynamic_overlap_100d_4pct_hdd,100,43,1000000,5000,1.0,health_ec,15.0,8,400000,450000,96,severe_slow,99,healthy,3,12.6,17.7,47.8,201408,0.7,1408,1408,1401,1,1,0
dynamic_overlap_100d_4pct_hdd,100,43,1000000,5000,1.0,health_ec,15.0,9,450000,500000,96,severe_slow,99,healthy,3,12.6,17.7,47.3,201531,0.8,1531,1531,1522,0,0,0
dynamic_overlap_100d_4pct_hdd,100,43,1000000,5000,1.0,health_ec,15.0,10,500000,550000,96,recovery,99,healthy,2,12.6,17.2,21.3,201615,0.8,1615,1615,1606,0,0,0
dynamic_overlap_100d_4pct_hdd,100,43,1000000,5000,1.0,health_ec,15.0,11,550000,600000,96,recovery,99,mild_slow,3,12.6,17.8,36.8,201742,0.9,1742,1742,1699,2,2,0
dynamic_overlap_100d_4pct_hdd,100,43,1000000,5000,1.0,health_ec,15.0,12,600000,650000,96,healthy,99,mild_slow,2,12.5,17.4,24.3,201598,0.8,1598,1598,1251,0,0,0
dynamic_overlap_100d_4pct_hdd,100,43,1000000,5000,1.0,health_ec,15.0,13,650000,700000,96,healthy,99,mild_slow,2,12.6,17.4,24.4,201465,0.7,1465,1465,1206,0,0,0
dynamic_overlap_100d_4pct_hdd,100,43,1000000,5000,1.0,health_ec,15.0,14,700000,750000,96,healthy,99,severe_slow,2,12.6,17.5,46.7,201196,0.6,1196,1196,1034,1,1,0
dynamic_overlap_100d_4pct_hdd,100,43,1000000,5000,1.0,health_ec,15.0,15,750000,800000,96,healthy,99,severe_slow,1,12.5,16.9,19.2,201081,0.5,1081,1081,1025,0,0,0
dynamic_overlap_100d_4pct_hdd,100,43,1000000,5000,1.0,health_ec,15.0,16,800000,850000,96,healthy,99,severe_slow,1,12.5,16.9,19.2,201058,0.5,1058,1058,1040,0,0,0
dynamic_overlap_100d_4pct_hdd,100,43,1000000,5000,1.0,health_ec,15.0,17,850000,900000,96,healthy,99,recovery,0,12.5,16.8,18.9,200877,0.4,877,877,773,0,0,0
dynamic_overlap_100d_4pct_hdd,100,43,1000000,5000,1.0,health_ec,15.0,18,900000,950000,96,healthy,99,healthy,0,12.5,16.8,18.8,200544,0.3,544,544,459,0,0,0
dynamic_overlap_100d_4pct_hdd,100,43,1000000,5000,1.0,health_ec,15.0,19,950000,1000000,96,healthy,99,healthy,0,12.5,16.8,18.7,200307,0.2,307,307,257,0,0,0
dynamic_overlap_100d_4pct_hdd,100,44,1000000,5000,1.0,vanilla_ec,15.0,0,0,50000,96,healthy,99,healthy,0,12.5,16.8,18.8,200000,0.0,0,0,0,0,0,0
dynamic_overlap_100d_4pct_hdd,100,44,1000000,5000,1.0,vanilla_ec,15.0,1,50000,100000,96,healthy,99,healthy,0,12.5,16.8,18.7,200000,0.0,0,0,0,0,0,0
dynamic_overlap_100d_4pct_hdd,100,44,1000000,5000,1.0,vanilla_ec,15.0,2,100000,150000,96,healthy,99,healthy,0,12.5,16.8,18.8,200000,0.0,0,0,0,0,0,0
dynamic_overlap_100d_4pct_hdd,100,44,1000000,5000,1.0,vanilla_ec,15.0,3,150000,200000,96,mild_slow,99,healthy,1,12.6,17.7,27.0,200000,0.0,0,0,0,0,0,0
dynamic_overlap_100d_4pct_hdd,100,44,1000000,5000,1.0,vanilla_ec,15.0,4,200000,250000,96,mild_slow,99,healthy,1,12.6,17.6,27.3,200000,0.0,0,0,0,0,0,0
dynamic_overlap_100d_4pct_hdd,100,44,1000000,5000,1.0,vanilla_ec,15.0,5,250000,300000,96,mild_slow,99,healthy,2,12.6,17.8,31.2,200000,0.0,0,0,0,0,0,0
dynamic_overlap_100d_4pct_hdd,100,44,1000000,5000,1.0,vanilla_ec,15.0,6,300000,350000,96,severe_slow,99,healthy,2,12.6,17.9,63.4,200000,0.0,0,0,0,0,0,0
dynamic_overlap_100d_4pct_hdd,100,44,1000000,5000,1.0,vanilla_ec,15.0,7,350000,400000,96,severe_slow,99,healthy,2,12.6,17.9,63.0,200000,0.0,0,0,0,0,0,0
dynamic_overlap_100d_4pct_hdd,100,44,1000000,5000,1.0,vanilla_ec,15.0,8,400000,450000,96,severe_slow,99,healthy,3,12.6,18.5,72.4,200000,0.0,0,0,0,0,0,0
dynamic_overlap_100d_4pct_hdd,100,44,1000000,5000,1.0,vanilla_ec,15.0,9,450000,500000,96,severe_slow,99,healthy,3,12.6,18.5,72.3,200000,0.0,0,0,0,0,0,0
dynamic_overlap_100d_4pct_hdd,100,44,1000000,5000,1.0,vanilla_ec,15.0,10,500000,550000,96,recovery,99,healthy,2,12.6,18.7,63.0,200000,0.0,0,0,0,0,0,0
dynamic_overlap_100d_4pct_hdd,100,44,1000000,5000,1.0,vanilla_ec,15.0,11,550000,600000,96,recovery,99,mild_slow,3,12.6,19.0,73.2,200000,0.0,0,0,0,0,0,0
dynamic_overlap_100d_4pct_hdd,100,44,1000000,5000,1.0,vanilla_ec,15.0,12,600000,650000,96,healthy,99,mild_slow,2,12.6,18.1,65.2,200000,0.0,0,0,0,0,0,0
dynamic_overlap_100d_4pct_hdd,100,44,1000000,5000,1.0,vanilla_ec,15.0,13,650000,700000,96,healthy,99,mild_slow,2,12.6,18.1,65.2,200000,0.0,0,0,0,0,0,0
dynamic_overlap_100d_4pct_hdd,100,44,1000000,5000,1.0,vanilla_ec,15.0,14,700000,750000,96,healthy,99,severe_slow,2,12.6,17.9,72.4,200000,0.0,0,0,0,0,0,0
dynamic_overlap_100d_4pct_hdd,100,44,1000000,5000,1.0,vanilla_ec,15.0,15,750000,800000,96,healthy,99,severe_slow,1,12.6,17.9,63.4,200000,0.0,0,0,0,0,0,0
dynamic_overlap_100d_4pct_hdd,100,44,1000000,5000,1.0,vanilla_ec,15.0,16,800000,850000,96,healthy,99,severe_slow,1,12.6,18.0,63.2,200000,0.0,0,0,0,0,0,0
dynamic_overlap_100d_4pct_hdd,100,44,1000000,5000,1.0,vanilla_ec,15.0,17,850000,900000,96,healthy,99,recovery,0,12.5,17.0,19.3,200000,0.0,0,0,0,0,0,0
dynamic_overlap_100d_4pct_hdd,100,44,1000000,5000,1.0,vanilla_ec,15.0,18,900000,950000,96,healthy,99,healthy,0,12.5,16.9,18.8,200000,0.0,0,0,0,0,0,0
dynamic_overlap_100d_4pct_hdd,100,44,1000000,5000,1.0,vanilla_ec,15.0,19,950000,1000000,96,healthy,99,healthy,0,12.5,16.9,18.9,200000,0.0,0,0,0,0,0,0
dynamic_overlap_100d_4pct_hdd,100,44,1000000,5000,1.0,late_binding,15.0,0,0,50000,96,healthy,99,healthy,0,10.7,14.0,15.4,250000,25.0,50000,50000,39978,0,0,0
dynamic_overlap_100d_4pct_hdd,100,44,1000000,5000,1.0,late_binding,15.0,1,50000,100000,96,healthy,99,healthy,0,10.7,14.0,15.4,250000,25.0,50000,50000,40008,0,0,0
dynamic_overlap_100d_4pct_hdd,100,44,1000000,5000,1.0,late_binding,15.0,2,100000,150000,96,healthy,99,healthy,0,10.7,14.0,15.5,250000,25.0,50000,50000,39927,0,0,0
dynamic_overlap_100d_4pct_hdd,100,44,1000000,5000,1.0,late_binding,15.0,3,150000,200000,96,mild_slow,99,healthy,1,10.8,14.2,15.8,250000,25.0,50000,50000,39912,0,0,0
dynamic_overlap_100d_4pct_hdd,100,44,1000000,5000,1.0,late_binding,15.0,4,200000,250000,96,mild_slow,99,healthy,1,10.8,14.2,15.8,250000,25.0,50000,50000,39909,0,0,0
dynamic_overlap_100d_4pct_hdd,100,44,1000000,5000,1.0,late_binding,15.0,5,250000,300000,96,mild_slow,99,healthy,2,10.8,14.6,22.7,250000,25.0,50000,50000,39804,0,0,0
dynamic_overlap_100d_4pct_hdd,100,44,1000000,5000,1.0,late_binding,15.0,6,300000,350000,96,severe_slow,99,healthy,2,10.8,14.8,26.7,250000,25.0,50000,50000,39718,0,0,0
dynamic_overlap_100d_4pct_hdd,100,44,1000000,5000,1.0,late_binding,15.0,7,350000,400000,96,severe_slow,99,healthy,2,10.8,14.7,26.6,250000,25.0,50000,50000,39657,0,0,0
dynamic_overlap_100d_4pct_hdd,100,44,1000000,5000,1.0,late_binding,15.0,8,400000,450000,96,severe_slow,99,healthy,3,10.8,15.0,51.2,250000,25.0,50000,50000,39857,0,0,0
dynamic_overlap_100d_4pct_hdd,100,44,1000000,5000,1.0,late_binding,15.0,9,450000,500000,96,severe_slow,99,healthy,3,10.8,14.9,50.7,250000,25.0,50000,50000,40003,0,0,0
dynamic_overlap_100d_4pct_hdd,100,44,1000000,5000,1.0,late_binding,15.0,10,500000,550000,96,recovery,99,healthy,2,10.8,14.8,27.1,250000,25.0,50000,50000,40135,0,0,0
dynamic_overlap_100d_4pct_hdd,100,44,1000000,5000,1.0,late_binding,15.0,11,550000,600000,96,recovery,99,mild_slow,3,10.8,15.4,51.8,250000,25.0,50000,50000,39932,0,0,0
dynamic_overlap_100d_4pct_hdd,100,44,1000000,5000,1.0,late_binding,15.0,12,600000,650000,96,healthy,99,mild_slow,2,10.8,15.0,27.6,250000,25.0,50000,50000,39862,0,0,0
dynamic_overlap_100d_4pct_hdd,100,44,1000000,5000,1.0,late_binding,15.0,13,650000,700000,96,healthy,99,mild_slow,2,10.8,15.0,27.6,250000,25.0,50000,50000,39737,0,0,0
dynamic_overlap_100d_4pct_hdd,100,44,1000000,5000,1.0,late_binding,15.0,14,700000,750000,96,healthy,99,severe_slow,2,10.8,14.9,51.7,250000,25.0,50000,50000,39944,0,0,0
dynamic_overlap_100d_4pct_hdd,100,44,1000000,5000,1.0,late_binding,15.0,15,750000,800000,96,healthy,99,severe_slow,1,10.8,14.4,16.7,250000,25.0,50000,50000,40032,0,0,0
dynamic_overlap_100d_4pct_hdd,100,44,1000000,5000,1.0,late_binding,15.0,16,800000,850000,96,healthy,99,severe_slow,1,10.7,14.4,16.7,250000,25.0,50000,50000,40125,0,0,0
dynamic_overlap_100d_4pct_hdd,100,44,1000000,5000,1.0,late_binding,15.0,17,850000,900000,96,healthy,99,recovery,0,10.7,14.0,15.5,250000,25.0,50000,50000,40047,0,0,0
dynamic_overlap_100d_4pct_hdd,100,44,1000000,5000,1.0,late_binding,15.0,18,900000,950000,96,healthy,99,healthy,0,10.7,14.0,15.5,250000,25.0,50000,50000,39817,0,0,0
dynamic_overlap_100d_4pct_hdd,100,44,1000000,5000,1.0,late_binding,15.0,19,950000,1000000,96,healthy,99,healthy,0,10.7,14.0,15.5,250000,25.0,50000,50000,40068,0,0,0
dynamic_overlap_100d_4pct_hdd,100,44,1000000,5000,1.0,timeout_degraded_read,15.0,0,0,50000,96,healthy,99,healthy,0,12.5,16.8,18.8,208033,4.0,8033,8033,184,0,0,0
dynamic_overlap_100d_4pct_hdd,100,44,1000000,5000,1.0,timeout_degraded_read,15.0,1,50000,100000,96,healthy,99,healthy,0,12.5,16.8,18.7,208137,4.1,8137,8137,165,0,0,0
dynamic_overlap_100d_4pct_hdd,100,44,1000000,5000,1.0,timeout_degraded_read,15.0,2,100000,150000,96,healthy,99,healthy,0,12.5,16.8,18.7,208104,4.1,8104,8104,193,0,0,0
dynamic_overlap_100d_4pct_hdd,100,44,1000000,5000,1.0,timeout_degraded_read,15.0,3,150000,200000,96,mild_slow,99,healthy,1,12.6,17.6,22.8,209052,4.5,9052,9052,894,0,0,0
dynamic_overlap_100d_4pct_hdd,100,44,1000000,5000,1.0,timeout_degraded_read,15.0,4,200000,250000,96,mild_slow,99,healthy,1,12.6,17.5,22.9,209207,4.6,9207,9207,887,0,0,0
dynamic_overlap_100d_4pct_hdd,100,44,1000000,5000,1.0,timeout_degraded_read,15.0,5,250000,300000,96,mild_slow,99,healthy,2,12.6,17.7,25.6,209151,4.6,9151,9151,1211,0,0,0
dynamic_overlap_100d_4pct_hdd,100,44,1000000,5000,1.0,timeout_degraded_read,15.0,6,300000,350000,96,severe_slow,99,healthy,2,12.6,17.9,28.5,209357,4.7,9357,9357,1593,0,0,0
dynamic_overlap_100d_4pct_hdd,100,44,1000000,5000,1.0,timeout_degraded_read,15.0,7,350000,400000,96,severe_slow,99,healthy,2,12.6,17.8,28.3,209355,4.7,9355,9355,1505,0,0,0
dynamic_overlap_100d_4pct_hdd,100,44,1000000,5000,1.0,timeout_degraded_read,15.0,8,400000,450000,96,severe_slow,99,healthy,3,12.6,18.4,51.4,209814,4.9,9814,9814,1839,0,0,0
dynamic_overlap_100d_4pct_hdd,100,44,1000000,5000,1.0,timeout_degraded_read,15.0,9,450000,500000,96,severe_slow,99,healthy,3,12.6,18.4,51.2,209729,4.9,9729,9729,1858,0,0,0
dynamic_overlap_100d_4pct_hdd,100,44,1000000,5000,1.0,timeout_degraded_read,15.0,10,500000,550000,96,recovery,99,healthy,2,12.6,18.5,33.4,209898,4.9,9898,9898,1847,0,0,0
dynamic_overlap_100d_4pct_hdd,100,44,1000000,5000,1.0,timeout_degraded_read,15.0,11,550000,600000,96,recovery,99,mild_slow,3,12.6,19.0,54.6,209880,4.9,9880,9880,1880,0,0,0
dynamic_overlap_100d_4pct_hdd,100,44,1000000,5000,1.0,timeout_degraded_read,15.0,12,600000,650000,96,healthy,99,mild_slow,2,12.6,18.0,29.1,209664,4.8,9664,9664,1720,0,0,0
dynamic_overlap_100d_4pct_hdd,100,44,1000000,5000,1.0,timeout_degraded_read,15.0,13,650000,700000,96,healthy,99,mild_slow,2,12.6,18.0,28.8,209349,4.7,9349,9349,1671,0,0,0
dynamic_overlap_100d_4pct_hdd,100,44,1000000,5000,1.0,timeout_degraded_read,15.0,14,700000,750000,96,healthy,99,severe_slow,2,12.6,17.9,51.7,209237,4.6,9237,9237,1660,0,0,0
dynamic_overlap_100d_4pct_hdd,100,44,1000000,5000,1.0,timeout_degraded_read,15.0,15,750000,800000,96,healthy,99,severe_slow,1,12.6,17.8,25.1,209309,4.7,9309,9309,1573,0,0,0
dynamic_overlap_100d_4pct_hdd,100,44,1000000,5000,1.0,timeout_degraded_read,15.0,16,800000,850000,96,healthy,99,severe_slow,1,12.6,17.9,25.5,209283,4.6,9283,9283,1626,0,0,0
dynamic_overlap_100d_4pct_hdd,100,44,1000000,5000,1.0,timeout_degraded_read,15.0,17,850000,900000,96,healthy,99,recovery,0,12.5,17.0,19.2,208470,4.2,8470,8470,232,0,0,0
dynamic_overlap_100d_4pct_hdd,100,44,1000000,5000,1.0,timeout_degraded_read,15.0,18,900000,950000,96,healthy,99,healthy,0,12.5,16.8,18.8,208090,4.0,8090,8090,175,0,0,0
dynamic_overlap_100d_4pct_hdd,100,44,1000000,5000,1.0,timeout_degraded_read,15.0,19,950000,1000000,96,healthy,99,healthy,0,12.5,16.8,18.8,208183,4.1,8183,8183,197,0,0,0
dynamic_overlap_100d_4pct_hdd,100,44,1000000,5000,1.0,health_ec,15.0,0,0,50000,96,healthy,99,healthy,0,12.5,16.8,18.8,200000,0.0,0,0,0,0,0,0
dynamic_overlap_100d_4pct_hdd,100,44,1000000,5000,1.0,health_ec,15.0,1,50000,100000,96,healthy,99,healthy,0,12.5,16.8,18.7,200000,0.0,0,0,0,0,0,0
dynamic_overlap_100d_4pct_hdd,100,44,1000000,5000,1.0,health_ec,15.0,2,100000,150000,96,healthy,99,healthy,0,12.5,16.8,18.8,200000,0.0,0,0,0,0,0,0
dynamic_overlap_100d_4pct_hdd,100,44,1000000,5000,1.0,health_ec,15.0,3,150000,200000,96,mild_slow,99,healthy,1,12.5,17.2,20.5,200533,0.3,533,533,523,1,1,0
dynamic_overlap_100d_4pct_hdd,100,44,1000000,5000,1.0,health_ec,15.0,4,200000,250000,96,mild_slow,99,healthy,1,12.5,17.0,19.4,200755,0.4,755,755,737,0,0,0
dynamic_overlap_100d_4pct_hdd,100,44,1000000,5000,1.0,health_ec,15.0,5,250000,300000,96,mild_slow,99,healthy,2,12.5,17.3,23.0,200829,0.4,829,829,826,1,1,0
dynamic_overlap_100d_4pct_hdd,100,44,1000000,5000,1.0,health_ec,15.0,6,300000,350000,96,severe_slow,99,healthy,2,12.6,17.4,26.2,200972,0.5,972,972,972,0,0,0
dynamic_overlap_100d_4pct_hdd,100,44,1000000,5000,1.0,health_ec,15.0,7,350000,400000,96,severe_slow,99,healthy,2,12.6,17.4,24.8,200979,0.5,979,979,978,0,0,0
dynamic_overlap_100d_4pct_hdd,100,44,1000000,5000,1.0,health_ec,15.0,8,400000,450000,96,severe_slow,99,healthy,3,12.6,17.8,47.3,201414,0.7,1414,1414,1407,1,1,0
dynamic_overlap_100d_4pct_hdd,100,44,1000000,5000,1.0,health_ec,15.0,9,450000,500000,96,severe_slow,99,healthy,3,12.6,17.5,46.5,201536,0.8,1536,1536,1524,0,0,0
dynamic_overlap_100d_4pct_hdd,100,44,1000000,5000,1.0,health_ec,15.0,10,500000,550000,96,recovery,99,healthy,2,12.6,17.2,21.8,201645,0.8,1645,1645,1632,0,0,0
dynamic_overlap_100d_4pct_hdd,100,44,1000000,5000,1.0,health_ec,15.0,11,550000,600000,96,recovery,99,mild_slow,3,12.6,17.9,38.1,201770,0.9,1770,1770,1715,2,1,0
dynamic_overlap_100d_4pct_hdd,100,44,1000000,5000,1.0,health_ec,15.0,12,600000,650000,96,healthy,99,mild_slow,2,12.6,17.4,24.8,201637,0.8,1637,1637,1279,0,0,0
dynamic_overlap_100d_4pct_hdd,100,44,1000000,5000,1.0,health_ec,15.0,13,650000,700000,96,healthy,99,mild_slow,2,12.6,17.4,24.4,201449,0.7,1449,1449,1220,0,0,0
dynamic_overlap_100d_4pct_hdd,100,44,1000000,5000,1.0,health_ec,15.0,14,700000,750000,96,healthy,99,severe_slow,2,12.6,17.4,46.2,201174,0.6,1174,1174,1023,1,1,0
dynamic_overlap_100d_4pct_hdd,100,44,1000000,5000,1.0,health_ec,15.0,15,750000,800000,96,healthy,99,severe_slow,1,12.5,16.9,19.0,201038,0.5,1038,1038,1003,0,0,0
dynamic_overlap_100d_4pct_hdd,100,44,1000000,5000,1.0,health_ec,15.0,16,800000,850000,96,healthy,99,severe_slow,1,12.5,17.0,19.2,201048,0.5,1048,1048,1026,0,0,0
dynamic_overlap_100d_4pct_hdd,100,44,1000000,5000,1.0,health_ec,15.0,17,850000,900000,96,healthy,99,recovery,0,12.5,16.8,18.8,200930,0.5,930,930,827,0,0,0
dynamic_overlap_100d_4pct_hdd,100,44,1000000,5000,1.0,health_ec,15.0,18,900000,950000,96,healthy,99,healthy,0,12.4,16.8,18.8,200530,0.3,530,530,436,0,0,0
dynamic_overlap_100d_4pct_hdd,100,44,1000000,5000,1.0,health_ec,15.0,19,950000,1000000,96,healthy,99,healthy,0,12.5,16.8,18.9,200301,0.2,301,301,241,0,0,0
dynamic_overlap_100d_4pct_hdd,100,45,1000000,5000,1.0,vanilla_ec,15.0,0,0,50000,96,healthy,99,healthy,0,12.5,16.8,18.9,200000,0.0,0,0,0,0,0,0
dynamic_overlap_100d_4pct_hdd,100,45,1000000,5000,1.0,vanilla_ec,15.0,1,50000,100000,96,healthy,99,healthy,0,12.5,16.8,18.8,200000,0.0,0,0,0,0,0,0
dynamic_overlap_100d_4pct_hdd,100,45,1000000,5000,1.0,vanilla_ec,15.0,2,100000,150000,96,healthy,99,healthy,0,12.5,16.8,18.7,200000,0.0,0,0,0,0,0,0
dynamic_overlap_100d_4pct_hdd,100,45,1000000,5000,1.0,vanilla_ec,15.0,3,150000,200000,96,mild_slow,99,healthy,1,12.6,17.6,27.1,200000,0.0,0,0,0,0,0,0
dynamic_overlap_100d_4pct_hdd,100,45,1000000,5000,1.0,vanilla_ec,15.0,4,200000,250000,96,mild_slow,99,healthy,1,12.6,17.5,26.4,200000,0.0,0,0,0,0,0,0
dynamic_overlap_100d_4pct_hdd,100,45,1000000,5000,1.0,vanilla_ec,15.0,5,250000,300000,96,mild_slow,99,healthy,2,12.6,17.8,30.6,200000,0.0,0,0,0,0,0,0
dynamic_overlap_100d_4pct_hdd,100,45,1000000,5000,1.0,vanilla_ec,15.0,6,300000,350000,96,severe_slow,99,healthy,2,12.6,17.9,64.3,200000,0.0,0,0,0,0,0,0
dynamic_overlap_100d_4pct_hdd,100,45,1000000,5000,1.0,vanilla_ec,15.0,7,350000,400000,96,severe_slow,99,healthy,2,12.6,17.9,62.2,200000,0.0,0,0,0,0,0,0
dynamic_overlap_100d_4pct_hdd,100,45,1000000,5000,1.0,vanilla_ec,15.0,8,400000,450000,96,severe_slow,99,healthy,3,12.6,18.6,72.6,200000,0.0,0,0,0,0,0,0
dynamic_overlap_100d_4pct_hdd,100,45,1000000,5000,1.0,vanilla_ec,15.0,9,450000,500000,96,severe_slow,99,healthy,3,12.6,18.7,72.6,200000,0.0,0,0,0,0,0,0
dynamic_overlap_100d_4pct_hdd,100,45,1000000,5000,1.0,vanilla_ec,15.0,10,500000,550000,96,recovery,99,healthy,2,12.6,18.6,63.5,200000,0.0,0,0,0,0,0,0
dynamic_overlap_100d_4pct_hdd,100,45,1000000,5000,1.0,vanilla_ec,15.0,11,550000,600000,96,recovery,99,mild_slow,3,12.6,18.8,73.2,200000,0.0,0,0,0,0,0,0
dynamic_overlap_100d_4pct_hdd,100,45,1000000,5000,1.0,vanilla_ec,15.0,12,600000,650000,96,healthy,99,mild_slow,2,12.6,18.1,64.0,200000,0.0,0,0,0,0,0,0
dynamic_overlap_100d_4pct_hdd,100,45,1000000,5000,1.0,vanilla_ec,15.0,13,650000,700000,96,healthy,99,mild_slow,2,12.6,18.1,63.2,200000,0.0,0,0,0,0,0,0
dynamic_overlap_100d_4pct_hdd,100,45,1000000,5000,1.0,vanilla_ec,15.0,14,700000,750000,96,healthy,99,severe_slow,2,12.6,18.0,72.3,200000,0.0,0,0,0,0,0,0
dynamic_overlap_100d_4pct_hdd,100,45,1000000,5000,1.0,vanilla_ec,15.0,15,750000,800000,96,healthy,99,severe_slow,1,12.6,18.0,65.7,200000,0.0,0,0,0,0,0,0
dynamic_overlap_100d_4pct_hdd,100,45,1000000,5000,1.0,vanilla_ec,15.0,16,800000,850000,96,healthy,99,severe_slow,1,12.6,17.9,62.6,200000,0.0,0,0,0,0,0,0
dynamic_overlap_100d_4pct_hdd,100,45,1000000,5000,1.0,vanilla_ec,15.0,17,850000,900000,96,healthy,99,recovery,0,12.5,17.1,19.4,200000,0.0,0,0,0,0,0,0
dynamic_overlap_100d_4pct_hdd,100,45,1000000,5000,1.0,vanilla_ec,15.0,18,900000,950000,96,healthy,99,healthy,0,12.5,16.8,18.8,200000,0.0,0,0,0,0,0,0
dynamic_overlap_100d_4pct_hdd,100,45,1000000,5000,1.0,vanilla_ec,15.0,19,950000,1000000,96,healthy,99,healthy,0,12.5,16.8,18.8,200000,0.0,0,0,0,0,0,0
dynamic_overlap_100d_4pct_hdd,100,45,1000000,5000,1.0,late_binding,15.0,0,0,50000,96,healthy,99,healthy,0,10.7,14.0,15.5,250000,25.0,50000,50000,39903,0,0,0
dynamic_overlap_100d_4pct_hdd,100,45,1000000,5000,1.0,late_binding,15.0,1,50000,100000,96,healthy,99,healthy,0,10.7,14.0,15.4,250000,25.0,50000,50000,40015,0,0,0
dynamic_overlap_100d_4pct_hdd,100,45,1000000,5000,1.0,late_binding,15.0,2,100000,150000,96,healthy,99,healthy,0,10.7,14.0,15.5,250000,25.0,50000,50000,39897,0,0,0
dynamic_overlap_100d_4pct_hdd,100,45,1000000,5000,1.0,late_binding,15.0,3,150000,200000,96,mild_slow,99,healthy,1,10.8,14.2,15.7,250000,25.0,50000,50000,39838,0,0,0
dynamic_overlap_100d_4pct_hdd,100,45,1000000,5000,1.0,late_binding,15.0,4,200000,250000,96,mild_slow,99,healthy,1,10.7,14.2,15.8,250000,25.0,50000,50000,39776,0,0,0
dynamic_overlap_100d_4pct_hdd,100,45,1000000,5000,1.0,late_binding,15.0,5,250000,300000,96,mild_slow,99,healthy,2,10.8,14.6,21.8,250000,25.0,50000,50000,39899,0,0,0
dynamic_overlap_100d_4pct_hdd,100,45,1000000,5000,1.0,late_binding,15.0,6,300000,350000,96,severe_slow,99,healthy,2,10.8,14.7,26.7,250000,25.0,50000,50000,39792,0,0,0
dynamic_overlap_100d_4pct_hdd,100,45,1000000,5000,1.0,late_binding,15.0,7,350000,400000,96,severe_slow,99,healthy,2,10.8,14.7,26.6,250000,25.0,50000,50000,39786,0,0,0
dynamic_overlap_100d_4pct_hdd,100,45,1000000,5000,1.0,late_binding,15.0,8,400000,450000,96,severe_slow,99,healthy,3,10.8,14.9,50.9,250000,25.0,50000,50000,39967,0,0,0
dynamic_overlap_100d_4pct_hdd,100,45,1000000,5000,1.0,late_binding,15.0,9,450000,500000,96,severe_slow,99,healthy,3,10.8,15.0,52.1,250000,25.0,50000,50000,39928,0,0,0
dynamic_overlap_100d_4pct_hdd,100,45,1000000,5000,1.0,late_binding,15.0,10,500000,550000,96,recovery,99,healthy,2,10.8,14.8,27.0,250000,25.0,50000,50000,40081,0,0,0
dynamic_overlap_100d_4pct_hdd,100,45,1000000,5000,1.0,late_binding,15.0,11,550000,600000,96,recovery,99,mild_slow,3,10.8,15.3,50.3,250000,25.0,50000,50000,39823,0,0,0
dynamic_overlap_100d_4pct_hdd,100,45,1000000,5000,1.0,late_binding,15.0,12,600000,650000,96,healthy,99,mild_slow,2,10.8,15.0,27.1,250000,25.0,50000,50000,39866,0,0,0
dynamic_overlap_100d_4pct_hdd,100,45,1000000,5000,1.0,late_binding,15.0,13,650000,700000,96,healthy,99,mild_slow,2,10.8,14.9,26.9,250000,25.0,50000,50000,40032,0,0,0
dynamic_overlap_100d_4pct_hdd,100,45,1000000,5000,1.0,late_binding,15.0,14,700000,750000,96,healthy,99,severe_slow,2,10.8,14.9,51.9,250000,25.0,50000,50000,39698,0,0,0
dynamic_overlap_100d_4pct_hdd,100,45,1000000,5000,1.0,late_binding,15.0,15,750000,800000,96,healthy,99,severe_slow,1,10.8,14.4,16.9,250000,25.0,50000,50000,40104,0,0,0
dynamic_overlap_100d_4pct_hdd,100,45,1000000,5000,1.0,late_binding,15.0,16,800000,850000,96,healthy,99,severe_slow,1,10.8,14.3,16.8,250000,25.0,50000,50000,40078,0,0,0
dynamic_overlap_100d_4pct_hdd,100,45,1000000,5000,1.0,late_binding,15.0,17,850000,900000,96,healthy,99,recovery,0,10.7,14.1,15.5,250000,25.0,50000,50000,40045,0,0,0
dynamic_overlap_100d_4pct_hdd,100,45,1000000,5000,1.0,late_binding,15.0,18,900000,950000,96,healthy,99,healthy,0,10.7,14.0,15.5,250000,25.0,50000,50000,39847,0,0,0
dynamic_overlap_100d_4pct_hdd,100,45,1000000,5000,1.0,late_binding,15.0,19,950000,1000000,96,healthy,99,healthy,0,10.7,14.0,15.4,250000,25.0,50000,50000,40043,0,0,0
dynamic_overlap_100d_4pct_hdd,100,45,1000000,5000,1.0,timeout_degraded_read,15.0,0,0,50000,96,healthy,99,healthy,0,12.5,16.8,18.8,208098,4.0,8098,8098,186,0,0,0
dynamic_overlap_100d_4pct_hdd,100,45,1000000,5000,1.0,timeout_degraded_read,15.0,1,50000,100000,96,healthy,99,healthy,0,12.5,16.8,18.8,207978,4.0,7978,7978,172,0,0,0
dynamic_overlap_100d_4pct_hdd,100,45,1000000,5000,1.0,timeout_degraded_read,15.0,2,100000,150000,96,healthy,99,healthy,0,12.5,16.8,18.6,207969,4.0,7969,7969,182,0,0,0
dynamic_overlap_100d_4pct_hdd,100,45,1000000,5000,1.0,timeout_degraded_read,15.0,3,150000,200000,96,mild_slow,99,healthy,1,12.6,17.5,22.6,209087,4.5,9087,9087,881,0,0,0
dynamic_overlap_100d_4pct_hdd,100,45,1000000,5000,1.0,timeout_degraded_read,15.0,4,200000,250000,96,mild_slow,99,healthy,1,12.6,17.5,22.8,209132,4.6,9132,9132,894,0,0,0
dynamic_overlap_100d_4pct_hdd,100,45,1000000,5000,1.0,timeout_degraded_read,15.0,5,250000,300000,96,mild_slow,99,healthy,2,12.6,17.7,25.3,209249,4.6,9249,9249,1200,0,0,0
dynamic_overlap_100d_4pct_hdd,100,45,1000000,5000,1.0,timeout_degraded_read,15.0,6,300000,350000,96,severe_slow,99,healthy,2,12.6,17.8,28.4,209228,4.6,9228,9228,1607,0,0,0
dynamic_overlap_100d_4pct_hdd,100,45,1000000,5000,1.0,timeout_degraded_read,15.0,7,350000,400000,96,severe_slow,99,healthy,2,12.6,17.8,28.1,209160,4.6,9160,9160,1585,0,0,0
dynamic_overlap_100d_4pct_hdd,100,45,1000000,5000,1.0,timeout_degraded_read,15.0,8,400000,450000,96,severe_slow,99,healthy,3,12.6,18.5,51.4,209787,4.9,9787,9787,1902,0,0,0
dynamic_overlap_100d_4pct_hdd,100,45,1000000,5000,1.0,timeout_degraded_read,15.0,9,450000,500000,96,severe_slow,99,healthy,3,12.6,18.6,52.6,209686,4.8,9686,9686,1975,0,0,0
dynamic_overlap_100d_4pct_hdd,100,45,1000000,5000,1.0,timeout_degraded_read,15.0,10,500000,550000,96,recovery,99,healthy,2,12.6,18.5,33.7,209715,4.9,9715,9715,1856,0,0,0
dynamic_overlap_100d_4pct_hdd,100,45,1000000,5000,1.0,timeout_degraded_read,15.0,11,550000,600000,96,recovery,99,mild_slow,3,12.6,18.6,52.6,209879,4.9,9879,9879,1764,0,0,0
dynamic_overlap_100d_4pct_hdd,100,45,1000000,5000,1.0,timeout_degraded_read,15.0,12,600000,650000,96,healthy,99,mild_slow,2,12.6,18.0,28.5,209504,4.8,9504,9504,1660,0,0,0
dynamic_overlap_100d_4pct_hdd,100,45,1000000,5000,1.0,timeout_degraded_read,15.0,13,650000,700000,96,healthy,99,mild_slow,2,12.6,18.0,28.4,209613,4.8,9613,9613,1628,0,0,0
dynamic_overlap_100d_4pct_hdd,100,45,1000000,5000,1.0,timeout_degraded_read,15.0,14,700000,750000,96,healthy,99,severe_slow,2,12.6,17.9,51.9,209326,4.7,9326,9326,1688,0,0,0
dynamic_overlap_100d_4pct_hdd,100,45,1000000,5000,1.0,timeout_degraded_read,15.0,15,750000,800000,96,healthy,99,severe_slow,1,12.6,17.9,25.6,209505,4.8,9505,9505,1684,0,0,0
dynamic_overlap_100d_4pct_hdd,100,45,1000000,5000,1.0,timeout_degraded_read,15.0,16,800000,850000,96,healthy,99,severe_slow,1,12.6,17.8,25.1,209169,4.6,9169,9169,1570,0,0,0
dynamic_overlap_100d_4pct_hdd,100,45,1000000,5000,1.0,timeout_degraded_read,15.0,17,850000,900000,96,healthy,99,recovery,0,12.5,17.0,19.3,208519,4.3,8519,8519,287,0,0,0
dynamic_overlap_100d_4pct_hdd,100,45,1000000,5000,1.0,timeout_degraded_read,15.0,18,900000,950000,96,healthy,99,healthy,0,12.5,16.8,18.8,208154,4.1,8154,8154,174,0,0,0
dynamic_overlap_100d_4pct_hdd,100,45,1000000,5000,1.0,timeout_degraded_read,15.0,19,950000,1000000,96,healthy,99,healthy,0,12.5,16.8,18.7,208174,4.1,8174,8174,210,0,0,0
dynamic_overlap_100d_4pct_hdd,100,45,1000000,5000,1.0,health_ec,15.0,0,0,50000,96,healthy,99,healthy,0,12.5,16.8,18.9,200000,0.0,0,0,0,0,0,0
dynamic_overlap_100d_4pct_hdd,100,45,1000000,5000,1.0,health_ec,15.0,1,50000,100000,96,healthy,99,healthy,0,12.5,16.8,18.8,200000,0.0,0,0,0,0,0,0
dynamic_overlap_100d_4pct_hdd,100,45,1000000,5000,1.0,health_ec,15.0,2,100000,150000,96,healthy,99,healthy,0,12.5,16.8,18.7,200000,0.0,0,0,0,0,0,0
dynamic_overlap_100d_4pct_hdd,100,45,1000000,5000,1.0,health_ec,15.0,3,150000,200000,96,mild_slow,99,healthy,1,12.5,17.0,20.4,200514,0.3,514,514,496,1,1,0
dynamic_overlap_100d_4pct_hdd,100,45,1000000,5000,1.0,health_ec,15.0,4,200000,250000,96,mild_slow,99,healthy,1,12.5,17.0,19.6,200711,0.4,711,711,696,0,0,0
dynamic_overlap_100d_4pct_hdd,100,45,1000000,5000,1.0,health_ec,15.0,5,250000,300000,96,mild_slow,99,healthy,2,12.5,17.3,22.6,200893,0.4,893,893,891,1,1,0
dynamic_overlap_100d_4pct_hdd,100,45,1000000,5000,1.0,health_ec,15.0,6,300000,350000,96,severe_slow,99,healthy,2,12.6,17.4,26.0,200999,0.5,999,999,999,0,0,0
dynamic_overlap_100d_4pct_hdd,100,45,1000000,5000,1.0,health_ec,15.0,7,350000,400000,96,severe_slow,99,healthy,2,12.5,17.3,24.4,201042,0.5,1042,1042,1042,0,0,0
dynamic_overlap_100d_4pct_hdd,100,45,1000000,5000,1.0,health_ec,15.0,8,400000,450000,96,severe_slow,99,healthy,3,12.6,17.7,47.4,201423,0.7,1423,1423,1407,1,1,0
dynamic_overlap_100d_4pct_hdd,100,45,1000000,5000,1.0,health_ec,15.0,9,450000,500000,96,severe_slow,99,healthy,3,12.6,17.7,48.0,201627,0.8,1627,1627,1616,0,0,0
dynamic_overlap_100d_4pct_hdd,100,45,1000000,5000,1.0,health_ec,15.0,10,500000,550000,96,recovery,99,healthy,2,12.5,17.2,21.3,201636,0.8,1636,1636,1625,0,0,0
dynamic_overlap_100d_4pct_hdd,100,45,1000000,5000,1.0,health_ec,15.0,11,550000,600000,96,recovery,99,mild_slow,3,12.6,17.8,35.6,201639,0.8,1639,1639,1587,2,2,0
dynamic_overlap_100d_4pct_hdd,100,45,1000000,5000,1.0,health_ec,15.0,12,600000,650000,96,healthy,99,mild_slow,2,12.6,17.4,24.1,201586,0.8,1586,1586,1212,0,0,0
dynamic_overlap_100d_4pct_hdd,100,45,1000000,5000,1.0,health_ec,15.0,13,650000,700000,96,healthy,99,mild_slow,2,12.6,17.4,24.2,201382,0.7,1382,1382,1202,0,0,0
dynamic_overlap_100d_4pct_hdd,100,45,1000000,5000,1.0,health_ec,15.0,14,700000,750000,96,healthy,99,severe_slow,2,12.6,17.5,46.7,201183,0.6,1183,1183,1049,1,1,0
dynamic_overlap_100d_4pct_hdd,100,45,1000000,5000,1.0,health_ec,15.0,15,750000,800000,96,healthy,99,severe_slow,1,12.5,16.9,19.1,201074,0.5,1074,1074,1041,0,0,0
dynamic_overlap_100d_4pct_hdd,100,45,1000000,5000,1.0,health_ec,15.0,16,800000,850000,96,healthy,99,severe_slow,1,12.5,16.9,19.2,201037,0.5,1037,1037,1009,0,0,0
dynamic_overlap_100d_4pct_hdd,100,45,1000000,5000,1.0,health_ec,15.0,17,850000,900000,96,healthy,99,recovery,0,12.5,16.8,18.9,200906,0.5,906,906,814,0,0,0
dynamic_overlap_100d_4pct_hdd,100,45,1000000,5000,1.0,health_ec,15.0,18,900000,950000,96,healthy,99,healthy,0,12.5,16.8,18.8,200583,0.3,583,583,462,0,0,0
dynamic_overlap_100d_4pct_hdd,100,45,1000000,5000,1.0,health_ec,15.0,19,950000,1000000,96,healthy,99,healthy,0,12.5,16.8,18.8,200308,0.2,308,308,254,0,0,0
dynamic_overlap_100d_4pct_hdd,100,46,1000000,5000,1.0,vanilla_ec,15.0,0,0,50000,96,healthy,99,healthy,0,12.5,16.8,18.9,200000,0.0,0,0,0,0,0,0
dynamic_overlap_100d_4pct_hdd,100,46,1000000,5000,1.0,vanilla_ec,15.0,1,50000,100000,96,healthy,99,healthy,0,12.5,16.8,18.9,200000,0.0,0,0,0,0,0,0
dynamic_overlap_100d_4pct_hdd,100,46,1000000,5000,1.0,vanilla_ec,15.0,2,100000,150000,96,healthy,99,healthy,0,12.5,16.8,18.7,200000,0.0,0,0,0,0,0,0
dynamic_overlap_100d_4pct_hdd,100,46,1000000,5000,1.0,vanilla_ec,15.0,3,150000,200000,96,mild_slow,99,healthy,1,12.6,17.6,27.3,200000,0.0,0,0,0,0,0,0
dynamic_overlap_100d_4pct_hdd,100,46,1000000,5000,1.0,vanilla_ec,15.0,4,200000,250000,96,mild_slow,99,healthy,1,12.6,17.5,27.5,200000,0.0,0,0,0,0,0,0
dynamic_overlap_100d_4pct_hdd,100,46,1000000,5000,1.0,vanilla_ec,15.0,5,250000,300000,96,mild_slow,99,healthy,2,12.6,17.8,31.1,200000,0.0,0,0,0,0,0,0
dynamic_overlap_100d_4pct_hdd,100,46,1000000,5000,1.0,vanilla_ec,15.0,6,300000,350000,96,severe_slow,99,healthy,2,12.6,17.9,63.4,200000,0.0,0,0,0,0,0,0
dynamic_overlap_100d_4pct_hdd,100,46,1000000,5000,1.0,vanilla_ec,15.0,7,350000,400000,96,severe_slow,99,healthy,2,12.6,17.9,62.3,200000,0.0,0,0,0,0,0,0
dynamic_overlap_100d_4pct_hdd,100,46,1000000,5000,1.0,vanilla_ec,15.0,8,400000,450000,96,severe_slow,99,healthy,3,12.6,18.5,72.1,200000,0.0,0,0,0,0,0,0
dynamic_overlap_100d_4pct_hdd,100,46,1000000,5000,1.0,vanilla_ec,15.0,9,450000,500000,96,severe_slow,99,healthy,3,12.6,18.6,71.0,200000,0.0,0,0,0,0,0,0
dynamic_overlap_100d_4pct_hdd,100,46,1000000,5000,1.0,vanilla_ec,15.0,10,500000,550000,96,recovery,99,healthy,2,12.6,18.6,63.8,200000,0.0,0,0,0,0,0,0
dynamic_overlap_100d_4pct_hdd,100,46,1000000,5000,1.0,vanilla_ec,15.0,11,550000,600000,96,recovery,99,mild_slow,3,12.6,18.8,72.2,200000,0.0,0,0,0,0,0,0
dynamic_overlap_100d_4pct_hdd,100,46,1000000,5000,1.0,vanilla_ec,15.0,12,600000,650000,96,healthy,99,mild_slow,2,12.6,18.2,65.0,200000,0.0,0,0,0,0,0,0
dynamic_overlap_100d_4pct_hdd,100,46,1000000,5000,1.0,vanilla_ec,15.0,13,650000,700000,96,healthy,99,mild_slow,2,12.6,18.1,64.6,200000,0.0,0,0,0,0,0,0
dynamic_overlap_100d_4pct_hdd,100,46,1000000,5000,1.0,vanilla_ec,15.0,14,700000,750000,96,healthy,99,severe_slow,2,12.6,17.9,73.1,200000,0.0,0,0,0,0,0,0
dynamic_overlap_100d_4pct_hdd,100,46,1000000,5000,1.0,vanilla_ec,15.0,15,750000,800000,96,healthy,99,severe_slow,1,12.6,17.8,62.4,200000,0.0,0,0,0,0,0,0
dynamic_overlap_100d_4pct_hdd,100,46,1000000,5000,1.0,vanilla_ec,15.0,16,800000,850000,96,healthy,99,severe_slow,1,12.6,17.9,63.8,200000,0.0,0,0,0,0,0,0
dynamic_overlap_100d_4pct_hdd,100,46,1000000,5000,1.0,vanilla_ec,15.0,17,850000,900000,96,healthy,99,recovery,0,12.5,17.0,19.3,200000,0.0,0,0,0,0,0,0
dynamic_overlap_100d_4pct_hdd,100,46,1000000,5000,1.0,vanilla_ec,15.0,18,900000,950000,96,healthy,99,healthy,0,12.5,16.9,18.8,200000,0.0,0,0,0,0,0,0
dynamic_overlap_100d_4pct_hdd,100,46,1000000,5000,1.0,vanilla_ec,15.0,19,950000,1000000,96,healthy,99,healthy,0,12.5,16.8,18.8,200000,0.0,0,0,0,0,0,0
dynamic_overlap_100d_4pct_hdd,100,46,1000000,5000,1.0,late_binding,15.0,0,0,50000,96,healthy,99,healthy,0,10.7,14.0,15.5,250000,25.0,50000,50000,39857,0,0,0
dynamic_overlap_100d_4pct_hdd,100,46,1000000,5000,1.0,late_binding,15.0,1,50000,100000,96,healthy,99,healthy,0,10.7,14.0,15.4,250000,25.0,50000,50000,39845,0,0,0
dynamic_overlap_100d_4pct_hdd,100,46,1000000,5000,1.0,late_binding,15.0,2,100000,150000,96,healthy,99,healthy,0,10.7,14.0,15.5,250000,25.0,50000,50000,39966,0,0,0
dynamic_overlap_100d_4pct_hdd,100,46,1000000,5000,1.0,late_binding,15.0,3,150000,200000,96,mild_slow,99,healthy,1,10.7,14.2,15.8,250000,25.0,50000,50000,39791,0,0,0
dynamic_overlap_100d_4pct_hdd,100,46,1000000,5000,1.0,late_binding,15.0,4,200000,250000,96,mild_slow,99,healthy,1,10.8,14.1,15.8,250000,25.0,50000,50000,39702,0,0,0
dynamic_overlap_100d_4pct_hdd,100,46,1000000,5000,1.0,late_binding,15.0,5,250000,300000,96,mild_slow,99,healthy,2,10.8,14.6,21.9,250000,25.0,50000,50000,39832,0,0,0
dynamic_overlap_100d_4pct_hdd,100,46,1000000,5000,1.0,late_binding,15.0,6,300000,350000,96,severe_slow,99,healthy,2,10.8,14.7,27.0,250000,25.0,50000,50000,39855,0,0,0
dynamic_overlap_100d_4pct_hdd,100,46,1000000,5000,1.0,late_binding,15.0,7,350000,400000,96,severe_slow,99,healthy,2,10.8,14.7,27.1,250000,25.0,50000,50000,39729,0,0,0
dynamic_overlap_100d_4pct_hdd,100,46,1000000,5000,1.0,late_binding,15.0,8,400000,450000,96,severe_slow,99,healthy,3,10.8,15.0,51.2,250000,25.0,50000,50000,39957,0,0,0
dynamic_overlap_100d_4pct_hdd,100,46,1000000,5000,1.0,late_binding,15.0,9,450000,500000,96,severe_slow,99,healthy,3,10.8,14.9,50.5,250000,25.0,50000,50000,39840,0,0,0
dynamic_overlap_100d_4pct_hdd,100,46,1000000,5000,1.0,late_binding,15.0,10,500000,550000,96,recovery,99,healthy,2,10.8,14.8,27.0,250000,25.0,50000,50000,40088,0,0,0
dynamic_overlap_100d_4pct_hdd,100,46,1000000,5000,1.0,late_binding,15.0,11,550000,600000,96,recovery,99,mild_slow,3,10.8,15.3,51.2,250000,25.0,50000,50000,40003,0,0,0
dynamic_overlap_100d_4pct_hdd,100,46,1000000,5000,1.0,late_binding,15.0,12,600000,650000,96,healthy,99,mild_slow,2,10.8,14.9,27.2,250000,25.0,50000,50000,39850,0,0,0
dynamic_overlap_100d_4pct_hdd,100,46,1000000,5000,1.0,late_binding,15.0,13,650000,700000,96,healthy,99,mild_slow,2,10.8,15.0,27.8,250000,25.0,50000,50000,39884,0,0,0
dynamic_overlap_100d_4pct_hdd,100,46,1000000,5000,1.0,late_binding,15.0,14,700000,750000,96,healthy,99,severe_slow,2,10.8,14.9,51.9,250000,25.0,50000,50000,39966,0,0,0
dynamic_overlap_100d_4pct_hdd,100,46,1000000,5000,1.0,late_binding,15.0,15,750000,800000,96,healthy,99,severe_slow,1,10.8,14.4,16.8,250000,25.0,50000,50000,40096,0,0,0
dynamic_overlap_100d_4pct_hdd,100,46,1000000,5000,1.0,late_binding,15.0,16,800000,850000,96,healthy,99,severe_slow,1,10.8,14.4,16.8,250000,25.0,50000,50000,40016,0,0,0
dynamic_overlap_100d_4pct_hdd,100,46,1000000,5000,1.0,late_binding,15.0,17,850000,900000,96,healthy,99,recovery,0,10.7,14.1,15.5,250000,25.0,50000,50000,39953,0,0,0
dynamic_overlap_100d_4pct_hdd,100,46,1000000,5000,1.0,late_binding,15.0,18,900000,950000,96,healthy,99,healthy,0,10.7,14.0,15.4,250000,25.0,50000,50000,40064,0,0,0
dynamic_overlap_100d_4pct_hdd,100,46,1000000,5000,1.0,late_binding,15.0,19,950000,1000000,96,healthy,99,healthy,0,10.7,14.0,15.4,250000,25.0,50000,50000,39945,0,0,0
dynamic_overlap_100d_4pct_hdd,100,46,1000000,5000,1.0,timeout_degraded_read,15.0,0,0,50000,96,healthy,99,healthy,0,12.5,16.8,18.8,208254,4.1,8254,8254,187,0,0,0
dynamic_overlap_100d_4pct_hdd,100,46,1000000,5000,1.0,timeout_degraded_read,15.0,1,50000,100000,96,healthy,99,healthy,0,12.5,16.8,18.8,208067,4.0,8067,8067,198,0,0,0
dynamic_overlap_100d_4pct_hdd,100,46,1000000,5000,1.0,timeout_degraded_read,15.0,2,100000,150000,96,healthy,99,healthy,0,12.5,16.8,18.7,208107,4.1,8107,8107,194,0,0,0
dynamic_overlap_100d_4pct_hdd,100,46,1000000,5000,1.0,timeout_degraded_read,15.0,3,150000,200000,96,mild_slow,99,healthy,1,12.6,17.5,23.0,209208,4.6,9208,9208,910,0,0,0
dynamic_overlap_100d_4pct_hdd,100,46,1000000,5000,1.0,timeout_degraded_read,15.0,4,200000,250000,96,mild_slow,99,healthy,1,12.6,17.4,22.8,209092,4.5,9092,9092,923,0,0,0
dynamic_overlap_100d_4pct_hdd,100,46,1000000,5000,1.0,timeout_degraded_read,15.0,5,250000,300000,96,mild_slow,99,healthy,2,12.6,17.7,25.3,209179,4.6,9179,9179,1232,0,0,0
dynamic_overlap_100d_4pct_hdd,100,46,1000000,5000,1.0,timeout_degraded_read,15.0,6,300000,350000,96,severe_slow,99,healthy,2,12.6,17.8,28.7,209309,4.7,9309,9309,1589,0,0,0
dynamic_overlap_100d_4pct_hdd,100,46,1000000,5000,1.0,timeout_degraded_read,15.0,7,350000,400000,96,severe_slow,99,healthy,2,12.6,17.8,28.5,209315,4.7,9315,9315,1554,0,0,0
dynamic_overlap_100d_4pct_hdd,100,46,1000000,5000,1.0,timeout_degraded_read,15.0,8,400000,450000,96,severe_slow,99,healthy,3,12.6,18.4,51.7,209747,4.9,9747,9747,1895,0,0,0
dynamic_overlap_100d_4pct_hdd,100,46,1000000,5000,1.0,timeout_degraded_read,15.0,9,450000,500000,96,severe_slow,99,healthy,3,12.6,18.4,50.7,209688,4.8,9688,9688,1886,0,0,0
dynamic_overlap_100d_4pct_hdd,100,46,1000000,5000,1.0,timeout_degraded_read,15.0,10,500000,550000,96,recovery,99,healthy,2,12.6,18.5,33.9,209711,4.9,9711,9711,1798,0,0,0
dynamic_overlap_100d_4pct_hdd,100,46,1000000,5000,1.0,timeout_degraded_read,15.0,11,550000,600000,96,recovery,99,mild_slow,3,12.6,18.7,53.5,209869,4.9,9869,9869,1822,0,0,0
dynamic_overlap_100d_4pct_hdd,100,46,1000000,5000,1.0,timeout_degraded_read,15.0,12,600000,650000,96,healthy,99,mild_slow,2,12.6,18.1,28.5,209619,4.8,9619,9619,1675,0,0,0
dynamic_overlap_100d_4pct_hdd,100,46,1000000,5000,1.0,timeout_degraded_read,15.0,13,650000,700000,96,healthy,99,mild_slow,2,12.6,18.0,28.9,209590,4.8,9590,9590,1658,0,0,0
dynamic_overlap_100d_4pct_hdd,100,46,1000000,5000,1.0,timeout_degraded_read,15.0,14,700000,750000,96,healthy,99,severe_slow,2,12.6,17.8,51.9,209351,4.7,9351,9351,1637,0,0,0
dynamic_overlap_100d_4pct_hdd,100,46,1000000,5000,1.0,timeout_degraded_read,15.0,15,750000,800000,96,healthy,99,severe_slow,1,12.6,17.8,25.4,209263,4.6,9263,9263,1561,0,0,0
dynamic_overlap_100d_4pct_hdd,100,46,1000000,5000,1.0,timeout_degraded_read,15.0,16,800000,850000,96,healthy,99,severe_slow,1,12.6,17.8,25.4,209346,4.7,9346,9346,1595,0,0,0
dynamic_overlap_100d_4pct_hdd,100,46,1000000,5000,1.0,timeout_degraded_read,15.0,17,850000,900000,96,healthy,99,recovery,0,12.5,17.0,19.3,208515,4.3,8515,8515,265,0,0,0
dynamic_overlap_100d_4pct_hdd,100,46,1000000,5000,1.0,timeout_degraded_read,15.0,18,900000,950000,96,healthy,99,healthy,0,12.5,16.8,18.7,208138,4.1,8138,8138,172,0,0,0
dynamic_overlap_100d_4pct_hdd,100,46,1000000,5000,1.0,timeout_degraded_read,15.0,19,950000,1000000,96,healthy,99,healthy,0,12.5,16.8,18.7,208111,4.1,8111,8111,185,0,0,0
dynamic_overlap_100d_4pct_hdd,100,46,1000000,5000,1.0,health_ec,15.0,0,0,50000,96,healthy,99,healthy,0,12.5,16.8,18.9,200000,0.0,0,0,0,0,0,0
dynamic_overlap_100d_4pct_hdd,100,46,1000000,5000,1.0,health_ec,15.0,1,50000,100000,96,healthy,99,healthy,0,12.5,16.8,18.9,200000,0.0,0,0,0,0,0,0
dynamic_overlap_100d_4pct_hdd,100,46,1000000,5000,1.0,health_ec,15.0,2,100000,150000,96,healthy,99,healthy,0,12.5,16.8,18.7,200000,0.0,0,0,0,0,0,0
dynamic_overlap_100d_4pct_hdd,100,46,1000000,5000,1.0,health_ec,15.0,3,150000,200000,96,mild_slow,99,healthy,1,12.5,17.1,20.4,200556,0.3,556,556,541,1,1,0
dynamic_overlap_100d_4pct_hdd,100,46,1000000,5000,1.0,health_ec,15.0,4,200000,250000,96,mild_slow,99,healthy,1,12.5,16.9,19.4,200787,0.4,787,787,775,0,0,0
dynamic_overlap_100d_4pct_hdd,100,46,1000000,5000,1.0,health_ec,15.0,5,250000,300000,96,mild_slow,99,healthy,2,12.5,17.3,22.7,200868,0.4,868,868,866,1,1,0
dynamic_overlap_100d_4pct_hdd,100,46,1000000,5000,1.0,health_ec,15.0,6,300000,350000,96,severe_slow,99,healthy,2,12.6,17.4,26.5,201013,0.5,1013,1013,1012,0,0,0
dynamic_overlap_100d_4pct_hdd,100,46,1000000,5000,1.0,health_ec,15.0,7,350000,400000,96,severe_slow,99,healthy,2,12.5,17.3,25.1,201038,0.5,1038,1038,1038,0,0,0
dynamic_overlap_100d_4pct_hdd,100,46,1000000,5000,1.0,health_ec,15.0,8,400000,450000,96,severe_slow,99,healthy,3,12.6,17.7,47.3,201449,0.7,1449,1449,1441,1,1,0
dynamic_overlap_100d_4pct_hdd,100,46,1000000,5000,1.0,health_ec,15.0,9,450000,500000,96,severe_slow,99,healthy,3,12.5,17.6,46.0,201549,0.8,1549,1549,1538,0,0,0
dynamic_overlap_100d_4pct_hdd,100,46,1000000,5000,1.0,health_ec,15.0,10,500000,550000,96,recovery,99,healthy,2,12.6,17.2,21.2,201653,0.8,1653,1653,1644,0,0,0
dynamic_overlap_100d_4pct_hdd,100,46,1000000,5000,1.0,health_ec,15.0,11,550000,600000,96,recovery,99,mild_slow,3,12.6,17.8,37.8,201652,0.8,1652,1652,1610,2,2,0
dynamic_overlap_100d_4pct_hdd,100,46,1000000,5000,1.0,health_ec,15.0,12,600000,650000,96,healthy,99,mild_slow,2,12.6,17.5,24.3,201598,0.8,1598,1598,1224,0,0,0
dynamic_overlap_100d_4pct_hdd,100,46,1000000,5000,1.0,health_ec,15.0,13,650000,700000,96,healthy,99,mild_slow,2,12.6,17.4,24.5,201446,0.7,1446,1446,1233,0,0,0
dynamic_overlap_100d_4pct_hdd,100,46,1000000,5000,1.0,health_ec,15.0,14,700000,750000,96,healthy,99,severe_slow,2,12.6,17.4,44.5,201111,0.6,1111,1111,970,1,1,0
dynamic_overlap_100d_4pct_hdd,100,46,1000000,5000,1.0,health_ec,15.0,15,750000,800000,96,healthy,99,severe_slow,1,12.5,16.9,19.0,201020,0.5,1020,1020,975,0,0,0
dynamic_overlap_100d_4pct_hdd,100,46,1000000,5000,1.0,health_ec,15.0,16,800000,850000,96,healthy,99,severe_slow,1,12.5,16.9,19.3,201056,0.5,1056,1056,1035,0,0,0
dynamic_overlap_100d_4pct_hdd,100,46,1000000,5000,1.0,health_ec,15.0,17,850000,900000,96,healthy,99,recovery,0,12.5,16.8,18.9,200864,0.4,864,864,770,0,0,0
dynamic_overlap_100d_4pct_hdd,100,46,1000000,5000,1.0,health_ec,15.0,18,900000,950000,96,healthy,99,healthy,0,12.5,16.8,18.8,200565,0.3,565,565,451,0,0,0
dynamic_overlap_100d_4pct_hdd,100,46,1000000,5000,1.0,health_ec,15.0,19,950000,1000000,96,healthy,99,healthy,0,12.5,16.8,18.8,200317,0.2,317,317,253,0,0,0
dynamic_overlap_100d_4pct_hdd,100,47,1000000,5000,1.0,vanilla_ec,15.0,0,0,50000,96,healthy,99,healthy,0,12.5,16.8,18.9,200000,0.0,0,0,0,0,0,0
dynamic_overlap_100d_4pct_hdd,100,47,1000000,5000,1.0,vanilla_ec,15.0,1,50000,100000,96,healthy,99,healthy,0,12.5,16.8,18.8,200000,0.0,0,0,0,0,0,0
dynamic_overlap_100d_4pct_hdd,100,47,1000000,5000,1.0,vanilla_ec,15.0,2,100000,150000,96,healthy,99,healthy,0,12.5,16.8,18.8,200000,0.0,0,0,0,0,0,0
dynamic_overlap_100d_4pct_hdd,100,47,1000000,5000,1.0,vanilla_ec,15.0,3,150000,200000,96,mild_slow,99,healthy,1,12.6,17.6,27.4,200000,0.0,0,0,0,0,0,0
dynamic_overlap_100d_4pct_hdd,100,47,1000000,5000,1.0,vanilla_ec,15.0,4,200000,250000,96,mild_slow,99,healthy,1,12.6,17.6,27.6,200000,0.0,0,0,0,0,0,0
dynamic_overlap_100d_4pct_hdd,100,47,1000000,5000,1.0,vanilla_ec,15.0,5,250000,300000,96,mild_slow,99,healthy,2,12.6,17.8,30.8,200000,0.0,0,0,0,0,0,0
dynamic_overlap_100d_4pct_hdd,100,47,1000000,5000,1.0,vanilla_ec,15.0,6,300000,350000,96,severe_slow,99,healthy,2,12.6,17.9,62.5,200000,0.0,0,0,0,0,0,0
dynamic_overlap_100d_4pct_hdd,100,47,1000000,5000,1.0,vanilla_ec,15.0,7,350000,400000,96,severe_slow,99,healthy,2,12.6,17.8,62.9,200000,0.0,0,0,0,0,0,0
dynamic_overlap_100d_4pct_hdd,100,47,1000000,5000,1.0,vanilla_ec,15.0,8,400000,450000,96,severe_slow,99,healthy,3,12.6,18.6,73.3,200000,0.0,0,0,0,0,0,0
dynamic_overlap_100d_4pct_hdd,100,47,1000000,5000,1.0,vanilla_ec,15.0,9,450000,500000,96,severe_slow,99,healthy,3,12.6,18.7,73.3,200000,0.0,0,0,0,0,0,0
dynamic_overlap_100d_4pct_hdd,100,47,1000000,5000,1.0,vanilla_ec,15.0,10,500000,550000,96,recovery,99,healthy,2,12.6,18.6,63.3,200000,0.0,0,0,0,0,0,0
dynamic_overlap_100d_4pct_hdd,100,47,1000000,5000,1.0,vanilla_ec,15.0,11,550000,600000,96,recovery,99,mild_slow,3,12.6,19.1,74.0,200000,0.0,0,0,0,0,0,0
dynamic_overlap_100d_4pct_hdd,100,47,1000000,5000,1.0,vanilla_ec,15.0,12,600000,650000,96,healthy,99,mild_slow,2,12.6,18.1,63.3,200000,0.0,0,0,0,0,0,0
dynamic_overlap_100d_4pct_hdd,100,47,1000000,5000,1.0,vanilla_ec,15.0,13,650000,700000,96,healthy,99,mild_slow,2,12.6,18.1,63.9,200000,0.0,0,0,0,0,0,0
dynamic_overlap_100d_4pct_hdd,100,47,1000000,5000,1.0,vanilla_ec,15.0,14,700000,750000,96,healthy,99,severe_slow,2,12.6,18.0,72.0,200000,0.0,0,0,0,0,0,0
dynamic_overlap_100d_4pct_hdd,100,47,1000000,5000,1.0,vanilla_ec,15.0,15,750000,800000,96,healthy,99,severe_slow,1,12.6,18.0,63.9,200000,0.0,0,0,0,0,0,0
dynamic_overlap_100d_4pct_hdd,100,47,1000000,5000,1.0,vanilla_ec,15.0,16,800000,850000,96,healthy,99,severe_slow,1,12.6,18.0,63.6,200000,0.0,0,0,0,0,0,0
dynamic_overlap_100d_4pct_hdd,100,47,1000000,5000,1.0,vanilla_ec,15.0,17,850000,900000,96,healthy,99,recovery,0,12.5,17.0,19.3,200000,0.0,0,0,0,0,0,0
dynamic_overlap_100d_4pct_hdd,100,47,1000000,5000,1.0,vanilla_ec,15.0,18,900000,950000,96,healthy,99,healthy,0,12.5,16.8,18.8,200000,0.0,0,0,0,0,0,0
dynamic_overlap_100d_4pct_hdd,100,47,1000000,5000,1.0,vanilla_ec,15.0,19,950000,1000000,96,healthy,99,healthy,0,12.5,16.8,18.9,200000,0.0,0,0,0,0,0,0
dynamic_overlap_100d_4pct_hdd,100,47,1000000,5000,1.0,late_binding,15.0,0,0,50000,96,healthy,99,healthy,0,10.7,14.0,15.4,250000,25.0,50000,50000,39876,0,0,0
dynamic_overlap_100d_4pct_hdd,100,47,1000000,5000,1.0,late_binding,15.0,1,50000,100000,96,healthy,99,healthy,0,10.7,14.0,15.5,250000,25.0,50000,50000,40030,0,0,0
dynamic_overlap_100d_4pct_hdd,100,47,1000000,5000,1.0,late_binding,15.0,2,100000,150000,96,healthy,99,healthy,0,10.7,14.0,15.4,250000,25.0,50000,50000,39945,0,0,0
dynamic_overlap_100d_4pct_hdd,100,47,1000000,5000,1.0,late_binding,15.0,3,150000,200000,96,mild_slow,99,healthy,1,10.8,14.2,15.7,250000,25.0,50000,50000,39774,0,0,0
dynamic_overlap_100d_4pct_hdd,100,47,1000000,5000,1.0,late_binding,15.0,4,200000,250000,96,mild_slow,99,healthy,1,10.8,14.2,15.7,250000,25.0,50000,50000,39729,0,0,0
dynamic_overlap_100d_4pct_hdd,100,47,1000000,5000,1.0,late_binding,15.0,5,250000,300000,96,mild_slow,99,healthy,2,10.8,14.6,22.0,250000,25.0,50000,50000,39878,0,0,0
dynamic_overlap_100d_4pct_hdd,100,47,1000000,5000,1.0,late_binding,15.0,6,300000,350000,96,severe_slow,99,healthy,2,10.8,14.7,26.4,250000,25.0,50000,50000,39820,0,0,0
dynamic_overlap_100d_4pct_hdd,100,47,1000000,5000,1.0,late_binding,15.0,7,350000,400000,96,severe_slow,99,healthy,2,10.8,14.7,26.6,250000,25.0,50000,50000,39704,0,0,0
dynamic_overlap_100d_4pct_hdd,100,47,1000000,5000,1.0,late_binding,15.0,8,400000,450000,96,severe_slow,99,healthy,3,10.8,14.9,52.0,250000,25.0,50000,50000,39814,0,0,0
dynamic_overlap_100d_4pct_hdd,100,47,1000000,5000,1.0,late_binding,15.0,9,450000,500000,96,severe_slow,99,healthy,3,10.8,15.0,52.4,250000,25.0,50000,50000,39854,0,0,0
dynamic_overlap_100d_4pct_hdd,100,47,1000000,5000,1.0,late_binding,15.0,10,500000,550000,96,recovery,99,healthy,2,10.8,14.8,26.8,250000,25.0,50000,50000,40172,0,0,0
dynamic_overlap_100d_4pct_hdd,100,47,1000000,5000,1.0,late_binding,15.0,11,550000,600000,96,recovery,99,mild_slow,3,10.8,15.6,51.5,250000,25.0,50000,50000,39773,0,0,0
dynamic_overlap_100d_4pct_hdd,100,47,1000000,5000,1.0,late_binding,15.0,12,600000,650000,96,healthy,99,mild_slow,2,10.8,14.9,27.1,250000,25.0,50000,50000,39824,0,0,0
dynamic_overlap_100d_4pct_hdd,100,47,1000000,5000,1.0,late_binding,15.0,13,650000,700000,96,healthy,99,mild_slow,2,10.8,14.9,27.5,250000,25.0,50000,50000,39728,0,0,0
dynamic_overlap_100d_4pct_hdd,100,47,1000000,5000,1.0,late_binding,15.0,14,700000,750000,96,healthy,99,severe_slow,2,10.8,14.9,52.7,250000,25.0,50000,50000,39675,0,0,0
dynamic_overlap_100d_4pct_hdd,100,47,1000000,5000,1.0,late_binding,15.0,15,750000,800000,96,healthy,99,severe_slow,1,10.8,14.4,17.0,250000,25.0,50000,50000,40146,0,0,0
dynamic_overlap_100d_4pct_hdd,100,47,1000000,5000,1.0,late_binding,15.0,16,800000,850000,96,healthy,99,severe_slow,1,10.8,14.3,17.0,250000,25.0,50000,50000,40192,0,0,0
dynamic_overlap_100d_4pct_hdd,100,47,1000000,5000,1.0,late_binding,15.0,17,850000,900000,96,healthy,99,recovery,0,10.7,14.1,15.5,250000,25.0,50000,50000,40189,0,0,0
dynamic_overlap_100d_4pct_hdd,100,47,1000000,5000,1.0,late_binding,15.0,18,900000,950000,96,healthy,99,healthy,0,10.7,14.0,15.4,250000,25.0,50000,50000,40222,0,0,0
dynamic_overlap_100d_4pct_hdd,100,47,1000000,5000,1.0,late_binding,15.0,19,950000,1000000,96,healthy,99,healthy,0,10.7,14.0,15.4,250000,25.0,50000,50000,39982,0,0,0
dynamic_overlap_100d_4pct_hdd,100,47,1000000,5000,1.0,timeout_degraded_read,15.0,0,0,50000,96,healthy,99,healthy,0,12.5,16.8,18.8,207972,4.0,7972,7972,203,0,0,0
dynamic_overlap_100d_4pct_hdd,100,47,1000000,5000,1.0,timeout_degraded_read,15.0,1,50000,100000,96,healthy,99,healthy,0,12.5,16.8,18.7,208045,4.0,8045,8045,166,0,0,0
dynamic_overlap_100d_4pct_hdd,100,47,1000000,5000,1.0,timeout_degraded_read,15.0,2,100000,150000,96,healthy,99,healthy,0,12.5,16.8,18.7,207995,4.0,7995,7995,180,0,0,0
dynamic_overlap_100d_4pct_hdd,100,47,1000000,5000,1.0,timeout_degraded_read,15.0,3,150000,200000,96,mild_slow,99,healthy,1,12.6,17.5,23.0,209090,4.5,9090,9090,918,0,0,0
dynamic_overlap_100d_4pct_hdd,100,47,1000000,5000,1.0,timeout_degraded_read,15.0,4,200000,250000,96,mild_slow,99,healthy,1,12.6,17.5,23.2,209101,4.6,9101,9101,915,0,0,0
dynamic_overlap_100d_4pct_hdd,100,47,1000000,5000,1.0,timeout_degraded_read,15.0,5,250000,300000,96,mild_slow,99,healthy,2,12.6,17.7,25.4,209151,4.6,9151,9151,1197,0,0,0
dynamic_overlap_100d_4pct_hdd,100,47,1000000,5000,1.0,timeout_degraded_read,15.0,6,300000,350000,96,severe_slow,99,healthy,2,12.6,17.8,28.0,209492,4.7,9492,9492,1542,0,0,0
dynamic_overlap_100d_4pct_hdd,100,47,1000000,5000,1.0,timeout_degraded_read,15.0,7,350000,400000,96,severe_slow,99,healthy,2,12.6,17.8,28.3,209162,4.6,9162,9162,1552,0,0,0
dynamic_overlap_100d_4pct_hdd,100,47,1000000,5000,1.0,timeout_degraded_read,15.0,8,400000,450000,96,severe_slow,99,healthy,3,12.6,18.5,52.7,209681,4.8,9681,9681,1902,0,0,0
dynamic_overlap_100d_4pct_hdd,100,47,1000000,5000,1.0,timeout_degraded_read,15.0,9,450000,500000,96,severe_slow,99,healthy,3,12.6,18.5,52.8,209808,4.9,9808,9808,1958,0,0,0
dynamic_overlap_100d_4pct_hdd,100,47,1000000,5000,1.0,timeout_degraded_read,15.0,10,500000,550000,96,recovery,99,healthy,2,12.6,18.4,33.5,209728,4.9,9728,9728,1808,0,0,0
dynamic_overlap_100d_4pct_hdd,100,47,1000000,5000,1.0,timeout_degraded_read,15.0,11,550000,600000,96,recovery,99,mild_slow,3,12.6,19.0,53.7,209728,4.9,9728,9728,1871,0,0,0
dynamic_overlap_100d_4pct_hdd,100,47,1000000,5000,1.0,timeout_degraded_read,15.0,12,600000,650000,96,healthy,99,mild_slow,2,12.6,18.0,28.7,209622,4.8,9622,9622,1585,0,0,0
dynamic_overlap_100d_4pct_hdd,100,47,1000000,5000,1.0,timeout_degraded_read,15.0,13,650000,700000,96,healthy,99,mild_slow,2,12.6,18.0,28.8,209426,4.7,9426,9426,1657,0,0,0
dynamic_overlap_100d_4pct_hdd,100,47,1000000,5000,1.0,timeout_degraded_read,15.0,14,700000,750000,96,healthy,99,severe_slow,2,12.6,18.0,52.7,209306,4.7,9306,9306,1653,0,0,0
dynamic_overlap_100d_4pct_hdd,100,47,1000000,5000,1.0,timeout_degraded_read,15.0,15,750000,800000,96,healthy,99,severe_slow,1,12.6,17.9,25.6,209371,4.7,9371,9371,1652,0,0,0
dynamic_overlap_100d_4pct_hdd,100,47,1000000,5000,1.0,timeout_degraded_read,15.0,16,800000,850000,96,healthy,99,severe_slow,1,12.6,17.9,25.6,209430,4.7,9430,9430,1701,0,0,0
dynamic_overlap_100d_4pct_hdd,100,47,1000000,5000,1.0,timeout_degraded_read,15.0,17,850000,900000,96,healthy,99,recovery,0,12.5,17.0,19.2,208466,4.2,8466,8466,273,0,0,0
dynamic_overlap_100d_4pct_hdd,100,47,1000000,5000,1.0,timeout_degraded_read,15.0,18,900000,950000,96,healthy,99,healthy,0,12.5,16.8,18.7,208191,4.1,8191,8191,208,0,0,0
dynamic_overlap_100d_4pct_hdd,100,47,1000000,5000,1.0,timeout_degraded_read,15.0,19,950000,1000000,96,healthy,99,healthy,0,12.5,16.8,18.7,208105,4.1,8105,8105,208,0,0,0
dynamic_overlap_100d_4pct_hdd,100,47,1000000,5000,1.0,health_ec,15.0,0,0,50000,96,healthy,99,healthy,0,12.5,16.8,18.9,200000,0.0,0,0,0,0,0,0
dynamic_overlap_100d_4pct_hdd,100,47,1000000,5000,1.0,health_ec,15.0,1,50000,100000,96,healthy,99,healthy,0,12.5,16.8,18.8,200000,0.0,0,0,0,0,0,0
dynamic_overlap_100d_4pct_hdd,100,47,1000000,5000,1.0,health_ec,15.0,2,100000,150000,96,healthy,99,healthy,0,12.5,16.8,18.8,200000,0.0,0,0,0,0,0,0
dynamic_overlap_100d_4pct_hdd,100,47,1000000,5000,1.0,health_ec,15.0,3,150000,200000,96,mild_slow,99,healthy,1,12.6,17.1,20.6,200546,0.3,546,546,536,1,1,0
dynamic_overlap_100d_4pct_hdd,100,47,1000000,5000,1.0,health_ec,15.0,4,200000,250000,96,mild_slow,99,healthy,1,12.5,17.0,19.5,200740,0.4,740,740,730,0,0,0
dynamic_overlap_100d_4pct_hdd,100,47,1000000,5000,1.0,health_ec,15.0,5,250000,300000,96,mild_slow,99,healthy,2,12.6,17.3,22.4,200876,0.4,876,876,868,1,1,0
dynamic_overlap_100d_4pct_hdd,100,47,1000000,5000,1.0,health_ec,15.0,6,300000,350000,96,severe_slow,99,healthy,2,12.6,17.4,25.7,200948,0.5,948,948,948,0,0,0
dynamic_overlap_100d_4pct_hdd,100,47,1000000,5000,1.0,health_ec,15.0,7,350000,400000,96,severe_slow,99,healthy,2,12.5,17.4,24.6,201020,0.5,1020,1020,1020,0,0,0
dynamic_overlap_100d_4pct_hdd,100,47,1000000,5000,1.0,health_ec,15.0,8,400000,450000,96,severe_slow,99,healthy,3,12.6,17.8,48.0,201415,0.7,1415,1415,1412,1,1,0
dynamic_overlap_100d_4pct_hdd,100,47,1000000,5000,1.0,health_ec,15.0,9,450000,500000,96,severe_slow,99,healthy,3,12.6,17.7,48.6,201541,0.8,1541,1541,1535,0,0,0
dynamic_overlap_100d_4pct_hdd,100,47,1000000,5000,1.0,health_ec,15.0,10,500000,550000,96,recovery,99,healthy,2,12.6,17.2,21.1,201644,0.8,1644,1644,1627,0,0,0
dynamic_overlap_100d_4pct_hdd,100,47,1000000,5000,1.0,health_ec,15.0,11,550000,600000,96,recovery,99,mild_slow,3,12.6,17.9,36.0,201757,0.9,1757,1757,1722,2,2,0
dynamic_overlap_100d_4pct_hdd,100,47,1000000,5000,1.0,health_ec,15.0,12,600000,650000,96,healthy,99,mild_slow,2,12.6,17.4,24.6,201566,0.8,1566,1566,1150,0,0,0
dynamic_overlap_100d_4pct_hdd,100,47,1000000,5000,1.0,health_ec,15.0,13,650000,700000,96,healthy,99,mild_slow,2,12.6,17.4,24.3,201458,0.7,1458,1458,1203,0,0,0
dynamic_overlap_100d_4pct_hdd,100,47,1000000,5000,1.0,health_ec,15.0,14,700000,750000,96,healthy,99,severe_slow,2,12.5,17.5,46.1,201123,0.6,1123,1123,991,1,1,0
dynamic_overlap_100d_4pct_hdd,100,47,1000000,5000,1.0,health_ec,15.0,15,750000,800000,96,healthy,99,severe_slow,1,12.5,17.0,19.1,201080,0.5,1080,1080,1045,0,0,0
dynamic_overlap_100d_4pct_hdd,100,47,1000000,5000,1.0,health_ec,15.0,16,800000,850000,96,healthy,99,severe_slow,1,12.6,17.0,19.3,201064,0.5,1064,1064,1041,0,0,0
dynamic_overlap_100d_4pct_hdd,100,47,1000000,5000,1.0,health_ec,15.0,17,850000,900000,96,healthy,99,recovery,0,12.5,16.8,18.8,200955,0.5,955,955,834,0,0,0
dynamic_overlap_100d_4pct_hdd,100,47,1000000,5000,1.0,health_ec,15.0,18,900000,950000,96,healthy,99,healthy,0,12.5,16.8,18.8,200534,0.3,534,534,437,0,0,0
dynamic_overlap_100d_4pct_hdd,100,47,1000000,5000,1.0,health_ec,15.0,19,950000,1000000,96,healthy,99,healthy,0,12.5,16.8,18.9,200312,0.2,312,312,250,0,0,0
dynamic_overlap_100d_4pct_hdd,100,48,1000000,5000,1.0,vanilla_ec,15.0,0,0,50000,96,healthy,99,healthy,0,12.5,16.8,18.8,200000,0.0,0,0,0,0,0,0
dynamic_overlap_100d_4pct_hdd,100,48,1000000,5000,1.0,vanilla_ec,15.0,1,50000,100000,96,healthy,99,healthy,0,12.5,16.8,18.8,200000,0.0,0,0,0,0,0,0
dynamic_overlap_100d_4pct_hdd,100,48,1000000,5000,1.0,vanilla_ec,15.0,2,100000,150000,96,healthy,99,healthy,0,12.5,16.9,18.9,200000,0.0,0,0,0,0,0,0
dynamic_overlap_100d_4pct_hdd,100,48,1000000,5000,1.0,vanilla_ec,15.0,3,150000,200000,96,mild_slow,99,healthy,1,12.6,17.6,27.0,200000,0.0,0,0,0,0,0,0
dynamic_overlap_100d_4pct_hdd,100,48,1000000,5000,1.0,vanilla_ec,15.0,4,200000,250000,96,mild_slow,99,healthy,1,12.6,17.5,26.7,200000,0.0,0,0,0,0,0,0
dynamic_overlap_100d_4pct_hdd,100,48,1000000,5000,1.0,vanilla_ec,15.0,5,250000,300000,96,mild_slow,99,healthy,2,12.6,17.9,31.3,200000,0.0,0,0,0,0,0,0
dynamic_overlap_100d_4pct_hdd,100,48,1000000,5000,1.0,vanilla_ec,15.0,6,300000,350000,96,severe_slow,99,healthy,2,12.6,17.9,63.6,200000,0.0,0,0,0,0,0,0
dynamic_overlap_100d_4pct_hdd,100,48,1000000,5000,1.0,vanilla_ec,15.0,7,350000,400000,96,severe_slow,99,healthy,2,12.6,17.9,63.7,200000,0.0,0,0,0,0,0,0
dynamic_overlap_100d_4pct_hdd,100,48,1000000,5000,1.0,vanilla_ec,15.0,8,400000,450000,96,severe_slow,99,healthy,3,12.6,18.5,72.5,200000,0.0,0,0,0,0,0,0
dynamic_overlap_100d_4pct_hdd,100,48,1000000,5000,1.0,vanilla_ec,15.0,9,450000,500000,96,severe_slow,99,healthy,3,12.6,18.6,72.7,200000,0.0,0,0,0,0,0,0
dynamic_overlap_100d_4pct_hdd,100,48,1000000,5000,1.0,vanilla_ec,15.0,10,500000,550000,96,recovery,99,healthy,2,12.6,18.6,64.1,200000,0.0,0,0,0,0,0,0
dynamic_overlap_100d_4pct_hdd,100,48,1000000,5000,1.0,vanilla_ec,15.0,11,550000,600000,96,recovery,99,mild_slow,3,12.6,18.9,72.9,200000,0.0,0,0,0,0,0,0
dynamic_overlap_100d_4pct_hdd,100,48,1000000,5000,1.0,vanilla_ec,15.0,12,600000,650000,96,healthy,99,mild_slow,2,12.6,18.0,62.3,200000,0.0,0,0,0,0,0,0
dynamic_overlap_100d_4pct_hdd,100,48,1000000,5000,1.0,vanilla_ec,15.0,13,650000,700000,96,healthy,99,mild_slow,2,12.6,18.0,63.7,200000,0.0,0,0,0,0,0,0
dynamic_overlap_100d_4pct_hdd,100,48,1000000,5000,1.0,vanilla_ec,15.0,14,700000,750000,96,healthy,99,severe_slow,2,12.6,17.9,73.0,200000,0.0,0,0,0,0,0,0
dynamic_overlap_100d_4pct_hdd,100,48,1000000,5000,1.0,vanilla_ec,15.0,15,750000,800000,96,healthy,99,severe_slow,1,12.6,18.0,65.0,200000,0.0,0,0,0,0,0,0
dynamic_overlap_100d_4pct_hdd,100,48,1000000,5000,1.0,vanilla_ec,15.0,16,800000,850000,96,healthy,99,severe_slow,1,12.6,17.9,64.3,200000,0.0,0,0,0,0,0,0
dynamic_overlap_100d_4pct_hdd,100,48,1000000,5000,1.0,vanilla_ec,15.0,17,850000,900000,96,healthy,99,recovery,0,12.5,17.0,19.4,200000,0.0,0,0,0,0,0,0
dynamic_overlap_100d_4pct_hdd,100,48,1000000,5000,1.0,vanilla_ec,15.0,18,900000,950000,96,healthy,99,healthy,0,12.5,16.8,18.8,200000,0.0,0,0,0,0,0,0
dynamic_overlap_100d_4pct_hdd,100,48,1000000,5000,1.0,vanilla_ec,15.0,19,950000,1000000,96,healthy,99,healthy,0,12.5,16.8,18.8,200000,0.0,0,0,0,0,0,0
dynamic_overlap_100d_4pct_hdd,100,48,1000000,5000,1.0,late_binding,15.0,0,0,50000,96,healthy,99,healthy,0,10.7,14.0,15.4,250000,25.0,50000,50000,40052,0,0,0
dynamic_overlap_100d_4pct_hdd,100,48,1000000,5000,1.0,late_binding,15.0,1,50000,100000,96,healthy,99,healthy,0,10.7,14.0,15.5,250000,25.0,50000,50000,39921,0,0,0
dynamic_overlap_100d_4pct_hdd,100,48,1000000,5000,1.0,late_binding,15.0,2,100000,150000,96,healthy,99,healthy,0,10.7,14.0,15.5,250000,25.0,50000,50000,40033,0,0,0
dynamic_overlap_100d_4pct_hdd,100,48,1000000,5000,1.0,late_binding,15.0,3,150000,200000,96,mild_slow,99,healthy,1,10.7,14.2,15.7,250000,25.0,50000,50000,39823,0,0,0
dynamic_overlap_100d_4pct_hdd,100,48,1000000,5000,1.0,late_binding,15.0,4,200000,250000,96,mild_slow,99,healthy,1,10.8,14.2,15.8,250000,25.0,50000,50000,39689,0,0,0
dynamic_overlap_100d_4pct_hdd,100,48,1000000,5000,1.0,late_binding,15.0,5,250000,300000,96,mild_slow,99,healthy,2,10.8,14.6,22.3,250000,25.0,50000,50000,39948,0,0,0
dynamic_overlap_100d_4pct_hdd,100,48,1000000,5000,1.0,late_binding,15.0,6,300000,350000,96,severe_slow,99,healthy,2,10.8,14.7,26.6,250000,25.0,50000,50000,39875,0,0,0
dynamic_overlap_100d_4pct_hdd,100,48,1000000,5000,1.0,late_binding,15.0,7,350000,400000,96,severe_slow,99,healthy,2,10.8,14.7,27.0,250000,25.0,50000,50000,39826,0,0,0
dynamic_overlap_100d_4pct_hdd,100,48,1000000,5000,1.0,late_binding,15.0,8,400000,450000,96,severe_slow,99,healthy,3,10.8,14.9,51.7,250000,25.0,50000,50000,39772,0,0,0
dynamic_overlap_100d_4pct_hdd,100,48,1000000,5000,1.0,late_binding,15.0,9,450000,500000,96,severe_slow,99,healthy,3,10.8,14.9,51.6,250000,25.0,50000,50000,39923,0,0,0
dynamic_overlap_100d_4pct_hdd,100,48,1000000,5000,1.0,late_binding,15.0,10,500000,550000,96,recovery,99,healthy,2,10.8,14.8,27.0,250000,25.0,50000,50000,40190,0,0,0
dynamic_overlap_100d_4pct_hdd,100,48,1000000,5000,1.0,late_binding,15.0,11,550000,600000,96,recovery,99,mild_slow,3,10.8,15.5,50.5,250000,25.0,50000,50000,40040,0,0,0
dynamic_overlap_100d_4pct_hdd,100,48,1000000,5000,1.0,late_binding,15.0,12,600000,650000,96,healthy,99,mild_slow,2,10.8,14.9,26.6,250000,25.0,50000,50000,39589,0,0,0
dynamic_overlap_100d_4pct_hdd,100,48,1000000,5000,1.0,late_binding,15.0,13,650000,700000,96,healthy,99,mild_slow,2,10.8,15.0,27.1,250000,25.0,50000,50000,39764,0,0,0
dynamic_overlap_100d_4pct_hdd,100,48,1000000,5000,1.0,late_binding,15.0,14,700000,750000,96,healthy,99,severe_slow,2,10.8,14.8,52.1,250000,25.0,50000,50000,39721,0,0,0
dynamic_overlap_100d_4pct_hdd,100,48,1000000,5000,1.0,late_binding,15.0,15,750000,800000,96,healthy,99,severe_slow,1,10.8,14.4,17.0,250000,25.0,50000,50000,40041,0,0,0
dynamic_overlap_100d_4pct_hdd,100,48,1000000,5000,1.0,late_binding,15.0,16,800000,850000,96,healthy,99,severe_slow,1,10.8,14.3,16.8,250000,25.0,50000,50000,40188,0,0,0
dynamic_overlap_100d_4pct_hdd,100,48,1000000,5000,1.0,late_binding,15.0,17,850000,900000,96,healthy,99,recovery,0,10.7,14.1,15.6,250000,25.0,50000,50000,40087,0,0,0
dynamic_overlap_100d_4pct_hdd,100,48,1000000,5000,1.0,late_binding,15.0,18,900000,950000,96,healthy,99,healthy,0,10.7,14.0,15.4,250000,25.0,50000,50000,40113,0,0,0
dynamic_overlap_100d_4pct_hdd,100,48,1000000,5000,1.0,late_binding,15.0,19,950000,1000000,96,healthy,99,healthy,0,10.7,14.0,15.4,250000,25.0,50000,50000,39937,0,0,0
dynamic_overlap_100d_4pct_hdd,100,48,1000000,5000,1.0,timeout_degraded_read,15.0,0,0,50000,96,healthy,99,healthy,0,12.5,16.8,18.8,208083,4.0,8083,8083,174,0,0,0
dynamic_overlap_100d_4pct_hdd,100,48,1000000,5000,1.0,timeout_degraded_read,15.0,1,50000,100000,96,healthy,99,healthy,0,12.5,16.8,18.7,208137,4.1,8137,8137,174,0,0,0
dynamic_overlap_100d_4pct_hdd,100,48,1000000,5000,1.0,timeout_degraded_read,15.0,2,100000,150000,96,healthy,99,healthy,0,12.5,16.8,18.8,208130,4.1,8130,8130,215,0,0,0
dynamic_overlap_100d_4pct_hdd,100,48,1000000,5000,1.0,timeout_degraded_read,15.0,3,150000,200000,96,mild_slow,99,healthy,1,12.6,17.5,22.9,209308,4.7,9308,9308,875,0,0,0
dynamic_overlap_100d_4pct_hdd,100,48,1000000,5000,1.0,timeout_degraded_read,15.0,4,200000,250000,96,mild_slow,99,healthy,1,12.6,17.5,22.7,208993,4.5,8993,8993,874,0,0,0
dynamic_overlap_100d_4pct_hdd,100,48,1000000,5000,1.0,timeout_degraded_read,15.0,5,250000,300000,96,mild_slow,99,healthy,2,12.6,17.8,25.5,209270,4.6,9270,9270,1260,0,0,0
dynamic_overlap_100d_4pct_hdd,100,48,1000000,5000,1.0,timeout_degraded_read,15.0,6,300000,350000,96,severe_slow,99,healthy,2,12.6,17.8,28.4,209360,4.7,9360,9360,1579,0,0,0
dynamic_overlap_100d_4pct_hdd,100,48,1000000,5000,1.0,timeout_degraded_read,15.0,7,350000,400000,96,severe_slow,99,healthy,2,12.6,17.8,28.4,209252,4.6,9252,9252,1592,0,0,0
dynamic_overlap_100d_4pct_hdd,100,48,1000000,5000,1.0,timeout_degraded_read,15.0,8,400000,450000,96,severe_slow,99,healthy,3,12.6,18.4,51.9,209702,4.9,9702,9702,1888,0,0,0
dynamic_overlap_100d_4pct_hdd,100,48,1000000,5000,1.0,timeout_degraded_read,15.0,9,450000,500000,96,severe_slow,99,healthy,3,12.6,18.5,51.9,209791,4.9,9791,9791,1915,0,0,0
dynamic_overlap_100d_4pct_hdd,100,48,1000000,5000,1.0,timeout_degraded_read,15.0,10,500000,550000,96,recovery,99,healthy,2,12.6,18.5,33.2,209735,4.9,9735,9735,1801,0,0,0
dynamic_overlap_100d_4pct_hdd,100,48,1000000,5000,1.0,timeout_degraded_read,15.0,11,550000,600000,96,recovery,99,mild_slow,3,12.6,18.8,53.1,209912,5.0,9912,9912,1889,0,0,0
dynamic_overlap_100d_4pct_hdd,100,48,1000000,5000,1.0,timeout_degraded_read,15.0,12,600000,650000,96,healthy,99,mild_slow,2,12.6,17.9,28.3,209392,4.7,9392,9392,1565,0,0,0
dynamic_overlap_100d_4pct_hdd,100,48,1000000,5000,1.0,timeout_degraded_read,15.0,13,650000,700000,96,healthy,99,mild_slow,2,12.6,18.0,28.4,209491,4.7,9491,9491,1601,0,0,0
dynamic_overlap_100d_4pct_hdd,100,48,1000000,5000,1.0,timeout_degraded_read,15.0,14,700000,750000,96,healthy,99,severe_slow,2,12.6,17.9,52.1,209212,4.6,9212,9212,1670,0,0,0
dynamic_overlap_100d_4pct_hdd,100,48,1000000,5000,1.0,timeout_degraded_read,15.0,15,750000,800000,96,healthy,99,severe_slow,1,12.6,17.9,25.5,209353,4.7,9353,9353,1638,0,0,0
dynamic_overlap_100d_4pct_hdd,100,48,1000000,5000,1.0,timeout_degraded_read,15.0,16,800000,850000,96,healthy,99,severe_slow,1,12.6,17.8,25.3,209345,4.7,9345,9345,1596,0,0,0
dynamic_overlap_100d_4pct_hdd,100,48,1000000,5000,1.0,timeout_degraded_read,15.0,17,850000,900000,96,healthy,99,recovery,0,12.5,17.0,19.3,208621,4.3,8621,8621,229,0,0,0
dynamic_overlap_100d_4pct_hdd,100,48,1000000,5000,1.0,timeout_degraded_read,15.0,18,900000,950000,96,healthy,99,healthy,0,12.5,16.8,18.8,208031,4.0,8031,8031,185,0,0,0
dynamic_overlap_100d_4pct_hdd,100,48,1000000,5000,1.0,timeout_degraded_read,15.0,19,950000,1000000,96,healthy,99,healthy,0,12.5,16.8,18.7,208135,4.1,8135,8135,160,0,0,0
dynamic_overlap_100d_4pct_hdd,100,48,1000000,5000,1.0,health_ec,15.0,0,0,50000,96,healthy,99,healthy,0,12.5,16.8,18.8,200000,0.0,0,0,0,0,0,0
dynamic_overlap_100d_4pct_hdd,100,48,1000000,5000,1.0,health_ec,15.0,1,50000,100000,96,healthy,99,healthy,0,12.5,16.8,18.8,200000,0.0,0,0,0,0,0,0
dynamic_overlap_100d_4pct_hdd,100,48,1000000,5000,1.0,health_ec,15.0,2,100000,150000,96,healthy,99,healthy,0,12.5,16.9,18.9,200000,0.0,0,0,0,0,0,0
dynamic_overlap_100d_4pct_hdd,100,48,1000000,5000,1.0,health_ec,15.0,3,150000,200000,96,mild_slow,99,healthy,1,12.5,17.1,20.3,200475,0.2,475,475,468,1,1,0
dynamic_overlap_100d_4pct_hdd,100,48,1000000,5000,1.0,health_ec,15.0,4,200000,250000,96,mild_slow,99,healthy,1,12.5,16.9,19.4,200742,0.4,742,742,725,0,0,0
dynamic_overlap_100d_4pct_hdd,100,48,1000000,5000,1.0,health_ec,15.0,5,250000,300000,96,mild_slow,99,healthy,2,12.5,17.4,22.6,200873,0.4,873,873,871,1,1,0
dynamic_overlap_100d_4pct_hdd,100,48,1000000,5000,1.0,health_ec,15.0,6,300000,350000,96,severe_slow,99,healthy,2,12.6,17.3,25.5,200969,0.5,969,969,968,0,0,0
dynamic_overlap_100d_4pct_hdd,100,48,1000000,5000,1.0,health_ec,15.0,7,350000,400000,96,severe_slow,99,healthy,2,12.6,17.4,25.4,201041,0.5,1041,1041,1041,0,0,0
dynamic_overlap_100d_4pct_hdd,100,48,1000000,5000,1.0,health_ec,15.0,8,400000,450000,96,severe_slow,99,healthy,3,12.6,17.8,48.5,201348,0.7,1348,1348,1341,1,1,0
dynamic_overlap_100d_4pct_hdd,100,48,1000000,5000,1.0,health_ec,15.0,9,450000,500000,96,severe_slow,99,healthy,3,12.6,17.6,48.0,201566,0.8,1566,1566,1558,0,0,0
dynamic_overlap_100d_4pct_hdd,100,48,1000000,5000,1.0,health_ec,15.0,10,500000,550000,96,recovery,99,healthy,2,12.5,17.2,21.6,201632,0.8,1632,1632,1617,0,0,0
dynamic_overlap_100d_4pct_hdd,100,48,1000000,5000,1.0,health_ec,15.0,11,550000,600000,96,recovery,99,mild_slow,3,12.6,17.8,36.9,201737,0.9,1737,1737,1689,2,2,0
dynamic_overlap_100d_4pct_hdd,100,48,1000000,5000,1.0,health_ec,15.0,12,600000,650000,96,healthy,99,mild_slow,2,12.6,17.3,24.2,201522,0.8,1522,1522,1161,0,0,0
dynamic_overlap_100d_4pct_hdd,100,48,1000000,5000,1.0,health_ec,15.0,13,650000,700000,96,healthy,99,mild_slow,2,12.6,17.3,23.9,201243,0.6,1243,1243,1020,1,1,0
dynamic_overlap_100d_4pct_hdd,100,48,1000000,5000,1.0,health_ec,15.0,14,700000,750000,96,healthy,99,severe_slow,2,12.6,17.5,45.3,201125,0.6,1125,1125,1009,0,0,0
dynamic_overlap_100d_4pct_hdd,100,48,1000000,5000,1.0,health_ec,15.0,15,750000,800000,96,healthy,99,severe_slow,1,12.5,17.0,19.3,201047,0.5,1047,1047,1005,0,0,0
dynamic_overlap_100d_4pct_hdd,100,48,1000000,5000,1.0,health_ec,15.0,16,800000,850000,96,healthy,99,severe_slow,1,12.5,17.0,19.2,201015,0.5,1015,1015,985,0,0,0
dynamic_overlap_100d_4pct_hdd,100,48,1000000,5000,1.0,health_ec,15.0,17,850000,900000,96,healthy,99,recovery,0,12.5,16.8,18.9,200871,0.4,871,871,789,0,0,0
dynamic_overlap_100d_4pct_hdd,100,48,1000000,5000,1.0,health_ec,15.0,18,900000,950000,96,healthy,99,healthy,0,12.5,16.8,18.8,200540,0.3,540,540,435,0,0,0
dynamic_overlap_100d_4pct_hdd,100,48,1000000,5000,1.0,health_ec,15.0,19,950000,1000000,96,healthy,99,healthy,0,12.5,16.8,18.7,200304,0.2,304,304,246,0,0,0
dynamic_overlap_100d_4pct_hdd,100,49,1000000,5000,1.0,vanilla_ec,15.0,0,0,50000,96,healthy,99,healthy,0,12.5,16.8,18.9,200000,0.0,0,0,0,0,0,0
dynamic_overlap_100d_4pct_hdd,100,49,1000000,5000,1.0,vanilla_ec,15.0,1,50000,100000,96,healthy,99,healthy,0,12.5,16.8,18.8,200000,0.0,0,0,0,0,0,0
dynamic_overlap_100d_4pct_hdd,100,49,1000000,5000,1.0,vanilla_ec,15.0,2,100000,150000,96,healthy,99,healthy,0,12.5,16.8,18.7,200000,0.0,0,0,0,0,0,0
dynamic_overlap_100d_4pct_hdd,100,49,1000000,5000,1.0,vanilla_ec,15.0,3,150000,200000,96,mild_slow,99,healthy,1,12.6,17.6,27.1,200000,0.0,0,0,0,0,0,0
dynamic_overlap_100d_4pct_hdd,100,49,1000000,5000,1.0,vanilla_ec,15.0,4,200000,250000,96,mild_slow,99,healthy,1,12.6,17.7,27.3,200000,0.0,0,0,0,0,0,0
dynamic_overlap_100d_4pct_hdd,100,49,1000000,5000,1.0,vanilla_ec,15.0,5,250000,300000,96,mild_slow,99,healthy,2,12.6,17.8,31.4,200000,0.0,0,0,0,0,0,0
dynamic_overlap_100d_4pct_hdd,100,49,1000000,5000,1.0,vanilla_ec,15.0,6,300000,350000,96,severe_slow,99,healthy,2,12.6,17.9,63.4,200000,0.0,0,0,0,0,0,0
dynamic_overlap_100d_4pct_hdd,100,49,1000000,5000,1.0,vanilla_ec,15.0,7,350000,400000,96,severe_slow,99,healthy,2,12.6,17.8,62.3,200000,0.0,0,0,0,0,0,0
dynamic_overlap_100d_4pct_hdd,100,49,1000000,5000,1.0,vanilla_ec,15.0,8,400000,450000,96,severe_slow,99,healthy,3,12.6,18.5,72.7,200000,0.0,0,0,0,0,0,0
dynamic_overlap_100d_4pct_hdd,100,49,1000000,5000,1.0,vanilla_ec,15.0,9,450000,500000,96,severe_slow,99,healthy,3,12.6,18.6,72.1,200000,0.0,0,0,0,0,0,0
dynamic_overlap_100d_4pct_hdd,100,49,1000000,5000,1.0,vanilla_ec,15.0,10,500000,550000,96,recovery,99,healthy,2,12.6,18.5,63.9,200000,0.0,0,0,0,0,0,0
dynamic_overlap_100d_4pct_hdd,100,49,1000000,5000,1.0,vanilla_ec,15.0,11,550000,600000,96,recovery,99,mild_slow,3,12.6,19.0,74.5,200000,0.0,0,0,0,0,0,0
dynamic_overlap_100d_4pct_hdd,100,49,1000000,5000,1.0,vanilla_ec,15.0,12,600000,650000,96,healthy,99,mild_slow,2,12.6,18.1,64.7,200000,0.0,0,0,0,0,0,0
dynamic_overlap_100d_4pct_hdd,100,49,1000000,5000,1.0,vanilla_ec,15.0,13,650000,700000,96,healthy,99,mild_slow,2,12.6,18.2,65.4,200000,0.0,0,0,0,0,0,0
dynamic_overlap_100d_4pct_hdd,100,49,1000000,5000,1.0,vanilla_ec,15.0,14,700000,750000,96,healthy,99,severe_slow,2,12.6,18.0,73.2,200000,0.0,0,0,0,0,0,0
dynamic_overlap_100d_4pct_hdd,100,49,1000000,5000,1.0,vanilla_ec,15.0,15,750000,800000,96,healthy,99,severe_slow,1,12.6,17.9,63.4,200000,0.0,0,0,0,0,0,0
dynamic_overlap_100d_4pct_hdd,100,49,1000000,5000,1.0,vanilla_ec,15.0,16,800000,850000,96,healthy,99,severe_slow,1,12.6,18.0,64.2,200000,0.0,0,0,0,0,0,0
dynamic_overlap_100d_4pct_hdd,100,49,1000000,5000,1.0,vanilla_ec,15.0,17,850000,900000,96,healthy,99,recovery,0,12.5,17.0,19.4,200000,0.0,0,0,0,0,0,0
dynamic_overlap_100d_4pct_hdd,100,49,1000000,5000,1.0,vanilla_ec,15.0,18,900000,950000,96,healthy,99,healthy,0,12.5,16.8,18.8,200000,0.0,0,0,0,0,0,0
dynamic_overlap_100d_4pct_hdd,100,49,1000000,5000,1.0,vanilla_ec,15.0,19,950000,1000000,96,healthy,99,healthy,0,12.5,16.8,18.9,200000,0.0,0,0,0,0,0,0
dynamic_overlap_100d_4pct_hdd,100,49,1000000,5000,1.0,late_binding,15.0,0,0,50000,96,healthy,99,healthy,0,10.7,14.0,15.5,250000,25.0,50000,50000,39956,0,0,0
dynamic_overlap_100d_4pct_hdd,100,49,1000000,5000,1.0,late_binding,15.0,1,50000,100000,96,healthy,99,healthy,0,10.7,14.0,15.4,250000,25.0,50000,50000,39977,0,0,0
dynamic_overlap_100d_4pct_hdd,100,49,1000000,5000,1.0,late_binding,15.0,2,100000,150000,96,healthy,99,healthy,0,10.7,14.0,15.4,250000,25.0,50000,50000,40049,0,0,0
dynamic_overlap_100d_4pct_hdd,100,49,1000000,5000,1.0,late_binding,15.0,3,150000,200000,96,mild_slow,99,healthy,1,10.7,14.2,15.8,250000,25.0,50000,50000,39743,0,0,0
dynamic_overlap_100d_4pct_hdd,100,49,1000000,5000,1.0,late_binding,15.0,4,200000,250000,96,mild_slow,99,healthy,1,10.7,14.2,15.8,250000,25.0,50000,50000,39912,0,0,0
dynamic_overlap_100d_4pct_hdd,100,49,1000000,5000,1.0,late_binding,15.0,5,250000,300000,96,mild_slow,99,healthy,2,10.8,14.7,22.2,250000,25.0,50000,50000,39833,0,0,0
dynamic_overlap_100d_4pct_hdd,100,49,1000000,5000,1.0,late_binding,15.0,6,300000,350000,96,severe_slow,99,healthy,2,10.8,14.8,26.8,250000,25.0,50000,50000,39705,0,0,0
dynamic_overlap_100d_4pct_hdd,100,49,1000000,5000,1.0,late_binding,15.0,7,350000,400000,96,severe_slow,99,healthy,2,10.8,14.7,26.5,250000,25.0,50000,50000,39641,0,0,0
dynamic_overlap_100d_4pct_hdd,100,49,1000000,5000,1.0,late_binding,15.0,8,400000,450000,96,severe_slow,99,healthy,3,10.8,15.0,50.2,250000,25.0,50000,50000,39938,0,0,0
dynamic_overlap_100d_4pct_hdd,100,49,1000000,5000,1.0,late_binding,15.0,9,450000,500000,96,severe_slow,99,healthy,3,10.8,14.9,51.8,250000,25.0,50000,50000,39845,0,0,0
dynamic_overlap_100d_4pct_hdd,100,49,1000000,5000,1.0,late_binding,15.0,10,500000,550000,96,recovery,99,healthy,2,10.8,14.8,26.7,250000,25.0,50000,50000,40172,0,0,0
dynamic_overlap_100d_4pct_hdd,100,49,1000000,5000,1.0,late_binding,15.0,11,550000,600000,96,recovery,99,mild_slow,3,10.8,15.5,52.5,250000,25.0,50000,50000,39657,0,0,0
dynamic_overlap_100d_4pct_hdd,100,49,1000000,5000,1.0,late_binding,15.0,12,600000,650000,96,healthy,99,mild_slow,2,10.8,15.0,27.2,250000,25.0,50000,50000,39828,0,0,0
dynamic_overlap_100d_4pct_hdd,100,49,1000000,5000,1.0,late_binding,15.0,13,650000,700000,96,healthy,99,mild_slow,2,10.8,15.0,27.3,250000,25.0,50000,50000,39865,0,0,0
dynamic_overlap_100d_4pct_hdd,100,49,1000000,5000,1.0,late_binding,15.0,14,700000,750000,96,healthy,99,severe_slow,2,10.8,14.8,53.0,250000,25.0,50000,50000,39829,0,0,0
dynamic_overlap_100d_4pct_hdd,100,49,1000000,5000,1.0,late_binding,15.0,15,750000,800000,96,healthy,99,severe_slow,1,10.8,14.4,16.7,250000,25.0,50000,50000,40185,0,0,0
dynamic_overlap_100d_4pct_hdd,100,49,1000000,5000,1.0,late_binding,15.0,16,800000,850000,96,healthy,99,severe_slow,1,10.8,14.4,16.8,250000,25.0,50000,50000,40220,0,0,0
dynamic_overlap_100d_4pct_hdd,100,49,1000000,5000,1.0,late_binding,15.0,17,850000,900000,96,healthy,99,recovery,0,10.7,14.1,15.6,250000,25.0,50000,50000,40031,0,0,0
dynamic_overlap_100d_4pct_hdd,100,49,1000000,5000,1.0,late_binding,15.0,18,900000,950000,96,healthy,99,healthy,0,10.7,14.0,15.5,250000,25.0,50000,50000,39851,0,0,0
dynamic_overlap_100d_4pct_hdd,100,49,1000000,5000,1.0,late_binding,15.0,19,950000,1000000,96,healthy,99,healthy,0,10.7,14.0,15.4,250000,25.0,50000,50000,40067,0,0,0
dynamic_overlap_100d_4pct_hdd,100,49,1000000,5000,1.0,timeout_degraded_read,15.0,0,0,50000,96,healthy,99,healthy,0,12.5,16.8,18.8,208173,4.1,8173,8173,186,0,0,0
dynamic_overlap_100d_4pct_hdd,100,49,1000000,5000,1.0,timeout_degraded_read,15.0,1,50000,100000,96,healthy,99,healthy,0,12.5,16.8,18.7,208067,4.0,8067,8067,214,0,0,0
dynamic_overlap_100d_4pct_hdd,100,49,1000000,5000,1.0,timeout_degraded_read,15.0,2,100000,150000,96,healthy,99,healthy,0,12.5,16.8,18.6,207975,4.0,7975,7975,190,0,0,0
dynamic_overlap_100d_4pct_hdd,100,49,1000000,5000,1.0,timeout_degraded_read,15.0,3,150000,200000,96,mild_slow,99,healthy,1,12.6,17.5,22.8,209025,4.5,9025,9025,918,0,0,0
dynamic_overlap_100d_4pct_hdd,100,49,1000000,5000,1.0,timeout_degraded_read,15.0,4,200000,250000,96,mild_slow,99,healthy,1,12.6,17.6,22.9,209191,4.6,9191,9191,955,0,0,0
dynamic_overlap_100d_4pct_hdd,100,49,1000000,5000,1.0,timeout_degraded_read,15.0,5,250000,300000,96,mild_slow,99,healthy,2,12.6,17.8,25.6,209321,4.7,9321,9321,1195,0,0,0
dynamic_overlap_100d_4pct_hdd,100,49,1000000,5000,1.0,timeout_degraded_read,15.0,6,300000,350000,96,severe_slow,99,healthy,2,12.6,17.8,28.5,209364,4.7,9364,9364,1578,0,0,0
dynamic_overlap_100d_4pct_hdd,100,49,1000000,5000,1.0,timeout_degraded_read,15.0,7,350000,400000,96,severe_slow,99,healthy,2,12.6,17.8,28.3,209310,4.7,9310,9310,1527,0,0,0
dynamic_overlap_100d_4pct_hdd,100,49,1000000,5000,1.0,timeout_degraded_read,15.0,8,400000,450000,96,severe_slow,99,healthy,3,12.6,18.4,50.8,209708,4.9,9708,9708,1890,0,0,0
dynamic_overlap_100d_4pct_hdd,100,49,1000000,5000,1.0,timeout_degraded_read,15.0,9,450000,500000,96,severe_slow,99,healthy,3,12.6,18.5,52.2,209658,4.8,9658,9658,1935,0,0,0
dynamic_overlap_100d_4pct_hdd,100,49,1000000,5000,1.0,timeout_degraded_read,15.0,10,500000,550000,96,recovery,99,healthy,2,12.6,18.4,33.3,209761,4.9,9761,9761,1783,0,0,0
dynamic_overlap_100d_4pct_hdd,100,49,1000000,5000,1.0,timeout_degraded_read,15.0,11,550000,600000,96,recovery,99,mild_slow,3,12.6,18.9,55.2,209754,4.9,9754,9754,1850,0,0,0
dynamic_overlap_100d_4pct_hdd,100,49,1000000,5000,1.0,timeout_degraded_read,15.0,12,600000,650000,96,healthy,99,mild_slow,2,12.6,18.0,28.5,209489,4.7,9489,9489,1683,0,0,0
dynamic_overlap_100d_4pct_hdd,100,49,1000000,5000,1.0,timeout_degraded_read,15.0,13,650000,700000,96,healthy,99,mild_slow,2,12.6,18.1,28.6,209715,4.9,9715,9715,1734,0,0,0
dynamic_overlap_100d_4pct_hdd,100,49,1000000,5000,1.0,timeout_degraded_read,15.0,14,700000,750000,96,healthy,99,severe_slow,2,12.6,18.0,53.0,209311,4.7,9311,9311,1721,0,0,0
dynamic_overlap_100d_4pct_hdd,100,49,1000000,5000,1.0,timeout_degraded_read,15.0,15,750000,800000,96,healthy,99,severe_slow,1,12.6,17.8,25.2,209161,4.6,9161,9161,1588,0,0,0
dynamic_overlap_100d_4pct_hdd,100,49,1000000,5000,1.0,timeout_degraded_read,15.0,16,800000,850000,96,healthy,99,severe_slow,1,12.6,17.9,25.5,209330,4.7,9330,9330,1642,0,0,0
dynamic_overlap_100d_4pct_hdd,100,49,1000000,5000,1.0,timeout_degraded_read,15.0,17,850000,900000,96,healthy,99,recovery,0,12.5,17.0,19.2,208502,4.3,8502,8502,260,0,0,0
dynamic_overlap_100d_4pct_hdd,100,49,1000000,5000,1.0,timeout_degraded_read,15.0,18,900000,950000,96,healthy,99,healthy,0,12.5,16.8,18.8,208011,4.0,8011,8011,191,0,0,0
dynamic_overlap_100d_4pct_hdd,100,49,1000000,5000,1.0,timeout_degraded_read,15.0,19,950000,1000000,96,healthy,99,healthy,0,12.5,16.8,18.8,208139,4.1,8139,8139,214,0,0,0
dynamic_overlap_100d_4pct_hdd,100,49,1000000,5000,1.0,health_ec,15.0,0,0,50000,96,healthy,99,healthy,0,12.5,16.8,18.9,200000,0.0,0,0,0,0,0,0
dynamic_overlap_100d_4pct_hdd,100,49,1000000,5000,1.0,health_ec,15.0,1,50000,100000,96,healthy,99,healthy,0,12.5,16.8,18.8,200000,0.0,0,0,0,0,0,0
dynamic_overlap_100d_4pct_hdd,100,49,1000000,5000,1.0,health_ec,15.0,2,100000,150000,96,healthy,99,healthy,0,12.5,16.8,18.7,200000,0.0,0,0,0,0,0,0
dynamic_overlap_100d_4pct_hdd,100,49,1000000,5000,1.0,health_ec,15.0,3,150000,200000,96,mild_slow,99,healthy,1,12.5,17.1,20.7,200549,0.3,549,549,539,1,1,0
dynamic_overlap_100d_4pct_hdd,100,49,1000000,5000,1.0,health_ec,15.0,4,200000,250000,96,mild_slow,99,healthy,1,12.5,17.0,19.8,200726,0.4,726,726,705,0,0,0
dynamic_overlap_100d_4pct_hdd,100,49,1000000,5000,1.0,health_ec,15.0,5,250000,300000,96,mild_slow,99,healthy,2,12.5,17.4,22.9,200804,0.4,804,804,804,1,1,0
dynamic_overlap_100d_4pct_hdd,100,49,1000000,5000,1.0,health_ec,15.0,6,300000,350000,96,severe_slow,99,healthy,2,12.6,17.4,26.6,200964,0.5,964,964,964,0,0,0
dynamic_overlap_100d_4pct_hdd,100,49,1000000,5000,1.0,health_ec,15.0,7,350000,400000,96,severe_slow,99,healthy,2,12.6,17.4,24.5,201018,0.5,1018,1018,1018,0,0,0
dynamic_overlap_100d_4pct_hdd,100,49,1000000,5000,1.0,health_ec,15.0,8,400000,450000,96,severe_slow,99,healthy,3,12.6,17.8,46.7,201469,0.7,1469,1469,1462,1,1,0
dynamic_overlap_100d_4pct_hdd,100,49,1000000,5000,1.0,health_ec,15.0,9,450000,500000,96,severe_slow,99,healthy,3,12.6,17.6,48.6,201567,0.8,1567,1567,1554,0,0,0
dynamic_overlap_100d_4pct_hdd,100,49,1000000,5000,1.0,health_ec,15.0,10,500000,550000,96,recovery,99,healthy,2,12.6,17.2,21.3,201604,0.8,1604,1604,1592,0,0,0
dynamic_overlap_100d_4pct_hdd,100,49,1000000,5000,1.0,health_ec,15.0,11,550000,600000,96,recovery,99,mild_slow,3,12.6,17.9,37.0,201714,0.9,1714,1714,1668,2,2,0
dynamic_overlap_100d_4pct_hdd,100,49,1000000,5000,1.0,health_ec,15.0,12,600000,650000,96,healthy,99,mild_slow,2,12.6,17.4,24.7,201624,0.8,1624,1624,1236,0,0,0
dynamic_overlap_100d_4pct_hdd,100,49,1000000,5000,1.0,health_ec,15.0,13,650000,700000,96,healthy,99,mild_slow,2,12.6,17.4,24.5,201475,0.7,1475,1475,1262,0,0,0
dynamic_overlap_100d_4pct_hdd,100,49,1000000,5000,1.0,health_ec,15.0,14,700000,750000,96,healthy,99,severe_slow,2,12.5,17.5,47.2,201178,0.6,1178,1178,1063,1,1,0
dynamic_overlap_100d_4pct_hdd,100,49,1000000,5000,1.0,health_ec,15.0,15,750000,800000,96,healthy,99,severe_slow,1,12.5,16.9,19.1,201028,0.5,1028,1028,989,0,0,0
dynamic_overlap_100d_4pct_hdd,100,49,1000000,5000,1.0,health_ec,15.0,16,800000,850000,96,healthy,99,severe_slow,1,12.5,17.0,19.2,201052,0.5,1052,1052,1041,0,0,0
dynamic_overlap_100d_4pct_hdd,100,49,1000000,5000,1.0,health_ec,15.0,17,850000,900000,96,healthy,99,recovery,0,12.4,16.8,18.8,200875,0.4,875,875,777,0,0,0
dynamic_overlap_100d_4pct_hdd,100,49,1000000,5000,1.0,health_ec,15.0,18,900000,950000,96,healthy,99,healthy,0,12.5,16.8,18.8,200593,0.3,593,593,472,0,0,0
dynamic_overlap_100d_4pct_hdd,100,49,1000000,5000,1.0,health_ec,15.0,19,950000,1000000,96,healthy,99,healthy,0,12.5,16.8,18.9,200310,0.2,310,310,249,0,0,0
dynamic_overlap_100d_4pct_hdd,100,50,1000000,5000,1.0,vanilla_ec,15.0,0,0,50000,96,healthy,99,healthy,0,12.5,16.8,18.8,200000,0.0,0,0,0,0,0,0
dynamic_overlap_100d_4pct_hdd,100,50,1000000,5000,1.0,vanilla_ec,15.0,1,50000,100000,96,healthy,99,healthy,0,12.5,16.9,18.8,200000,0.0,0,0,0,0,0,0
dynamic_overlap_100d_4pct_hdd,100,50,1000000,5000,1.0,vanilla_ec,15.0,2,100000,150000,96,healthy,99,healthy,0,12.5,16.8,18.8,200000,0.0,0,0,0,0,0,0
dynamic_overlap_100d_4pct_hdd,100,50,1000000,5000,1.0,vanilla_ec,15.0,3,150000,200000,96,mild_slow,99,healthy,1,12.6,17.6,26.6,200000,0.0,0,0,0,0,0,0
dynamic_overlap_100d_4pct_hdd,100,50,1000000,5000,1.0,vanilla_ec,15.0,4,200000,250000,96,mild_slow,99,healthy,1,12.6,17.6,27.1,200000,0.0,0,0,0,0,0,0
dynamic_overlap_100d_4pct_hdd,100,50,1000000,5000,1.0,vanilla_ec,15.0,5,250000,300000,96,mild_slow,99,healthy,2,12.6,17.7,31.2,200000,0.0,0,0,0,0,0,0
dynamic_overlap_100d_4pct_hdd,100,50,1000000,5000,1.0,vanilla_ec,15.0,6,300000,350000,96,severe_slow,99,healthy,2,12.6,17.8,62.0,200000,0.0,0,0,0,0,0,0
dynamic_overlap_100d_4pct_hdd,100,50,1000000,5000,1.0,vanilla_ec,15.0,7,350000,400000,96,severe_slow,99,healthy,2,12.6,17.9,63.2,200000,0.0,0,0,0,0,0,0
dynamic_overlap_100d_4pct_hdd,100,50,1000000,5000,1.0,vanilla_ec,15.0,8,400000,450000,96,severe_slow,99,healthy,3,12.6,18.5,72.0,200000,0.0,0,0,0,0,0,0
dynamic_overlap_100d_4pct_hdd,100,50,1000000,5000,1.0,vanilla_ec,15.0,9,450000,500000,96,severe_slow,99,healthy,3,12.6,18.4,71.8,200000,0.0,0,0,0,0,0,0
dynamic_overlap_100d_4pct_hdd,100,50,1000000,5000,1.0,vanilla_ec,15.0,10,500000,550000,96,recovery,99,healthy,2,12.6,18.5,64.1,200000,0.0,0,0,0,0,0,0
dynamic_overlap_100d_4pct_hdd,100,50,1000000,5000,1.0,vanilla_ec,15.0,11,550000,600000,96,recovery,99,mild_slow,3,12.6,18.7,73.5,200000,0.0,0,0,0,0,0,0
dynamic_overlap_100d_4pct_hdd,100,50,1000000,5000,1.0,vanilla_ec,15.0,12,600000,650000,96,healthy,99,mild_slow,2,12.6,18.1,64.3,200000,0.0,0,0,0,0,0,0
dynamic_overlap_100d_4pct_hdd,100,50,1000000,5000,1.0,vanilla_ec,15.0,13,650000,700000,96,healthy,99,mild_slow,2,12.6,18.0,63.5,200000,0.0,0,0,0,0,0,0
dynamic_overlap_100d_4pct_hdd,100,50,1000000,5000,1.0,vanilla_ec,15.0,14,700000,750000,96,healthy,99,severe_slow,2,12.6,17.9,72.9,200000,0.0,0,0,0,0,0,0
dynamic_overlap_100d_4pct_hdd,100,50,1000000,5000,1.0,vanilla_ec,15.0,15,750000,800000,96,healthy,99,severe_slow,1,12.6,17.9,63.8,200000,0.0,0,0,0,0,0,0
dynamic_overlap_100d_4pct_hdd,100,50,1000000,5000,1.0,vanilla_ec,15.0,16,800000,850000,96,healthy,99,severe_slow,1,12.6,18.0,64.9,200000,0.0,0,0,0,0,0,0
dynamic_overlap_100d_4pct_hdd,100,50,1000000,5000,1.0,vanilla_ec,15.0,17,850000,900000,96,healthy,99,recovery,0,12.5,17.0,19.4,200000,0.0,0,0,0,0,0,0
dynamic_overlap_100d_4pct_hdd,100,50,1000000,5000,1.0,vanilla_ec,15.0,18,900000,950000,96,healthy,99,healthy,0,12.5,16.8,18.9,200000,0.0,0,0,0,0,0,0
dynamic_overlap_100d_4pct_hdd,100,50,1000000,5000,1.0,vanilla_ec,15.0,19,950000,1000000,96,healthy,99,healthy,0,12.5,16.8,18.8,200000,0.0,0,0,0,0,0,0
dynamic_overlap_100d_4pct_hdd,100,50,1000000,5000,1.0,late_binding,15.0,0,0,50000,96,healthy,99,healthy,0,10.7,14.0,15.4,250000,25.0,50000,50000,40022,0,0,0
dynamic_overlap_100d_4pct_hdd,100,50,1000000,5000,1.0,late_binding,15.0,1,50000,100000,96,healthy,99,healthy,0,10.7,14.0,15.5,250000,25.0,50000,50000,40187,0,0,0
dynamic_overlap_100d_4pct_hdd,100,50,1000000,5000,1.0,late_binding,15.0,2,100000,150000,96,healthy,99,healthy,0,10.7,14.0,15.5,250000,25.0,50000,50000,39949,0,0,0
dynamic_overlap_100d_4pct_hdd,100,50,1000000,5000,1.0,late_binding,15.0,3,150000,200000,96,mild_slow,99,healthy,1,10.8,14.2,15.8,250000,25.0,50000,50000,39814,0,0,0
dynamic_overlap_100d_4pct_hdd,100,50,1000000,5000,1.0,late_binding,15.0,4,200000,250000,96,mild_slow,99,healthy,1,10.7,14.2,15.8,250000,25.0,50000,50000,39782,0,0,0
dynamic_overlap_100d_4pct_hdd,100,50,1000000,5000,1.0,late_binding,15.0,5,250000,300000,96,mild_slow,99,healthy,2,10.8,14.6,22.1,250000,25.0,50000,50000,39711,0,0,0
dynamic_overlap_100d_4pct_hdd,100,50,1000000,5000,1.0,late_binding,15.0,6,300000,350000,96,severe_slow,99,healthy,2,10.8,14.7,26.5,250000,25.0,50000,50000,39788,0,0,0
dynamic_overlap_100d_4pct_hdd,100,50,1000000,5000,1.0,late_binding,15.0,7,350000,400000,96,severe_slow,99,healthy,2,10.8,14.7,26.4,250000,25.0,50000,50000,39742,0,0,0
dynamic_overlap_100d_4pct_hdd,100,50,1000000,5000,1.0,late_binding,15.0,8,400000,450000,96,severe_slow,99,healthy,3,10.8,14.9,51.6,250000,25.0,50000,50000,40074,0,0,0
dynamic_overlap_100d_4pct_hdd,100,50,1000000,5000,1.0,late_binding,15.0,9,450000,500000,96,severe_slow,99,healthy,3,10.8,14.9,50.4,250000,25.0,50000,50000,39816,0,0,0
dynamic_overlap_100d_4pct_hdd,100,50,1000000,5000,1.0,late_binding,15.0,10,500000,550000,96,recovery,99,healthy,2,10.8,14.8,27.6,250000,25.0,50000,50000,39992,0,0,0
dynamic_overlap_100d_4pct_hdd,100,50,1000000,5000,1.0,late_binding,15.0,11,550000,600000,96,recovery,99,mild_slow,3,10.8,15.3,50.5,250000,25.0,50000,50000,39794,0,0,0
dynamic_overlap_100d_4pct_hdd,100,50,1000000,5000,1.0,late_binding,15.0,12,600000,650000,96,healthy,99,mild_slow,2,10.8,14.9,26.6,250000,25.0,50000,50000,39858,0,0,0
dynamic_overlap_100d_4pct_hdd,100,50,1000000,5000,1.0,late_binding,15.0,13,650000,700000,96,healthy,99,mild_slow,2,10.8,14.9,26.4,250000,25.0,50000,50000,39937,0,0,0
dynamic_overlap_100d_4pct_hdd,100,50,1000000,5000,1.0,late_binding,15.0,14,700000,750000,96,healthy,99,severe_slow,2,10.8,14.9,52.6,250000,25.0,50000,50000,39984,0,0,0
dynamic_overlap_100d_4pct_hdd,100,50,1000000,5000,1.0,late_binding,15.0,15,750000,800000,96,healthy,99,severe_slow,1,10.8,14.4,16.9,250000,25.0,50000,50000,40147,0,0,0
dynamic_overlap_100d_4pct_hdd,100,50,1000000,5000,1.0,late_binding,15.0,16,800000,850000,96,healthy,99,severe_slow,1,10.8,14.4,17.1,250000,25.0,50000,50000,40122,0,0,0
dynamic_overlap_100d_4pct_hdd,100,50,1000000,5000,1.0,late_binding,15.0,17,850000,900000,96,healthy,99,recovery,0,10.7,14.1,15.5,250000,25.0,50000,50000,40181,0,0,0
dynamic_overlap_100d_4pct_hdd,100,50,1000000,5000,1.0,late_binding,15.0,18,900000,950000,96,healthy,99,healthy,0,10.7,14.0,15.5,250000,25.0,50000,50000,39949,0,0,0
dynamic_overlap_100d_4pct_hdd,100,50,1000000,5000,1.0,late_binding,15.0,19,950000,1000000,96,healthy,99,healthy,0,10.7,14.0,15.4,250000,25.0,50000,50000,40126,0,0,0
dynamic_overlap_100d_4pct_hdd,100,50,1000000,5000,1.0,timeout_degraded_read,15.0,0,0,50000,96,healthy,99,healthy,0,12.5,16.8,18.7,207959,4.0,7959,7959,188,0,0,0
dynamic_overlap_100d_4pct_hdd,100,50,1000000,5000,1.0,timeout_degraded_read,15.0,1,50000,100000,96,healthy,99,healthy,0,12.5,16.8,18.7,208245,4.1,8245,8245,202,0,0,0
dynamic_overlap_100d_4pct_hdd,100,50,1000000,5000,1.0,timeout_degraded_read,15.0,2,100000,150000,96,healthy,99,healthy,0,12.5,16.8,18.7,208112,4.1,8112,8112,202,0,0,0
dynamic_overlap_100d_4pct_hdd,100,50,1000000,5000,1.0,timeout_degraded_read,15.0,3,150000,200000,96,mild_slow,99,healthy,1,12.6,17.6,22.7,209255,4.6,9255,9255,871,0,0,0
dynamic_overlap_100d_4pct_hdd,100,50,1000000,5000,1.0,timeout_degraded_read,15.0,4,200000,250000,96,mild_slow,99,healthy,1,12.6,17.5,23.0,209104,4.6,9104,9104,907,0,0,0
dynamic_overlap_100d_4pct_hdd,100,50,1000000,5000,1.0,timeout_degraded_read,15.0,5,250000,300000,96,mild_slow,99,healthy,2,12.6,17.6,25.4,209248,4.6,9248,9248,1187,0,0,0
dynamic_overlap_100d_4pct_hdd,100,50,1000000,5000,1.0,timeout_degraded_read,15.0,6,300000,350000,96,severe_slow,99,healthy,2,12.6,17.7,28.2,209125,4.6,9125,9125,1510,0,0,0
dynamic_overlap_100d_4pct_hdd,100,50,1000000,5000,1.0,timeout_degraded_read,15.0,7,350000,400000,96,severe_slow,99,healthy,2,12.6,17.8,28.5,209395,4.7,9395,9395,1559,0,0,0
dynamic_overlap_100d_4pct_hdd,100,50,1000000,5000,1.0,timeout_degraded_read,15.0,8,400000,450000,96,severe_slow,99,healthy,3,12.6,18.4,51.8,209764,4.9,9764,9764,1830,0,0,0
dynamic_overlap_100d_4pct_hdd,100,50,1000000,5000,1.0,timeout_degraded_read,15.0,9,450000,500000,96,severe_slow,99,healthy,3,12.6,18.4,50.7,209573,4.8,9573,9573,1818,0,0,0
dynamic_overlap_100d_4pct_hdd,100,50,1000000,5000,1.0,timeout_degraded_read,15.0,10,500000,550000,96,recovery,99,healthy,2,12.6,18.4,34.5,209640,4.8,9640,9640,1763,0,0,0
dynamic_overlap_100d_4pct_hdd,100,50,1000000,5000,1.0,timeout_degraded_read,15.0,11,550000,600000,96,recovery,99,mild_slow,3,12.6,18.6,52.6,209883,4.9,9883,9883,1797,0,0,0
dynamic_overlap_100d_4pct_hdd,100,50,1000000,5000,1.0,timeout_degraded_read,15.0,12,600000,650000,96,healthy,99,mild_slow,2,12.6,18.0,28.4,209526,4.8,9526,9526,1638,0,0,0
dynamic_overlap_100d_4pct_hdd,100,50,1000000,5000,1.0,timeout_degraded_read,15.0,13,650000,700000,96,healthy,99,mild_slow,2,12.6,17.9,28.4,209556,4.8,9556,9556,1551,0,0,0
dynamic_overlap_100d_4pct_hdd,100,50,1000000,5000,1.0,timeout_degraded_read,15.0,14,700000,750000,96,healthy,99,severe_slow,2,12.6,17.9,52.6,209355,4.7,9355,9355,1696,0,0,0
dynamic_overlap_100d_4pct_hdd,100,50,1000000,5000,1.0,timeout_degraded_read,15.0,15,750000,800000,96,healthy,99,severe_slow,1,12.6,17.8,25.4,209277,4.6,9277,9277,1627,0,0,0
dynamic_overlap_100d_4pct_hdd,100,50,1000000,5000,1.0,timeout_degraded_read,15.0,16,800000,850000,96,healthy,99,severe_slow,1,12.6,17.9,25.5,209419,4.7,9419,9419,1661,0,0,0
dynamic_overlap_100d_4pct_hdd,100,50,1000000,5000,1.0,timeout_degraded_read,15.0,17,850000,900000,96,healthy,99,recovery,0,12.5,17.0,19.3,208599,4.3,8599,8599,262,0,0,0
dynamic_overlap_100d_4pct_hdd,100,50,1000000,5000,1.0,timeout_degraded_read,15.0,18,900000,950000,96,healthy,99,healthy,0,12.5,16.8,18.8,208097,4.0,8097,8097,187,0,0,0
dynamic_overlap_100d_4pct_hdd,100,50,1000000,5000,1.0,timeout_degraded_read,15.0,19,950000,1000000,96,healthy,99,healthy,0,12.5,16.8,18.7,208182,4.1,8182,8182,189,0,0,0
dynamic_overlap_100d_4pct_hdd,100,50,1000000,5000,1.0,health_ec,15.0,0,0,50000,96,healthy,99,healthy,0,12.5,16.8,18.8,200000,0.0,0,0,0,0,0,0
dynamic_overlap_100d_4pct_hdd,100,50,1000000,5000,1.0,health_ec,15.0,1,50000,100000,96,healthy,99,healthy,0,12.5,16.9,18.8,200000,0.0,0,0,0,0,0,0
dynamic_overlap_100d_4pct_hdd,100,50,1000000,5000,1.0,health_ec,15.0,2,100000,150000,96,healthy,99,healthy,0,12.5,16.8,18.8,200000,0.0,0,0,0,0,0,0
dynamic_overlap_100d_4pct_hdd,100,50,1000000,5000,1.0,health_ec,15.0,3,150000,200000,96,mild_slow,99,healthy,1,12.5,17.2,20.5,200493,0.2,493,493,489,1,1,0
dynamic_overlap_100d_4pct_hdd,100,50,1000000,5000,1.0,health_ec,15.0,4,200000,250000,96,mild_slow,99,healthy,1,12.5,17.0,19.8,200706,0.4,706,706,693,0,0,0
dynamic_overlap_100d_4pct_hdd,100,50,1000000,5000,1.0,health_ec,15.0,5,250000,300000,96,mild_slow,99,healthy,2,12.6,17.3,22.2,200768,0.4,768,768,767,1,1,0
dynamic_overlap_100d_4pct_hdd,100,50,1000000,5000,1.0,health_ec,15.0,6,300000,350000,96,severe_slow,99,healthy,2,12.5,17.3,25.1,200900,0.4,900,900,899,0,0,0
dynamic_overlap_100d_4pct_hdd,100,50,1000000,5000,1.0,health_ec,15.0,7,350000,400000,96,severe_slow,99,healthy,2,12.6,17.4,25.1,201042,0.5,1042,1042,1042,0,0,0
dynamic_overlap_100d_4pct_hdd,100,50,1000000,5000,1.0,health_ec,15.0,8,400000,450000,96,severe_slow,99,healthy,3,12.6,17.7,47.9,201344,0.7,1344,1344,1333,1,1,0
dynamic_overlap_100d_4pct_hdd,100,50,1000000,5000,1.0,health_ec,15.0,9,450000,500000,96,severe_slow,99,healthy,3,12.6,17.6,45.9,201517,0.8,1517,1517,1504,0,0,0
dynamic_overlap_100d_4pct_hdd,100,50,1000000,5000,1.0,health_ec,15.0,10,500000,550000,96,recovery,99,healthy,2,12.5,17.2,21.3,201551,0.8,1551,1551,1541,0,0,0
dynamic_overlap_100d_4pct_hdd,100,50,1000000,5000,1.0,health_ec,15.0,11,550000,600000,96,recovery,99,mild_slow,3,12.6,17.8,36.0,201638,0.8,1638,1638,1595,2,2,0
dynamic_overlap_100d_4pct_hdd,100,50,1000000,5000,1.0,health_ec,15.0,12,600000,650000,96,healthy,99,mild_slow,2,12.6,17.4,24.0,201584,0.8,1584,1584,1214,0,0,0
dynamic_overlap_100d_4pct_hdd,100,50,1000000,5000,1.0,health_ec,15.0,13,650000,700000,96,healthy,99,mild_slow,2,12.6,17.4,23.1,201373,0.7,1373,1373,1144,0,0,0
dynamic_overlap_100d_4pct_hdd,100,50,1000000,5000,1.0,health_ec,15.0,14,700000,750000,96,healthy,99,severe_slow,2,12.6,17.4,46.3,201194,0.6,1194,1194,1038,1,1,0
dynamic_overlap_100d_4pct_hdd,100,50,1000000,5000,1.0,health_ec,15.0,15,750000,800000,96,healthy,99,severe_slow,1,12.5,16.9,19.2,201066,0.5,1066,1066,1036,0,0,0
dynamic_overlap_100d_4pct_hdd,100,50,1000000,5000,1.0,health_ec,15.0,16,800000,850000,96,healthy,99,severe_slow,1,12.5,17.0,19.1,201086,0.5,1086,1086,1065,0,0,0
dynamic_overlap_100d_4pct_hdd,100,50,1000000,5000,1.0,health_ec,15.0,17,850000,900000,96,healthy,99,recovery,0,12.5,16.8,19.0,200889,0.4,889,889,798,0,0,0
dynamic_overlap_100d_4pct_hdd,100,50,1000000,5000,1.0,health_ec,15.0,18,900000,950000,96,healthy,99,healthy,0,12.5,16.8,18.8,200510,0.3,510,510,400,0,0,0
dynamic_overlap_100d_4pct_hdd,100,50,1000000,5000,1.0,health_ec,15.0,19,950000,1000000,96,healthy,99,healthy,0,12.5,16.8,18.8,200332,0.2,332,332,271,0,0,0
dynamic_overlap_100d_4pct_hdd,100,51,1000000,5000,1.0,vanilla_ec,15.0,0,0,50000,96,healthy,99,healthy,0,12.5,16.8,18.8,200000,0.0,0,0,0,0,0,0
dynamic_overlap_100d_4pct_hdd,100,51,1000000,5000,1.0,vanilla_ec,15.0,1,50000,100000,96,healthy,99,healthy,0,12.5,16.8,18.9,200000,0.0,0,0,0,0,0,0
dynamic_overlap_100d_4pct_hdd,100,51,1000000,5000,1.0,vanilla_ec,15.0,2,100000,150000,96,healthy,99,healthy,0,12.5,16.8,18.8,200000,0.0,0,0,0,0,0,0
dynamic_overlap_100d_4pct_hdd,100,51,1000000,5000,1.0,vanilla_ec,15.0,3,150000,200000,96,mild_slow,99,healthy,1,12.6,17.5,26.8,200000,0.0,0,0,0,0,0,0
dynamic_overlap_100d_4pct_hdd,100,51,1000000,5000,1.0,vanilla_ec,15.0,4,200000,250000,96,mild_slow,99,healthy,1,12.6,17.6,27.1,200000,0.0,0,0,0,0,0,0
dynamic_overlap_100d_4pct_hdd,100,51,1000000,5000,1.0,vanilla_ec,15.0,5,250000,300000,96,mild_slow,99,healthy,2,12.6,17.8,31.1,200000,0.0,0,0,0,0,0,0
dynamic_overlap_100d_4pct_hdd,100,51,1000000,5000,1.0,vanilla_ec,15.0,6,300000,350000,96,severe_slow,99,healthy,2,12.6,17.9,62.3,200000,0.0,0,0,0,0,0,0
dynamic_overlap_100d_4pct_hdd,100,51,1000000,5000,1.0,vanilla_ec,15.0,7,350000,400000,96,severe_slow,99,healthy,2,12.6,17.9,63.6,200000,0.0,0,0,0,0,0,0
dynamic_overlap_100d_4pct_hdd,100,51,1000000,5000,1.0,vanilla_ec,15.0,8,400000,450000,96,severe_slow,99,healthy,3,12.6,18.6,72.2,200000,0.0,0,0,0,0,0,0
dynamic_overlap_100d_4pct_hdd,100,51,1000000,5000,1.0,vanilla_ec,15.0,9,450000,500000,96,severe_slow,99,healthy,3,12.6,18.6,72.6,200000,0.0,0,0,0,0,0,0
dynamic_overlap_100d_4pct_hdd,100,51,1000000,5000,1.0,vanilla_ec,15.0,10,500000,550000,96,recovery,99,healthy,2,12.6,18.6,62.2,200000,0.0,0,0,0,0,0,0
dynamic_overlap_100d_4pct_hdd,100,51,1000000,5000,1.0,vanilla_ec,15.0,11,550000,600000,96,recovery,99,mild_slow,3,12.6,19.0,73.9,200000,0.0,0,0,0,0,0,0
dynamic_overlap_100d_4pct_hdd,100,51,1000000,5000,1.0,vanilla_ec,15.0,12,600000,650000,96,healthy,99,mild_slow,2,12.6,18.2,64.3,200000,0.0,0,0,0,0,0,0
dynamic_overlap_100d_4pct_hdd,100,51,1000000,5000,1.0,vanilla_ec,15.0,13,650000,700000,96,healthy,99,mild_slow,2,12.6,18.0,63.4,200000,0.0,0,0,0,0,0,0
dynamic_overlap_100d_4pct_hdd,100,51,1000000,5000,1.0,vanilla_ec,15.0,14,700000,750000,96,healthy,99,severe_slow,2,12.6,18.0,72.6,200000,0.0,0,0,0,0,0,0
dynamic_overlap_100d_4pct_hdd,100,51,1000000,5000,1.0,vanilla_ec,15.0,15,750000,800000,96,healthy,99,severe_slow,1,12.6,18.0,64.7,200000,0.0,0,0,0,0,0,0
dynamic_overlap_100d_4pct_hdd,100,51,1000000,5000,1.0,vanilla_ec,15.0,16,800000,850000,96,healthy,99,severe_slow,1,12.6,17.9,64.5,200000,0.0,0,0,0,0,0,0
dynamic_overlap_100d_4pct_hdd,100,51,1000000,5000,1.0,vanilla_ec,15.0,17,850000,900000,96,healthy,99,recovery,0,12.6,17.1,19.4,200000,0.0,0,0,0,0,0,0
dynamic_overlap_100d_4pct_hdd,100,51,1000000,5000,1.0,vanilla_ec,15.0,18,900000,950000,96,healthy,99,healthy,0,12.5,16.8,18.9,200000,0.0,0,0,0,0,0,0
dynamic_overlap_100d_4pct_hdd,100,51,1000000,5000,1.0,vanilla_ec,15.0,19,950000,1000000,96,healthy,99,healthy,0,12.5,16.8,18.8,200000,0.0,0,0,0,0,0,0
dynamic_overlap_100d_4pct_hdd,100,51,1000000,5000,1.0,late_binding,15.0,0,0,50000,96,healthy,99,healthy,0,10.7,14.0,15.4,250000,25.0,50000,50000,39979,0,0,0
dynamic_overlap_100d_4pct_hdd,100,51,1000000,5000,1.0,late_binding,15.0,1,50000,100000,96,healthy,99,healthy,0,10.7,14.0,15.5,250000,25.0,50000,50000,39968,0,0,0
dynamic_overlap_100d_4pct_hdd,100,51,1000000,5000,1.0,late_binding,15.0,2,100000,150000,96,healthy,99,healthy,0,10.7,14.0,15.5,250000,25.0,50000,50000,39965,0,0,0
dynamic_overlap_100d_4pct_hdd,100,51,1000000,5000,1.0,late_binding,15.0,3,150000,200000,96,mild_slow,99,healthy,1,10.8,14.2,15.8,250000,25.0,50000,50000,39727,0,0,0
dynamic_overlap_100d_4pct_hdd,100,51,1000000,5000,1.0,late_binding,15.0,4,200000,250000,96,mild_slow,99,healthy,1,10.7,14.1,15.8,250000,25.0,50000,50000,39799,0,0,0
dynamic_overlap_100d_4pct_hdd,100,51,1000000,5000,1.0,late_binding,15.0,5,250000,300000,96,mild_slow,99,healthy,2,10.8,14.6,21.9,250000,25.0,50000,50000,39920,0,0,0
dynamic_overlap_100d_4pct_hdd,100,51,1000000,5000,1.0,late_binding,15.0,6,300000,350000,96,severe_slow,99,healthy,2,10.8,14.7,26.7,250000,25.0,50000,50000,39720,0,0,0
dynamic_overlap_100d_4pct_hdd,100,51,1000000,5000,1.0,late_binding,15.0,7,350000,400000,96,severe_slow,99,healthy,2,10.8,14.7,26.8,250000,25.0,50000,50000,39821,0,0,0
dynamic_overlap_100d_4pct_hdd,100,51,1000000,5000,1.0,late_binding,15.0,8,400000,450000,96,severe_slow,99,healthy,3,10.8,15.0,51.2,250000,25.0,50000,50000,40061,0,0,0
dynamic_overlap_100d_4pct_hdd,100,51,1000000,5000,1.0,late_binding,15.0,9,450000,500000,96,severe_slow,99,healthy,3,10.8,14.9,51.9,250000,25.0,50000,50000,39876,0,0,0
dynamic_overlap_100d_4pct_hdd,100,51,1000000,5000,1.0,late_binding,15.0,10,500000,550000,96,recovery,99,healthy,2,10.8,14.8,26.6,250000,25.0,50000,50000,40185,0,0,0
dynamic_overlap_100d_4pct_hdd,100,51,1000000,5000,1.0,late_binding,15.0,11,550000,600000,96,recovery,99,mild_slow,3,10.8,15.4,50.6,250000,25.0,50000,50000,39886,0,0,0
dynamic_overlap_100d_4pct_hdd,100,51,1000000,5000,1.0,late_binding,15.0,12,600000,650000,96,healthy,99,mild_slow,2,10.8,15.0,27.4,250000,25.0,50000,50000,39681,0,0,0
dynamic_overlap_100d_4pct_hdd,100,51,1000000,5000,1.0,late_binding,15.0,13,650000,700000,96,healthy,99,mild_slow,2,10.8,14.9,27.0,250000,25.0,50000,50000,39965,0,0,0
dynamic_overlap_100d_4pct_hdd,100,51,1000000,5000,1.0,late_binding,15.0,14,700000,750000,96,healthy,99,severe_slow,2,10.8,14.9,52.2,250000,25.0,50000,50000,39799,0,0,0
dynamic_overlap_100d_4pct_hdd,100,51,1000000,5000,1.0,late_binding,15.0,15,750000,800000,96,healthy,99,severe_slow,1,10.8,14.4,17.0,250000,25.0,50000,50000,40193,0,0,0
dynamic_overlap_100d_4pct_hdd,100,51,1000000,5000,1.0,late_binding,15.0,16,800000,850000,96,healthy,99,severe_slow,1,10.8,14.4,17.0,250000,25.0,50000,50000,40173,0,0,0
dynamic_overlap_100d_4pct_hdd,100,51,1000000,5000,1.0,late_binding,15.0,17,850000,900000,96,healthy,99,recovery,0,10.7,14.1,15.6,250000,25.0,50000,50000,40231,0,0,0
dynamic_overlap_100d_4pct_hdd,100,51,1000000,5000,1.0,late_binding,15.0,18,900000,950000,96,healthy,99,healthy,0,10.7,14.0,15.4,250000,25.0,50000,50000,40014,0,0,0
dynamic_overlap_100d_4pct_hdd,100,51,1000000,5000,1.0,late_binding,15.0,19,950000,1000000,96,healthy,99,healthy,0,10.7,14.0,15.4,250000,25.0,50000,50000,39898,0,0,0
dynamic_overlap_100d_4pct_hdd,100,51,1000000,5000,1.0,timeout_degraded_read,15.0,0,0,50000,96,healthy,99,healthy,0,12.5,16.8,18.7,208142,4.1,8142,8142,193,0,0,0
dynamic_overlap_100d_4pct_hdd,100,51,1000000,5000,1.0,timeout_degraded_read,15.0,1,50000,100000,96,healthy,99,healthy,0,12.5,16.8,18.8,208148,4.1,8148,8148,197,0,0,0
dynamic_overlap_100d_4pct_hdd,100,51,1000000,5000,1.0,timeout_degraded_read,15.0,2,100000,150000,96,healthy,99,healthy,0,12.5,16.8,18.7,208007,4.0,8007,8007,167,0,0,0
dynamic_overlap_100d_4pct_hdd,100,51,1000000,5000,1.0,timeout_degraded_read,15.0,3,150000,200000,96,mild_slow,99,healthy,1,12.6,17.4,22.7,209086,4.5,9086,9086,893,0,0,0
dynamic_overlap_100d_4pct_hdd,100,51,1000000,5000,1.0,timeout_degraded_read,15.0,4,200000,250000,96,mild_slow,99,healthy,1,12.6,17.5,22.7,209005,4.5,9005,9005,866,0,0,0
dynamic_overlap_100d_4pct_hdd,100,51,1000000,5000,1.0,timeout_degraded_read,15.0,5,250000,300000,96,mild_slow,99,healthy,2,12.6,17.7,25.7,209332,4.7,9332,9332,1198,0,0,0
dynamic_overlap_100d_4pct_hdd,100,51,1000000,5000,1.0,timeout_degraded_read,15.0,6,300000,350000,96,severe_slow,99,healthy,2,12.6,17.8,28.4,209222,4.6,9222,9222,1588,0,0,0
dynamic_overlap_100d_4pct_hdd,100,51,1000000,5000,1.0,timeout_degraded_read,15.0,7,350000,400000,96,severe_slow,99,healthy,2,12.6,17.9,28.2,209288,4.6,9288,9288,1571,0,0,0
dynamic_overlap_100d_4pct_hdd,100,51,1000000,5000,1.0,timeout_degraded_read,15.0,8,400000,450000,96,severe_slow,99,healthy,3,12.6,18.5,51.8,209765,4.9,9765,9765,1871,0,0,0
dynamic_overlap_100d_4pct_hdd,100,51,1000000,5000,1.0,timeout_degraded_read,15.0,9,450000,500000,96,severe_slow,99,healthy,3,12.6,18.5,52.2,209646,4.8,9646,9646,1885,0,0,0
dynamic_overlap_100d_4pct_hdd,100,51,1000000,5000,1.0,timeout_degraded_read,15.0,10,500000,550000,96,recovery,99,healthy,2,12.6,18.5,33.8,209773,4.9,9773,9773,1750,0,0,0
dynamic_overlap_100d_4pct_hdd,100,51,1000000,5000,1.0,timeout_degraded_read,15.0,11,550000,600000,96,recovery,99,mild_slow,3,12.6,18.8,53.6,209875,4.9,9875,9875,1876,0,0,0
dynamic_overlap_100d_4pct_hdd,100,51,1000000,5000,1.0,timeout_degraded_read,15.0,12,600000,650000,96,healthy,99,mild_slow,2,12.6,18.1,28.7,209705,4.9,9705,9705,1667,0,0,0
dynamic_overlap_100d_4pct_hdd,100,51,1000000,5000,1.0,timeout_degraded_read,15.0,13,650000,700000,96,healthy,99,mild_slow,2,12.6,17.9,28.4,209498,4.7,9498,9498,1596,0,0,0
dynamic_overlap_100d_4pct_hdd,100,51,1000000,5000,1.0,timeout_degraded_read,15.0,14,700000,750000,96,healthy,99,severe_slow,2,12.6,18.0,52.2,209416,4.7,9416,9416,1691,0,0,0
dynamic_overlap_100d_4pct_hdd,100,51,1000000,5000,1.0,timeout_degraded_read,15.0,15,750000,800000,96,healthy,99,severe_slow,1,12.6,17.9,25.5,209429,4.7,9429,9429,1684,0,0,0
dynamic_overlap_100d_4pct_hdd,100,51,1000000,5000,1.0,timeout_degraded_read,15.0,16,800000,850000,96,healthy,99,severe_slow,1,12.6,17.8,25.3,209385,4.7,9385,9385,1641,0,0,0
dynamic_overlap_100d_4pct_hdd,100,51,1000000,5000,1.0,timeout_degraded_read,15.0,17,850000,900000,96,healthy,99,recovery,0,12.6,17.0,19.2,208688,4.3,8688,8688,271,0,0,0
dynamic_overlap_100d_4pct_hdd,100,51,1000000,5000,1.0,timeout_degraded_read,15.0,18,900000,950000,96,healthy,99,healthy,0,12.5,16.8,18.8,208149,4.1,8149,8149,191,0,0,0
dynamic_overlap_100d_4pct_hdd,100,51,1000000,5000,1.0,timeout_degraded_read,15.0,19,950000,1000000,96,healthy,99,healthy,0,12.5,16.7,18.7,208082,4.0,8082,8082,202,0,0,0
dynamic_overlap_100d_4pct_hdd,100,51,1000000,5000,1.0,health_ec,15.0,0,0,50000,96,healthy,99,healthy,0,12.5,16.8,18.8,200000,0.0,0,0,0,0,0,0
dynamic_overlap_100d_4pct_hdd,100,51,1000000,5000,1.0,health_ec,15.0,1,50000,100000,96,healthy,99,healthy,0,12.5,16.8,18.9,200000,0.0,0,0,0,0,0,0
dynamic_overlap_100d_4pct_hdd,100,51,1000000,5000,1.0,health_ec,15.0,2,100000,150000,96,healthy,99,healthy,0,12.5,16.8,18.8,200000,0.0,0,0,0,0,0,0
dynamic_overlap_100d_4pct_hdd,100,51,1000000,5000,1.0,health_ec,15.0,3,150000,200000,96,mild_slow,99,healthy,1,12.5,17.1,20.9,200487,0.2,487,487,475,1,1,0
dynamic_overlap_100d_4pct_hdd,100,51,1000000,5000,1.0,health_ec,15.0,4,200000,250000,96,mild_slow,99,healthy,1,12.5,17.0,19.6,200747,0.4,747,747,728,0,0,0
dynamic_overlap_100d_4pct_hdd,100,51,1000000,5000,1.0,health_ec,15.0,5,250000,300000,96,mild_slow,99,healthy,2,12.6,17.3,22.3,200883,0.4,883,883,879,1,1,0
dynamic_overlap_100d_4pct_hdd,100,51,1000000,5000,1.0,health_ec,15.0,6,300000,350000,96,severe_slow,99,healthy,2,12.6,17.4,25.8,200976,0.5,976,976,976,0,0,0
dynamic_overlap_100d_4pct_hdd,100,51,1000000,5000,1.0,health_ec,15.0,7,350000,400000,96,severe_slow,99,healthy,2,12.5,17.4,24.9,201033,0.5,1033,1033,1033,0,0,0
dynamic_overlap_100d_4pct_hdd,100,51,1000000,5000,1.0,health_ec,15.0,8,400000,450000,96,severe_slow,99,healthy,3,12.6,17.8,48.1,201396,0.7,1396,1396,1390,1,1,0
dynamic_overlap_100d_4pct_hdd,100,51,1000000,5000,1.0,health_ec,15.0,9,450000,500000,96,severe_slow,99,healthy,3,12.6,17.6,47.6,201536,0.8,1536,1536,1521,0,0,0
dynamic_overlap_100d_4pct_hdd,100,51,1000000,5000,1.0,health_ec,15.0,10,500000,550000,96,recovery,99,healthy,2,12.5,17.2,21.3,201604,0.8,1604,1604,1598,0,0,0
dynamic_overlap_100d_4pct_hdd,100,51,1000000,5000,1.0,health_ec,15.0,11,550000,600000,96,recovery,99,mild_slow,3,12.6,17.9,36.6,201734,0.9,1734,1734,1704,2,2,0
dynamic_overlap_100d_4pct_hdd,100,51,1000000,5000,1.0,health_ec,15.0,12,600000,650000,96,healthy,99,mild_slow,2,12.6,17.5,25.1,201636,0.8,1636,1636,1244,0,0,0
dynamic_overlap_100d_4pct_hdd,100,51,1000000,5000,1.0,health_ec,15.0,13,650000,700000,96,healthy,99,mild_slow,2,12.6,17.4,24.0,201344,0.7,1344,1344,1159,0,0,0
dynamic_overlap_100d_4pct_hdd,100,51,1000000,5000,1.0,health_ec,15.0,14,700000,750000,96,healthy,99,severe_slow,2,12.6,17.5,45.2,201149,0.6,1149,1149,1011,1,1,0
dynamic_overlap_100d_4pct_hdd,100,51,1000000,5000,1.0,health_ec,15.0,15,750000,800000,96,healthy,99,severe_slow,1,12.5,17.0,19.2,201130,0.6,1130,1130,1086,0,0,0
dynamic_overlap_100d_4pct_hdd,100,51,1000000,5000,1.0,health_ec,15.0,16,800000,850000,96,healthy,99,severe_slow,1,12.5,17.0,19.2,201078,0.5,1078,1078,1052,0,0,0
dynamic_overlap_100d_4pct_hdd,100,51,1000000,5000,1.0,health_ec,15.0,17,850000,900000,96,healthy,99,recovery,0,12.5,16.8,19.0,200863,0.4,863,863,773,0,0,0
dynamic_overlap_100d_4pct_hdd,100,51,1000000,5000,1.0,health_ec,15.0,18,900000,950000,96,healthy,99,healthy,0,12.5,16.8,18.8,200539,0.3,539,539,435,0,0,0
dynamic_overlap_100d_4pct_hdd,100,51,1000000,5000,1.0,health_ec,15.0,19,950000,1000000,96,healthy,99,healthy,0,12.5,16.8,18.8,200325,0.2,325,325,265,0,0,0
dynamic_overlap_100d_4pct_hdd,100,52,1000000,5000,1.0,vanilla_ec,15.0,0,0,50000,96,healthy,99,healthy,0,12.5,16.8,18.9,200000,0.0,0,0,0,0,0,0
dynamic_overlap_100d_4pct_hdd,100,52,1000000,5000,1.0,vanilla_ec,15.0,1,50000,100000,96,healthy,99,healthy,0,12.5,16.8,18.8,200000,0.0,0,0,0,0,0,0
dynamic_overlap_100d_4pct_hdd,100,52,1000000,5000,1.0,vanilla_ec,15.0,2,100000,150000,96,healthy,99,healthy,0,12.5,16.8,18.8,200000,0.0,0,0,0,0,0,0
dynamic_overlap_100d_4pct_hdd,100,52,1000000,5000,1.0,vanilla_ec,15.0,3,150000,200000,96,mild_slow,99,healthy,1,12.6,17.6,27.6,200000,0.0,0,0,0,0,0,0
dynamic_overlap_100d_4pct_hdd,100,52,1000000,5000,1.0,vanilla_ec,15.0,4,200000,250000,96,mild_slow,99,healthy,1,12.6,17.6,27.0,200000,0.0,0,0,0,0,0,0
dynamic_overlap_100d_4pct_hdd,100,52,1000000,5000,1.0,vanilla_ec,15.0,5,250000,300000,96,mild_slow,99,healthy,2,12.6,17.9,31.1,200000,0.0,0,0,0,0,0,0
dynamic_overlap_100d_4pct_hdd,100,52,1000000,5000,1.0,vanilla_ec,15.0,6,300000,350000,96,severe_slow,99,healthy,2,12.6,17.8,62.1,200000,0.0,0,0,0,0,0,0
dynamic_overlap_100d_4pct_hdd,100,52,1000000,5000,1.0,vanilla_ec,15.0,7,350000,400000,96,severe_slow,99,healthy,2,12.6,17.9,62.4,200000,0.0,0,0,0,0,0,0
dynamic_overlap_100d_4pct_hdd,100,52,1000000,5000,1.0,vanilla_ec,15.0,8,400000,450000,96,severe_slow,99,healthy,3,12.6,18.7,73.3,200000,0.0,0,0,0,0,0,0
dynamic_overlap_100d_4pct_hdd,100,52,1000000,5000,1.0,vanilla_ec,15.0,9,450000,500000,96,severe_slow,99,healthy,3,12.7,18.6,72.4,200000,0.0,0,0,0,0,0,0
dynamic_overlap_100d_4pct_hdd,100,52,1000000,5000,1.0,vanilla_ec,15.0,10,500000,550000,96,recovery,99,healthy,2,12.6,18.5,62.0,200000,0.0,0,0,0,0,0,0
dynamic_overlap_100d_4pct_hdd,100,52,1000000,5000,1.0,vanilla_ec,15.0,11,550000,600000,96,recovery,99,mild_slow,3,12.6,18.8,73.2,200000,0.0,0,0,0,0,0,0
dynamic_overlap_100d_4pct_hdd,100,52,1000000,5000,1.0,vanilla_ec,15.0,12,600000,650000,96,healthy,99,mild_slow,2,12.6,18.0,63.4,200000,0.0,0,0,0,0,0,0
dynamic_overlap_100d_4pct_hdd,100,52,1000000,5000,1.0,vanilla_ec,15.0,13,650000,700000,96,healthy,99,mild_slow,2,12.6,18.0,63.8,200000,0.0,0,0,0,0,0,0
dynamic_overlap_100d_4pct_hdd,100,52,1000000,5000,1.0,vanilla_ec,15.0,14,700000,750000,96,healthy,99,severe_slow,2,12.6,17.8,74.5,200000,0.0,0,0,0,0,0,0
dynamic_overlap_100d_4pct_hdd,100,52,1000000,5000,1.0,vanilla_ec,15.0,15,750000,800000,96,healthy,99,severe_slow,1,12.6,17.9,62.8,200000,0.0,0,0,0,0,0,0
dynamic_overlap_100d_4pct_hdd,100,52,1000000,5000,1.0,vanilla_ec,15.0,16,800000,850000,96,healthy,99,severe_slow,1,12.6,17.9,63.8,200000,0.0,0,0,0,0,0,0
dynamic_overlap_100d_4pct_hdd,100,52,1000000,5000,1.0,vanilla_ec,15.0,17,850000,900000,96,healthy,99,recovery,0,12.5,17.1,19.4,200000,0.0,0,0,0,0,0,0
dynamic_overlap_100d_4pct_hdd,100,52,1000000,5000,1.0,vanilla_ec,15.0,18,900000,950000,96,healthy,99,healthy,0,12.5,16.9,18.9,200000,0.0,0,0,0,0,0,0
dynamic_overlap_100d_4pct_hdd,100,52,1000000,5000,1.0,vanilla_ec,15.0,19,950000,1000000,96,healthy,99,healthy,0,12.5,16.8,18.8,200000,0.0,0,0,0,0,0,0
dynamic_overlap_100d_4pct_hdd,100,52,1000000,5000,1.0,late_binding,15.0,0,0,50000,96,healthy,99,healthy,0,10.7,14.0,15.5,250000,25.0,50000,50000,40257,0,0,0
dynamic_overlap_100d_4pct_hdd,100,52,1000000,5000,1.0,late_binding,15.0,1,50000,100000,96,healthy,99,healthy,0,10.7,14.0,15.4,250000,25.0,50000,50000,39969,0,0,0
dynamic_overlap_100d_4pct_hdd,100,52,1000000,5000,1.0,late_binding,15.0,2,100000,150000,96,healthy,99,healthy,0,10.7,14.0,15.5,250000,25.0,50000,50000,40012,0,0,0
dynamic_overlap_100d_4pct_hdd,100,52,1000000,5000,1.0,late_binding,15.0,3,150000,200000,96,mild_slow,99,healthy,1,10.8,14.2,15.8,250000,25.0,50000,50000,39701,0,0,0
dynamic_overlap_100d_4pct_hdd,100,52,1000000,5000,1.0,late_binding,15.0,4,200000,250000,96,mild_slow,99,healthy,1,10.8,14.2,15.7,250000,25.0,50000,50000,39962,0,0,0
dynamic_overlap_100d_4pct_hdd,100,52,1000000,5000,1.0,late_binding,15.0,5,250000,300000,96,mild_slow,99,healthy,2,10.8,14.7,22.2,250000,25.0,50000,50000,39818,0,0,0
dynamic_overlap_100d_4pct_hdd,100,52,1000000,5000,1.0,late_binding,15.0,6,300000,350000,96,severe_slow,99,healthy,2,10.8,14.6,26.6,250000,25.0,50000,50000,39517,0,0,0
dynamic_overlap_100d_4pct_hdd,100,52,1000000,5000,1.0,late_binding,15.0,7,350000,400000,96,severe_slow,99,healthy,2,10.8,14.7,26.6,250000,25.0,50000,50000,39693,0,0,0
dynamic_overlap_100d_4pct_hdd,100,52,1000000,5000,1.0,late_binding,15.0,8,400000,450000,96,severe_slow,99,healthy,3,10.8,14.9,52.0,250000,25.0,50000,50000,39893,0,0,0
dynamic_overlap_100d_4pct_hdd,100,52,1000000,5000,1.0,late_binding,15.0,9,450000,500000,96,severe_slow,99,healthy,3,10.8,14.9,51.3,250000,25.0,50000,50000,39994,0,0,0
dynamic_overlap_100d_4pct_hdd,100,52,1000000,5000,1.0,late_binding,15.0,10,500000,550000,96,recovery,99,healthy,2,10.8,14.8,26.6,250000,25.0,50000,50000,40211,0,0,0
dynamic_overlap_100d_4pct_hdd,100,52,1000000,5000,1.0,late_binding,15.0,11,550000,600000,96,recovery,99,mild_slow,3,10.8,15.3,50.8,250000,25.0,50000,50000,39862,0,0,0
dynamic_overlap_100d_4pct_hdd,100,52,1000000,5000,1.0,late_binding,15.0,12,600000,650000,96,healthy,99,mild_slow,2,10.8,14.9,27.4,250000,25.0,50000,50000,39785,0,0,0
dynamic_overlap_100d_4pct_hdd,100,52,1000000,5000,1.0,late_binding,15.0,13,650000,700000,96,healthy,99,mild_slow,2,10.8,14.9,27.0,250000,25.0,50000,50000,39896,0,0,0
dynamic_overlap_100d_4pct_hdd,100,52,1000000,5000,1.0,late_binding,15.0,14,700000,750000,96,healthy,99,severe_slow,2,10.8,14.9,52.2,250000,25.0,50000,50000,39798,0,0,0
dynamic_overlap_100d_4pct_hdd,100,52,1000000,5000,1.0,late_binding,15.0,15,750000,800000,96,healthy,99,severe_slow,1,10.8,14.3,16.7,250000,25.0,50000,50000,40170,0,0,0
dynamic_overlap_100d_4pct_hdd,100,52,1000000,5000,1.0,late_binding,15.0,16,800000,850000,96,healthy,99,severe_slow,1,10.8,14.4,16.9,250000,25.0,50000,50000,40056,0,0,0
dynamic_overlap_100d_4pct_hdd,100,52,1000000,5000,1.0,late_binding,15.0,17,850000,900000,96,healthy,99,recovery,0,10.7,14.0,15.5,250000,25.0,50000,50000,40240,0,0,0
dynamic_overlap_100d_4pct_hdd,100,52,1000000,5000,1.0,late_binding,15.0,18,900000,950000,96,healthy,99,healthy,0,10.7,14.0,15.5,250000,25.0,50000,50000,39958,0,0,0
dynamic_overlap_100d_4pct_hdd,100,52,1000000,5000,1.0,late_binding,15.0,19,950000,1000000,96,healthy,99,healthy,0,10.7,14.0,15.4,250000,25.0,50000,50000,40004,0,0,0
dynamic_overlap_100d_4pct_hdd,100,52,1000000,5000,1.0,timeout_degraded_read,15.0,0,0,50000,96,healthy,99,healthy,0,12.5,16.8,18.8,208118,4.1,8118,8118,186,0,0,0
dynamic_overlap_100d_4pct_hdd,100,52,1000000,5000,1.0,timeout_degraded_read,15.0,1,50000,100000,96,healthy,99,healthy,0,12.5,16.8,18.8,208060,4.0,8060,8060,184,0,0,0
dynamic_overlap_100d_4pct_hdd,100,52,1000000,5000,1.0,timeout_degraded_read,15.0,2,100000,150000,96,healthy,99,healthy,0,12.5,16.8,18.7,208100,4.0,8100,8100,181,0,0,0
dynamic_overlap_100d_4pct_hdd,100,52,1000000,5000,1.0,timeout_degraded_read,15.0,3,150000,200000,96,mild_slow,99,healthy,1,12.6,17.5,23.0,209097,4.5,9097,9097,907,0,0,0
dynamic_overlap_100d_4pct_hdd,100,52,1000000,5000,1.0,timeout_degraded_read,15.0,4,200000,250000,96,mild_slow,99,healthy,1,12.6,17.5,22.8,209197,4.6,9197,9197,879,0,0,0
dynamic_overlap_100d_4pct_hdd,100,52,1000000,5000,1.0,timeout_degraded_read,15.0,5,250000,300000,96,mild_slow,99,healthy,2,12.6,17.9,25.4,209434,4.7,9434,9434,1245,0,0,0
dynamic_overlap_100d_4pct_hdd,100,52,1000000,5000,1.0,timeout_degraded_read,15.0,6,300000,350000,96,severe_slow,99,healthy,2,12.6,17.7,28.3,209041,4.5,9041,9041,1483,0,0,0
dynamic_overlap_100d_4pct_hdd,100,52,1000000,5000,1.0,timeout_degraded_read,15.0,7,350000,400000,96,severe_slow,99,healthy,2,12.6,17.8,28.3,209395,4.7,9395,9395,1542,0,0,0
dynamic_overlap_100d_4pct_hdd,100,52,1000000,5000,1.0,timeout_degraded_read,15.0,8,400000,450000,96,severe_slow,99,healthy,3,12.6,18.6,52.5,209872,4.9,9872,9872,1925,0,0,0
dynamic_overlap_100d_4pct_hdd,100,52,1000000,5000,1.0,timeout_degraded_read,15.0,9,450000,500000,96,severe_slow,99,healthy,3,12.7,18.5,51.8,209972,5.0,9972,9972,1929,0,0,0
dynamic_overlap_100d_4pct_hdd,100,52,1000000,5000,1.0,timeout_degraded_read,15.0,10,500000,550000,96,recovery,99,healthy,2,12.6,18.4,32.8,209764,4.9,9764,9764,1749,0,0,0
dynamic_overlap_100d_4pct_hdd,100,52,1000000,5000,1.0,timeout_degraded_read,15.0,11,550000,600000,96,recovery,99,mild_slow,3,12.6,18.6,52.8,209711,4.9,9711,9711,1751,0,0,0
dynamic_overlap_100d_4pct_hdd,100,52,1000000,5000,1.0,timeout_degraded_read,15.0,12,600000,650000,96,healthy,99,mild_slow,2,12.6,17.9,28.8,209365,4.7,9365,9365,1599,0,0,0
dynamic_overlap_100d_4pct_hdd,100,52,1000000,5000,1.0,timeout_degraded_read,15.0,13,650000,700000,96,healthy,99,mild_slow,2,12.6,17.9,28.7,209465,4.7,9465,9465,1604,0,0,0
dynamic_overlap_100d_4pct_hdd,100,52,1000000,5000,1.0,timeout_degraded_read,15.0,14,700000,750000,96,healthy,99,severe_slow,2,12.6,17.8,52.2,209221,4.6,9221,9221,1671,0,0,0
dynamic_overlap_100d_4pct_hdd,100,52,1000000,5000,1.0,timeout_degraded_read,15.0,15,750000,800000,96,healthy,99,severe_slow,1,12.6,17.8,25.6,209319,4.7,9319,9319,1573,0,0,0
dynamic_overlap_100d_4pct_hdd,100,52,1000000,5000,1.0,timeout_degraded_read,15.0,16,800000,850000,96,healthy,99,severe_slow,1,12.6,17.8,25.5,209313,4.7,9313,9313,1577,0,0,0
dynamic_overlap_100d_4pct_hdd,100,52,1000000,5000,1.0,timeout_degraded_read,15.0,17,850000,900000,96,healthy,99,recovery,0,12.5,17.0,19.3,208572,4.3,8572,8572,256,0,0,0
dynamic_overlap_100d_4pct_hdd,100,52,1000000,5000,1.0,timeout_degraded_read,15.0,18,900000,950000,96,healthy,99,healthy,0,12.5,16.8,18.8,208091,4.0,8091,8091,204,0,0,0
dynamic_overlap_100d_4pct_hdd,100,52,1000000,5000,1.0,timeout_degraded_read,15.0,19,950000,1000000,96,healthy,99,healthy,0,12.5,16.8,18.7,208074,4.0,8074,8074,176,0,0,0
dynamic_overlap_100d_4pct_hdd,100,52,1000000,5000,1.0,health_ec,15.0,0,0,50000,96,healthy,99,healthy,0,12.5,16.8,18.9,200000,0.0,0,0,0,0,0,0
dynamic_overlap_100d_4pct_hdd,100,52,1000000,5000,1.0,health_ec,15.0,1,50000,100000,96,healthy,99,healthy,0,12.5,16.8,18.8,200000,0.0,0,0,0,0,0,0
dynamic_overlap_100d_4pct_hdd,100,52,1000000,5000,1.0,health_ec,15.0,2,100000,150000,96,healthy,99,healthy,0,12.5,16.8,18.8,200000,0.0,0,0,0,0,0,0
dynamic_overlap_100d_4pct_hdd,100,52,1000000,5000,1.0,health_ec,15.0,3,150000,200000,96,mild_slow,99,healthy,1,12.5,17.1,20.4,200570,0.3,570,570,557,1,1,0
dynamic_overlap_100d_4pct_hdd,100,52,1000000,5000,1.0,health_ec,15.0,4,200000,250000,96,mild_slow,99,healthy,1,12.5,17.0,19.6,200715,0.4,715,715,698,0,0,0
dynamic_overlap_100d_4pct_hdd,100,52,1000000,5000,1.0,health_ec,15.0,5,250000,300000,96,mild_slow,99,healthy,2,12.6,17.4,22.8,200930,0.5,930,930,929,1,1,0
dynamic_overlap_100d_4pct_hdd,100,52,1000000,5000,1.0,health_ec,15.0,6,300000,350000,96,severe_slow,99,healthy,2,12.5,17.3,26.1,200892,0.4,892,892,892,0,0,0
dynamic_overlap_100d_4pct_hdd,100,52,1000000,5000,1.0,health_ec,15.0,7,350000,400000,96,severe_slow,99,healthy,2,12.6,17.4,25.0,201032,0.5,1032,1032,1032,0,0,0
dynamic_overlap_100d_4pct_hdd,100,52,1000000,5000,1.0,health_ec,15.0,8,400000,450000,96,severe_slow,99,healthy,3,12.6,17.8,47.9,201493,0.7,1493,1493,1490,1,1,0
dynamic_overlap_100d_4pct_hdd,100,52,1000000,5000,1.0,health_ec,15.0,9,450000,500000,96,severe_slow,99,healthy,3,12.6,17.7,48.7,201614,0.8,1614,1614,1605,0,0,0
dynamic_overlap_100d_4pct_hdd,100,52,1000000,5000,1.0,health_ec,15.0,10,500000,550000,96,recovery,99,healthy,2,12.6,17.2,21.1,201584,0.8,1584,1584,1571,0,0,0
dynamic_overlap_100d_4pct_hdd,100,52,1000000,5000,1.0,health_ec,15.0,11,550000,600000,96,recovery,99,mild_slow,3,12.6,17.8,36.9,201653,0.8,1653,1653,1614,2,2,0
dynamic_overlap_100d_4pct_hdd,100,52,1000000,5000,1.0,health_ec,15.0,12,600000,650000,96,healthy,99,mild_slow,2,12.6,17.4,24.2,201573,0.8,1573,1573,1192,0,0,0
dynamic_overlap_100d_4pct_hdd,100,52,1000000,5000,1.0,health_ec,15.0,13,650000,700000,96,healthy,99,mild_slow,2,12.6,17.4,24.1,201282,0.6,1282,1282,1048,1,1,0
dynamic_overlap_100d_4pct_hdd,100,52,1000000,5000,1.0,health_ec,15.0,14,700000,750000,96,healthy,99,severe_slow,2,12.5,17.3,46.5,201145,0.6,1145,1145,993,0,0,0
dynamic_overlap_100d_4pct_hdd,100,52,1000000,5000,1.0,health_ec,15.0,15,750000,800000,96,healthy,99,severe_slow,1,12.5,16.9,19.1,201034,0.5,1034,1034,997,0,0,0
dynamic_overlap_100d_4pct_hdd,100,52,1000000,5000,1.0,health_ec,15.0,16,800000,850000,96,healthy,99,severe_slow,1,12.5,17.0,19.2,201056,0.5,1056,1056,1034,0,0,0
dynamic_overlap_100d_4pct_hdd,100,52,1000000,5000,1.0,health_ec,15.0,17,850000,900000,96,healthy,99,recovery,0,12.5,16.9,18.9,200900,0.4,900,900,806,0,0,0
dynamic_overlap_100d_4pct_hdd,100,52,1000000,5000,1.0,health_ec,15.0,18,900000,950000,96,healthy,99,healthy,0,12.5,16.8,18.9,200539,0.3,539,539,414,0,0,0
dynamic_overlap_100d_4pct_hdd,100,52,1000000,5000,1.0,health_ec,15.0,19,950000,1000000,96,healthy,99,healthy,0,12.5,16.8,18.8,200300,0.1,300,300,254,0,0,0
dynamic_overlap_100d_4pct_hdd,100,53,1000000,5000,1.0,vanilla_ec,15.0,0,0,50000,96,healthy,99,healthy,0,12.5,16.8,18.8,200000,0.0,0,0,0,0,0,0
dynamic_overlap_100d_4pct_hdd,100,53,1000000,5000,1.0,vanilla_ec,15.0,1,50000,100000,96,healthy,99,healthy,0,12.5,16.9,18.8,200000,0.0,0,0,0,0,0,0
dynamic_overlap_100d_4pct_hdd,100,53,1000000,5000,1.0,vanilla_ec,15.0,2,100000,150000,96,healthy,99,healthy,0,12.5,16.8,18.8,200000,0.0,0,0,0,0,0,0
dynamic_overlap_100d_4pct_hdd,100,53,1000000,5000,1.0,vanilla_ec,15.0,3,150000,200000,96,mild_slow,99,healthy,1,12.6,17.6,27.3,200000,0.0,0,0,0,0,0,0
dynamic_overlap_100d_4pct_hdd,100,53,1000000,5000,1.0,vanilla_ec,15.0,4,200000,250000,96,mild_slow,99,healthy,1,12.6,17.5,26.3,200000,0.0,0,0,0,0,0,0
dynamic_overlap_100d_4pct_hdd,100,53,1000000,5000,1.0,vanilla_ec,15.0,5,250000,300000,96,mild_slow,99,healthy,2,12.6,17.9,31.2,200000,0.0,0,0,0,0,0,0
dynamic_overlap_100d_4pct_hdd,100,53,1000000,5000,1.0,vanilla_ec,15.0,6,300000,350000,96,severe_slow,99,healthy,2,12.6,17.9,63.8,200000,0.0,0,0,0,0,0,0
dynamic_overlap_100d_4pct_hdd,100,53,1000000,5000,1.0,vanilla_ec,15.0,7,350000,400000,96,severe_slow,99,healthy,2,12.6,17.8,62.2,200000,0.0,0,0,0,0,0,0
dynamic_overlap_100d_4pct_hdd,100,53,1000000,5000,1.0,vanilla_ec,15.0,8,400000,450000,96,severe_slow,99,healthy,3,12.6,18.6,72.1,200000,0.0,0,0,0,0,0,0
dynamic_overlap_100d_4pct_hdd,100,53,1000000,5000,1.0,vanilla_ec,15.0,9,450000,500000,96,severe_slow,99,healthy,3,12.6,18.6,72.9,200000,0.0,0,0,0,0,0,0
dynamic_overlap_100d_4pct_hdd,100,53,1000000,5000,1.0,vanilla_ec,15.0,10,500000,550000,96,recovery,99,healthy,2,12.6,18.4,62.6,200000,0.0,0,0,0,0,0,0
dynamic_overlap_100d_4pct_hdd,100,53,1000000,5000,1.0,vanilla_ec,15.0,11,550000,600000,96,recovery,99,mild_slow,3,12.6,19.0,74.3,200000,0.0,0,0,0,0,0,0
dynamic_overlap_100d_4pct_hdd,100,53,1000000,5000,1.0,vanilla_ec,15.0,12,600000,650000,96,healthy,99,mild_slow,2,12.6,18.0,64.8,200000,0.0,0,0,0,0,0,0
dynamic_overlap_100d_4pct_hdd,100,53,1000000,5000,1.0,vanilla_ec,15.0,13,650000,700000,96,healthy,99,mild_slow,2,12.6,17.9,62.9,200000,0.0,0,0,0,0,0,0
dynamic_overlap_100d_4pct_hdd,100,53,1000000,5000,1.0,vanilla_ec,15.0,14,700000,750000,96,healthy,99,severe_slow,2,12.6,18.0,73.0,200000,0.0,0,0,0,0,0,0
dynamic_overlap_100d_4pct_hdd,100,53,1000000,5000,1.0,vanilla_ec,15.0,15,750000,800000,96,healthy,99,severe_slow,1,12.6,18.0,63.2,200000,0.0,0,0,0,0,0,0
dynamic_overlap_100d_4pct_hdd,100,53,1000000,5000,1.0,vanilla_ec,15.0,16,800000,850000,96,healthy,99,severe_slow,1,12.6,17.9,63.5,200000,0.0,0,0,0,0,0,0
dynamic_overlap_100d_4pct_hdd,100,53,1000000,5000,1.0,vanilla_ec,15.0,17,850000,900000,96,healthy,99,recovery,0,12.5,17.0,19.3,200000,0.0,0,0,0,0,0,0
dynamic_overlap_100d_4pct_hdd,100,53,1000000,5000,1.0,vanilla_ec,15.0,18,900000,950000,96,healthy,99,healthy,0,12.5,16.8,19.0,200000,0.0,0,0,0,0,0,0
dynamic_overlap_100d_4pct_hdd,100,53,1000000,5000,1.0,vanilla_ec,15.0,19,950000,1000000,96,healthy,99,healthy,0,12.5,16.8,18.8,200000,0.0,0,0,0,0,0,0
dynamic_overlap_100d_4pct_hdd,100,53,1000000,5000,1.0,late_binding,15.0,0,0,50000,96,healthy,99,healthy,0,10.7,14.0,15.4,250000,25.0,50000,50000,39791,0,0,0
dynamic_overlap_100d_4pct_hdd,100,53,1000000,5000,1.0,late_binding,15.0,1,50000,100000,96,healthy,99,healthy,0,10.7,14.0,15.5,250000,25.0,50000,50000,40053,0,0,0
dynamic_overlap_100d_4pct_hdd,100,53,1000000,5000,1.0,late_binding,15.0,2,100000,150000,96,healthy,99,healthy,0,10.7,14.0,15.4,250000,25.0,50000,50000,40011,0,0,0
dynamic_overlap_100d_4pct_hdd,100,53,1000000,5000,1.0,late_binding,15.0,3,150000,200000,96,mild_slow,99,healthy,1,10.8,14.2,15.8,250000,25.0,50000,50000,39765,0,0,0
dynamic_overlap_100d_4pct_hdd,100,53,1000000,5000,1.0,late_binding,15.0,4,200000,250000,96,mild_slow,99,healthy,1,10.7,14.2,15.8,250000,25.0,50000,50000,39637,0,0,0
dynamic_overlap_100d_4pct_hdd,100,53,1000000,5000,1.0,late_binding,15.0,5,250000,300000,96,mild_slow,99,healthy,2,10.8,14.7,22.2,250000,25.0,50000,50000,39866,0,0,0
dynamic_overlap_100d_4pct_hdd,100,53,1000000,5000,1.0,late_binding,15.0,6,300000,350000,96,severe_slow,99,healthy,2,10.8,14.7,26.5,250000,25.0,50000,50000,39831,0,0,0
dynamic_overlap_100d_4pct_hdd,100,53,1000000,5000,1.0,late_binding,15.0,7,350000,400000,96,severe_slow,99,healthy,2,10.8,14.7,26.4,250000,25.0,50000,50000,39837,0,0,0
dynamic_overlap_100d_4pct_hdd,100,53,1000000,5000,1.0,late_binding,15.0,8,400000,450000,96,severe_slow,99,healthy,3,10.8,14.9,51.4,250000,25.0,50000,50000,39804,0,0,0
dynamic_overlap_100d_4pct_hdd,100,53,1000000,5000,1.0,late_binding,15.0,9,450000,500000,96,severe_slow,99,healthy,3,10.8,14.9,50.9,250000,25.0,50000,50000,39859,0,0,0
dynamic_overlap_100d_4pct_hdd,100,53,1000000,5000,1.0,late_binding,15.0,10,500000,550000,96,recovery,99,healthy,2,10.8,14.7,26.1,250000,25.0,50000,50000,40258,0,0,0
dynamic_overlap_100d_4pct_hdd,100,53,1000000,5000,1.0,late_binding,15.0,11,550000,600000,96,recovery,99,mild_slow,3,10.8,15.4,51.6,250000,25.0,50000,50000,39873,0,0,0
dynamic_overlap_100d_4pct_hdd,100,53,1000000,5000,1.0,late_binding,15.0,12,600000,650000,96,healthy,99,mild_slow,2,10.8,15.0,27.3,250000,25.0,50000,50000,39893,0,0,0
dynamic_overlap_100d_4pct_hdd,100,53,1000000,5000,1.0,late_binding,15.0,13,650000,700000,96,healthy,99,mild_slow,2,10.8,14.9,26.7,250000,25.0,50000,50000,39939,0,0,0
dynamic_overlap_100d_4pct_hdd,100,53,1000000,5000,1.0,late_binding,15.0,14,700000,750000,96,healthy,99,severe_slow,2,10.8,14.9,52.0,250000,25.0,50000,50000,39836,0,0,0
dynamic_overlap_100d_4pct_hdd,100,53,1000000,5000,1.0,late_binding,15.0,15,750000,800000,96,healthy,99,severe_slow,1,10.8,14.4,16.9,250000,25.0,50000,50000,40112,0,0,0
dynamic_overlap_100d_4pct_hdd,100,53,1000000,5000,1.0,late_binding,15.0,16,800000,850000,96,healthy,99,severe_slow,1,10.8,14.4,16.9,250000,25.0,50000,50000,40042,0,0,0
dynamic_overlap_100d_4pct_hdd,100,53,1000000,5000,1.0,late_binding,15.0,17,850000,900000,96,healthy,99,recovery,0,10.7,14.0,15.5,250000,25.0,50000,50000,40201,0,0,0
dynamic_overlap_100d_4pct_hdd,100,53,1000000,5000,1.0,late_binding,15.0,18,900000,950000,96,healthy,99,healthy,0,10.7,14.0,15.5,250000,25.0,50000,50000,39907,0,0,0
dynamic_overlap_100d_4pct_hdd,100,53,1000000,5000,1.0,late_binding,15.0,19,950000,1000000,96,healthy,99,healthy,0,10.7,14.0,15.4,250000,25.0,50000,50000,39951,0,0,0
dynamic_overlap_100d_4pct_hdd,100,53,1000000,5000,1.0,timeout_degraded_read,15.0,0,0,50000,96,healthy,99,healthy,0,12.5,16.8,18.7,208035,4.0,8035,8035,213,0,0,0
dynamic_overlap_100d_4pct_hdd,100,53,1000000,5000,1.0,timeout_degraded_read,15.0,1,50000,100000,96,healthy,99,healthy,0,12.5,16.8,18.8,208196,4.1,8196,8196,204,0,0,0
dynamic_overlap_100d_4pct_hdd,100,53,1000000,5000,1.0,timeout_degraded_read,15.0,2,100000,150000,96,healthy,99,healthy,0,12.5,16.8,18.8,208047,4.0,8047,8047,189,0,0,0
dynamic_overlap_100d_4pct_hdd,100,53,1000000,5000,1.0,timeout_degraded_read,15.0,3,150000,200000,96,mild_slow,99,healthy,1,12.6,17.5,23.0,209179,4.6,9179,9179,895,0,0,0
dynamic_overlap_100d_4pct_hdd,100,53,1000000,5000,1.0,timeout_degraded_read,15.0,4,200000,250000,96,mild_slow,99,healthy,1,12.6,17.4,22.7,208952,4.5,8952,8952,833,0,0,0
dynamic_overlap_100d_4pct_hdd,100,53,1000000,5000,1.0,timeout_degraded_read,15.0,5,250000,300000,96,mild_slow,99,healthy,2,12.6,17.8,25.6,209445,4.7,9445,9445,1240,0,0,0
dynamic_overlap_100d_4pct_hdd,100,53,1000000,5000,1.0,timeout_degraded_read,15.0,6,300000,350000,96,severe_slow,99,healthy,2,12.6,17.9,28.4,209215,4.6,9215,9215,1552,0,0,0
dynamic_overlap_100d_4pct_hdd,100,53,1000000,5000,1.0,timeout_degraded_read,15.0,7,350000,400000,96,severe_slow,99,healthy,2,12.6,17.8,28.2,209300,4.7,9300,9300,1519,0,0,0
dynamic_overlap_100d_4pct_hdd,100,53,1000000,5000,1.0,timeout_degraded_read,15.0,8,400000,450000,96,severe_slow,99,healthy,3,12.6,18.5,51.8,209716,4.9,9716,9716,1899,0,0,0
dynamic_overlap_100d_4pct_hdd,100,53,1000000,5000,1.0,timeout_degraded_read,15.0,9,450000,500000,96,severe_slow,99,healthy,3,12.6,18.5,51.4,209936,5.0,9936,9936,1875,0,0,0
dynamic_overlap_100d_4pct_hdd,100,53,1000000,5000,1.0,timeout_degraded_read,15.0,10,500000,550000,96,recovery,99,healthy,2,12.6,18.3,32.3,209711,4.9,9711,9711,1721,0,0,0
dynamic_overlap_100d_4pct_hdd,100,53,1000000,5000,1.0,timeout_degraded_read,15.0,11,550000,600000,96,recovery,99,mild_slow,3,12.6,18.9,54.5,209846,4.9,9846,9846,1838,0,0,0
dynamic_overlap_100d_4pct_hdd,100,53,1000000,5000,1.0,timeout_degraded_read,15.0,12,600000,650000,96,healthy,99,mild_slow,2,12.6,18.0,28.6,209479,4.7,9479,9479,1631,0,0,0
dynamic_overlap_100d_4pct_hdd,100,53,1000000,5000,1.0,timeout_degraded_read,15.0,13,650000,700000,96,healthy,99,mild_slow,2,12.6,17.9,28.1,209491,4.7,9491,9491,1560,0,0,0
dynamic_overlap_100d_4pct_hdd,100,53,1000000,5000,1.0,timeout_degraded_read,15.0,14,700000,750000,96,healthy,99,severe_slow,2,12.6,17.9,52.0,209371,4.7,9371,9371,1703,0,0,0
dynamic_overlap_100d_4pct_hdd,100,53,1000000,5000,1.0,timeout_degraded_read,15.0,15,750000,800000,96,healthy,99,severe_slow,1,12.6,17.9,25.4,209416,4.7,9416,9416,1590,0,0,0
dynamic_overlap_100d_4pct_hdd,100,53,1000000,5000,1.0,timeout_degraded_read,15.0,16,800000,850000,96,healthy,99,severe_slow,1,12.6,17.8,25.4,209180,4.6,9180,9180,1591,0,0,0
dynamic_overlap_100d_4pct_hdd,100,53,1000000,5000,1.0,timeout_degraded_read,15.0,17,850000,900000,96,healthy,99,recovery,0,12.5,16.9,19.1,208477,4.2,8477,8477,251,0,0,0
dynamic_overlap_100d_4pct_hdd,100,53,1000000,5000,1.0,timeout_degraded_read,15.0,18,900000,950000,96,healthy,99,healthy,0,12.5,16.8,18.9,208180,4.1,8180,8180,179,0,0,0
dynamic_overlap_100d_4pct_hdd,100,53,1000000,5000,1.0,timeout_degraded_read,15.0,19,950000,1000000,96,healthy,99,healthy,0,12.5,16.8,18.7,208127,4.1,8127,8127,192,0,0,0
dynamic_overlap_100d_4pct_hdd,100,53,1000000,5000,1.0,health_ec,15.0,0,0,50000,96,healthy,99,healthy,0,12.5,16.8,18.8,200000,0.0,0,0,0,0,0,0
dynamic_overlap_100d_4pct_hdd,100,53,1000000,5000,1.0,health_ec,15.0,1,50000,100000,96,healthy,99,healthy,0,12.5,16.9,18.8,200000,0.0,0,0,0,0,0,0
dynamic_overlap_100d_4pct_hdd,100,53,1000000,5000,1.0,health_ec,15.0,2,100000,150000,96,healthy,99,healthy,0,12.5,16.8,18.8,200000,0.0,0,0,0,0,0,0
dynamic_overlap_100d_4pct_hdd,100,53,1000000,5000,1.0,health_ec,15.0,3,150000,200000,96,mild_slow,99,healthy,1,12.5,17.1,20.3,200545,0.3,545,545,524,1,1,0
dynamic_overlap_100d_4pct_hdd,100,53,1000000,5000,1.0,health_ec,15.0,4,200000,250000,96,mild_slow,99,healthy,1,12.5,16.9,19.7,200720,0.4,720,720,706,0,0,0
dynamic_overlap_100d_4pct_hdd,100,53,1000000,5000,1.0,health_ec,15.0,5,250000,300000,96,mild_slow,99,healthy,2,12.6,17.4,22.8,200824,0.4,824,824,823,1,1,0
dynamic_overlap_100d_4pct_hdd,100,53,1000000,5000,1.0,health_ec,15.0,6,300000,350000,96,severe_slow,99,healthy,2,12.5,17.4,25.3,200921,0.5,921,921,920,0,0,0
dynamic_overlap_100d_4pct_hdd,100,53,1000000,5000,1.0,health_ec,15.0,7,350000,400000,96,severe_slow,99,healthy,2,12.6,17.4,25.0,201017,0.5,1017,1017,1017,0,0,0
dynamic_overlap_100d_4pct_hdd,100,53,1000000,5000,1.0,health_ec,15.0,8,400000,450000,96,severe_slow,99,healthy,3,12.6,17.7,47.6,201500,0.8,1500,1500,1486,1,1,0
dynamic_overlap_100d_4pct_hdd,100,53,1000000,5000,1.0,health_ec,15.0,9,450000,500000,96,severe_slow,99,healthy,3,12.6,17.7,47.8,201531,0.8,1531,1531,1525,0,0,0
dynamic_overlap_100d_4pct_hdd,100,53,1000000,5000,1.0,health_ec,15.0,10,500000,550000,96,recovery,99,healthy,2,12.6,17.2,21.1,201500,0.8,1500,1500,1484,0,0,0
dynamic_overlap_100d_4pct_hdd,100,53,1000000,5000,1.0,health_ec,15.0,11,550000,600000,96,recovery,99,mild_slow,3,12.6,17.8,37.0,201715,0.9,1715,1715,1675,2,2,0
dynamic_overlap_100d_4pct_hdd,100,53,1000000,5000,1.0,health_ec,15.0,12,600000,650000,96,healthy,99,mild_slow,2,12.6,17.4,24.2,201547,0.8,1547,1547,1208,0,0,0
dynamic_overlap_100d_4pct_hdd,100,53,1000000,5000,1.0,health_ec,15.0,13,650000,700000,96,healthy,99,mild_slow,2,12.6,17.4,24.0,201363,0.7,1363,1363,1139,0,0,0
dynamic_overlap_100d_4pct_hdd,100,53,1000000,5000,1.0,health_ec,15.0,14,700000,750000,96,healthy,99,severe_slow,2,12.6,17.5,46.1,201202,0.6,1202,1202,1045,1,1,0
dynamic_overlap_100d_4pct_hdd,100,53,1000000,5000,1.0,health_ec,15.0,15,750000,800000,96,healthy,99,severe_slow,1,12.5,17.0,19.2,201051,0.5,1051,1051,1008,0,0,0
dynamic_overlap_100d_4pct_hdd,100,53,1000000,5000,1.0,health_ec,15.0,16,800000,850000,96,healthy,99,severe_slow,1,12.5,16.9,19.2,201026,0.5,1026,1026,1003,0,0,0
dynamic_overlap_100d_4pct_hdd,100,53,1000000,5000,1.0,health_ec,15.0,17,850000,900000,96,healthy,99,recovery,0,12.5,16.8,18.8,200923,0.5,923,923,822,0,0,0
dynamic_overlap_100d_4pct_hdd,100,53,1000000,5000,1.0,health_ec,15.0,18,900000,950000,96,healthy,99,healthy,0,12.5,16.8,18.9,200552,0.3,552,552,456,0,0,0
dynamic_overlap_100d_4pct_hdd,100,53,1000000,5000,1.0,health_ec,15.0,19,950000,1000000,96,healthy,99,healthy,0,12.5,16.8,18.8,200292,0.1,292,292,236,0,0,0
dynamic_overlap_100d_4pct_hdd,100,54,1000000,5000,1.0,vanilla_ec,15.0,0,0,50000,96,healthy,99,healthy,0,12.5,16.8,18.8,200000,0.0,0,0,0,0,0,0
dynamic_overlap_100d_4pct_hdd,100,54,1000000,5000,1.0,vanilla_ec,15.0,1,50000,100000,96,healthy,99,healthy,0,12.5,16.8,18.8,200000,0.0,0,0,0,0,0,0
dynamic_overlap_100d_4pct_hdd,100,54,1000000,5000,1.0,vanilla_ec,15.0,2,100000,150000,96,healthy,99,healthy,0,12.5,16.9,18.9,200000,0.0,0,0,0,0,0,0
dynamic_overlap_100d_4pct_hdd,100,54,1000000,5000,1.0,vanilla_ec,15.0,3,150000,200000,96,mild_slow,99,healthy,1,12.6,17.5,26.9,200000,0.0,0,0,0,0,0,0
dynamic_overlap_100d_4pct_hdd,100,54,1000000,5000,1.0,vanilla_ec,15.0,4,200000,250000,96,mild_slow,99,healthy,1,12.6,17.6,27.7,200000,0.0,0,0,0,0,0,0
dynamic_overlap_100d_4pct_hdd,100,54,1000000,5000,1.0,vanilla_ec,15.0,5,250000,300000,96,mild_slow,99,healthy,2,12.6,17.8,30.7,200000,0.0,0,0,0,0,0,0
dynamic_overlap_100d_4pct_hdd,100,54,1000000,5000,1.0,vanilla_ec,15.0,6,300000,350000,96,severe_slow,99,healthy,2,12.6,17.9,62.7,200000,0.0,0,0,0,0,0,0
dynamic_overlap_100d_4pct_hdd,100,54,1000000,5000,1.0,vanilla_ec,15.0,7,350000,400000,96,severe_slow,99,healthy,2,12.6,17.9,63.4,200000,0.0,0,0,0,0,0,0
dynamic_overlap_100d_4pct_hdd,100,54,1000000,5000,1.0,vanilla_ec,15.0,8,400000,450000,96,severe_slow,99,healthy,3,12.6,18.6,71.9,200000,0.0,0,0,0,0,0,0
dynamic_overlap_100d_4pct_hdd,100,54,1000000,5000,1.0,vanilla_ec,15.0,9,450000,500000,96,severe_slow,99,healthy,3,12.6,18.4,72.0,200000,0.0,0,0,0,0,0,0
dynamic_overlap_100d_4pct_hdd,100,54,1000000,5000,1.0,vanilla_ec,15.0,10,500000,550000,96,recovery,99,healthy,2,12.6,18.6,63.5,200000,0.0,0,0,0,0,0,0
dynamic_overlap_100d_4pct_hdd,100,54,1000000,5000,1.0,vanilla_ec,15.0,11,550000,600000,96,recovery,99,mild_slow,3,12.6,18.9,74.3,200000,0.0,0,0,0,0,0,0
dynamic_overlap_100d_4pct_hdd,100,54,1000000,5000,1.0,vanilla_ec,15.0,12,600000,650000,96,healthy,99,mild_slow,2,12.6,18.1,64.7,200000,0.0,0,0,0,0,0,0
dynamic_overlap_100d_4pct_hdd,100,54,1000000,5000,1.0,vanilla_ec,15.0,13,650000,700000,96,healthy,99,mild_slow,2,12.6,18.2,63.7,200000,0.0,0,0,0,0,0,0
dynamic_overlap_100d_4pct_hdd,100,54,1000000,5000,1.0,vanilla_ec,15.0,14,700000,750000,96,healthy,99,severe_slow,2,12.6,17.9,73.5,200000,0.0,0,0,0,0,0,0
dynamic_overlap_100d_4pct_hdd,100,54,1000000,5000,1.0,vanilla_ec,15.0,15,750000,800000,96,healthy,99,severe_slow,1,12.6,18.0,64.1,200000,0.0,0,0,0,0,0,0
dynamic_overlap_100d_4pct_hdd,100,54,1000000,5000,1.0,vanilla_ec,15.0,16,800000,850000,96,healthy,99,severe_slow,1,12.6,17.9,63.8,200000,0.0,0,0,0,0,0,0
dynamic_overlap_100d_4pct_hdd,100,54,1000000,5000,1.0,vanilla_ec,15.0,17,850000,900000,96,healthy,99,recovery,0,12.5,17.0,19.3,200000,0.0,0,0,0,0,0,0
dynamic_overlap_100d_4pct_hdd,100,54,1000000,5000,1.0,vanilla_ec,15.0,18,900000,950000,96,healthy,99,healthy,0,12.5,16.8,18.8,200000,0.0,0,0,0,0,0,0
dynamic_overlap_100d_4pct_hdd,100,54,1000000,5000,1.0,vanilla_ec,15.0,19,950000,1000000,96,healthy,99,healthy,0,12.5,16.8,18.8,200000,0.0,0,0,0,0,0,0
dynamic_overlap_100d_4pct_hdd,100,54,1000000,5000,1.0,late_binding,15.0,0,0,50000,96,healthy,99,healthy,0,10.7,14.0,15.4,250000,25.0,50000,50000,39958,0,0,0
dynamic_overlap_100d_4pct_hdd,100,54,1000000,5000,1.0,late_binding,15.0,1,50000,100000,96,healthy,99,healthy,0,10.7,14.0,15.4,250000,25.0,50000,50000,39831,0,0,0
dynamic_overlap_100d_4pct_hdd,100,54,1000000,5000,1.0,late_binding,15.0,2,100000,150000,96,healthy,99,healthy,0,10.7,14.0,15.5,250000,25.0,50000,50000,39886,0,0,0
dynamic_overlap_100d_4pct_hdd,100,54,1000000,5000,1.0,late_binding,15.0,3,150000,200000,96,mild_slow,99,healthy,1,10.7,14.2,15.8,250000,25.0,50000,50000,39814,0,0,0
dynamic_overlap_100d_4pct_hdd,100,54,1000000,5000,1.0,late_binding,15.0,4,200000,250000,96,mild_slow,99,healthy,1,10.8,14.2,15.8,250000,25.0,50000,50000,39806,0,0,0
dynamic_overlap_100d_4pct_hdd,100,54,1000000,5000,1.0,late_binding,15.0,5,250000,300000,96,mild_slow,99,healthy,2,10.8,14.6,22.2,250000,25.0,50000,50000,39858,0,0,0
dynamic_overlap_100d_4pct_hdd,100,54,1000000,5000,1.0,late_binding,15.0,6,300000,350000,96,severe_slow,99,healthy,2,10.8,14.7,27.2,250000,25.0,50000,50000,39778,0,0,0
dynamic_overlap_100d_4pct_hdd,100,54,1000000,5000,1.0,late_binding,15.0,7,350000,400000,96,severe_slow,99,healthy,2,10.8,14.7,26.8,250000,25.0,50000,50000,39932,0,0,0
dynamic_overlap_100d_4pct_hdd,100,54,1000000,5000,1.0,late_binding,15.0,8,400000,450000,96,severe_slow,99,healthy,3,10.8,15.1,51.6,250000,25.0,50000,50000,39943,0,0,0
dynamic_overlap_100d_4pct_hdd,100,54,1000000,5000,1.0,late_binding,15.0,9,450000,500000,96,severe_slow,99,healthy,3,10.8,14.9,50.7,250000,25.0,50000,50000,39743,0,0,0
dynamic_overlap_100d_4pct_hdd,100,54,1000000,5000,1.0,late_binding,15.0,10,500000,550000,96,recovery,99,healthy,2,10.8,14.8,27.1,250000,25.0,50000,50000,40240,0,0,0
dynamic_overlap_100d_4pct_hdd,100,54,1000000,5000,1.0,late_binding,15.0,11,550000,600000,96,recovery,99,mild_slow,3,10.8,15.4,52.2,250000,25.0,50000,50000,39804,0,0,0
dynamic_overlap_100d_4pct_hdd,100,54,1000000,5000,1.0,late_binding,15.0,12,600000,650000,96,healthy,99,mild_slow,2,10.8,14.9,27.5,250000,25.0,50000,50000,39675,0,0,0
dynamic_overlap_100d_4pct_hdd,100,54,1000000,5000,1.0,late_binding,15.0,13,650000,700000,96,healthy,99,mild_slow,2,10.8,14.9,27.6,250000,25.0,50000,50000,39857,0,0,0
dynamic_overlap_100d_4pct_hdd,100,54,1000000,5000,1.0,late_binding,15.0,14,700000,750000,96,healthy,99,severe_slow,2,10.8,14.9,52.2,250000,25.0,50000,50000,40003,0,0,0
dynamic_overlap_100d_4pct_hdd,100,54,1000000,5000,1.0,late_binding,15.0,15,750000,800000,96,healthy,99,severe_slow,1,10.8,14.4,16.9,250000,25.0,50000,50000,39989,0,0,0
dynamic_overlap_100d_4pct_hdd,100,54,1000000,5000,1.0,late_binding,15.0,16,800000,850000,96,healthy,99,severe_slow,1,10.8,14.4,16.8,250000,25.0,50000,50000,39911,0,0,0
dynamic_overlap_100d_4pct_hdd,100,54,1000000,5000,1.0,late_binding,15.0,17,850000,900000,96,healthy,99,recovery,0,10.7,14.1,15.5,250000,25.0,50000,50000,40011,0,0,0
dynamic_overlap_100d_4pct_hdd,100,54,1000000,5000,1.0,late_binding,15.0,18,900000,950000,96,healthy,99,healthy,0,10.7,14.0,15.5,250000,25.0,50000,50000,39846,0,0,0
dynamic_overlap_100d_4pct_hdd,100,54,1000000,5000,1.0,late_binding,15.0,19,950000,1000000,96,healthy,99,healthy,0,10.7,14.0,15.5,250000,25.0,50000,50000,40110,0,0,0
dynamic_overlap_100d_4pct_hdd,100,54,1000000,5000,1.0,timeout_degraded_read,15.0,0,0,50000,96,healthy,99,healthy,0,12.5,16.8,18.8,208093,4.0,8093,8093,185,0,0,0
dynamic_overlap_100d_4pct_hdd,100,54,1000000,5000,1.0,timeout_degraded_read,15.0,1,50000,100000,96,healthy,99,healthy,0,12.5,16.7,18.7,208066,4.0,8066,8066,183,0,0,0
dynamic_overlap_100d_4pct_hdd,100,54,1000000,5000,1.0,timeout_degraded_read,15.0,2,100000,150000,96,healthy,99,healthy,0,12.5,16.9,18.8,208174,4.1,8174,8174,197,0,0,0
dynamic_overlap_100d_4pct_hdd,100,54,1000000,5000,1.0,timeout_degraded_read,15.0,3,150000,200000,96,mild_slow,99,healthy,1,12.6,17.5,22.9,208987,4.5,8987,8987,881,0,0,0
dynamic_overlap_100d_4pct_hdd,100,54,1000000,5000,1.0,timeout_degraded_read,15.0,4,200000,250000,96,mild_slow,99,healthy,1,12.6,17.5,23.2,209151,4.6,9151,9151,955,0,0,0
dynamic_overlap_100d_4pct_hdd,100,54,1000000,5000,1.0,timeout_degraded_read,15.0,5,250000,300000,96,mild_slow,99,healthy,2,12.6,17.7,25.5,209103,4.6,9103,9103,1235,0,0,0
dynamic_overlap_100d_4pct_hdd,100,54,1000000,5000,1.0,timeout_degraded_read,15.0,6,300000,350000,96,severe_slow,99,healthy,2,12.6,17.8,28.6,209262,4.6,9262,9262,1556,0,0,0
dynamic_overlap_100d_4pct_hdd,100,54,1000000,5000,1.0,timeout_degraded_read,15.0,7,350000,400000,96,severe_slow,99,healthy,2,12.6,17.8,28.4,209355,4.7,9355,9355,1564,0,0,0
dynamic_overlap_100d_4pct_hdd,100,54,1000000,5000,1.0,timeout_degraded_read,15.0,8,400000,450000,96,severe_slow,99,healthy,3,12.6,18.5,51.9,209861,4.9,9861,9861,1929,0,0,0
dynamic_overlap_100d_4pct_hdd,100,54,1000000,5000,1.0,timeout_degraded_read,15.0,9,450000,500000,96,severe_slow,99,healthy,3,12.6,18.3,51.2,209663,4.8,9663,9663,1795,0,0,0
dynamic_overlap_100d_4pct_hdd,100,54,1000000,5000,1.0,timeout_degraded_read,15.0,10,500000,550000,96,recovery,99,healthy,2,12.6,18.4,33.4,209850,4.9,9850,9850,1774,0,0,0
dynamic_overlap_100d_4pct_hdd,100,54,1000000,5000,1.0,timeout_degraded_read,15.0,11,550000,600000,96,recovery,99,mild_slow,3,12.6,18.8,54.2,209720,4.9,9720,9720,1760,0,0,0
dynamic_overlap_100d_4pct_hdd,100,54,1000000,5000,1.0,timeout_degraded_read,15.0,12,600000,650000,96,healthy,99,mild_slow,2,12.6,18.1,28.7,209532,4.8,9532,9532,1670,0,0,0
dynamic_overlap_100d_4pct_hdd,100,54,1000000,5000,1.0,timeout_degraded_read,15.0,13,650000,700000,96,healthy,99,mild_slow,2,12.6,18.1,28.9,209550,4.8,9550,9550,1688,0,0,0
dynamic_overlap_100d_4pct_hdd,100,54,1000000,5000,1.0,timeout_degraded_read,15.0,14,700000,750000,96,healthy,99,severe_slow,2,12.6,17.9,52.2,209384,4.7,9384,9384,1704,0,0,0
dynamic_overlap_100d_4pct_hdd,100,54,1000000,5000,1.0,timeout_degraded_read,15.0,15,750000,800000,96,healthy,99,severe_slow,1,12.6,17.9,25.6,209438,4.7,9438,9438,1648,0,0,0
dynamic_overlap_100d_4pct_hdd,100,54,1000000,5000,1.0,timeout_degraded_read,15.0,16,800000,850000,96,healthy,99,severe_slow,1,12.6,17.8,25.5,209339,4.7,9339,9339,1638,0,0,0
dynamic_overlap_100d_4pct_hdd,100,54,1000000,5000,1.0,timeout_degraded_read,15.0,17,850000,900000,96,healthy,99,recovery,0,12.5,16.9,19.2,208441,4.2,8441,8441,255,0,0,0
dynamic_overlap_100d_4pct_hdd,100,54,1000000,5000,1.0,timeout_degraded_read,15.0,18,900000,950000,96,healthy,99,healthy,0,12.5,16.8,18.8,208061,4.0,8061,8061,191,0,0,0
dynamic_overlap_100d_4pct_hdd,100,54,1000000,5000,1.0,timeout_degraded_read,15.0,19,950000,1000000,96,healthy,99,healthy,0,12.5,16.8,18.8,208042,4.0,8042,8042,170,0,0,0
dynamic_overlap_100d_4pct_hdd,100,54,1000000,5000,1.0,health_ec,15.0,0,0,50000,96,healthy,99,healthy,0,12.5,16.8,18.8,200000,0.0,0,0,0,0,0,0
dynamic_overlap_100d_4pct_hdd,100,54,1000000,5000,1.0,health_ec,15.0,1,50000,100000,96,healthy,99,healthy,0,12.5,16.8,18.8,200000,0.0,0,0,0,0,0,0
dynamic_overlap_100d_4pct_hdd,100,54,1000000,5000,1.0,health_ec,15.0,2,100000,150000,96,healthy,99,healthy,0,12.5,16.9,18.9,200000,0.0,0,0,0,0,0,0
dynamic_overlap_100d_4pct_hdd,100,54,1000000,5000,1.0,health_ec,15.0,3,150000,200000,96,mild_slow,99,healthy,1,12.5,17.1,21.0,200524,0.3,524,524,515,1,1,0
dynamic_overlap_100d_4pct_hdd,100,54,1000000,5000,1.0,health_ec,15.0,4,200000,250000,96,mild_slow,99,healthy,1,12.5,17.0,19.6,200748,0.4,748,748,734,0,0,0
dynamic_overlap_100d_4pct_hdd,100,54,1000000,5000,1.0,health_ec,15.0,5,250000,300000,96,mild_slow,99,healthy,2,12.5,17.3,22.4,200868,0.4,868,868,867,1,1,0
dynamic_overlap_100d_4pct_hdd,100,54,1000000,5000,1.0,health_ec,15.0,6,300000,350000,96,severe_slow,99,healthy,2,12.6,17.4,26.0,200965,0.5,965,965,965,0,0,0
dynamic_overlap_100d_4pct_hdd,100,54,1000000,5000,1.0,health_ec,15.0,7,350000,400000,96,severe_slow,99,healthy,2,12.6,17.4,25.0,201054,0.5,1054,1054,1054,0,0,0
dynamic_overlap_100d_4pct_hdd,100,54,1000000,5000,1.0,health_ec,15.0,8,400000,450000,96,severe_slow,99,healthy,3,12.6,17.8,47.7,201419,0.7,1419,1419,1414,1,1,0
dynamic_overlap_100d_4pct_hdd,100,54,1000000,5000,1.0,health_ec,15.0,9,450000,500000,96,severe_slow,99,healthy,3,12.6,17.6,45.8,201512,0.8,1512,1512,1495,0,0,0
dynamic_overlap_100d_4pct_hdd,100,54,1000000,5000,1.0,health_ec,15.0,10,500000,550000,96,recovery,99,healthy,2,12.6,17.2,21.4,201604,0.8,1604,1604,1585,0,0,0
dynamic_overlap_100d_4pct_hdd,100,54,1000000,5000,1.0,health_ec,15.0,11,550000,600000,96,recovery,99,mild_slow,3,12.6,17.8,36.9,201684,0.8,1684,1684,1645,2,2,0
dynamic_overlap_100d_4pct_hdd,100,54,1000000,5000,1.0,health_ec,15.0,12,600000,650000,96,healthy,99,mild_slow,2,12.6,17.4,24.1,201618,0.8,1618,1618,1222,0,0,0
dynamic_overlap_100d_4pct_hdd,100,54,1000000,5000,1.0,health_ec,15.0,13,650000,700000,96,healthy,99,mild_slow,2,12.5,17.5,24.4,201415,0.7,1415,1415,1170,1,1,0
dynamic_overlap_100d_4pct_hdd,100,54,1000000,5000,1.0,health_ec,15.0,14,700000,750000,96,healthy,99,severe_slow,2,12.5,17.4,46.6,201171,0.6,1171,1171,1018,0,0,0
dynamic_overlap_100d_4pct_hdd,100,54,1000000,5000,1.0,health_ec,15.0,15,750000,800000,96,healthy,99,severe_slow,1,12.5,17.0,19.2,201080,0.5,1080,1080,1049,0,0,0
dynamic_overlap_100d_4pct_hdd,100,54,1000000,5000,1.0,health_ec,15.0,16,800000,850000,96,healthy,99,severe_slow,1,12.5,16.9,19.1,201068,0.5,1068,1068,1045,0,0,0
dynamic_overlap_100d_4pct_hdd,100,54,1000000,5000,1.0,health_ec,15.0,17,850000,900000,96,healthy,99,recovery,0,12.5,16.8,18.8,200870,0.4,870,870,770,0,0,0
dynamic_overlap_100d_4pct_hdd,100,54,1000000,5000,1.0,health_ec,15.0,18,900000,950000,96,healthy,99,healthy,0,12.5,16.8,18.8,200518,0.3,518,518,416,0,0,0
dynamic_overlap_100d_4pct_hdd,100,54,1000000,5000,1.0,health_ec,15.0,19,950000,1000000,96,healthy,99,healthy,0,12.5,16.8,18.8,200306,0.2,306,306,258,0,0,0
dynamic_overlap_100d_4pct_hdd,100,55,1000000,5000,1.0,vanilla_ec,15.0,0,0,50000,96,healthy,99,healthy,0,12.5,16.8,18.9,200000,0.0,0,0,0,0,0,0
dynamic_overlap_100d_4pct_hdd,100,55,1000000,5000,1.0,vanilla_ec,15.0,1,50000,100000,96,healthy,99,healthy,0,12.5,16.8,18.8,200000,0.0,0,0,0,0,0,0
dynamic_overlap_100d_4pct_hdd,100,55,1000000,5000,1.0,vanilla_ec,15.0,2,100000,150000,96,healthy,99,healthy,0,12.5,16.8,18.8,200000,0.0,0,0,0,0,0,0
dynamic_overlap_100d_4pct_hdd,100,55,1000000,5000,1.0,vanilla_ec,15.0,3,150000,200000,96,mild_slow,99,healthy,1,12.6,17.6,26.5,200000,0.0,0,0,0,0,0,0
dynamic_overlap_100d_4pct_hdd,100,55,1000000,5000,1.0,vanilla_ec,15.0,4,200000,250000,96,mild_slow,99,healthy,1,12.6,17.6,26.9,200000,0.0,0,0,0,0,0,0
dynamic_overlap_100d_4pct_hdd,100,55,1000000,5000,1.0,vanilla_ec,15.0,5,250000,300000,96,mild_slow,99,healthy,2,12.6,17.8,31.5,200000,0.0,0,0,0,0,0,0
dynamic_overlap_100d_4pct_hdd,100,55,1000000,5000,1.0,vanilla_ec,15.0,6,300000,350000,96,severe_slow,99,healthy,2,12.6,17.8,62.6,200000,0.0,0,0,0,0,0,0
dynamic_overlap_100d_4pct_hdd,100,55,1000000,5000,1.0,vanilla_ec,15.0,7,350000,400000,96,severe_slow,99,healthy,2,12.6,17.8,63.0,200000,0.0,0,0,0,0,0,0
dynamic_overlap_100d_4pct_hdd,100,55,1000000,5000,1.0,vanilla_ec,15.0,8,400000,450000,96,severe_slow,99,healthy,3,12.6,18.5,72.0,200000,0.0,0,0,0,0,0,0
dynamic_overlap_100d_4pct_hdd,100,55,1000000,5000,1.0,vanilla_ec,15.0,9,450000,500000,96,severe_slow,99,healthy,3,12.6,18.7,72.7,200000,0.0,0,0,0,0,0,0
dynamic_overlap_100d_4pct_hdd,100,55,1000000,5000,1.0,vanilla_ec,15.0,10,500000,550000,96,recovery,99,healthy,2,12.6,18.6,63.1,200000,0.0,0,0,0,0,0,0
dynamic_overlap_100d_4pct_hdd,100,55,1000000,5000,1.0,vanilla_ec,15.0,11,550000,600000,96,recovery,99,mild_slow,3,12.6,18.8,72.1,200000,0.0,0,0,0,0,0,0
dynamic_overlap_100d_4pct_hdd,100,55,1000000,5000,1.0,vanilla_ec,15.0,12,600000,650000,96,healthy,99,mild_slow,2,12.6,18.0,63.9,200000,0.0,0,0,0,0,0,0
dynamic_overlap_100d_4pct_hdd,100,55,1000000,5000,1.0,vanilla_ec,15.0,13,650000,700000,96,healthy,99,mild_slow,2,12.6,18.1,64.3,200000,0.0,0,0,0,0,0,0
dynamic_overlap_100d_4pct_hdd,100,55,1000000,5000,1.0,vanilla_ec,15.0,14,700000,750000,96,healthy,99,severe_slow,2,12.6,18.0,73.0,200000,0.0,0,0,0,0,0,0
dynamic_overlap_100d_4pct_hdd,100,55,1000000,5000,1.0,vanilla_ec,15.0,15,750000,800000,96,healthy,99,severe_slow,1,12.6,17.9,62.7,200000,0.0,0,0,0,0,0,0
dynamic_overlap_100d_4pct_hdd,100,55,1000000,5000,1.0,vanilla_ec,15.0,16,800000,850000,96,healthy,99,severe_slow,1,12.6,18.0,63.8,200000,0.0,0,0,0,0,0,0
dynamic_overlap_100d_4pct_hdd,100,55,1000000,5000,1.0,vanilla_ec,15.0,17,850000,900000,96,healthy,99,recovery,0,12.5,17.0,19.3,200000,0.0,0,0,0,0,0,0
dynamic_overlap_100d_4pct_hdd,100,55,1000000,5000,1.0,vanilla_ec,15.0,18,900000,950000,96,healthy,99,healthy,0,12.5,16.8,18.8,200000,0.0,0,0,0,0,0,0
dynamic_overlap_100d_4pct_hdd,100,55,1000000,5000,1.0,vanilla_ec,15.0,19,950000,1000000,96,healthy,99,healthy,0,12.5,16.8,18.7,200000,0.0,0,0,0,0,0,0
dynamic_overlap_100d_4pct_hdd,100,55,1000000,5000,1.0,late_binding,15.0,0,0,50000,96,healthy,99,healthy,0,10.7,14.0,15.5,250000,25.0,50000,50000,40043,0,0,0
dynamic_overlap_100d_4pct_hdd,100,55,1000000,5000,1.0,late_binding,15.0,1,50000,100000,96,healthy,99,healthy,0,10.7,14.0,15.5,250000,25.0,50000,50000,40052,0,0,0
dynamic_overlap_100d_4pct_hdd,100,55,1000000,5000,1.0,late_binding,15.0,2,100000,150000,96,healthy,99,healthy,0,10.7,14.0,15.4,250000,25.0,50000,50000,39990,0,0,0
dynamic_overlap_100d_4pct_hdd,100,55,1000000,5000,1.0,late_binding,15.0,3,150000,200000,96,mild_slow,99,healthy,1,10.7,14.2,15.8,250000,25.0,50000,50000,39826,0,0,0
dynamic_overlap_100d_4pct_hdd,100,55,1000000,5000,1.0,late_binding,15.0,4,200000,250000,96,mild_slow,99,healthy,1,10.7,14.2,15.8,250000,25.0,50000,50000,39735,0,0,0
dynamic_overlap_100d_4pct_hdd,100,55,1000000,5000,1.0,late_binding,15.0,5,250000,300000,96,mild_slow,99,healthy,2,10.8,14.6,22.2,250000,25.0,50000,50000,39748,0,0,0
dynamic_overlap_100d_4pct_hdd,100,55,1000000,5000,1.0,late_binding,15.0,6,300000,350000,96,severe_slow,99,healthy,2,10.8,14.7,26.2,250000,25.0,50000,50000,39710,0,0,0
dynamic_overlap_100d_4pct_hdd,100,55,1000000,5000,1.0,late_binding,15.0,7,350000,400000,96,severe_slow,99,healthy,2,10.8,14.7,26.5,250000,25.0,50000,50000,39733,0,0,0
dynamic_overlap_100d_4pct_hdd,100,55,1000000,5000,1.0,late_binding,15.0,8,400000,450000,96,severe_slow,99,healthy,3,10.8,14.9,51.5,250000,25.0,50000,50000,39964,0,0,0
dynamic_overlap_100d_4pct_hdd,100,55,1000000,5000,1.0,late_binding,15.0,9,450000,500000,96,severe_slow,99,healthy,3,10.8,15.0,51.7,250000,25.0,50000,50000,39880,0,0,0
dynamic_overlap_100d_4pct_hdd,100,55,1000000,5000,1.0,late_binding,15.0,10,500000,550000,96,recovery,99,healthy,2,10.8,14.8,27.0,250000,25.0,50000,50000,40110,0,0,0
dynamic_overlap_100d_4pct_hdd,100,55,1000000,5000,1.0,late_binding,15.0,11,550000,600000,96,recovery,99,mild_slow,3,10.8,15.4,50.8,250000,25.0,50000,50000,40068,0,0,0
dynamic_overlap_100d_4pct_hdd,100,55,1000000,5000,1.0,late_binding,15.0,12,600000,650000,96,healthy,99,mild_slow,2,10.8,14.9,26.8,250000,25.0,50000,50000,39965,0,0,0
dynamic_overlap_100d_4pct_hdd,100,55,1000000,5000,1.0,late_binding,15.0,13,650000,700000,96,healthy,99,mild_slow,2,10.8,15.0,27.5,250000,25.0,50000,50000,39868,0,0,0
dynamic_overlap_100d_4pct_hdd,100,55,1000000,5000,1.0,late_binding,15.0,14,700000,750000,96,healthy,99,severe_slow,2,10.8,14.9,52.6,250000,25.0,50000,50000,39863,0,0,0
dynamic_overlap_100d_4pct_hdd,100,55,1000000,5000,1.0,late_binding,15.0,15,750000,800000,96,healthy,99,severe_slow,1,10.8,14.4,16.6,250000,25.0,50000,50000,40127,0,0,0
dynamic_overlap_100d_4pct_hdd,100,55,1000000,5000,1.0,late_binding,15.0,16,800000,850000,96,healthy,99,severe_slow,1,10.8,14.4,16.9,250000,25.0,50000,50000,39973,0,0,0
dynamic_overlap_100d_4pct_hdd,100,55,1000000,5000,1.0,late_binding,15.0,17,850000,900000,96,healthy,99,recovery,0,10.7,14.1,15.5,250000,25.0,50000,50000,40164,0,0,0
dynamic_overlap_100d_4pct_hdd,100,55,1000000,5000,1.0,late_binding,15.0,18,900000,950000,96,healthy,99,healthy,0,10.7,14.0,15.5,250000,25.0,50000,50000,39988,0,0,0
dynamic_overlap_100d_4pct_hdd,100,55,1000000,5000,1.0,late_binding,15.0,19,950000,1000000,96,healthy,99,healthy,0,10.7,14.0,15.4,250000,25.0,50000,50000,39984,0,0,0
dynamic_overlap_100d_4pct_hdd,100,55,1000000,5000,1.0,timeout_degraded_read,15.0,0,0,50000,96,healthy,99,healthy,0,12.5,16.8,18.8,208132,4.1,8132,8132,182,0,0,0
dynamic_overlap_100d_4pct_hdd,100,55,1000000,5000,1.0,timeout_degraded_read,15.0,1,50000,100000,96,healthy,99,healthy,0,12.5,16.8,18.8,208175,4.1,8175,8175,204,0,0,0
dynamic_overlap_100d_4pct_hdd,100,55,1000000,5000,1.0,timeout_degraded_read,15.0,2,100000,150000,96,healthy,99,healthy,0,12.5,16.8,18.7,208045,4.0,8045,8045,190,0,0,0
dynamic_overlap_100d_4pct_hdd,100,55,1000000,5000,1.0,timeout_degraded_read,15.0,3,150000,200000,96,mild_slow,99,healthy,1,12.6,17.5,22.8,209073,4.5,9073,9073,851,0,0,0
dynamic_overlap_100d_4pct_hdd,100,55,1000000,5000,1.0,timeout_degraded_read,15.0,4,200000,250000,96,mild_slow,99,healthy,1,12.6,17.5,22.7,209061,4.5,9061,9061,845,0,0,0
dynamic_overlap_100d_4pct_hdd,100,55,1000000,5000,1.0,timeout_degraded_read,15.0,5,250000,300000,96,mild_slow,99,healthy,2,12.6,17.7,25.6,209153,4.6,9153,9153,1206,0,0,0
dynamic_overlap_100d_4pct_hdd,100,55,1000000,5000,1.0,timeout_degraded_read,15.0,6,300000,350000,96,severe_slow,99,healthy,2,12.6,17.7,28.0,209401,4.7,9401,9401,1520,0,0,0
dynamic_overlap_100d_4pct_hdd,100,55,1000000,5000,1.0,timeout_degraded_read,15.0,7,350000,400000,96,severe_slow,99,healthy,2,12.6,17.8,28.4,209244,4.6,9244,9244,1575,0,0,0
dynamic_overlap_100d_4pct_hdd,100,55,1000000,5000,1.0,timeout_degraded_read,15.0,8,400000,450000,96,severe_slow,99,healthy,3,12.6,18.4,52.0,209848,4.9,9848,9848,1839,0,0,0
dynamic_overlap_100d_4pct_hdd,100,55,1000000,5000,1.0,timeout_degraded_read,15.0,9,450000,500000,96,severe_slow,99,healthy,3,12.6,18.6,51.9,209673,4.8,9673,9673,1893,0,0,0
dynamic_overlap_100d_4pct_hdd,100,55,1000000,5000,1.0,timeout_degraded_read,15.0,10,500000,550000,96,recovery,99,healthy,2,12.6,18.5,32.9,209867,4.9,9867,9867,1779,0,0,0
dynamic_overlap_100d_4pct_hdd,100,55,1000000,5000,1.0,timeout_degraded_read,15.0,11,550000,600000,96,recovery,99,mild_slow,3,12.6,18.7,53.8,209747,4.9,9747,9747,1792,0,0,0
dynamic_overlap_100d_4pct_hdd,100,55,1000000,5000,1.0,timeout_degraded_read,15.0,12,600000,650000,96,healthy,99,mild_slow,2,12.6,18.0,28.6,209645,4.8,9645,9645,1612,0,0,0
dynamic_overlap_100d_4pct_hdd,100,55,1000000,5000,1.0,timeout_degraded_read,15.0,13,650000,700000,96,healthy,99,mild_slow,2,12.6,18.0,29.1,209639,4.8,9639,9639,1685,0,0,0
dynamic_overlap_100d_4pct_hdd,100,55,1000000,5000,1.0,timeout_degraded_read,15.0,14,700000,750000,96,healthy,99,severe_slow,2,12.6,18.0,52.6,209421,4.7,9421,9421,1745,0,0,0
dynamic_overlap_100d_4pct_hdd,100,55,1000000,5000,1.0,timeout_degraded_read,15.0,15,750000,800000,96,healthy,99,severe_slow,1,12.6,17.8,25.2,209402,4.7,9402,9402,1567,0,0,0
dynamic_overlap_100d_4pct_hdd,100,55,1000000,5000,1.0,timeout_degraded_read,15.0,16,800000,850000,96,healthy,99,severe_slow,1,12.6,17.9,25.7,209394,4.7,9394,9394,1644,0,0,0
dynamic_overlap_100d_4pct_hdd,100,55,1000000,5000,1.0,timeout_degraded_read,15.0,17,850000,900000,96,healthy,99,recovery,0,12.5,17.0,19.2,208572,4.3,8572,8572,250,0,0,0
dynamic_overlap_100d_4pct_hdd,100,55,1000000,5000,1.0,timeout_degraded_read,15.0,18,900000,950000,96,healthy,99,healthy,0,12.5,16.7,18.8,208022,4.0,8022,8022,206,0,0,0
dynamic_overlap_100d_4pct_hdd,100,55,1000000,5000,1.0,timeout_degraded_read,15.0,19,950000,1000000,96,healthy,99,healthy,0,12.5,16.8,18.7,208065,4.0,8065,8065,201,0,0,0
dynamic_overlap_100d_4pct_hdd,100,55,1000000,5000,1.0,health_ec,15.0,0,0,50000,96,healthy,99,healthy,0,12.5,16.8,18.9,200000,0.0,0,0,0,0,0,0
dynamic_overlap_100d_4pct_hdd,100,55,1000000,5000,1.0,health_ec,15.0,1,50000,100000,96,healthy,99,healthy,0,12.5,16.8,18.8,200000,0.0,0,0,0,0,0,0
dynamic_overlap_100d_4pct_hdd,100,55,1000000,5000,1.0,health_ec,15.0,2,100000,150000,96,healthy,99,healthy,0,12.5,16.8,18.8,200000,0.0,0,0,0,0,0,0
dynamic_overlap_100d_4pct_hdd,100,55,1000000,5000,1.0,health_ec,15.0,3,150000,200000,96,mild_slow,99,healthy,1,12.5,17.1,20.5,200487,0.2,487,487,475,1,1,0
dynamic_overlap_100d_4pct_hdd,100,55,1000000,5000,1.0,health_ec,15.0,4,200000,250000,96,mild_slow,99,healthy,1,12.5,17.0,19.4,200766,0.4,766,766,750,0,0,0
dynamic_overlap_100d_4pct_hdd,100,55,1000000,5000,1.0,health_ec,15.0,5,250000,300000,96,mild_slow,99,healthy,2,12.5,17.3,22.5,200864,0.4,864,864,863,1,1,0
dynamic_overlap_100d_4pct_hdd,100,55,1000000,5000,1.0,health_ec,15.0,6,300000,350000,96,severe_slow,99,healthy,2,12.5,17.4,25.6,200935,0.5,935,935,935,0,0,0
dynamic_overlap_100d_4pct_hdd,100,55,1000000,5000,1.0,health_ec,15.0,7,350000,400000,96,severe_slow,99,healthy,2,12.5,17.4,25.0,201073,0.5,1073,1073,1073,0,0,0
dynamic_overlap_100d_4pct_hdd,100,55,1000000,5000,1.0,health_ec,15.0,8,400000,450000,96,severe_slow,99,healthy,3,12.6,17.8,47.7,201424,0.7,1424,1424,1412,1,1,0
dynamic_overlap_100d_4pct_hdd,100,55,1000000,5000,1.0,health_ec,15.0,9,450000,500000,96,severe_slow,99,healthy,3,12.6,17.7,47.3,201565,0.8,1565,1565,1554,0,0,0
dynamic_overlap_100d_4pct_hdd,100,55,1000000,5000,1.0,health_ec,15.0,10,500000,550000,96,recovery,99,healthy,2,12.5,17.2,21.5,201623,0.8,1623,1623,1608,0,0,0
dynamic_overlap_100d_4pct_hdd,100,55,1000000,5000,1.0,health_ec,15.0,11,550000,600000,96,recovery,99,mild_slow,3,12.6,17.8,36.4,201666,0.8,1666,1666,1628,2,2,0
dynamic_overlap_100d_4pct_hdd,100,55,1000000,5000,1.0,health_ec,15.0,12,600000,650000,96,healthy,99,mild_slow,2,12.6,17.4,23.5,201537,0.8,1537,1537,1174,0,0,0
dynamic_overlap_100d_4pct_hdd,100,55,1000000,5000,1.0,health_ec,15.0,13,650000,700000,96,healthy,99,mild_slow,2,12.6,17.4,24.5,201422,0.7,1422,1422,1209,0,0,0
dynamic_overlap_100d_4pct_hdd,100,55,1000000,5000,1.0,health_ec,15.0,14,700000,750000,96,healthy,99,severe_slow,2,12.6,17.5,47.0,201181,0.6,1181,1181,1058,1,1,0
dynamic_overlap_100d_4pct_hdd,100,55,1000000,5000,1.0,health_ec,15.0,15,750000,800000,96,healthy,99,severe_slow,1,12.5,17.0,19.1,201054,0.5,1054,1054,1003,0,0,0
dynamic_overlap_100d_4pct_hdd,100,55,1000000,5000,1.0,health_ec,15.0,16,800000,850000,96,healthy,99,severe_slow,1,12.5,17.0,19.3,201057,0.5,1057,1057,1034,0,0,0
dynamic_overlap_100d_4pct_hdd,100,55,1000000,5000,1.0,health_ec,15.0,17,850000,900000,96,healthy,99,recovery,0,12.5,16.8,18.9,200894,0.4,894,894,778,0,0,0
dynamic_overlap_100d_4pct_hdd,100,55,1000000,5000,1.0,health_ec,15.0,18,900000,950000,96,healthy,99,healthy,0,12.5,16.7,18.8,200552,0.3,552,552,436,0,0,0
dynamic_overlap_100d_4pct_hdd,100,55,1000000,5000,1.0,health_ec,15.0,19,950000,1000000,96,healthy,99,healthy,0,12.5,16.8,18.7,200293,0.1,293,293,226,0,0,0
dynamic_overlap_100d_4pct_hdd,100,56,1000000,5000,1.0,vanilla_ec,15.0,0,0,50000,96,healthy,99,healthy,0,12.5,16.8,18.8,200000,0.0,0,0,0,0,0,0
dynamic_overlap_100d_4pct_hdd,100,56,1000000,5000,1.0,vanilla_ec,15.0,1,50000,100000,96,healthy,99,healthy,0,12.5,16.8,18.8,200000,0.0,0,0,0,0,0,0
dynamic_overlap_100d_4pct_hdd,100,56,1000000,5000,1.0,vanilla_ec,15.0,2,100000,150000,96,healthy,99,healthy,0,12.5,16.8,18.7,200000,0.0,0,0,0,0,0,0
dynamic_overlap_100d_4pct_hdd,100,56,1000000,5000,1.0,vanilla_ec,15.0,3,150000,200000,96,mild_slow,99,healthy,1,12.6,17.6,27.2,200000,0.0,0,0,0,0,0,0
dynamic_overlap_100d_4pct_hdd,100,56,1000000,5000,1.0,vanilla_ec,15.0,4,200000,250000,96,mild_slow,99,healthy,1,12.6,17.6,26.9,200000,0.0,0,0,0,0,0,0
dynamic_overlap_100d_4pct_hdd,100,56,1000000,5000,1.0,vanilla_ec,15.0,5,250000,300000,96,mild_slow,99,healthy,2,12.6,17.8,31.2,200000,0.0,0,0,0,0,0,0
dynamic_overlap_100d_4pct_hdd,100,56,1000000,5000,1.0,vanilla_ec,15.0,6,300000,350000,96,severe_slow,99,healthy,2,12.6,17.8,62.2,200000,0.0,0,0,0,0,0,0
dynamic_overlap_100d_4pct_hdd,100,56,1000000,5000,1.0,vanilla_ec,15.0,7,350000,400000,96,severe_slow,99,healthy,2,12.6,17.8,62.8,200000,0.0,0,0,0,0,0,0
dynamic_overlap_100d_4pct_hdd,100,56,1000000,5000,1.0,vanilla_ec,15.0,8,400000,450000,96,severe_slow,99,healthy,3,12.6,18.6,71.0,200000,0.0,0,0,0,0,0,0
dynamic_overlap_100d_4pct_hdd,100,56,1000000,5000,1.0,vanilla_ec,15.0,9,450000,500000,96,severe_slow,99,healthy,3,12.6,18.6,72.9,200000,0.0,0,0,0,0,0,0
dynamic_overlap_100d_4pct_hdd,100,56,1000000,5000,1.0,vanilla_ec,15.0,10,500000,550000,96,recovery,99,healthy,2,12.6,18.5,63.0,200000,0.0,0,0,0,0,0,0
dynamic_overlap_100d_4pct_hdd,100,56,1000000,5000,1.0,vanilla_ec,15.0,11,550000,600000,96,recovery,99,mild_slow,3,12.6,18.8,73.7,200000,0.0,0,0,0,0,0,0
dynamic_overlap_100d_4pct_hdd,100,56,1000000,5000,1.0,vanilla_ec,15.0,12,600000,650000,96,healthy,99,mild_slow,2,12.6,18.0,64.7,200000,0.0,0,0,0,0,0,0
dynamic_overlap_100d_4pct_hdd,100,56,1000000,5000,1.0,vanilla_ec,15.0,13,650000,700000,96,healthy,99,mild_slow,2,12.6,18.1,63.9,200000,0.0,0,0,0,0,0,0
dynamic_overlap_100d_4pct_hdd,100,56,1000000,5000,1.0,vanilla_ec,15.0,14,700000,750000,96,healthy,99,severe_slow,2,12.6,18.0,72.9,200000,0.0,0,0,0,0,0,0
dynamic_overlap_100d_4pct_hdd,100,56,1000000,5000,1.0,vanilla_ec,15.0,15,750000,800000,96,healthy,99,severe_slow,1,12.6,17.9,62.5,200000,0.0,0,0,0,0,0,0
dynamic_overlap_100d_4pct_hdd,100,56,1000000,5000,1.0,vanilla_ec,15.0,16,800000,850000,96,healthy,99,severe_slow,1,12.6,18.0,62.9,200000,0.0,0,0,0,0,0,0
dynamic_overlap_100d_4pct_hdd,100,56,1000000,5000,1.0,vanilla_ec,15.0,17,850000,900000,96,healthy,99,recovery,0,12.5,17.0,19.3,200000,0.0,0,0,0,0,0,0
dynamic_overlap_100d_4pct_hdd,100,56,1000000,5000,1.0,vanilla_ec,15.0,18,900000,950000,96,healthy,99,healthy,0,12.5,16.9,18.8,200000,0.0,0,0,0,0,0,0
dynamic_overlap_100d_4pct_hdd,100,56,1000000,5000,1.0,vanilla_ec,15.0,19,950000,1000000,96,healthy,99,healthy,0,12.5,16.8,18.8,200000,0.0,0,0,0,0,0,0
dynamic_overlap_100d_4pct_hdd,100,56,1000000,5000,1.0,late_binding,15.0,0,0,50000,96,healthy,99,healthy,0,10.7,14.0,15.5,250000,25.0,50000,50000,40084,0,0,0
dynamic_overlap_100d_4pct_hdd,100,56,1000000,5000,1.0,late_binding,15.0,1,50000,100000,96,healthy,99,healthy,0,10.7,14.0,15.5,250000,25.0,50000,50000,39951,0,0,0
dynamic_overlap_100d_4pct_hdd,100,56,1000000,5000,1.0,late_binding,15.0,2,100000,150000,96,healthy,99,healthy,0,10.7,14.0,15.4,250000,25.0,50000,50000,39911,0,0,0
dynamic_overlap_100d_4pct_hdd,100,56,1000000,5000,1.0,late_binding,15.0,3,150000,200000,96,mild_slow,99,healthy,1,10.7,14.2,15.8,250000,25.0,50000,50000,39720,0,0,0
dynamic_overlap_100d_4pct_hdd,100,56,1000000,5000,1.0,late_binding,15.0,4,200000,250000,96,mild_slow,99,healthy,1,10.7,14.1,15.8,250000,25.0,50000,50000,39767,0,0,0
dynamic_overlap_100d_4pct_hdd,100,56,1000000,5000,1.0,late_binding,15.0,5,250000,300000,96,mild_slow,99,healthy,2,10.8,14.6,22.6,250000,25.0,50000,50000,39876,0,0,0
dynamic_overlap_100d_4pct_hdd,100,56,1000000,5000,1.0,late_binding,15.0,6,300000,350000,96,severe_slow,99,healthy,2,10.8,14.6,26.5,250000,25.0,50000,50000,39758,0,0,0
dynamic_overlap_100d_4pct_hdd,100,56,1000000,5000,1.0,late_binding,15.0,7,350000,400000,96,severe_slow,99,healthy,2,10.8,14.7,26.3,250000,25.0,50000,50000,39577,0,0,0
dynamic_overlap_100d_4pct_hdd,100,56,1000000,5000,1.0,late_binding,15.0,8,400000,450000,96,severe_slow,99,healthy,3,10.8,14.9,50.8,250000,25.0,50000,50000,39846,0,0,0
dynamic_overlap_100d_4pct_hdd,100,56,1000000,5000,1.0,late_binding,15.0,9,450000,500000,96,severe_slow,99,healthy,3,10.8,14.9,52.2,250000,25.0,50000,50000,39636,0,0,0
dynamic_overlap_100d_4pct_hdd,100,56,1000000,5000,1.0,late_binding,15.0,10,500000,550000,96,recovery,99,healthy,2,10.8,14.8,26.6,250000,25.0,50000,50000,40026,0,0,0
dynamic_overlap_100d_4pct_hdd,100,56,1000000,5000,1.0,late_binding,15.0,11,550000,600000,96,recovery,99,mild_slow,3,10.8,15.4,51.7,250000,25.0,50000,50000,39910,0,0,0
dynamic_overlap_100d_4pct_hdd,100,56,1000000,5000,1.0,late_binding,15.0,12,600000,650000,96,healthy,99,mild_slow,2,10.8,14.9,27.2,250000,25.0,50000,50000,39887,0,0,0
dynamic_overlap_100d_4pct_hdd,100,56,1000000,5000,1.0,late_binding,15.0,13,650000,700000,96,healthy,99,mild_slow,2,10.8,14.9,27.5,250000,25.0,50000,50000,39838,0,0,0
dynamic_overlap_100d_4pct_hdd,100,56,1000000,5000,1.0,late_binding,15.0,14,700000,750000,96,healthy,99,severe_slow,2,10.8,14.9,51.9,250000,25.0,50000,50000,39771,0,0,0
dynamic_overlap_100d_4pct_hdd,100,56,1000000,5000,1.0,late_binding,15.0,15,750000,800000,96,healthy,99,severe_slow,1,10.8,14.3,16.7,250000,25.0,50000,50000,40195,0,0,0
dynamic_overlap_100d_4pct_hdd,100,56,1000000,5000,1.0,late_binding,15.0,16,800000,850000,96,healthy,99,severe_slow,1,10.8,14.4,16.8,250000,25.0,50000,50000,39915,0,0,0
dynamic_overlap_100d_4pct_hdd,100,56,1000000,5000,1.0,late_binding,15.0,17,850000,900000,96,healthy,99,recovery,0,10.7,14.1,15.6,250000,25.0,50000,50000,40103,0,0,0
dynamic_overlap_100d_4pct_hdd,100,56,1000000,5000,1.0,late_binding,15.0,18,900000,950000,96,healthy,99,healthy,0,10.7,14.0,15.4,250000,25.0,50000,50000,39946,0,0,0
dynamic_overlap_100d_4pct_hdd,100,56,1000000,5000,1.0,late_binding,15.0,19,950000,1000000,96,healthy,99,healthy,0,10.7,14.0,15.4,250000,25.0,50000,50000,39996,0,0,0
dynamic_overlap_100d_4pct_hdd,100,56,1000000,5000,1.0,timeout_degraded_read,15.0,0,0,50000,96,healthy,99,healthy,0,12.5,16.8,18.7,208155,4.1,8155,8155,206,0,0,0
dynamic_overlap_100d_4pct_hdd,100,56,1000000,5000,1.0,timeout_degraded_read,15.0,1,50000,100000,96,healthy,99,healthy,0,12.5,16.7,18.7,207990,4.0,7990,7990,192,0,0,0
dynamic_overlap_100d_4pct_hdd,100,56,1000000,5000,1.0,timeout_degraded_read,15.0,2,100000,150000,96,healthy,99,healthy,0,12.5,16.8,18.7,208011,4.0,8011,8011,191,0,0,0
dynamic_overlap_100d_4pct_hdd,100,56,1000000,5000,1.0,timeout_degraded_read,15.0,3,150000,200000,96,mild_slow,99,healthy,1,12.6,17.5,22.9,208983,4.5,8983,8983,911,0,0,0
dynamic_overlap_100d_4pct_hdd,100,56,1000000,5000,1.0,timeout_degraded_read,15.0,4,200000,250000,96,mild_slow,99,healthy,1,12.6,17.5,22.9,209136,4.6,9136,9136,889,0,0,0
dynamic_overlap_100d_4pct_hdd,100,56,1000000,5000,1.0,timeout_degraded_read,15.0,5,250000,300000,96,mild_slow,99,healthy,2,12.6,17.8,25.3,209214,4.6,9214,9214,1218,0,0,0
dynamic_overlap_100d_4pct_hdd,100,56,1000000,5000,1.0,timeout_degraded_read,15.0,6,300000,350000,96,severe_slow,99,healthy,2,12.6,17.7,28.3,209320,4.7,9320,9320,1519,0,0,0
dynamic_overlap_100d_4pct_hdd,100,56,1000000,5000,1.0,timeout_degraded_read,15.0,7,350000,400000,96,severe_slow,99,healthy,2,12.6,17.7,27.9,209251,4.6,9251,9251,1489,0,0,0
dynamic_overlap_100d_4pct_hdd,100,56,1000000,5000,1.0,timeout_degraded_read,15.0,8,400000,450000,96,severe_slow,99,healthy,3,12.6,18.4,51.1,209756,4.9,9756,9756,1903,0,0,0
dynamic_overlap_100d_4pct_hdd,100,56,1000000,5000,1.0,timeout_degraded_read,15.0,9,450000,500000,96,severe_slow,99,healthy,3,12.6,18.4,52.4,209785,4.9,9785,9785,1878,0,0,0
dynamic_overlap_100d_4pct_hdd,100,56,1000000,5000,1.0,timeout_degraded_read,15.0,10,500000,550000,96,recovery,99,healthy,2,12.6,18.3,32.6,209604,4.8,9604,9604,1794,0,0,0
dynamic_overlap_100d_4pct_hdd,100,56,1000000,5000,1.0,timeout_degraded_read,15.0,11,550000,600000,96,recovery,99,mild_slow,3,12.6,18.7,53.7,209726,4.9,9726,9726,1848,0,0,0
dynamic_overlap_100d_4pct_hdd,100,56,1000000,5000,1.0,timeout_degraded_read,15.0,12,600000,650000,96,healthy,99,mild_slow,2,12.6,17.9,28.7,209445,4.7,9445,9445,1678,0,0,0
dynamic_overlap_100d_4pct_hdd,100,56,1000000,5000,1.0,timeout_degraded_read,15.0,13,650000,700000,96,healthy,99,mild_slow,2,12.6,18.0,28.7,209585,4.8,9585,9585,1636,0,0,0
dynamic_overlap_100d_4pct_hdd,100,56,1000000,5000,1.0,timeout_degraded_read,15.0,14,700000,750000,96,healthy,99,severe_slow,2,12.6,18.0,51.9,209526,4.8,9526,9526,1662,0,0,0
dynamic_overlap_100d_4pct_hdd,100,56,1000000,5000,1.0,timeout_degraded_read,15.0,15,750000,800000,96,healthy,99,severe_slow,1,12.6,17.8,25.3,209180,4.6,9180,9180,1559,0,0,0
dynamic_overlap_100d_4pct_hdd,100,56,1000000,5000,1.0,timeout_degraded_read,15.0,16,800000,850000,96,healthy,99,severe_slow,1,12.6,17.8,25.6,209321,4.7,9321,9321,1601,0,0,0
dynamic_overlap_100d_4pct_hdd,100,56,1000000,5000,1.0,timeout_degraded_read,15.0,17,850000,900000,96,healthy,99,recovery,0,12.5,16.9,19.1,208510,4.3,8510,8510,261,0,0,0
dynamic_overlap_100d_4pct_hdd,100,56,1000000,5000,1.0,timeout_degraded_read,15.0,18,900000,950000,96,healthy,99,healthy,0,12.5,16.8,18.7,208263,4.1,8263,8263,185,0,0,0
dynamic_overlap_100d_4pct_hdd,100,56,1000000,5000,1.0,timeout_degraded_read,15.0,19,950000,1000000,96,healthy,99,healthy,0,12.5,16.8,18.7,208220,4.1,8220,8220,196,0,0,0
dynamic_overlap_100d_4pct_hdd,100,56,1000000,5000,1.0,health_ec,15.0,0,0,50000,96,healthy,99,healthy,0,12.5,16.8,18.8,200000,0.0,0,0,0,0,0,0
dynamic_overlap_100d_4pct_hdd,100,56,1000000,5000,1.0,health_ec,15.0,1,50000,100000,96,healthy,99,healthy,0,12.5,16.8,18.8,200000,0.0,0,0,0,0,0,0
dynamic_overlap_100d_4pct_hdd,100,56,1000000,5000,1.0,health_ec,15.0,2,100000,150000,96,healthy,99,healthy,0,12.5,16.8,18.7,200000,0.0,0,0,0,0,0,0
dynamic_overlap_100d_4pct_hdd,100,56,1000000,5000,1.0,health_ec,15.0,3,150000,200000,96,mild_slow,99,healthy,1,12.5,17.1,20.4,200540,0.3,540,540,531,1,1,0
dynamic_overlap_100d_4pct_hdd,100,56,1000000,5000,1.0,health_ec,15.0,4,200000,250000,96,mild_slow,99,healthy,1,12.5,17.0,19.6,200748,0.4,748,748,737,0,0,0
dynamic_overlap_100d_4pct_hdd,100,56,1000000,5000,1.0,health_ec,15.0,5,250000,300000,96,mild_slow,99,healthy,2,12.5,17.3,23.1,200867,0.4,867,867,863,1,1,0
dynamic_overlap_100d_4pct_hdd,100,56,1000000,5000,1.0,health_ec,15.0,6,300000,350000,96,severe_slow,99,healthy,2,12.6,17.3,26.1,200927,0.5,927,927,926,0,0,0
dynamic_overlap_100d_4pct_hdd,100,56,1000000,5000,1.0,health_ec,15.0,7,350000,400000,96,severe_slow,99,healthy,2,12.5,17.3,24.6,201006,0.5,1006,1006,1006,0,0,0
dynamic_overlap_100d_4pct_hdd,100,56,1000000,5000,1.0,health_ec,15.0,8,400000,450000,96,severe_slow,99,healthy,3,12.6,17.7,46.7,201494,0.7,1494,1494,1489,1,1,0
dynamic_overlap_100d_4pct_hdd,100,56,1000000,5000,1.0,health_ec,15.0,9,450000,500000,96,severe_slow,99,healthy,3,12.6,17.6,47.5,201544,0.8,1544,1544,1529,0,0,0
dynamic_overlap_100d_4pct_hdd,100,56,1000000,5000,1.0,health_ec,15.0,10,500000,550000,96,recovery,99,healthy,2,12.5,17.1,21.1,201543,0.8,1543,1543,1526,0,0,0
dynamic_overlap_100d_4pct_hdd,100,56,1000000,5000,1.0,health_ec,15.0,11,550000,600000,96,recovery,99,mild_slow,3,12.6,17.9,36.9,201684,0.8,1684,1684,1647,2,2,0
dynamic_overlap_100d_4pct_hdd,100,56,1000000,5000,1.0,health_ec,15.0,12,600000,650000,96,healthy,99,mild_slow,2,12.5,17.4,24.4,201627,0.8,1627,1627,1278,0,0,0
dynamic_overlap_100d_4pct_hdd,100,56,1000000,5000,1.0,health_ec,15.0,13,650000,700000,96,healthy,99,mild_slow,2,12.6,17.5,24.5,201480,0.7,1480,1480,1221,0,0,0
dynamic_overlap_100d_4pct_hdd,100,56,1000000,5000,1.0,health_ec,15.0,14,700000,750000,96,healthy,99,severe_slow,2,12.6,17.5,45.2,201183,0.6,1183,1183,1021,1,1,0
dynamic_overlap_100d_4pct_hdd,100,56,1000000,5000,1.0,health_ec,15.0,15,750000,800000,96,healthy,99,severe_slow,1,12.5,16.9,19.1,201036,0.5,1036,1036,1002,0,0,0
dynamic_overlap_100d_4pct_hdd,100,56,1000000,5000,1.0,health_ec,15.0,16,800000,850000,96,healthy,99,severe_slow,1,12.5,16.9,19.1,200997,0.5,997,997,983,0,0,0
dynamic_overlap_100d_4pct_hdd,100,56,1000000,5000,1.0,health_ec,15.0,17,850000,900000,96,healthy,99,recovery,0,12.5,16.8,18.7,200915,0.5,915,915,818,0,0,0
dynamic_overlap_100d_4pct_hdd,100,56,1000000,5000,1.0,health_ec,15.0,18,900000,950000,96,healthy,99,healthy,0,12.5,16.8,18.8,200567,0.3,567,567,451,0,0,0
dynamic_overlap_100d_4pct_hdd,100,56,1000000,5000,1.0,health_ec,15.0,19,950000,1000000,96,healthy,99,healthy,0,12.5,16.8,18.8,200309,0.2,309,309,250,0,0,0
dynamic_overlap_100d_4pct_hdd,100,57,1000000,5000,1.0,vanilla_ec,15.0,0,0,50000,96,healthy,99,healthy,0,12.5,16.9,18.8,200000,0.0,0,0,0,0,0,0
dynamic_overlap_100d_4pct_hdd,100,57,1000000,5000,1.0,vanilla_ec,15.0,1,50000,100000,96,healthy,99,healthy,0,12.5,16.8,18.8,200000,0.0,0,0,0,0,0,0
dynamic_overlap_100d_4pct_hdd,100,57,1000000,5000,1.0,vanilla_ec,15.0,2,100000,150000,96,healthy,99,healthy,0,12.5,16.8,18.8,200000,0.0,0,0,0,0,0,0
dynamic_overlap_100d_4pct_hdd,100,57,1000000,5000,1.0,vanilla_ec,15.0,3,150000,200000,96,mild_slow,99,healthy,1,12.6,17.6,27.2,200000,0.0,0,0,0,0,0,0
dynamic_overlap_100d_4pct_hdd,100,57,1000000,5000,1.0,vanilla_ec,15.0,4,200000,250000,96,mild_slow,99,healthy,1,12.6,17.6,26.8,200000,0.0,0,0,0,0,0,0
dynamic_overlap_100d_4pct_hdd,100,57,1000000,5000,1.0,vanilla_ec,15.0,5,250000,300000,96,mild_slow,99,healthy,2,12.6,17.8,31.0,200000,0.0,0,0,0,0,0,0
dynamic_overlap_100d_4pct_hdd,100,57,1000000,5000,1.0,vanilla_ec,15.0,6,300000,350000,96,severe_slow,99,healthy,2,12.6,17.9,64.2,200000,0.0,0,0,0,0,0,0
dynamic_overlap_100d_4pct_hdd,100,57,1000000,5000,1.0,vanilla_ec,15.0,7,350000,400000,96,severe_slow,99,healthy,2,12.6,17.9,62.5,200000,0.0,0,0,0,0,0,0
dynamic_overlap_100d_4pct_hdd,100,57,1000000,5000,1.0,vanilla_ec,15.0,8,400000,450000,96,severe_slow,99,healthy,3,12.6,18.6,72.4,200000,0.0,0,0,0,0,0,0
dynamic_overlap_100d_4pct_hdd,100,57,1000000,5000,1.0,vanilla_ec,15.0,9,450000,500000,96,severe_slow,99,healthy,3,12.6,18.5,73.6,200000,0.0,0,0,0,0,0,0
dynamic_overlap_100d_4pct_hdd,100,57,1000000,5000,1.0,vanilla_ec,15.0,10,500000,550000,96,recovery,99,healthy,2,12.6,18.8,64.1,200000,0.0,0,0,0,0,0,0
dynamic_overlap_100d_4pct_hdd,100,57,1000000,5000,1.0,vanilla_ec,15.0,11,550000,600000,96,recovery,99,mild_slow,3,12.6,18.9,73.9,200000,0.0,0,0,0,0,0,0
dynamic_overlap_100d_4pct_hdd,100,57,1000000,5000,1.0,vanilla_ec,15.0,12,600000,650000,96,healthy,99,mild_slow,2,12.6,18.1,65.1,200000,0.0,0,0,0,0,0,0
dynamic_overlap_100d_4pct_hdd,100,57,1000000,5000,1.0,vanilla_ec,15.0,13,650000,700000,96,healthy,99,mild_slow,2,12.6,18.0,63.1,200000,0.0,0,0,0,0,0,0
dynamic_overlap_100d_4pct_hdd,100,57,1000000,5000,1.0,vanilla_ec,15.0,14,700000,750000,96,healthy,99,severe_slow,2,12.6,18.0,72.8,200000,0.0,0,0,0,0,0,0
dynamic_overlap_100d_4pct_hdd,100,57,1000000,5000,1.0,vanilla_ec,15.0,15,750000,800000,96,healthy,99,severe_slow,1,12.6,17.9,64.2,200000,0.0,0,0,0,0,0,0
dynamic_overlap_100d_4pct_hdd,100,57,1000000,5000,1.0,vanilla_ec,15.0,16,800000,850000,96,healthy,99,severe_slow,1,12.6,18.0,63.6,200000,0.0,0,0,0,0,0,0
dynamic_overlap_100d_4pct_hdd,100,57,1000000,5000,1.0,vanilla_ec,15.0,17,850000,900000,96,healthy,99,recovery,0,12.5,17.0,19.4,200000,0.0,0,0,0,0,0,0
dynamic_overlap_100d_4pct_hdd,100,57,1000000,5000,1.0,vanilla_ec,15.0,18,900000,950000,96,healthy,99,healthy,0,12.5,16.8,18.8,200000,0.0,0,0,0,0,0,0
dynamic_overlap_100d_4pct_hdd,100,57,1000000,5000,1.0,vanilla_ec,15.0,19,950000,1000000,96,healthy,99,healthy,0,12.5,16.8,18.8,200000,0.0,0,0,0,0,0,0
dynamic_overlap_100d_4pct_hdd,100,57,1000000,5000,1.0,late_binding,15.0,0,0,50000,96,healthy,99,healthy,0,10.7,14.0,15.5,250000,25.0,50000,50000,40013,0,0,0
dynamic_overlap_100d_4pct_hdd,100,57,1000000,5000,1.0,late_binding,15.0,1,50000,100000,96,healthy,99,healthy,0,10.7,14.0,15.5,250000,25.0,50000,50000,39928,0,0,0
dynamic_overlap_100d_4pct_hdd,100,57,1000000,5000,1.0,late_binding,15.0,2,100000,150000,96,healthy,99,healthy,0,10.7,14.0,15.5,250000,25.0,50000,50000,40019,0,0,0
dynamic_overlap_100d_4pct_hdd,100,57,1000000,5000,1.0,late_binding,15.0,3,150000,200000,96,mild_slow,99,healthy,1,10.7,14.1,15.8,250000,25.0,50000,50000,39696,0,0,0
dynamic_overlap_100d_4pct_hdd,100,57,1000000,5000,1.0,late_binding,15.0,4,200000,250000,96,mild_slow,99,healthy,1,10.7,14.2,15.7,250000,25.0,50000,50000,39908,0,0,0
dynamic_overlap_100d_4pct_hdd,100,57,1000000,5000,1.0,late_binding,15.0,5,250000,300000,96,mild_slow,99,healthy,2,10.8,14.6,22.2,250000,25.0,50000,50000,39676,0,0,0
dynamic_overlap_100d_4pct_hdd,100,57,1000000,5000,1.0,late_binding,15.0,6,300000,350000,96,severe_slow,99,healthy,2,10.8,14.7,26.4,250000,25.0,50000,50000,39697,0,0,0
dynamic_overlap_100d_4pct_hdd,100,57,1000000,5000,1.0,late_binding,15.0,7,350000,400000,96,severe_slow,99,healthy,2,10.8,14.7,27.0,250000,25.0,50000,50000,39842,0,0,0
dynamic_overlap_100d_4pct_hdd,100,57,1000000,5000,1.0,late_binding,15.0,8,400000,450000,96,severe_slow,99,healthy,3,10.8,14.9,52.2,250000,25.0,50000,50000,40097,0,0,0
dynamic_overlap_100d_4pct_hdd,100,57,1000000,5000,1.0,late_binding,15.0,9,450000,500000,96,severe_slow,99,healthy,3,10.8,15.0,51.2,250000,25.0,50000,50000,39860,0,0,0
dynamic_overlap_100d_4pct_hdd,100,57,1000000,5000,1.0,late_binding,15.0,10,500000,550000,96,recovery,99,healthy,2,10.8,14.8,27.5,250000,25.0,50000,50000,40054,0,0,0
dynamic_overlap_100d_4pct_hdd,100,57,1000000,5000,1.0,late_binding,15.0,11,550000,600000,96,recovery,99,mild_slow,3,10.8,15.4,52.1,250000,25.0,50000,50000,39957,0,0,0
dynamic_overlap_100d_4pct_hdd,100,57,1000000,5000,1.0,late_binding,15.0,12,600000,650000,96,healthy,99,mild_slow,2,10.8,14.9,27.5,250000,25.0,50000,50000,39960,0,0,0
dynamic_overlap_100d_4pct_hdd,100,57,1000000,5000,1.0,late_binding,15.0,13,650000,700000,96,healthy,99,mild_slow,2,10.8,14.9,26.6,250000,25.0,50000,50000,39891,0,0,0
dynamic_overlap_100d_4pct_hdd,100,57,1000000,5000,1.0,late_binding,15.0,14,700000,750000,96,healthy,99,severe_slow,2,10.8,14.9,51.7,250000,25.0,50000,50000,39870,0,0,0
dynamic_overlap_100d_4pct_hdd,100,57,1000000,5000,1.0,late_binding,15.0,15,750000,800000,96,healthy,99,severe_slow,1,10.8,14.4,16.8,250000,25.0,50000,50000,40098,0,0,0
dynamic_overlap_100d_4pct_hdd,100,57,1000000,5000,1.0,late_binding,15.0,16,800000,850000,96,healthy,99,severe_slow,1,10.8,14.4,16.7,250000,25.0,50000,50000,40172,0,0,0
dynamic_overlap_100d_4pct_hdd,100,57,1000000,5000,1.0,late_binding,15.0,17,850000,900000,96,healthy,99,recovery,0,10.7,14.1,15.6,250000,25.0,50000,50000,40104,0,0,0
dynamic_overlap_100d_4pct_hdd,100,57,1000000,5000,1.0,late_binding,15.0,18,900000,950000,96,healthy,99,healthy,0,10.7,14.0,15.4,250000,25.0,50000,50000,39929,0,0,0
dynamic_overlap_100d_4pct_hdd,100,57,1000000,5000,1.0,late_binding,15.0,19,950000,1000000,96,healthy,99,healthy,0,10.7,14.0,15.4,250000,25.0,50000,50000,39876,0,0,0
dynamic_overlap_100d_4pct_hdd,100,57,1000000,5000,1.0,timeout_degraded_read,15.0,0,0,50000,96,healthy,99,healthy,0,12.5,16.8,18.7,208196,4.1,8196,8196,190,0,0,0
dynamic_overlap_100d_4pct_hdd,100,57,1000000,5000,1.0,timeout_degraded_read,15.0,1,50000,100000,96,healthy,99,healthy,0,12.5,16.8,18.7,208056,4.0,8056,8056,196,0,0,0
dynamic_overlap_100d_4pct_hdd,100,57,1000000,5000,1.0,timeout_degraded_read,15.0,2,100000,150000,96,healthy,99,healthy,0,12.5,16.8,18.8,208239,4.1,8239,8239,184,0,0,0
dynamic_overlap_100d_4pct_hdd,100,57,1000000,5000,1.0,timeout_degraded_read,15.0,3,150000,200000,96,mild_slow,99,healthy,1,12.6,17.5,23.1,209044,4.5,9044,9044,935,0,0,0
dynamic_overlap_100d_4pct_hdd,100,57,1000000,5000,1.0,timeout_degraded_read,15.0,4,200000,250000,96,mild_slow,99,healthy,1,12.6,17.5,22.7,209061,4.5,9061,9061,871,0,0,0
dynamic_overlap_100d_4pct_hdd,100,57,1000000,5000,1.0,timeout_degraded_read,15.0,5,250000,300000,96,mild_slow,99,healthy,2,12.6,17.7,25.4,209151,4.6,9151,9151,1221,0,0,0
dynamic_overlap_100d_4pct_hdd,100,57,1000000,5000,1.0,timeout_degraded_read,15.0,6,300000,350000,96,severe_slow,99,healthy,2,12.6,17.8,28.1,209370,4.7,9370,9370,1566,0,0,0
dynamic_overlap_100d_4pct_hdd,100,57,1000000,5000,1.0,timeout_degraded_read,15.0,7,350000,400000,96,severe_slow,99,healthy,2,12.6,17.8,28.4,209237,4.6,9237,9237,1553,0,0,0
dynamic_overlap_100d_4pct_hdd,100,57,1000000,5000,1.0,timeout_degraded_read,15.0,8,400000,450000,96,severe_slow,99,healthy,3,12.6,18.5,52.5,209748,4.9,9748,9748,1892,0,0,0
dynamic_overlap_100d_4pct_hdd,100,57,1000000,5000,1.0,timeout_degraded_read,15.0,9,450000,500000,96,severe_slow,99,healthy,3,12.6,18.4,51.7,209772,4.9,9772,9772,1890,0,0,0
dynamic_overlap_100d_4pct_hdd,100,57,1000000,5000,1.0,timeout_degraded_read,15.0,10,500000,550000,96,recovery,99,healthy,2,12.6,18.6,33.1,209883,4.9,9883,9883,1827,0,0,0
dynamic_overlap_100d_4pct_hdd,100,57,1000000,5000,1.0,timeout_degraded_read,15.0,11,550000,600000,96,recovery,99,mild_slow,3,12.6,18.8,54.0,209817,4.9,9817,9817,1813,0,0,0
dynamic_overlap_100d_4pct_hdd,100,57,1000000,5000,1.0,timeout_degraded_read,15.0,12,600000,650000,96,healthy,99,mild_slow,2,12.6,18.0,28.9,209656,4.8,9656,9656,1652,0,0,0
dynamic_overlap_100d_4pct_hdd,100,57,1000000,5000,1.0,timeout_degraded_read,15.0,13,650000,700000,96,healthy,99,mild_slow,2,12.6,17.9,27.9,209480,4.7,9480,9480,1592,0,0,0
dynamic_overlap_100d_4pct_hdd,100,57,1000000,5000,1.0,timeout_degraded_read,15.0,14,700000,750000,96,healthy,99,severe_slow,2,12.6,17.9,51.7,209437,4.7,9437,9437,1650,0,0,0
dynamic_overlap_100d_4pct_hdd,100,57,1000000,5000,1.0,timeout_degraded_read,15.0,15,750000,800000,96,healthy,99,severe_slow,1,12.6,17.9,25.6,209261,4.6,9261,9261,1614,0,0,0
dynamic_overlap_100d_4pct_hdd,100,57,1000000,5000,1.0,timeout_degraded_read,15.0,16,800000,850000,96,healthy,99,severe_slow,1,12.6,17.9,25.2,209416,4.7,9416,9416,1637,0,0,0
dynamic_overlap_100d_4pct_hdd,100,57,1000000,5000,1.0,timeout_degraded_read,15.0,17,850000,900000,96,healthy,99,recovery,0,12.5,17.0,19.2,208564,4.3,8564,8564,266,0,0,0
dynamic_overlap_100d_4pct_hdd,100,57,1000000,5000,1.0,timeout_degraded_read,15.0,18,900000,950000,96,healthy,99,healthy,0,12.5,16.8,18.8,208057,4.0,8057,8057,187,0,0,0
dynamic_overlap_100d_4pct_hdd,100,57,1000000,5000,1.0,timeout_degraded_read,15.0,19,950000,1000000,96,healthy,99,healthy,0,12.5,16.7,18.7,208076,4.0,8076,8076,208,0,0,0
dynamic_overlap_100d_4pct_hdd,100,57,1000000,5000,1.0,health_ec,15.0,0,0,50000,96,healthy,99,healthy,0,12.5,16.9,18.8,200000,0.0,0,0,0,0,0,0
dynamic_overlap_100d_4pct_hdd,100,57,1000000,5000,1.0,health_ec,15.0,1,50000,100000,96,healthy,99,healthy,0,12.5,16.8,18.8,200000,0.0,0,0,0,0,0,0
dynamic_overlap_100d_4pct_hdd,100,57,1000000,5000,1.0,health_ec,15.0,2,100000,150000,96,healthy,99,healthy,0,12.5,16.8,18.8,200000,0.0,0,0,0,0,0,0
dynamic_overlap_100d_4pct_hdd,100,57,1000000,5000,1.0,health_ec,15.0,3,150000,200000,96,mild_slow,99,healthy,1,12.5,17.1,20.8,200535,0.3,535,535,519,1,1,0
dynamic_overlap_100d_4pct_hdd,100,57,1000000,5000,1.0,health_ec,15.0,4,200000,250000,96,mild_slow,99,healthy,1,12.5,17.0,19.7,200679,0.3,679,679,672,0,0,0
dynamic_overlap_100d_4pct_hdd,100,57,1000000,5000,1.0,health_ec,15.0,5,250000,300000,96,mild_slow,99,healthy,2,12.6,17.3,23.1,200799,0.4,799,799,797,1,1,0
dynamic_overlap_100d_4pct_hdd,100,57,1000000,5000,1.0,health_ec,15.0,6,300000,350000,96,severe_slow,99,healthy,2,12.6,17.4,25.5,200968,0.5,968,968,967,0,0,0
dynamic_overlap_100d_4pct_hdd,100,57,1000000,5000,1.0,health_ec,15.0,7,350000,400000,96,severe_slow,99,healthy,2,12.6,17.4,24.9,201028,0.5,1028,1028,1028,0,0,0
dynamic_overlap_100d_4pct_hdd,100,57,1000000,5000,1.0,health_ec,15.0,8,400000,450000,96,severe_slow,99,healthy,3,12.6,17.7,48.0,201397,0.7,1397,1397,1392,1,1,0
dynamic_overlap_100d_4pct_hdd,100,57,1000000,5000,1.0,health_ec,15.0,9,450000,500000,96,severe_slow,99,healthy,3,12.6,17.7,47.3,201547,0.8,1547,1547,1544,0,0,0
dynamic_overlap_100d_4pct_hdd,100,57,1000000,5000,1.0,health_ec,15.0,10,500000,550000,96,recovery,99,healthy,2,12.6,17.2,21.5,201685,0.8,1685,1685,1679,0,0,0
dynamic_overlap_100d_4pct_hdd,100,57,1000000,5000,1.0,health_ec,15.0,11,550000,600000,96,recovery,99,mild_slow,3,12.6,17.8,36.3,201701,0.9,1701,1701,1667,2,2,0
dynamic_overlap_100d_4pct_hdd,100,57,1000000,5000,1.0,health_ec,15.0,12,600000,650000,96,healthy,99,mild_slow,2,12.6,17.4,24.3,201570,0.8,1570,1570,1216,0,0,0
dynamic_overlap_100d_4pct_hdd,100,57,1000000,5000,1.0,health_ec,15.0,13,650000,700000,96,healthy,99,mild_slow,2,12.6,17.3,23.5,201403,0.7,1403,1403,1161,0,0,0
dynamic_overlap_100d_4pct_hdd,100,57,1000000,5000,1.0,health_ec,15.0,14,700000,750000,96,healthy,99,severe_slow,2,12.6,17.5,46.2,201159,0.6,1159,1159,1027,1,1,0
dynamic_overlap_100d_4pct_hdd,100,57,1000000,5000,1.0,health_ec,15.0,15,750000,800000,96,healthy,99,severe_slow,1,12.5,16.9,19.1,201081,0.5,1081,1081,1063,0,0,0
dynamic_overlap_100d_4pct_hdd,100,57,1000000,5000,1.0,health_ec,15.0,16,800000,850000,96,healthy,99,severe_slow,1,12.5,16.9,19.2,201071,0.5,1071,1071,1053,0,0,0
dynamic_overlap_100d_4pct_hdd,100,57,1000000,5000,1.0,health_ec,15.0,17,850000,900000,96,healthy,99,recovery,0,12.5,16.8,18.9,200937,0.5,937,937,838,0,0,0
dynamic_overlap_100d_4pct_hdd,100,57,1000000,5000,1.0,health_ec,15.0,18,900000,950000,96,healthy,99,healthy,0,12.5,16.8,18.8,200560,0.3,560,560,452,0,0,0
dynamic_overlap_100d_4pct_hdd,100,57,1000000,5000,1.0,health_ec,15.0,19,950000,1000000,96,healthy,99,healthy,0,12.5,16.8,18.8,200301,0.2,301,301,240,0,0,0
dynamic_overlap_100d_4pct_hdd,100,58,1000000,5000,1.0,vanilla_ec,15.0,0,0,50000,96,healthy,99,healthy,0,12.5,16.8,18.8,200000,0.0,0,0,0,0,0,0
dynamic_overlap_100d_4pct_hdd,100,58,1000000,5000,1.0,vanilla_ec,15.0,1,50000,100000,96,healthy,99,healthy,0,12.5,16.9,18.9,200000,0.0,0,0,0,0,0,0
dynamic_overlap_100d_4pct_hdd,100,58,1000000,5000,1.0,vanilla_ec,15.0,2,100000,150000,96,healthy,99,healthy,0,12.5,16.8,18.8,200000,0.0,0,0,0,0,0,0
dynamic_overlap_100d_4pct_hdd,100,58,1000000,5000,1.0,vanilla_ec,15.0,3,150000,200000,96,mild_slow,99,healthy,1,12.6,17.5,26.9,200000,0.0,0,0,0,0,0,0
dynamic_overlap_100d_4pct_hdd,100,58,1000000,5000,1.0,vanilla_ec,15.0,4,200000,250000,96,mild_slow,99,healthy,1,12.6,17.5,26.8,200000,0.0,0,0,0,0,0,0
dynamic_overlap_100d_4pct_hdd,100,58,1000000,5000,1.0,vanilla_ec,15.0,5,250000,300000,96,mild_slow,99,healthy,2,12.6,17.9,31.1,200000,0.0,0,0,0,0,0,0
dynamic_overlap_100d_4pct_hdd,100,58,1000000,5000,1.0,vanilla_ec,15.0,6,300000,350000,96,severe_slow,99,healthy,2,12.6,17.9,63.4,200000,0.0,0,0,0,0,0,0
dynamic_overlap_100d_4pct_hdd,100,58,1000000,5000,1.0,vanilla_ec,15.0,7,350000,400000,96,severe_slow,99,healthy,2,12.6,17.9,61.9,200000,0.0,0,0,0,0,0,0
dynamic_overlap_100d_4pct_hdd,100,58,1000000,5000,1.0,vanilla_ec,15.0,8,400000,450000,96,severe_slow,99,healthy,3,12.6,18.6,71.7,200000,0.0,0,0,0,0,0,0
dynamic_overlap_100d_4pct_hdd,100,58,1000000,5000,1.0,vanilla_ec,15.0,9,450000,500000,96,severe_slow,99,healthy,3,12.6,18.6,72.3,200000,0.0,0,0,0,0,0,0
dynamic_overlap_100d_4pct_hdd,100,58,1000000,5000,1.0,vanilla_ec,15.0,10,500000,550000,96,recovery,99,healthy,2,12.6,18.4,62.0,200000,0.0,0,0,0,0,0,0
dynamic_overlap_100d_4pct_hdd,100,58,1000000,5000,1.0,vanilla_ec,15.0,11,550000,600000,96,recovery,99,mild_slow,3,12.7,18.8,73.1,200000,0.0,0,0,0,0,0,0
dynamic_overlap_100d_4pct_hdd,100,58,1000000,5000,1.0,vanilla_ec,15.0,12,600000,650000,96,healthy,99,mild_slow,2,12.6,18.1,63.7,200000,0.0,0,0,0,0,0,0
dynamic_overlap_100d_4pct_hdd,100,58,1000000,5000,1.0,vanilla_ec,15.0,13,650000,700000,96,healthy,99,mild_slow,2,12.6,18.1,63.7,200000,0.0,0,0,0,0,0,0
dynamic_overlap_100d_4pct_hdd,100,58,1000000,5000,1.0,vanilla_ec,15.0,14,700000,750000,96,healthy,99,severe_slow,2,12.6,17.9,71.5,200000,0.0,0,0,0,0,0,0
dynamic_overlap_100d_4pct_hdd,100,58,1000000,5000,1.0,vanilla_ec,15.0,15,750000,800000,96,healthy,99,severe_slow,1,12.6,17.8,62.1,200000,0.0,0,0,0,0,0,0
dynamic_overlap_100d_4pct_hdd,100,58,1000000,5000,1.0,vanilla_ec,15.0,16,800000,850000,96,healthy,99,severe_slow,1,12.6,17.9,64.0,200000,0.0,0,0,0,0,0,0
dynamic_overlap_100d_4pct_hdd,100,58,1000000,5000,1.0,vanilla_ec,15.0,17,850000,900000,96,healthy,99,recovery,0,12.5,17.0,19.4,200000,0.0,0,0,0,0,0,0
dynamic_overlap_100d_4pct_hdd,100,58,1000000,5000,1.0,vanilla_ec,15.0,18,900000,950000,96,healthy,99,healthy,0,12.5,16.8,18.9,200000,0.0,0,0,0,0,0,0
dynamic_overlap_100d_4pct_hdd,100,58,1000000,5000,1.0,vanilla_ec,15.0,19,950000,1000000,96,healthy,99,healthy,0,12.5,16.8,18.8,200000,0.0,0,0,0,0,0,0
dynamic_overlap_100d_4pct_hdd,100,58,1000000,5000,1.0,late_binding,15.0,0,0,50000,96,healthy,99,healthy,0,10.7,14.0,15.5,250000,25.0,50000,50000,40050,0,0,0
dynamic_overlap_100d_4pct_hdd,100,58,1000000,5000,1.0,late_binding,15.0,1,50000,100000,96,healthy,99,healthy,0,10.7,14.0,15.4,250000,25.0,50000,50000,40123,0,0,0
dynamic_overlap_100d_4pct_hdd,100,58,1000000,5000,1.0,late_binding,15.0,2,100000,150000,96,healthy,99,healthy,0,10.7,14.0,15.5,250000,25.0,50000,50000,39957,0,0,0
dynamic_overlap_100d_4pct_hdd,100,58,1000000,5000,1.0,late_binding,15.0,3,150000,200000,96,mild_slow,99,healthy,1,10.8,14.2,15.8,250000,25.0,50000,50000,39791,0,0,0
dynamic_overlap_100d_4pct_hdd,100,58,1000000,5000,1.0,late_binding,15.0,4,200000,250000,96,mild_slow,99,healthy,1,10.7,14.2,15.8,250000,25.0,50000,50000,39656,0,0,0
dynamic_overlap_100d_4pct_hdd,100,58,1000000,5000,1.0,late_binding,15.0,5,250000,300000,96,mild_slow,99,healthy,2,10.8,14.6,22.2,250000,25.0,50000,50000,39765,0,0,0
dynamic_overlap_100d_4pct_hdd,100,58,1000000,5000,1.0,late_binding,15.0,6,300000,350000,96,severe_slow,99,healthy,2,10.8,14.7,26.9,250000,25.0,50000,50000,39908,0,0,0
dynamic_overlap_100d_4pct_hdd,100,58,1000000,5000,1.0,late_binding,15.0,7,350000,400000,96,severe_slow,99,healthy,2,10.8,14.7,26.2,250000,25.0,50000,50000,39616,0,0,0
dynamic_overlap_100d_4pct_hdd,100,58,1000000,5000,1.0,late_binding,15.0,8,400000,450000,96,severe_slow,99,healthy,3,10.8,14.9,51.9,250000,25.0,50000,50000,39852,0,0,0
dynamic_overlap_100d_4pct_hdd,100,58,1000000,5000,1.0,late_binding,15.0,9,450000,500000,96,severe_slow,99,healthy,3,10.8,14.9,51.0,250000,25.0,50000,50000,39855,0,0,0
dynamic_overlap_100d_4pct_hdd,100,58,1000000,5000,1.0,late_binding,15.0,10,500000,550000,96,recovery,99,healthy,2,10.8,14.8,26.1,250000,25.0,50000,50000,40100,0,0,0
dynamic_overlap_100d_4pct_hdd,100,58,1000000,5000,1.0,late_binding,15.0,11,550000,600000,96,recovery,99,mild_slow,3,10.8,15.3,51.5,250000,25.0,50000,50000,40042,0,0,0
dynamic_overlap_100d_4pct_hdd,100,58,1000000,5000,1.0,late_binding,15.0,12,600000,650000,96,healthy,99,mild_slow,2,10.8,14.9,26.9,250000,25.0,50000,50000,39771,0,0,0
dynamic_overlap_100d_4pct_hdd,100,58,1000000,5000,1.0,late_binding,15.0,13,650000,700000,96,healthy,99,mild_slow,2,10.8,14.9,27.3,250000,25.0,50000,50000,39860,0,0,0
dynamic_overlap_100d_4pct_hdd,100,58,1000000,5000,1.0,late_binding,15.0,14,700000,750000,96,healthy,99,severe_slow,2,10.8,14.8,50.9,250000,25.0,50000,50000,39881,0,0,0
dynamic_overlap_100d_4pct_hdd,100,58,1000000,5000,1.0,late_binding,15.0,15,750000,800000,96,healthy,99,severe_slow,1,10.8,14.4,16.8,250000,25.0,50000,50000,40043,0,0,0
dynamic_overlap_100d_4pct_hdd,100,58,1000000,5000,1.0,late_binding,15.0,16,800000,850000,96,healthy,99,severe_slow,1,10.8,14.3,16.7,250000,25.0,50000,50000,40022,0,0,0
dynamic_overlap_100d_4pct_hdd,100,58,1000000,5000,1.0,late_binding,15.0,17,850000,900000,96,healthy,99,recovery,0,10.7,14.0,15.5,250000,25.0,50000,50000,40273,0,0,0
dynamic_overlap_100d_4pct_hdd,100,58,1000000,5000,1.0,late_binding,15.0,18,900000,950000,96,healthy,99,healthy,0,10.7,14.0,15.5,250000,25.0,50000,50000,40027,0,0,0
dynamic_overlap_100d_4pct_hdd,100,58,1000000,5000,1.0,late_binding,15.0,19,950000,1000000,96,healthy,99,healthy,0,10.7,14.0,15.5,250000,25.0,50000,50000,40014,0,0,0
dynamic_overlap_100d_4pct_hdd,100,58,1000000,5000,1.0,timeout_degraded_read,15.0,0,0,50000,96,healthy,99,healthy,0,12.5,16.8,18.7,208104,4.1,8104,8104,209,0,0,0
dynamic_overlap_100d_4pct_hdd,100,58,1000000,5000,1.0,timeout_degraded_read,15.0,1,50000,100000,96,healthy,99,healthy,0,12.5,16.9,18.8,208218,4.1,8218,8218,184,0,0,0
dynamic_overlap_100d_4pct_hdd,100,58,1000000,5000,1.0,timeout_degraded_read,15.0,2,100000,150000,96,healthy,99,healthy,0,12.5,16.8,18.7,208185,4.1,8185,8185,203,0,0,0
dynamic_overlap_100d_4pct_hdd,100,58,1000000,5000,1.0,timeout_degraded_read,15.0,3,150000,200000,96,mild_slow,99,healthy,1,12.6,17.5,22.7,209225,4.6,9225,9225,872,0,0,0
dynamic_overlap_100d_4pct_hdd,100,58,1000000,5000,1.0,timeout_degraded_read,15.0,4,200000,250000,96,mild_slow,99,healthy,1,12.6,17.4,22.6,209083,4.5,9083,9083,895,0,0,0
dynamic_overlap_100d_4pct_hdd,100,58,1000000,5000,1.0,timeout_degraded_read,15.0,5,250000,300000,96,mild_slow,99,healthy,2,12.6,17.8,25.5,209290,4.6,9290,9290,1269,0,0,0
dynamic_overlap_100d_4pct_hdd,100,58,1000000,5000,1.0,timeout_degraded_read,15.0,6,300000,350000,96,severe_slow,99,healthy,2,12.6,17.8,28.2,209383,4.7,9383,9383,1573,0,0,0
dynamic_overlap_100d_4pct_hdd,100,58,1000000,5000,1.0,timeout_degraded_read,15.0,7,350000,400000,96,severe_slow,99,healthy,2,12.6,17.8,28.3,209198,4.6,9198,9198,1549,0,0,0
dynamic_overlap_100d_4pct_hdd,100,58,1000000,5000,1.0,timeout_degraded_read,15.0,8,400000,450000,96,severe_slow,99,healthy,3,12.6,18.5,52.3,209543,4.8,9543,9543,1883,0,0,0
dynamic_overlap_100d_4pct_hdd,100,58,1000000,5000,1.0,timeout_degraded_read,15.0,9,450000,500000,96,severe_slow,99,healthy,3,12.6,18.4,51.5,209711,4.9,9711,9711,1876,0,0,0
dynamic_overlap_100d_4pct_hdd,100,58,1000000,5000,1.0,timeout_degraded_read,15.0,10,500000,550000,96,recovery,99,healthy,2,12.6,18.3,32.4,209715,4.9,9715,9715,1720,0,0,0
dynamic_overlap_100d_4pct_hdd,100,58,1000000,5000,1.0,timeout_degraded_read,15.0,11,550000,600000,96,recovery,99,mild_slow,3,12.7,18.7,54.0,209890,4.9,9890,9890,1759,0,0,0
dynamic_overlap_100d_4pct_hdd,100,58,1000000,5000,1.0,timeout_degraded_read,15.0,12,600000,650000,96,healthy,99,mild_slow,2,12.6,18.0,28.5,209459,4.7,9459,9459,1661,0,0,0
dynamic_overlap_100d_4pct_hdd,100,58,1000000,5000,1.0,timeout_degraded_read,15.0,13,650000,700000,96,healthy,99,mild_slow,2,12.6,18.1,28.5,209497,4.7,9497,9497,1635,0,0,0
dynamic_overlap_100d_4pct_hdd,100,58,1000000,5000,1.0,timeout_degraded_read,15.0,14,700000,750000,96,healthy,99,severe_slow,2,12.6,17.9,50.9,209229,4.6,9229,9229,1601,0,0,0
dynamic_overlap_100d_4pct_hdd,100,58,1000000,5000,1.0,timeout_degraded_read,15.0,15,750000,800000,96,healthy,99,severe_slow,1,12.6,17.7,25.3,209072,4.5,9072,9072,1524,0,0,0
dynamic_overlap_100d_4pct_hdd,100,58,1000000,5000,1.0,timeout_degraded_read,15.0,16,800000,850000,96,healthy,99,severe_slow,1,12.6,17.8,25.3,209338,4.7,9338,9338,1588,0,0,0
dynamic_overlap_100d_4pct_hdd,100,58,1000000,5000,1.0,timeout_degraded_read,15.0,17,850000,900000,96,healthy,99,recovery,0,12.5,17.0,19.3,208448,4.2,8448,8448,230,0,0,0
dynamic_overlap_100d_4pct_hdd,100,58,1000000,5000,1.0,timeout_degraded_read,15.0,18,900000,950000,96,healthy,99,healthy,0,12.5,16.8,18.8,208048,4.0,8048,8048,179,0,0,0
dynamic_overlap_100d_4pct_hdd,100,58,1000000,5000,1.0,timeout_degraded_read,15.0,19,950000,1000000,96,healthy,99,healthy,0,12.5,16.8,18.7,207998,4.0,7998,7998,178,0,0,0
dynamic_overlap_100d_4pct_hdd,100,58,1000000,5000,1.0,health_ec,15.0,0,0,50000,96,healthy,99,healthy,0,12.5,16.8,18.8,200000,0.0,0,0,0,0,0,0
dynamic_overlap_100d_4pct_hdd,100,58,1000000,5000,1.0,health_ec,15.0,1,50000,100000,96,healthy,99,healthy,0,12.5,16.9,18.9,200000,0.0,0,0,0,0,0,0
dynamic_overlap_100d_4pct_hdd,100,58,1000000,5000,1.0,health_ec,15.0,2,100000,150000,96,healthy,99,healthy,0,12.5,16.8,18.8,200000,0.0,0,0,0,0,0,0
dynamic_overlap_100d_4pct_hdd,100,58,1000000,5000,1.0,health_ec,15.0,3,150000,200000,96,mild_slow,99,healthy,1,12.5,17.1,20.4,200495,0.2,495,495,481,1,1,0
dynamic_overlap_100d_4pct_hdd,100,58,1000000,5000,1.0,health_ec,15.0,4,200000,250000,96,mild_slow,99,healthy,1,12.5,16.9,19.4,200718,0.4,718,718,700,0,0,0
dynamic_overlap_100d_4pct_hdd,100,58,1000000,5000,1.0,health_ec,15.0,5,250000,300000,96,mild_slow,99,healthy,2,12.6,17.3,22.8,200866,0.4,866,866,861,1,1,0
dynamic_overlap_100d_4pct_hdd,100,58,1000000,5000,1.0,health_ec,15.0,6,300000,350000,96,severe_slow,99,healthy,2,12.6,17.4,26.3,200949,0.5,949,949,949,0,0,0
dynamic_overlap_100d_4pct_hdd,100,58,1000000,5000,1.0,health_ec,15.0,7,350000,400000,96,severe_slow,99,healthy,2,12.5,17.3,24.7,201018,0.5,1018,1018,1017,0,0,0
dynamic_overlap_100d_4pct_hdd,100,58,1000000,5000,1.0,health_ec,15.0,8,400000,450000,96,severe_slow,99,healthy,3,12.6,17.7,48.0,201396,0.7,1396,1396,1391,1,1,0
dynamic_overlap_100d_4pct_hdd,100,58,1000000,5000,1.0,health_ec,15.0,9,450000,500000,96,severe_slow,99,healthy,3,12.6,17.6,47.3,201597,0.8,1597,1597,1584,0,0,0
dynamic_overlap_100d_4pct_hdd,100,58,1000000,5000,1.0,health_ec,15.0,10,500000,550000,96,recovery,99,healthy,2,12.5,17.2,20.8,201563,0.8,1563,1563,1543,0,0,0
dynamic_overlap_100d_4pct_hdd,100,58,1000000,5000,1.0,health_ec,15.0,11,550000,600000,96,recovery,99,mild_slow,3,12.6,17.9,36.9,201662,0.8,1662,1662,1633,2,2,0
dynamic_overlap_100d_4pct_hdd,100,58,1000000,5000,1.0,health_ec,15.0,12,600000,650000,96,healthy,99,mild_slow,2,12.6,17.4,24.4,201599,0.8,1599,1599,1242,0,0,0
dynamic_overlap_100d_4pct_hdd,100,58,1000000,5000,1.0,health_ec,15.0,13,650000,700000,96,healthy,99,mild_slow,2,12.6,17.5,24.5,201423,0.7,1423,1423,1227,0,0,0
dynamic_overlap_100d_4pct_hdd,100,58,1000000,5000,1.0,health_ec,15.0,14,700000,750000,96,healthy,99,severe_slow,2,12.5,17.4,44.0,201087,0.5,1087,1087,950,1,1,0
dynamic_overlap_100d_4pct_hdd,100,58,1000000,5000,1.0,health_ec,15.0,15,750000,800000,96,healthy,99,severe_slow,1,12.5,16.9,19.1,201015,0.5,1015,1015,967,0,0,0
dynamic_overlap_100d_4pct_hdd,100,58,1000000,5000,1.0,health_ec,15.0,16,800000,850000,96,healthy,99,severe_slow,1,12.5,16.9,19.1,201042,0.5,1042,1042,1016,0,0,0
dynamic_overlap_100d_4pct_hdd,100,58,1000000,5000,1.0,health_ec,15.0,17,850000,900000,96,healthy,99,recovery,0,12.5,16.8,18.8,200954,0.5,954,954,849,0,0,0
dynamic_overlap_100d_4pct_hdd,100,58,1000000,5000,1.0,health_ec,15.0,18,900000,950000,96,healthy,99,healthy,0,12.5,16.8,18.9,200507,0.3,507,507,400,0,0,0
dynamic_overlap_100d_4pct_hdd,100,58,1000000,5000,1.0,health_ec,15.0,19,950000,1000000,96,healthy,99,healthy,0,12.5,16.8,18.8,200272,0.1,272,272,217,0,0,0
dynamic_overlap_100d_4pct_hdd,100,59,1000000,5000,1.0,vanilla_ec,15.0,0,0,50000,96,healthy,99,healthy,0,12.5,16.9,18.8,200000,0.0,0,0,0,0,0,0
dynamic_overlap_100d_4pct_hdd,100,59,1000000,5000,1.0,vanilla_ec,15.0,1,50000,100000,96,healthy,99,healthy,0,12.5,16.8,18.9,200000,0.0,0,0,0,0,0,0
dynamic_overlap_100d_4pct_hdd,100,59,1000000,5000,1.0,vanilla_ec,15.0,2,100000,150000,96,healthy,99,healthy,0,12.5,16.8,18.8,200000,0.0,0,0,0,0,0,0
dynamic_overlap_100d_4pct_hdd,100,59,1000000,5000,1.0,vanilla_ec,15.0,3,150000,200000,96,mild_slow,99,healthy,1,12.5,17.5,26.2,200000,0.0,0,0,0,0,0,0
dynamic_overlap_100d_4pct_hdd,100,59,1000000,5000,1.0,vanilla_ec,15.0,4,200000,250000,96,mild_slow,99,healthy,1,12.6,17.6,27.3,200000,0.0,0,0,0,0,0,0
dynamic_overlap_100d_4pct_hdd,100,59,1000000,5000,1.0,vanilla_ec,15.0,5,250000,300000,96,mild_slow,99,healthy,2,12.6,17.8,31.1,200000,0.0,0,0,0,0,0,0
dynamic_overlap_100d_4pct_hdd,100,59,1000000,5000,1.0,vanilla_ec,15.0,6,300000,350000,96,severe_slow,99,healthy,2,12.6,17.8,61.7,200000,0.0,0,0,0,0,0,0
dynamic_overlap_100d_4pct_hdd,100,59,1000000,5000,1.0,vanilla_ec,15.0,7,350000,400000,96,severe_slow,99,healthy,2,12.6,17.9,62.0,200000,0.0,0,0,0,0,0,0
dynamic_overlap_100d_4pct_hdd,100,59,1000000,5000,1.0,vanilla_ec,15.0,8,400000,450000,96,severe_slow,99,healthy,3,12.6,18.6,70.4,200000,0.0,0,0,0,0,0,0
dynamic_overlap_100d_4pct_hdd,100,59,1000000,5000,1.0,vanilla_ec,15.0,9,450000,500000,96,severe_slow,99,healthy,3,12.6,18.5,72.5,200000,0.0,0,0,0,0,0,0
dynamic_overlap_100d_4pct_hdd,100,59,1000000,5000,1.0,vanilla_ec,15.0,10,500000,550000,96,recovery,99,healthy,2,12.6,18.5,63.2,200000,0.0,0,0,0,0,0,0
dynamic_overlap_100d_4pct_hdd,100,59,1000000,5000,1.0,vanilla_ec,15.0,11,550000,600000,96,recovery,99,mild_slow,3,12.6,18.8,73.7,200000,0.0,0,0,0,0,0,0
dynamic_overlap_100d_4pct_hdd,100,59,1000000,5000,1.0,vanilla_ec,15.0,12,600000,650000,96,healthy,99,mild_slow,2,12.6,18.0,63.1,200000,0.0,0,0,0,0,0,0
dynamic_overlap_100d_4pct_hdd,100,59,1000000,5000,1.0,vanilla_ec,15.0,13,650000,700000,96,healthy,99,mild_slow,2,12.6,18.0,63.2,200000,0.0,0,0,0,0,0,0
dynamic_overlap_100d_4pct_hdd,100,59,1000000,5000,1.0,vanilla_ec,15.0,14,700000,750000,96,healthy,99,severe_slow,2,12.6,17.9,73.1,200000,0.0,0,0,0,0,0,0
dynamic_overlap_100d_4pct_hdd,100,59,1000000,5000,1.0,vanilla_ec,15.0,15,750000,800000,96,healthy,99,severe_slow,1,12.6,18.0,64.3,200000,0.0,0,0,0,0,0,0
dynamic_overlap_100d_4pct_hdd,100,59,1000000,5000,1.0,vanilla_ec,15.0,16,800000,850000,96,healthy,99,severe_slow,1,12.6,17.9,63.9,200000,0.0,0,0,0,0,0,0
dynamic_overlap_100d_4pct_hdd,100,59,1000000,5000,1.0,vanilla_ec,15.0,17,850000,900000,96,healthy,99,recovery,0,12.5,17.1,19.5,200000,0.0,0,0,0,0,0,0
dynamic_overlap_100d_4pct_hdd,100,59,1000000,5000,1.0,vanilla_ec,15.0,18,900000,950000,96,healthy,99,healthy,0,12.5,16.8,18.9,200000,0.0,0,0,0,0,0,0
dynamic_overlap_100d_4pct_hdd,100,59,1000000,5000,1.0,vanilla_ec,15.0,19,950000,1000000,96,healthy,99,healthy,0,12.5,16.8,18.9,200000,0.0,0,0,0,0,0,0
dynamic_overlap_100d_4pct_hdd,100,59,1000000,5000,1.0,late_binding,15.0,0,0,50000,96,healthy,99,healthy,0,10.7,14.0,15.5,250000,25.0,50000,50000,40128,0,0,0
dynamic_overlap_100d_4pct_hdd,100,59,1000000,5000,1.0,late_binding,15.0,1,50000,100000,96,healthy,99,healthy,0,10.7,14.0,15.5,250000,25.0,50000,50000,40009,0,0,0
dynamic_overlap_100d_4pct_hdd,100,59,1000000,5000,1.0,late_binding,15.0,2,100000,150000,96,healthy,99,healthy,0,10.7,14.0,15.5,250000,25.0,50000,50000,40031,0,0,0
dynamic_overlap_100d_4pct_hdd,100,59,1000000,5000,1.0,late_binding,15.0,3,150000,200000,96,mild_slow,99,healthy,1,10.7,14.1,15.8,250000,25.0,50000,50000,39840,0,0,0
dynamic_overlap_100d_4pct_hdd,100,59,1000000,5000,1.0,late_binding,15.0,4,200000,250000,96,mild_slow,99,healthy,1,10.7,14.1,15.7,250000,25.0,50000,50000,39782,0,0,0
dynamic_overlap_100d_4pct_hdd,100,59,1000000,5000,1.0,late_binding,15.0,5,250000,300000,96,mild_slow,99,healthy,2,10.8,14.6,22.3,250000,25.0,50000,50000,39749,0,0,0
dynamic_overlap_100d_4pct_hdd,100,59,1000000,5000,1.0,late_binding,15.0,6,300000,350000,96,severe_slow,99,healthy,2,10.8,14.7,26.5,250000,25.0,50000,50000,39839,0,0,0
dynamic_overlap_100d_4pct_hdd,100,59,1000000,5000,1.0,late_binding,15.0,7,350000,400000,96,severe_slow,99,healthy,2,10.8,14.8,26.6,250000,25.0,50000,50000,39730,0,0,0
dynamic_overlap_100d_4pct_hdd,100,59,1000000,5000,1.0,late_binding,15.0,8,400000,450000,96,severe_slow,99,healthy,3,10.8,14.9,51.2,250000,25.0,50000,50000,39821,0,0,0
dynamic_overlap_100d_4pct_hdd,100,59,1000000,5000,1.0,late_binding,15.0,9,450000,500000,96,severe_slow,99,healthy,3,10.8,14.9,51.8,250000,25.0,50000,50000,39888,0,0,0
dynamic_overlap_100d_4pct_hdd,100,59,1000000,5000,1.0,late_binding,15.0,10,500000,550000,96,recovery,99,healthy,2,10.8,14.7,26.5,250000,25.0,50000,50000,40127,0,0,0
dynamic_overlap_100d_4pct_hdd,100,59,1000000,5000,1.0,late_binding,15.0,11,550000,600000,96,recovery,99,mild_slow,3,10.8,15.4,51.5,250000,25.0,50000,50000,39834,0,0,0
dynamic_overlap_100d_4pct_hdd,100,59,1000000,5000,1.0,late_binding,15.0,12,600000,650000,96,healthy,99,mild_slow,2,10.8,14.9,26.9,250000,25.0,50000,50000,39835,0,0,0
dynamic_overlap_100d_4pct_hdd,100,59,1000000,5000,1.0,late_binding,15.0,13,650000,700000,96,healthy,99,mild_slow,2,10.8,14.9,26.5,250000,25.0,50000,50000,39890,0,0,0
dynamic_overlap_100d_4pct_hdd,100,59,1000000,5000,1.0,late_binding,15.0,14,700000,750000,96,healthy,99,severe_slow,2,10.8,14.8,51.8,250000,25.0,50000,50000,39748,0,0,0
dynamic_overlap_100d_4pct_hdd,100,59,1000000,5000,1.0,late_binding,15.0,15,750000,800000,96,healthy,99,severe_slow,1,10.8,14.4,16.8,250000,25.0,50000,50000,40220,0,0,0
dynamic_overlap_100d_4pct_hdd,100,59,1000000,5000,1.0,late_binding,15.0,16,800000,850000,96,healthy,99,severe_slow,1,10.8,14.4,16.9,250000,25.0,50000,50000,39975,0,0,0
dynamic_overlap_100d_4pct_hdd,100,59,1000000,5000,1.0,late_binding,15.0,17,850000,900000,96,healthy,99,recovery,0,10.7,14.0,15.5,250000,25.0,50000,50000,39937,0,0,0
dynamic_overlap_100d_4pct_hdd,100,59,1000000,5000,1.0,late_binding,15.0,18,900000,950000,96,healthy,99,healthy,0,10.7,14.0,15.4,250000,25.0,50000,50000,39935,0,0,0
dynamic_overlap_100d_4pct_hdd,100,59,1000000,5000,1.0,late_binding,15.0,19,950000,1000000,96,healthy,99,healthy,0,10.7,14.0,15.4,250000,25.0,50000,50000,39908,0,0,0
dynamic_overlap_100d_4pct_hdd,100,59,1000000,5000,1.0,timeout_degraded_read,15.0,0,0,50000,96,healthy,99,healthy,0,12.5,16.8,18.8,208330,4.2,8330,8330,170,0,0,0
dynamic_overlap_100d_4pct_hdd,100,59,1000000,5000,1.0,timeout_degraded_read,15.0,1,50000,100000,96,healthy,99,healthy,0,12.5,16.8,18.8,208331,4.2,8331,8331,198,0,0,0
dynamic_overlap_100d_4pct_hdd,100,59,1000000,5000,1.0,timeout_degraded_read,15.0,2,100000,150000,96,healthy,99,healthy,0,12.5,16.8,18.7,208212,4.1,8212,8212,204,0,0,0
dynamic_overlap_100d_4pct_hdd,100,59,1000000,5000,1.0,timeout_degraded_read,15.0,3,150000,200000,96,mild_slow,99,healthy,1,12.5,17.5,22.5,209066,4.5,9066,9066,837,0,0,0
dynamic_overlap_100d_4pct_hdd,100,59,1000000,5000,1.0,timeout_degraded_read,15.0,4,200000,250000,96,mild_slow,99,healthy,1,12.6,17.5,23.1,209021,4.5,9021,9021,864,0,0,0
dynamic_overlap_100d_4pct_hdd,100,59,1000000,5000,1.0,timeout_degraded_read,15.0,5,250000,300000,96,mild_slow,99,healthy,2,12.6,17.7,25.6,209236,4.6,9236,9236,1200,0,0,0
dynamic_overlap_100d_4pct_hdd,100,59,1000000,5000,1.0,timeout_degraded_read,15.0,6,300000,350000,96,severe_slow,99,healthy,2,12.6,17.7,28.1,209258,4.6,9258,9258,1513,0,0,0
dynamic_overlap_100d_4pct_hdd,100,59,1000000,5000,1.0,timeout_degraded_read,15.0,7,350000,400000,96,severe_slow,99,healthy,2,12.6,17.9,28.4,209381,4.7,9381,9381,1595,0,0,0
dynamic_overlap_100d_4pct_hdd,100,59,1000000,5000,1.0,timeout_degraded_read,15.0,8,400000,450000,96,severe_slow,99,healthy,3,12.6,18.4,51.7,209736,4.9,9736,9736,1836,0,0,0
dynamic_overlap_100d_4pct_hdd,100,59,1000000,5000,1.0,timeout_degraded_read,15.0,9,450000,500000,96,severe_slow,99,healthy,3,12.6,18.4,52.2,209834,4.9,9834,9834,1865,0,0,0
dynamic_overlap_100d_4pct_hdd,100,59,1000000,5000,1.0,timeout_degraded_read,15.0,10,500000,550000,96,recovery,99,healthy,2,12.6,18.3,32.7,209724,4.9,9724,9724,1742,0,0,0
dynamic_overlap_100d_4pct_hdd,100,59,1000000,5000,1.0,timeout_degraded_read,15.0,11,550000,600000,96,recovery,99,mild_slow,3,12.6,18.7,54.1,209722,4.9,9722,9722,1780,0,0,0
dynamic_overlap_100d_4pct_hdd,100,59,1000000,5000,1.0,timeout_degraded_read,15.0,12,600000,650000,96,healthy,99,mild_slow,2,12.6,17.9,28.5,209435,4.7,9435,9435,1645,0,0,0
dynamic_overlap_100d_4pct_hdd,100,59,1000000,5000,1.0,timeout_degraded_read,15.0,13,650000,700000,96,healthy,99,mild_slow,2,12.6,18.0,28.2,209364,4.7,9364,9364,1599,0,0,0
dynamic_overlap_100d_4pct_hdd,100,59,1000000,5000,1.0,timeout_degraded_read,15.0,14,700000,750000,96,healthy,99,severe_slow,2,12.6,17.9,51.8,209325,4.7,9325,9325,1633,0,0,0
dynamic_overlap_100d_4pct_hdd,100,59,1000000,5000,1.0,timeout_degraded_read,15.0,15,750000,800000,96,healthy,99,severe_slow,1,12.6,17.9,25.3,209457,4.7,9457,9457,1577,0,0,0
dynamic_overlap_100d_4pct_hdd,100,59,1000000,5000,1.0,timeout_degraded_read,15.0,16,800000,850000,96,healthy,99,severe_slow,1,12.6,17.8,25.2,209421,4.7,9421,9421,1572,0,0,0
dynamic_overlap_100d_4pct_hdd,100,59,1000000,5000,1.0,timeout_degraded_read,15.0,17,850000,900000,96,healthy,99,recovery,0,12.5,17.0,19.4,208575,4.3,8575,8575,290,0,0,0
dynamic_overlap_100d_4pct_hdd,100,59,1000000,5000,1.0,timeout_degraded_read,15.0,18,900000,950000,96,healthy,99,healthy,0,12.5,16.8,18.8,208141,4.1,8141,8141,208,0,0,0
dynamic_overlap_100d_4pct_hdd,100,59,1000000,5000,1.0,timeout_degraded_read,15.0,19,950000,1000000,96,healthy,99,healthy,0,12.5,16.8,18.8,208103,4.1,8103,8103,175,0,0,0
dynamic_overlap_100d_4pct_hdd,100,59,1000000,5000,1.0,health_ec,15.0,0,0,50000,96,healthy,99,healthy,0,12.5,16.9,18.8,200000,0.0,0,0,0,0,0,0
dynamic_overlap_100d_4pct_hdd,100,59,1000000,5000,1.0,health_ec,15.0,1,50000,100000,96,healthy,99,healthy,0,12.5,16.8,18.9,200000,0.0,0,0,0,0,0,0
dynamic_overlap_100d_4pct_hdd,100,59,1000000,5000,1.0,health_ec,15.0,2,100000,150000,96,healthy,99,healthy,0,12.5,16.8,18.8,200000,0.0,0,0,0,0,0,0
dynamic_overlap_100d_4pct_hdd,100,59,1000000,5000,1.0,health_ec,15.0,3,150000,200000,96,mild_slow,99,healthy,1,12.5,17.1,20.6,200453,0.2,453,453,442,1,1,0
dynamic_overlap_100d_4pct_hdd,100,59,1000000,5000,1.0,health_ec,15.0,4,200000,250000,96,mild_slow,99,healthy,1,12.5,17.0,19.6,200724,0.4,724,724,704,0,0,0
dynamic_overlap_100d_4pct_hdd,100,59,1000000,5000,1.0,health_ec,15.0,5,250000,300000,96,mild_slow,99,healthy,2,12.6,17.3,23.1,200856,0.4,856,856,853,1,1,0
dynamic_overlap_100d_4pct_hdd,100,59,1000000,5000,1.0,health_ec,15.0,6,300000,350000,96,severe_slow,99,healthy,2,12.6,17.3,25.6,200954,0.5,954,954,954,0,0,0
dynamic_overlap_100d_4pct_hdd,100,59,1000000,5000,1.0,health_ec,15.0,7,350000,400000,96,severe_slow,99,healthy,2,12.6,17.4,24.6,201052,0.5,1052,1052,1051,0,0,0
dynamic_overlap_100d_4pct_hdd,100,59,1000000,5000,1.0,health_ec,15.0,8,400000,450000,96,severe_slow,99,healthy,3,12.6,17.7,46.7,201380,0.7,1380,1380,1369,1,1,0
dynamic_overlap_100d_4pct_hdd,100,59,1000000,5000,1.0,health_ec,15.0,9,450000,500000,96,severe_slow,99,healthy,3,12.6,17.6,48.0,201473,0.7,1473,1473,1462,0,0,0
dynamic_overlap_100d_4pct_hdd,100,59,1000000,5000,1.0,health_ec,15.0,10,500000,550000,96,recovery,99,healthy,2,12.5,17.2,21.2,201590,0.8,1590,1590,1579,0,0,0
dynamic_overlap_100d_4pct_hdd,100,59,1000000,5000,1.0,health_ec,15.0,11,550000,600000,96,recovery,99,mild_slow,3,12.6,17.8,37.2,201654,0.8,1654,1654,1612,2,2,0
dynamic_overlap_100d_4pct_hdd,100,59,1000000,5000,1.0,health_ec,15.0,12,600000,650000,96,healthy,99,mild_slow,2,12.6,17.4,24.3,201573,0.8,1573,1573,1191,0,0,0
dynamic_overlap_100d_4pct_hdd,100,59,1000000,5000,1.0,health_ec,15.0,13,650000,700000,96,healthy,99,mild_slow,2,12.6,17.4,23.7,201363,0.7,1363,1363,1147,0,0,0
dynamic_overlap_100d_4pct_hdd,100,59,1000000,5000,1.0,health_ec,15.0,14,700000,750000,96,healthy,99,severe_slow,2,12.5,17.5,45.3,201116,0.6,1116,1116,987,1,1,0
dynamic_overlap_100d_4pct_hdd,100,59,1000000,5000,1.0,health_ec,15.0,15,750000,800000,96,healthy,99,severe_slow,1,12.5,17.0,19.2,201090,0.5,1090,1090,1042,0,0,0
dynamic_overlap_100d_4pct_hdd,100,59,1000000,5000,1.0,health_ec,15.0,16,800000,850000,96,healthy,99,severe_slow,1,12.5,17.0,19.1,201033,0.5,1033,1033,1013,0,0,0
dynamic_overlap_100d_4pct_hdd,100,59,1000000,5000,1.0,health_ec,15.0,17,850000,900000,96,healthy,99,recovery,0,12.5,16.8,18.9,200957,0.5,957,957,843,0,0,0
dynamic_overlap_100d_4pct_hdd,100,59,1000000,5000,1.0,health_ec,15.0,18,900000,950000,96,healthy,99,healthy,0,12.4,16.8,18.8,200564,0.3,564,564,439,0,0,0
dynamic_overlap_100d_4pct_hdd,100,59,1000000,5000,1.0,health_ec,15.0,19,950000,1000000,96,healthy,99,healthy,0,12.5,16.8,18.8,200303,0.2,303,303,245,0,0,0
dynamic_overlap_100d_4pct_hdd,100,60,1000000,5000,1.0,vanilla_ec,15.0,0,0,50000,96,healthy,99,healthy,0,12.5,16.8,18.8,200000,0.0,0,0,0,0,0,0
dynamic_overlap_100d_4pct_hdd,100,60,1000000,5000,1.0,vanilla_ec,15.0,1,50000,100000,96,healthy,99,healthy,0,12.5,16.8,18.8,200000,0.0,0,0,0,0,0,0
dynamic_overlap_100d_4pct_hdd,100,60,1000000,5000,1.0,vanilla_ec,15.0,2,100000,150000,96,healthy,99,healthy,0,12.5,16.8,18.8,200000,0.0,0,0,0,0,0,0
dynamic_overlap_100d_4pct_hdd,100,60,1000000,5000,1.0,vanilla_ec,15.0,3,150000,200000,96,mild_slow,99,healthy,1,12.6,17.5,27.5,200000,0.0,0,0,0,0,0,0
dynamic_overlap_100d_4pct_hdd,100,60,1000000,5000,1.0,vanilla_ec,15.0,4,200000,250000,96,mild_slow,99,healthy,1,12.6,17.6,27.0,200000,0.0,0,0,0,0,0,0
dynamic_overlap_100d_4pct_hdd,100,60,1000000,5000,1.0,vanilla_ec,15.0,5,250000,300000,96,mild_slow,99,healthy,2,12.6,17.8,31.2,200000,0.0,0,0,0,0,0,0
dynamic_overlap_100d_4pct_hdd,100,60,1000000,5000,1.0,vanilla_ec,15.0,6,300000,350000,96,severe_slow,99,healthy,2,12.6,17.8,63.2,200000,0.0,0,0,0,0,0,0
dynamic_overlap_100d_4pct_hdd,100,60,1000000,5000,1.0,vanilla_ec,15.0,7,350000,400000,96,severe_slow,99,healthy,2,12.6,17.9,63.7,200000,0.0,0,0,0,0,0,0
dynamic_overlap_100d_4pct_hdd,100,60,1000000,5000,1.0,vanilla_ec,15.0,8,400000,450000,96,severe_slow,99,healthy,3,12.6,18.5,72.2,200000,0.0,0,0,0,0,0,0
dynamic_overlap_100d_4pct_hdd,100,60,1000000,5000,1.0,vanilla_ec,15.0,9,450000,500000,96,severe_slow,99,healthy,3,12.6,18.4,72.3,200000,0.0,0,0,0,0,0,0
dynamic_overlap_100d_4pct_hdd,100,60,1000000,5000,1.0,vanilla_ec,15.0,10,500000,550000,96,recovery,99,healthy,2,12.6,18.6,63.2,200000,0.0,0,0,0,0,0,0
dynamic_overlap_100d_4pct_hdd,100,60,1000000,5000,1.0,vanilla_ec,15.0,11,550000,600000,96,recovery,99,mild_slow,3,12.6,19.1,74.8,200000,0.0,0,0,0,0,0,0
dynamic_overlap_100d_4pct_hdd,100,60,1000000,5000,1.0,vanilla_ec,15.0,12,600000,650000,96,healthy,99,mild_slow,2,12.6,18.0,62.7,200000,0.0,0,0,0,0,0,0
dynamic_overlap_100d_4pct_hdd,100,60,1000000,5000,1.0,vanilla_ec,15.0,13,650000,700000,96,healthy,99,mild_slow,2,12.6,18.0,63.4,200000,0.0,0,0,0,0,0,0
dynamic_overlap_100d_4pct_hdd,100,60,1000000,5000,1.0,vanilla_ec,15.0,14,700000,750000,96,healthy,99,severe_slow,2,12.6,17.9,72.2,200000,0.0,0,0,0,0,0,0
dynamic_overlap_100d_4pct_hdd,100,60,1000000,5000,1.0,vanilla_ec,15.0,15,750000,800000,96,healthy,99,severe_slow,1,12.6,18.0,63.5,200000,0.0,0,0,0,0,0,0
dynamic_overlap_100d_4pct_hdd,100,60,1000000,5000,1.0,vanilla_ec,15.0,16,800000,850000,96,healthy,99,severe_slow,1,12.6,17.9,63.6,200000,0.0,0,0,0,0,0,0
dynamic_overlap_100d_4pct_hdd,100,60,1000000,5000,1.0,vanilla_ec,15.0,17,850000,900000,96,healthy,99,recovery,0,12.5,17.0,19.3,200000,0.0,0,0,0,0,0,0
dynamic_overlap_100d_4pct_hdd,100,60,1000000,5000,1.0,vanilla_ec,15.0,18,900000,950000,96,healthy,99,healthy,0,12.5,16.8,18.9,200000,0.0,0,0,0,0,0,0
dynamic_overlap_100d_4pct_hdd,100,60,1000000,5000,1.0,vanilla_ec,15.0,19,950000,1000000,96,healthy,99,healthy,0,12.5,16.8,18.8,200000,0.0,0,0,0,0,0,0
dynamic_overlap_100d_4pct_hdd,100,60,1000000,5000,1.0,late_binding,15.0,0,0,50000,96,healthy,99,healthy,0,10.7,14.0,15.4,250000,25.0,50000,50000,39930,0,0,0
dynamic_overlap_100d_4pct_hdd,100,60,1000000,5000,1.0,late_binding,15.0,1,50000,100000,96,healthy,99,healthy,0,10.7,14.0,15.5,250000,25.0,50000,50000,40110,0,0,0
dynamic_overlap_100d_4pct_hdd,100,60,1000000,5000,1.0,late_binding,15.0,2,100000,150000,96,healthy,99,healthy,0,10.7,14.0,15.4,250000,25.0,50000,50000,40063,0,0,0
dynamic_overlap_100d_4pct_hdd,100,60,1000000,5000,1.0,late_binding,15.0,3,150000,200000,96,mild_slow,99,healthy,1,10.7,14.2,15.8,250000,25.0,50000,50000,39892,0,0,0
dynamic_overlap_100d_4pct_hdd,100,60,1000000,5000,1.0,late_binding,15.0,4,200000,250000,96,mild_slow,99,healthy,1,10.7,14.2,15.8,250000,25.0,50000,50000,39782,0,0,0
dynamic_overlap_100d_4pct_hdd,100,60,1000000,5000,1.0,late_binding,15.0,5,250000,300000,96,mild_slow,99,healthy,2,10.8,14.7,22.4,250000,25.0,50000,50000,39636,0,0,0
dynamic_overlap_100d_4pct_hdd,100,60,1000000,5000,1.0,late_binding,15.0,6,300000,350000,96,severe_slow,99,healthy,2,10.8,14.7,26.7,250000,25.0,50000,50000,39786,0,0,0
dynamic_overlap_100d_4pct_hdd,100,60,1000000,5000,1.0,late_binding,15.0,7,350000,400000,96,severe_slow,99,healthy,2,10.8,14.7,26.8,250000,25.0,50000,50000,39784,0,0,0
dynamic_overlap_100d_4pct_hdd,100,60,1000000,5000,1.0,late_binding,15.0,8,400000,450000,96,severe_slow,99,healthy,3,10.8,14.9,52.3,250000,25.0,50000,50000,39772,0,0,0
dynamic_overlap_100d_4pct_hdd,100,60,1000000,5000,1.0,late_binding,15.0,9,450000,500000,96,severe_slow,99,healthy,3,10.8,14.9,51.5,250000,25.0,50000,50000,39889,0,0,0
dynamic_overlap_100d_4pct_hdd,100,60,1000000,5000,1.0,late_binding,15.0,10,500000,550000,96,recovery,99,healthy,2,10.8,14.8,26.5,250000,25.0,50000,50000,40154,0,0,0
dynamic_overlap_100d_4pct_hdd,100,60,1000000,5000,1.0,late_binding,15.0,11,550000,600000,96,recovery,99,mild_slow,3,10.8,15.4,51.4,250000,25.0,50000,50000,39906,0,0,0
dynamic_overlap_100d_4pct_hdd,100,60,1000000,5000,1.0,late_binding,15.0,12,600000,650000,96,healthy,99,mild_slow,2,10.8,14.9,27.2,250000,25.0,50000,50000,39903,0,0,0
dynamic_overlap_100d_4pct_hdd,100,60,1000000,5000,1.0,late_binding,15.0,13,650000,700000,96,healthy,99,mild_slow,2,10.8,14.9,27.1,250000,25.0,50000,50000,39934,0,0,0
dynamic_overlap_100d_4pct_hdd,100,60,1000000,5000,1.0,late_binding,15.0,14,700000,750000,96,healthy,99,severe_slow,2,10.8,14.9,51.4,250000,25.0,50000,50000,39862,0,0,0
dynamic_overlap_100d_4pct_hdd,100,60,1000000,5000,1.0,late_binding,15.0,15,750000,800000,96,healthy,99,severe_slow,1,10.8,14.3,17.0,250000,25.0,50000,50000,40083,0,0,0
dynamic_overlap_100d_4pct_hdd,100,60,1000000,5000,1.0,late_binding,15.0,16,800000,850000,96,healthy,99,severe_slow,1,10.7,14.3,16.7,250000,25.0,50000,50000,40146,0,0,0
dynamic_overlap_100d_4pct_hdd,100,60,1000000,5000,1.0,late_binding,15.0,17,850000,900000,96,healthy,99,recovery,0,10.7,14.0,15.5,250000,25.0,50000,50000,40106,0,0,0
dynamic_overlap_100d_4pct_hdd,100,60,1000000,5000,1.0,late_binding,15.0,18,900000,950000,96,healthy,99,healthy,0,10.7,14.0,15.5,250000,25.0,50000,50000,39908,0,0,0
dynamic_overlap_100d_4pct_hdd,100,60,1000000,5000,1.0,late_binding,15.0,19,950000,1000000,96,healthy,99,healthy,0,10.7,14.0,15.5,250000,25.0,50000,50000,39926,0,0,0
dynamic_overlap_100d_4pct_hdd,100,60,1000000,5000,1.0,timeout_degraded_read,15.0,0,0,50000,96,healthy,99,healthy,0,12.5,16.8,18.8,208111,4.1,8111,8111,202,0,0,0
dynamic_overlap_100d_4pct_hdd,100,60,1000000,5000,1.0,timeout_degraded_read,15.0,1,50000,100000,96,healthy,99,healthy,0,12.5,16.8,18.8,208144,4.1,8144,8144,209,0,0,0
dynamic_overlap_100d_4pct_hdd,100,60,1000000,5000,1.0,timeout_degraded_read,15.0,2,100000,150000,96,healthy,99,healthy,0,12.5,16.8,18.7,208121,4.1,8121,8121,192,0,0,0
dynamic_overlap_100d_4pct_hdd,100,60,1000000,5000,1.0,timeout_degraded_read,15.0,3,150000,200000,96,mild_slow,99,healthy,1,12.6,17.5,23.2,209079,4.5,9079,9079,916,0,0,0
dynamic_overlap_100d_4pct_hdd,100,60,1000000,5000,1.0,timeout_degraded_read,15.0,4,200000,250000,96,mild_slow,99,healthy,1,12.6,17.5,22.6,209140,4.6,9140,9140,904,0,0,0
dynamic_overlap_100d_4pct_hdd,100,60,1000000,5000,1.0,timeout_degraded_read,15.0,5,250000,300000,96,mild_slow,99,healthy,2,12.6,17.7,25.6,209338,4.7,9338,9338,1239,0,0,0
dynamic_overlap_100d_4pct_hdd,100,60,1000000,5000,1.0,timeout_degraded_read,15.0,6,300000,350000,96,severe_slow,99,healthy,2,12.6,17.8,28.4,209377,4.7,9377,9377,1525,0,0,0
dynamic_overlap_100d_4pct_hdd,100,60,1000000,5000,1.0,timeout_degraded_read,15.0,7,350000,400000,96,severe_slow,99,healthy,2,12.6,17.8,28.5,209190,4.6,9190,9190,1585,0,0,0
dynamic_overlap_100d_4pct_hdd,100,60,1000000,5000,1.0,timeout_degraded_read,15.0,8,400000,450000,96,severe_slow,99,healthy,3,12.6,18.4,52.5,209663,4.8,9663,9663,1841,0,0,0
dynamic_overlap_100d_4pct_hdd,100,60,1000000,5000,1.0,timeout_degraded_read,15.0,9,450000,500000,96,severe_slow,99,healthy,3,12.6,18.3,51.8,209691,4.8,9691,9691,1827,0,0,0
dynamic_overlap_100d_4pct_hdd,100,60,1000000,5000,1.0,timeout_degraded_read,15.0,10,500000,550000,96,recovery,99,healthy,2,12.6,18.4,33.3,209921,5.0,9921,9921,1793,0,0,0
dynamic_overlap_100d_4pct_hdd,100,60,1000000,5000,1.0,timeout_degraded_read,15.0,11,550000,600000,96,recovery,99,mild_slow,3,12.6,19.0,53.6,209795,4.9,9795,9795,1896,0,0,0
dynamic_overlap_100d_4pct_hdd,100,60,1000000,5000,1.0,timeout_degraded_read,15.0,12,600000,650000,96,healthy,99,mild_slow,2,12.6,17.9,28.6,209458,4.7,9458,9458,1550,0,0,0
dynamic_overlap_100d_4pct_hdd,100,60,1000000,5000,1.0,timeout_degraded_read,15.0,13,650000,700000,96,healthy,99,mild_slow,2,12.6,17.9,28.6,209510,4.8,9510,9510,1605,0,0,0
dynamic_overlap_100d_4pct_hdd,100,60,1000000,5000,1.0,timeout_degraded_read,15.0,14,700000,750000,96,healthy,99,severe_slow,2,12.6,17.9,51.4,209282,4.6,9282,9282,1670,0,0,0
dynamic_overlap_100d_4pct_hdd,100,60,1000000,5000,1.0,timeout_degraded_read,15.0,15,750000,800000,96,healthy,99,severe_slow,1,12.6,17.9,25.4,209342,4.7,9342,9342,1607,0,0,0
dynamic_overlap_100d_4pct_hdd,100,60,1000000,5000,1.0,timeout_degraded_read,15.0,16,800000,850000,96,healthy,99,severe_slow,1,12.6,17.8,25.4,209398,4.7,9398,9398,1601,0,0,0
dynamic_overlap_100d_4pct_hdd,100,60,1000000,5000,1.0,timeout_degraded_read,15.0,17,850000,900000,96,healthy,99,recovery,0,12.5,17.0,19.2,208559,4.3,8559,8559,228,0,0,0
dynamic_overlap_100d_4pct_hdd,100,60,1000000,5000,1.0,timeout_degraded_read,15.0,18,900000,950000,96,healthy,99,healthy,0,12.5,16.8,18.8,208057,4.0,8057,8057,150,0,0,0
dynamic_overlap_100d_4pct_hdd,100,60,1000000,5000,1.0,timeout_degraded_read,15.0,19,950000,1000000,96,healthy,99,healthy,0,12.5,16.8,18.7,208067,4.0,8067,8067,205,0,0,0
dynamic_overlap_100d_4pct_hdd,100,60,1000000,5000,1.0,health_ec,15.0,0,0,50000,96,healthy,99,healthy,0,12.5,16.8,18.8,200000,0.0,0,0,0,0,0,0
dynamic_overlap_100d_4pct_hdd,100,60,1000000,5000,1.0,health_ec,15.0,1,50000,100000,96,healthy,99,healthy,0,12.5,16.8,18.8,200000,0.0,0,0,0,0,0,0
dynamic_overlap_100d_4pct_hdd,100,60,1000000,5000,1.0,health_ec,15.0,2,100000,150000,96,healthy,99,healthy,0,12.5,16.8,18.8,200000,0.0,0,0,0,0,0,0
dynamic_overlap_100d_4pct_hdd,100,60,1000000,5000,1.0,health_ec,15.0,3,150000,200000,96,mild_slow,99,healthy,1,12.5,17.1,20.8,200453,0.2,453,453,445,1,1,0
dynamic_overlap_100d_4pct_hdd,100,60,1000000,5000,1.0,health_ec,15.0,4,200000,250000,96,mild_slow,99,healthy,1,12.5,16.9,19.4,200713,0.4,713,713,698,0,0,0
dynamic_overlap_100d_4pct_hdd,100,60,1000000,5000,1.0,health_ec,15.0,5,250000,300000,96,mild_slow,99,healthy,2,12.5,17.3,22.8,200893,0.4,893,893,888,1,1,0
dynamic_overlap_100d_4pct_hdd,100,60,1000000,5000,1.0,health_ec,15.0,6,300000,350000,96,severe_slow,99,healthy,2,12.6,17.4,25.9,200941,0.5,941,941,941,0,0,0
dynamic_overlap_100d_4pct_hdd,100,60,1000000,5000,1.0,health_ec,15.0,7,350000,400000,96,severe_slow,99,healthy,2,12.5,17.4,25.1,201071,0.5,1071,1071,1071,0,0,0
dynamic_overlap_100d_4pct_hdd,100,60,1000000,5000,1.0,health_ec,15.0,8,400000,450000,96,severe_slow,99,healthy,3,12.6,17.7,48.9,201433,0.7,1433,1433,1424,1,1,0
dynamic_overlap_100d_4pct_hdd,100,60,1000000,5000,1.0,health_ec,15.0,9,450000,500000,96,severe_slow,99,healthy,3,12.6,17.6,46.4,201476,0.7,1476,1476,1465,0,0,0
dynamic_overlap_100d_4pct_hdd,100,60,1000000,5000,1.0,health_ec,15.0,10,500000,550000,96,recovery,99,healthy,2,12.5,17.3,21.3,201604,0.8,1604,1604,1595,0,0,0
dynamic_overlap_100d_4pct_hdd,100,60,1000000,5000,1.0,health_ec,15.0,11,550000,600000,96,recovery,99,mild_slow,3,12.6,17.9,36.4,201745,0.9,1745,1745,1705,2,2,0
dynamic_overlap_100d_4pct_hdd,100,60,1000000,5000,1.0,health_ec,15.0,12,600000,650000,96,healthy,99,mild_slow,2,12.6,17.4,24.3,201507,0.8,1507,1507,1137,0,0,0
dynamic_overlap_100d_4pct_hdd,100,60,1000000,5000,1.0,health_ec,15.0,13,650000,700000,96,healthy,99,mild_slow,2,12.6,17.3,24.1,201336,0.7,1336,1336,1152,0,0,0
dynamic_overlap_100d_4pct_hdd,100,60,1000000,5000,1.0,health_ec,15.0,14,700000,750000,96,healthy,99,severe_slow,2,12.5,17.4,45.8,201138,0.6,1138,1138,997,1,1,0
dynamic_overlap_100d_4pct_hdd,100,60,1000000,5000,1.0,health_ec,15.0,15,750000,800000,96,healthy,99,severe_slow,1,12.5,17.0,19.3,201098,0.5,1098,1098,1040,0,0,0
dynamic_overlap_100d_4pct_hdd,100,60,1000000,5000,1.0,health_ec,15.0,16,800000,850000,96,healthy,99,severe_slow,1,12.5,16.9,19.1,201023,0.5,1023,1023,1003,0,0,0
dynamic_overlap_100d_4pct_hdd,100,60,1000000,5000,1.0,health_ec,15.0,17,850000,900000,96,healthy,99,recovery,0,12.5,16.8,18.8,200920,0.5,920,920,821,0,0,0
dynamic_overlap_100d_4pct_hdd,100,60,1000000,5000,1.0,health_ec,15.0,18,900000,950000,96,healthy,99,healthy,0,12.5,16.8,18.9,200534,0.3,534,534,423,0,0,0
dynamic_overlap_100d_4pct_hdd,100,60,1000000,5000,1.0,health_ec,15.0,19,950000,1000000,96,healthy,99,healthy,0,12.5,16.8,18.8,200288,0.1,288,288,235,0,0,0
dynamic_overlap_100d_4pct_hdd,100,61,1000000,5000,1.0,vanilla_ec,15.0,0,0,50000,96,healthy,99,healthy,0,12.5,16.8,18.7,200000,0.0,0,0,0,0,0,0
dynamic_overlap_100d_4pct_hdd,100,61,1000000,5000,1.0,vanilla_ec,15.0,1,50000,100000,96,healthy,99,healthy,0,12.5,16.8,18.9,200000,0.0,0,0,0,0,0,0
dynamic_overlap_100d_4pct_hdd,100,61,1000000,5000,1.0,vanilla_ec,15.0,2,100000,150000,96,healthy,99,healthy,0,12.5,16.8,18.9,200000,0.0,0,0,0,0,0,0
dynamic_overlap_100d_4pct_hdd,100,61,1000000,5000,1.0,vanilla_ec,15.0,3,150000,200000,96,mild_slow,99,healthy,1,12.6,17.6,27.1,200000,0.0,0,0,0,0,0,0
dynamic_overlap_100d_4pct_hdd,100,61,1000000,5000,1.0,vanilla_ec,15.0,4,200000,250000,96,mild_slow,99,healthy,1,12.6,17.5,27.1,200000,0.0,0,0,0,0,0,0
dynamic_overlap_100d_4pct_hdd,100,61,1000000,5000,1.0,vanilla_ec,15.0,5,250000,300000,96,mild_slow,99,healthy,2,12.6,17.8,31.1,200000,0.0,0,0,0,0,0,0
dynamic_overlap_100d_4pct_hdd,100,61,1000000,5000,1.0,vanilla_ec,15.0,6,300000,350000,96,severe_slow,99,healthy,2,12.6,17.8,64.0,200000,0.0,0,0,0,0,0,0
dynamic_overlap_100d_4pct_hdd,100,61,1000000,5000,1.0,vanilla_ec,15.0,7,350000,400000,96,severe_slow,99,healthy,2,12.6,17.9,62.3,200000,0.0,0,0,0,0,0,0
dynamic_overlap_100d_4pct_hdd,100,61,1000000,5000,1.0,vanilla_ec,15.0,8,400000,450000,96,severe_slow,99,healthy,3,12.6,18.7,73.2,200000,0.0,0,0,0,0,0,0
dynamic_overlap_100d_4pct_hdd,100,61,1000000,5000,1.0,vanilla_ec,15.0,9,450000,500000,96,severe_slow,99,healthy,3,12.6,18.5,71.9,200000,0.0,0,0,0,0,0,0
dynamic_overlap_100d_4pct_hdd,100,61,1000000,5000,1.0,vanilla_ec,15.0,10,500000,550000,96,recovery,99,healthy,2,12.6,18.6,63.4,200000,0.0,0,0,0,0,0,0
dynamic_overlap_100d_4pct_hdd,100,61,1000000,5000,1.0,vanilla_ec,15.0,11,550000,600000,96,recovery,99,mild_slow,3,12.6,18.9,74.2,200000,0.0,0,0,0,0,0,0
dynamic_overlap_100d_4pct_hdd,100,61,1000000,5000,1.0,vanilla_ec,15.0,12,600000,650000,96,healthy,99,mild_slow,2,12.6,18.0,63.7,200000,0.0,0,0,0,0,0,0
dynamic_overlap_100d_4pct_hdd,100,61,1000000,5000,1.0,vanilla_ec,15.0,13,650000,700000,96,healthy,99,mild_slow,2,12.6,18.0,64.0,200000,0.0,0,0,0,0,0,0
dynamic_overlap_100d_4pct_hdd,100,61,1000000,5000,1.0,vanilla_ec,15.0,14,700000,750000,96,healthy,99,severe_slow,2,12.6,18.0,74.2,200000,0.0,0,0,0,0,0,0
dynamic_overlap_100d_4pct_hdd,100,61,1000000,5000,1.0,vanilla_ec,15.0,15,750000,800000,96,healthy,99,severe_slow,1,12.6,18.0,63.6,200000,0.0,0,0,0,0,0,0
dynamic_overlap_100d_4pct_hdd,100,61,1000000,5000,1.0,vanilla_ec,15.0,16,800000,850000,96,healthy,99,severe_slow,1,12.6,17.9,63.9,200000,0.0,0,0,0,0,0,0
dynamic_overlap_100d_4pct_hdd,100,61,1000000,5000,1.0,vanilla_ec,15.0,17,850000,900000,96,healthy,99,recovery,0,12.5,17.0,19.3,200000,0.0,0,0,0,0,0,0
dynamic_overlap_100d_4pct_hdd,100,61,1000000,5000,1.0,vanilla_ec,15.0,18,900000,950000,96,healthy,99,healthy,0,12.5,16.8,18.8,200000,0.0,0,0,0,0,0,0
dynamic_overlap_100d_4pct_hdd,100,61,1000000,5000,1.0,vanilla_ec,15.0,19,950000,1000000,96,healthy,99,healthy,0,12.5,16.8,18.8,200000,0.0,0,0,0,0,0,0
dynamic_overlap_100d_4pct_hdd,100,61,1000000,5000,1.0,late_binding,15.0,0,0,50000,96,healthy,99,healthy,0,10.7,14.0,15.4,250000,25.0,50000,50000,39913,0,0,0
dynamic_overlap_100d_4pct_hdd,100,61,1000000,5000,1.0,late_binding,15.0,1,50000,100000,96,healthy,99,healthy,0,10.7,14.0,15.5,250000,25.0,50000,50000,39906,0,0,0
dynamic_overlap_100d_4pct_hdd,100,61,1000000,5000,1.0,late_binding,15.0,2,100000,150000,96,healthy,99,healthy,0,10.7,14.0,15.4,250000,25.0,50000,50000,40090,0,0,0
dynamic_overlap_100d_4pct_hdd,100,61,1000000,5000,1.0,late_binding,15.0,3,150000,200000,96,mild_slow,99,healthy,1,10.8,14.2,15.8,250000,25.0,50000,50000,39789,0,0,0
dynamic_overlap_100d_4pct_hdd,100,61,1000000,5000,1.0,late_binding,15.0,4,200000,250000,96,mild_slow,99,healthy,1,10.7,14.1,15.7,250000,25.0,50000,50000,39839,0,0,0
dynamic_overlap_100d_4pct_hdd,100,61,1000000,5000,1.0,late_binding,15.0,5,250000,300000,96,mild_slow,99,healthy,2,10.8,14.6,22.1,250000,25.0,50000,50000,39693,0,0,0
dynamic_overlap_100d_4pct_hdd,100,61,1000000,5000,1.0,late_binding,15.0,6,300000,350000,96,severe_slow,99,healthy,2,10.8,14.7,26.8,250000,25.0,50000,50000,39578,0,0,0
dynamic_overlap_100d_4pct_hdd,100,61,1000000,5000,1.0,late_binding,15.0,7,350000,400000,96,severe_slow,99,healthy,2,10.8,14.7,26.9,250000,25.0,50000,50000,39714,0,0,0
dynamic_overlap_100d_4pct_hdd,100,61,1000000,5000,1.0,late_binding,15.0,8,400000,450000,96,severe_slow,99,healthy,3,10.8,15.0,51.7,250000,25.0,50000,50000,39918,0,0,0
dynamic_overlap_100d_4pct_hdd,100,61,1000000,5000,1.0,late_binding,15.0,9,450000,500000,96,severe_slow,99,healthy,3,10.8,15.0,52.1,250000,25.0,50000,50000,39962,0,0,0
dynamic_overlap_100d_4pct_hdd,100,61,1000000,5000,1.0,late_binding,15.0,10,500000,550000,96,recovery,99,healthy,2,10.8,14.8,27.2,250000,25.0,50000,50000,40077,0,0,0
dynamic_overlap_100d_4pct_hdd,100,61,1000000,5000,1.0,late_binding,15.0,11,550000,600000,96,recovery,99,mild_slow,3,10.8,15.4,52.2,250000,25.0,50000,50000,39953,0,0,0
dynamic_overlap_100d_4pct_hdd,100,61,1000000,5000,1.0,late_binding,15.0,12,600000,650000,96,healthy,99,mild_slow,2,10.8,14.9,27.3,250000,25.0,50000,50000,39815,0,0,0
dynamic_overlap_100d_4pct_hdd,100,61,1000000,5000,1.0,late_binding,15.0,13,650000,700000,96,healthy,99,mild_slow,2,10.8,14.9,26.6,250000,25.0,50000,50000,39790,0,0,0
dynamic_overlap_100d_4pct_hdd,100,61,1000000,5000,1.0,late_binding,15.0,14,700000,750000,96,healthy,99,severe_slow,2,10.8,14.9,52.5,250000,25.0,50000,50000,39717,0,0,0
dynamic_overlap_100d_4pct_hdd,100,61,1000000,5000,1.0,late_binding,15.0,15,750000,800000,96,healthy,99,severe_slow,1,10.8,14.4,16.8,250000,25.0,50000,50000,40120,0,0,0
dynamic_overlap_100d_4pct_hdd,100,61,1000000,5000,1.0,late_binding,15.0,16,800000,850000,96,healthy,99,severe_slow,1,10.8,14.3,16.8,250000,25.0,50000,50000,40274,0,0,0
dynamic_overlap_100d_4pct_hdd,100,61,1000000,5000,1.0,late_binding,15.0,17,850000,900000,96,healthy,99,recovery,0,10.7,14.0,15.5,250000,25.0,50000,50000,40293,0,0,0
dynamic_overlap_100d_4pct_hdd,100,61,1000000,5000,1.0,late_binding,15.0,18,900000,950000,96,healthy,99,healthy,0,10.7,14.0,15.5,250000,25.0,50000,50000,40069,0,0,0
dynamic_overlap_100d_4pct_hdd,100,61,1000000,5000,1.0,late_binding,15.0,19,950000,1000000,96,healthy,99,healthy,0,10.7,14.0,15.5,250000,25.0,50000,50000,39923,0,0,0
dynamic_overlap_100d_4pct_hdd,100,61,1000000,5000,1.0,timeout_degraded_read,15.0,0,0,50000,96,healthy,99,healthy,0,12.5,16.8,18.6,207920,4.0,7920,7920,186,0,0,0
dynamic_overlap_100d_4pct_hdd,100,61,1000000,5000,1.0,timeout_degraded_read,15.0,1,50000,100000,96,healthy,99,healthy,0,12.5,16.8,18.8,207976,4.0,7976,7976,198,0,0,0
dynamic_overlap_100d_4pct_hdd,100,61,1000000,5000,1.0,timeout_degraded_read,15.0,2,100000,150000,96,healthy,99,healthy,0,12.5,16.8,18.8,208167,4.1,8167,8167,198,0,0,0
dynamic_overlap_100d_4pct_hdd,100,61,1000000,5000,1.0,timeout_degraded_read,15.0,3,150000,200000,96,mild_slow,99,healthy,1,12.6,17.5,23.1,209173,4.6,9173,9173,897,0,0,0
dynamic_overlap_100d_4pct_hdd,100,61,1000000,5000,1.0,timeout_degraded_read,15.0,4,200000,250000,96,mild_slow,99,healthy,1,12.6,17.4,22.8,209086,4.5,9086,9086,866,0,0,0
dynamic_overlap_100d_4pct_hdd,100,61,1000000,5000,1.0,timeout_degraded_read,15.0,5,250000,300000,96,mild_slow,99,healthy,2,12.6,17.7,25.6,209159,4.6,9159,9159,1248,0,0,0
dynamic_overlap_100d_4pct_hdd,100,61,1000000,5000,1.0,timeout_degraded_read,15.0,6,300000,350000,96,severe_slow,99,healthy,2,12.6,17.7,28.4,209275,4.6,9275,9275,1517,0,0,0
dynamic_overlap_100d_4pct_hdd,100,61,1000000,5000,1.0,timeout_degraded_read,15.0,7,350000,400000,96,severe_slow,99,healthy,2,12.6,17.8,28.4,209225,4.6,9225,9225,1565,0,0,0
dynamic_overlap_100d_4pct_hdd,100,61,1000000,5000,1.0,timeout_degraded_read,15.0,8,400000,450000,96,severe_slow,99,healthy,3,12.6,18.6,52.2,209757,4.9,9757,9757,1966,0,0,0
dynamic_overlap_100d_4pct_hdd,100,61,1000000,5000,1.0,timeout_degraded_read,15.0,9,450000,500000,96,severe_slow,99,healthy,3,12.6,18.5,52.3,209841,4.9,9841,9841,1855,0,0,0
dynamic_overlap_100d_4pct_hdd,100,61,1000000,5000,1.0,timeout_degraded_read,15.0,10,500000,550000,96,recovery,99,healthy,2,12.6,18.5,33.2,209792,4.9,9792,9792,1790,0,0,0
dynamic_overlap_100d_4pct_hdd,100,61,1000000,5000,1.0,timeout_degraded_read,15.0,11,550000,600000,96,recovery,99,mild_slow,3,12.6,18.8,54.9,209810,4.9,9810,9810,1869,0,0,0
dynamic_overlap_100d_4pct_hdd,100,61,1000000,5000,1.0,timeout_degraded_read,15.0,12,600000,650000,96,healthy,99,mild_slow,2,12.6,17.9,28.9,209405,4.7,9405,9405,1630,0,0,0
dynamic_overlap_100d_4pct_hdd,100,61,1000000,5000,1.0,timeout_degraded_read,15.0,13,650000,700000,96,healthy,99,mild_slow,2,12.6,18.0,28.4,209603,4.8,9603,9603,1605,0,0,0
dynamic_overlap_100d_4pct_hdd,100,61,1000000,5000,1.0,timeout_degraded_read,15.0,14,700000,750000,96,healthy,99,severe_slow,2,12.6,17.9,52.5,209312,4.7,9312,9312,1683,0,0,0
dynamic_overlap_100d_4pct_hdd,100,61,1000000,5000,1.0,timeout_degraded_read,15.0,15,750000,800000,96,healthy,99,severe_slow,1,12.6,17.9,25.4,209376,4.7,9376,9376,1623,0,0,0
dynamic_overlap_100d_4pct_hdd,100,61,1000000,5000,1.0,timeout_degraded_read,15.0,16,800000,850000,96,healthy,99,severe_slow,1,12.6,17.8,25.5,209326,4.7,9326,9326,1652,0,0,0
dynamic_overlap_100d_4pct_hdd,100,61,1000000,5000,1.0,timeout_degraded_read,15.0,17,850000,900000,96,healthy,99,recovery,0,12.5,17.0,19.2,208482,4.2,8482,8482,256,0,0,0
dynamic_overlap_100d_4pct_hdd,100,61,1000000,5000,1.0,timeout_degraded_read,15.0,18,900000,950000,96,healthy,99,healthy,0,12.5,16.8,18.7,208027,4.0,8027,8027,192,0,0,0
dynamic_overlap_100d_4pct_hdd,100,61,1000000,5000,1.0,timeout_degraded_read,15.0,19,950000,1000000,96,healthy,99,healthy,0,12.5,16.8,18.7,207963,4.0,7963,7963,199,0,0,0
dynamic_overlap_100d_4pct_hdd,100,61,1000000,5000,1.0,health_ec,15.0,0,0,50000,96,healthy,99,healthy,0,12.5,16.8,18.7,200000,0.0,0,0,0,0,0,0
dynamic_overlap_100d_4pct_hdd,100,61,1000000,5000,1.0,health_ec,15.0,1,50000,100000,96,healthy,99,healthy,0,12.5,16.8,18.9,200000,0.0,0,0,0,0,0,0
dynamic_overlap_100d_4pct_hdd,100,61,1000000,5000,1.0,health_ec,15.0,2,100000,150000,96,healthy,99,healthy,0,12.5,16.8,18.9,200000,0.0,0,0,0,0,0,0
dynamic_overlap_100d_4pct_hdd,100,61,1000000,5000,1.0,health_ec,15.0,3,150000,200000,96,mild_slow,99,healthy,1,12.5,17.2,20.8,200491,0.2,491,491,477,1,1,0
dynamic_overlap_100d_4pct_hdd,100,61,1000000,5000,1.0,health_ec,15.0,4,200000,250000,96,mild_slow,99,healthy,1,12.5,16.9,19.5,200745,0.4,745,745,733,0,0,0
dynamic_overlap_100d_4pct_hdd,100,61,1000000,5000,1.0,health_ec,15.0,5,250000,300000,96,mild_slow,99,healthy,2,12.5,17.2,22.4,200876,0.4,876,876,872,1,1,0
dynamic_overlap_100d_4pct_hdd,100,61,1000000,5000,1.0,health_ec,15.0,6,300000,350000,96,severe_slow,99,healthy,2,12.5,17.3,25.6,200971,0.5,971,971,970,0,0,0
dynamic_overlap_100d_4pct_hdd,100,61,1000000,5000,1.0,health_ec,15.0,7,350000,400000,96,severe_slow,99,healthy,2,12.5,17.4,25.3,201060,0.5,1060,1060,1060,0,0,0
dynamic_overlap_100d_4pct_hdd,100,61,1000000,5000,1.0,health_ec,15.0,8,400000,450000,96,severe_slow,99,healthy,3,12.6,17.8,48.8,201449,0.7,1449,1449,1439,2,2,0
dynamic_overlap_100d_4pct_hdd,100,61,1000000,5000,1.0,health_ec,15.0,9,450000,500000,96,severe_slow,99,healthy,3,12.6,17.6,47.7,201366,0.7,1366,1366,1358,0,0,0
dynamic_overlap_100d_4pct_hdd,100,61,1000000,5000,1.0,health_ec,15.0,10,500000,550000,96,recovery,99,healthy,2,12.5,17.3,21.2,201440,0.7,1440,1440,1435,0,0,0
dynamic_overlap_100d_4pct_hdd,100,61,1000000,5000,1.0,health_ec,15.0,11,550000,600000,96,recovery,99,mild_slow,3,12.6,17.8,37.2,201721,0.9,1721,1721,1678,1,1,0
dynamic_overlap_100d_4pct_hdd,100,61,1000000,5000,1.0,health_ec,15.0,12,600000,650000,96,healthy,99,mild_slow,2,12.6,17.3,24.0,201565,0.8,1565,1565,1171,0,0,0
dynamic_overlap_100d_4pct_hdd,100,61,1000000,5000,1.0,health_ec,15.0,13,650000,700000,96,healthy,99,mild_slow,2,12.6,17.4,23.5,201350,0.7,1350,1350,1141,0,0,0
dynamic_overlap_100d_4pct_hdd,100,61,1000000,5000,1.0,health_ec,15.0,14,700000,750000,96,healthy,99,severe_slow,2,12.6,17.4,46.9,201187,0.6,1187,1187,1032,1,1,0
dynamic_overlap_100d_4pct_hdd,100,61,1000000,5000,1.0,health_ec,15.0,15,750000,800000,96,healthy,99,severe_slow,1,12.5,17.0,19.2,201048,0.5,1048,1048,1010,0,0,0
dynamic_overlap_100d_4pct_hdd,100,61,1000000,5000,1.0,health_ec,15.0,16,800000,850000,96,healthy,99,severe_slow,1,12.5,16.9,19.1,201056,0.5,1056,1056,1032,0,0,0
dynamic_overlap_100d_4pct_hdd,100,61,1000000,5000,1.0,health_ec,15.0,17,850000,900000,96,healthy,99,recovery,0,12.5,16.8,18.9,200898,0.4,898,898,792,0,0,0
dynamic_overlap_100d_4pct_hdd,100,61,1000000,5000,1.0,health_ec,15.0,18,900000,950000,96,healthy,99,healthy,0,12.5,16.8,18.8,200521,0.3,521,521,407,0,0,0
dynamic_overlap_100d_4pct_hdd,100,61,1000000,5000,1.0,health_ec,15.0,19,950000,1000000,96,healthy,99,healthy,0,12.4,16.8,18.8,200301,0.2,301,301,239,0,0,0
dynamic_overlap_100d_4pct_hdd,100,62,1000000,5000,1.0,vanilla_ec,15.0,0,0,50000,96,healthy,99,healthy,0,12.5,16.8,18.8,200000,0.0,0,0,0,0,0,0
dynamic_overlap_100d_4pct_hdd,100,62,1000000,5000,1.0,vanilla_ec,15.0,1,50000,100000,96,healthy,99,healthy,0,12.5,16.8,18.8,200000,0.0,0,0,0,0,0,0
dynamic_overlap_100d_4pct_hdd,100,62,1000000,5000,1.0,vanilla_ec,15.0,2,100000,150000,96,healthy,99,healthy,0,12.5,16.8,18.8,200000,0.0,0,0,0,0,0,0
dynamic_overlap_100d_4pct_hdd,100,62,1000000,5000,1.0,vanilla_ec,15.0,3,150000,200000,96,mild_slow,99,healthy,1,12.6,17.5,26.9,200000,0.0,0,0,0,0,0,0
dynamic_overlap_100d_4pct_hdd,100,62,1000000,5000,1.0,vanilla_ec,15.0,4,200000,250000,96,mild_slow,99,healthy,1,12.6,17.6,27.5,200000,0.0,0,0,0,0,0,0
dynamic_overlap_100d_4pct_hdd,100,62,1000000,5000,1.0,vanilla_ec,15.0,5,250000,300000,96,mild_slow,99,healthy,2,12.6,17.8,31.0,200000,0.0,0,0,0,0,0,0
dynamic_overlap_100d_4pct_hdd,100,62,1000000,5000,1.0,vanilla_ec,15.0,6,300000,350000,96,severe_slow,99,healthy,2,12.6,17.8,62.2,200000,0.0,0,0,0,0,0,0
dynamic_overlap_100d_4pct_hdd,100,62,1000000,5000,1.0,vanilla_ec,15.0,7,350000,400000,96,severe_slow,99,healthy,2,12.6,17.9,63.3,200000,0.0,0,0,0,0,0,0
dynamic_overlap_100d_4pct_hdd,100,62,1000000,5000,1.0,vanilla_ec,15.0,8,400000,450000,96,severe_slow,99,healthy,3,12.6,18.6,72.7,200000,0.0,0,0,0,0,0,0
dynamic_overlap_100d_4pct_hdd,100,62,1000000,5000,1.0,vanilla_ec,15.0,9,450000,500000,96,severe_slow,99,healthy,3,12.6,18.5,72.2,200000,0.0,0,0,0,0,0,0
dynamic_overlap_100d_4pct_hdd,100,62,1000000,5000,1.0,vanilla_ec,15.0,10,500000,550000,96,recovery,99,healthy,2,12.6,18.8,63.2,200000,0.0,0,0,0,0,0,0
dynamic_overlap_100d_4pct_hdd,100,62,1000000,5000,1.0,vanilla_ec,15.0,11,550000,600000,96,recovery,99,mild_slow,3,12.6,18.9,73.9,200000,0.0,0,0,0,0,0,0
dynamic_overlap_100d_4pct_hdd,100,62,1000000,5000,1.0,vanilla_ec,15.0,12,600000,650000,96,healthy,99,mild_slow,2,12.6,18.1,64.4,200000,0.0,0,0,0,0,0,0
dynamic_overlap_100d_4pct_hdd,100,62,1000000,5000,1.0,vanilla_ec,15.0,13,650000,700000,96,healthy,99,mild_slow,2,12.6,18.0,62.4,200000,0.0,0,0,0,0,0,0
dynamic_overlap_100d_4pct_hdd,100,62,1000000,5000,1.0,vanilla_ec,15.0,14,700000,750000,96,healthy,99,severe_slow,2,12.6,17.9,73.1,200000,0.0,0,0,0,0,0,0
dynamic_overlap_100d_4pct_hdd,100,62,1000000,5000,1.0,vanilla_ec,15.0,15,750000,800000,96,healthy,99,severe_slow,1,12.6,18.0,63.4,200000,0.0,0,0,0,0,0,0
dynamic_overlap_100d_4pct_hdd,100,62,1000000,5000,1.0,vanilla_ec,15.0,16,800000,850000,96,healthy,99,severe_slow,1,12.6,18.0,62.9,200000,0.0,0,0,0,0,0,0
dynamic_overlap_100d_4pct_hdd,100,62,1000000,5000,1.0,vanilla_ec,15.0,17,850000,900000,96,healthy,99,recovery,0,12.5,17.0,19.2,200000,0.0,0,0,0,0,0,0
dynamic_overlap_100d_4pct_hdd,100,62,1000000,5000,1.0,vanilla_ec,15.0,18,900000,950000,96,healthy,99,healthy,0,12.5,16.8,18.8,200000,0.0,0,0,0,0,0,0
dynamic_overlap_100d_4pct_hdd,100,62,1000000,5000,1.0,vanilla_ec,15.0,19,950000,1000000,96,healthy,99,healthy,0,12.5,16.8,18.8,200000,0.0,0,0,0,0,0,0
dynamic_overlap_100d_4pct_hdd,100,62,1000000,5000,1.0,late_binding,15.0,0,0,50000,96,healthy,99,healthy,0,10.7,14.0,15.5,250000,25.0,50000,50000,40029,0,0,0
dynamic_overlap_100d_4pct_hdd,100,62,1000000,5000,1.0,late_binding,15.0,1,50000,100000,96,healthy,99,healthy,0,10.7,14.0,15.4,250000,25.0,50000,50000,40082,0,0,0
dynamic_overlap_100d_4pct_hdd,100,62,1000000,5000,1.0,late_binding,15.0,2,100000,150000,96,healthy,99,healthy,0,10.7,14.0,15.4,250000,25.0,50000,50000,39923,0,0,0
dynamic_overlap_100d_4pct_hdd,100,62,1000000,5000,1.0,late_binding,15.0,3,150000,200000,96,mild_slow,99,healthy,1,10.8,14.2,15.8,250000,25.0,50000,50000,39783,0,0,0
dynamic_overlap_100d_4pct_hdd,100,62,1000000,5000,1.0,late_binding,15.0,4,200000,250000,96,mild_slow,99,healthy,1,10.8,14.2,15.8,250000,25.0,50000,50000,39867,0,0,0
dynamic_overlap_100d_4pct_hdd,100,62,1000000,5000,1.0,late_binding,15.0,5,250000,300000,96,mild_slow,99,healthy,2,10.8,14.6,22.1,250000,25.0,50000,50000,39876,0,0,0
dynamic_overlap_100d_4pct_hdd,100,62,1000000,5000,1.0,late_binding,15.0,6,300000,350000,96,severe_slow,99,healthy,2,10.8,14.8,26.7,250000,25.0,50000,50000,39832,0,0,0
dynamic_overlap_100d_4pct_hdd,100,62,1000000,5000,1.0,late_binding,15.0,7,350000,400000,96,severe_slow,99,healthy,2,10.8,14.7,27.0,250000,25.0,50000,50000,39835,0,0,0
dynamic_overlap_100d_4pct_hdd,100,62,1000000,5000,1.0,late_binding,15.0,8,400000,450000,96,severe_slow,99,healthy,3,10.8,14.9,51.6,250000,25.0,50000,50000,39770,0,0,0
dynamic_overlap_100d_4pct_hdd,100,62,1000000,5000,1.0,late_binding,15.0,9,450000,500000,96,severe_slow,99,healthy,3,10.8,14.9,51.6,250000,25.0,50000,50000,39853,0,0,0
dynamic_overlap_100d_4pct_hdd,100,62,1000000,5000,1.0,late_binding,15.0,10,500000,550000,96,recovery,99,healthy,2,10.8,14.9,26.6,250000,25.0,50000,50000,39988,0,0,0
dynamic_overlap_100d_4pct_hdd,100,62,1000000,5000,1.0,late_binding,15.0,11,550000,600000,96,recovery,99,mild_slow,3,10.8,15.4,51.8,250000,25.0,50000,50000,39798,0,0,0
dynamic_overlap_100d_4pct_hdd,100,62,1000000,5000,1.0,late_binding,15.0,12,600000,650000,96,healthy,99,mild_slow,2,10.8,14.9,27.5,250000,25.0,50000,50000,39773,0,0,0
dynamic_overlap_100d_4pct_hdd,100,62,1000000,5000,1.0,late_binding,15.0,13,650000,700000,96,healthy,99,mild_slow,2,10.8,14.9,26.8,250000,25.0,50000,50000,39863,0,0,0
dynamic_overlap_100d_4pct_hdd,100,62,1000000,5000,1.0,late_binding,15.0,14,700000,750000,96,healthy,99,severe_slow,2,10.8,14.8,52.0,250000,25.0,50000,50000,39708,0,0,0
dynamic_overlap_100d_4pct_hdd,100,62,1000000,5000,1.0,late_binding,15.0,15,750000,800000,96,healthy,99,severe_slow,1,10.7,14.3,16.8,250000,25.0,50000,50000,40125,0,0,0
dynamic_overlap_100d_4pct_hdd,100,62,1000000,5000,1.0,late_binding,15.0,16,800000,850000,96,healthy,99,severe_slow,1,10.8,14.4,16.8,250000,25.0,50000,50000,40050,0,0,0
dynamic_overlap_100d_4pct_hdd,100,62,1000000,5000,1.0,late_binding,15.0,17,850000,900000,96,healthy,99,recovery,0,10.7,14.0,15.5,250000,25.0,50000,50000,40212,0,0,0
dynamic_overlap_100d_4pct_hdd,100,62,1000000,5000,1.0,late_binding,15.0,18,900000,950000,96,healthy,99,healthy,0,10.7,14.0,15.5,250000,25.0,50000,50000,39937,0,0,0
dynamic_overlap_100d_4pct_hdd,100,62,1000000,5000,1.0,late_binding,15.0,19,950000,1000000,96,healthy,99,healthy,0,10.7,14.0,15.4,250000,25.0,50000,50000,40176,0,0,0
dynamic_overlap_100d_4pct_hdd,100,62,1000000,5000,1.0,timeout_degraded_read,15.0,0,0,50000,96,healthy,99,healthy,0,12.5,16.8,18.7,207973,4.0,7973,7973,181,0,0,0
dynamic_overlap_100d_4pct_hdd,100,62,1000000,5000,1.0,timeout_degraded_read,15.0,1,50000,100000,96,healthy,99,healthy,0,12.5,16.8,18.7,208064,4.0,8064,8064,179,0,0,0
dynamic_overlap_100d_4pct_hdd,100,62,1000000,5000,1.0,timeout_degraded_read,15.0,2,100000,150000,96,healthy,99,healthy,0,12.5,16.8,18.8,208032,4.0,8032,8032,188,0,0,0
dynamic_overlap_100d_4pct_hdd,100,62,1000000,5000,1.0,timeout_degraded_read,15.0,3,150000,200000,96,mild_slow,99,healthy,1,12.6,17.5,22.9,209201,4.6,9201,9201,892,0,0,0
dynamic_overlap_100d_4pct_hdd,100,62,1000000,5000,1.0,timeout_degraded_read,15.0,4,200000,250000,96,mild_slow,99,healthy,1,12.6,17.5,23.0,209209,4.6,9209,9209,932,0,0,0
dynamic_overlap_100d_4pct_hdd,100,62,1000000,5000,1.0,timeout_degraded_read,15.0,5,250000,300000,96,mild_slow,99,healthy,2,12.6,17.8,25.5,209214,4.6,9214,9214,1211,0,0,0
dynamic_overlap_100d_4pct_hdd,100,62,1000000,5000,1.0,timeout_degraded_read,15.0,6,300000,350000,96,severe_slow,99,healthy,2,12.6,17.8,28.3,209324,4.7,9324,9324,1541,0,0,0
dynamic_overlap_100d_4pct_hdd,100,62,1000000,5000,1.0,timeout_degraded_read,15.0,7,350000,400000,96,severe_slow,99,healthy,2,12.6,17.8,28.3,209304,4.7,9304,9304,1552,0,0,0
dynamic_overlap_100d_4pct_hdd,100,62,1000000,5000,1.0,timeout_degraded_read,15.0,8,400000,450000,96,severe_slow,99,healthy,3,12.6,18.5,51.8,209804,4.9,9804,9804,1876,0,0,0
dynamic_overlap_100d_4pct_hdd,100,62,1000000,5000,1.0,timeout_degraded_read,15.0,9,450000,500000,96,severe_slow,99,healthy,3,12.6,18.4,52.0,209832,4.9,9832,9832,1907,0,0,0
dynamic_overlap_100d_4pct_hdd,100,62,1000000,5000,1.0,timeout_degraded_read,15.0,10,500000,550000,96,recovery,99,healthy,2,12.6,18.7,33.3,209841,4.9,9841,9841,1870,0,0,0
dynamic_overlap_100d_4pct_hdd,100,62,1000000,5000,1.0,timeout_degraded_read,15.0,11,550000,600000,96,recovery,99,mild_slow,3,12.6,18.7,54.8,209798,4.9,9798,9798,1764,0,0,0
dynamic_overlap_100d_4pct_hdd,100,62,1000000,5000,1.0,timeout_degraded_read,15.0,12,600000,650000,96,healthy,99,mild_slow,2,12.6,18.1,28.8,209481,4.7,9481,9481,1646,0,0,0
dynamic_overlap_100d_4pct_hdd,100,62,1000000,5000,1.0,timeout_degraded_read,15.0,13,650000,700000,96,healthy,99,mild_slow,2,12.6,18.0,28.5,209493,4.7,9493,9493,1572,0,0,0
dynamic_overlap_100d_4pct_hdd,100,62,1000000,5000,1.0,timeout_degraded_read,15.0,14,700000,750000,96,healthy,99,severe_slow,2,12.6,17.9,52.0,209296,4.6,9296,9296,1694,0,0,0
dynamic_overlap_100d_4pct_hdd,100,62,1000000,5000,1.0,timeout_degraded_read,15.0,15,750000,800000,96,healthy,99,severe_slow,1,12.6,17.9,25.4,209423,4.7,9423,9423,1606,0,0,0
dynamic_overlap_100d_4pct_hdd,100,62,1000000,5000,1.0,timeout_degraded_read,15.0,16,800000,850000,96,healthy,99,severe_slow,1,12.6,17.9,25.5,209285,4.6,9285,9285,1586,0,0,0
dynamic_overlap_100d_4pct_hdd,100,62,1000000,5000,1.0,timeout_degraded_read,15.0,17,850000,900000,96,healthy,99,recovery,0,12.5,16.9,19.1,208481,4.2,8481,8481,250,0,0,0
dynamic_overlap_100d_4pct_hdd,100,62,1000000,5000,1.0,timeout_degraded_read,15.0,18,900000,950000,96,healthy,99,healthy,0,12.5,16.8,18.7,208087,4.0,8087,8087,200,0,0,0
dynamic_overlap_100d_4pct_hdd,100,62,1000000,5000,1.0,timeout_degraded_read,15.0,19,950000,1000000,96,healthy,99,healthy,0,12.5,16.8,18.7,208074,4.0,8074,8074,192,0,0,0
dynamic_overlap_100d_4pct_hdd,100,62,1000000,5000,1.0,health_ec,15.0,0,0,50000,96,healthy,99,healthy,0,12.5,16.8,18.8,200000,0.0,0,0,0,0,0,0
dynamic_overlap_100d_4pct_hdd,100,62,1000000,5000,1.0,health_ec,15.0,1,50000,100000,96,healthy,99,healthy,0,12.5,16.8,18.8,200000,0.0,0,0,0,0,0,0
dynamic_overlap_100d_4pct_hdd,100,62,1000000,5000,1.0,health_ec,15.0,2,100000,150000,96,healthy,99,healthy,0,12.5,16.8,18.8,200000,0.0,0,0,0,0,0,0
dynamic_overlap_100d_4pct_hdd,100,62,1000000,5000,1.0,health_ec,15.0,3,150000,200000,96,mild_slow,99,healthy,1,12.5,17.1,20.4,200484,0.2,484,484,474,1,1,0
dynamic_overlap_100d_4pct_hdd,100,62,1000000,5000,1.0,health_ec,15.0,4,200000,250000,96,mild_slow,99,healthy,1,12.5,16.9,19.4,200806,0.4,806,806,786,0,0,0
dynamic_overlap_100d_4pct_hdd,100,62,1000000,5000,1.0,health_ec,15.0,5,250000,300000,96,mild_slow,99,healthy,2,12.6,17.3,22.6,200873,0.4,873,873,868,1,1,0
dynamic_overlap_100d_4pct_hdd,100,62,1000000,5000,1.0,health_ec,15.0,6,300000,350000,96,severe_slow,99,healthy,2,12.6,17.4,26.0,200936,0.5,936,936,935,0,0,0
dynamic_overlap_100d_4pct_hdd,100,62,1000000,5000,1.0,health_ec,15.0,7,350000,400000,96,severe_slow,99,healthy,2,12.6,17.4,25.3,201039,0.5,1039,1039,1039,0,0,0
dynamic_overlap_100d_4pct_hdd,100,62,1000000,5000,1.0,health_ec,15.0,8,400000,450000,96,severe_slow,99,healthy,3,12.6,17.7,47.3,201404,0.7,1404,1404,1400,1,1,0
dynamic_overlap_100d_4pct_hdd,100,62,1000000,5000,1.0,health_ec,15.0,9,450000,500000,96,severe_slow,99,healthy,3,12.6,17.6,48.5,201605,0.8,1605,1605,1590,0,0,0
dynamic_overlap_100d_4pct_hdd,100,62,1000000,5000,1.0,health_ec,15.0,10,500000,550000,96,recovery,99,healthy,2,12.5,17.2,21.4,201657,0.8,1657,1657,1651,1,1,0
dynamic_overlap_100d_4pct_hdd,100,62,1000000,5000,1.0,health_ec,15.0,11,550000,600000,96,recovery,99,mild_slow,3,12.6,17.8,36.9,201714,0.9,1714,1714,1682,1,1,0
dynamic_overlap_100d_4pct_hdd,100,62,1000000,5000,1.0,health_ec,15.0,12,600000,650000,96,healthy,99,mild_slow,2,12.6,17.4,24.7,201626,0.8,1626,1626,1261,0,0,0
dynamic_overlap_100d_4pct_hdd,100,62,1000000,5000,1.0,health_ec,15.0,13,650000,700000,96,healthy,99,mild_slow,2,12.6,17.4,23.8,201344,0.7,1344,1344,1147,0,0,0
dynamic_overlap_100d_4pct_hdd,100,62,1000000,5000,1.0,health_ec,15.0,14,700000,750000,96,healthy,99,severe_slow,2,12.6,17.4,44.8,201164,0.6,1164,1164,1021,1,1,0
dynamic_overlap_100d_4pct_hdd,100,62,1000000,5000,1.0,health_ec,15.0,15,750000,800000,96,healthy,99,severe_slow,1,12.5,17.0,19.2,201106,0.6,1106,1106,1068,0,0,0
dynamic_overlap_100d_4pct_hdd,100,62,1000000,5000,1.0,health_ec,15.0,16,800000,850000,96,healthy,99,severe_slow,1,12.5,17.0,19.2,201026,0.5,1026,1026,1005,0,0,0
dynamic_overlap_100d_4pct_hdd,100,62,1000000,5000,1.0,health_ec,15.0,17,850000,900000,96,healthy,99,recovery,0,12.5,16.8,18.8,200930,0.5,930,930,824,0,0,0
dynamic_overlap_100d_4pct_hdd,100,62,1000000,5000,1.0,health_ec,15.0,18,900000,950000,96,healthy,99,healthy,0,12.5,16.8,18.8,200545,0.3,545,545,434,0,0,0
dynamic_overlap_100d_4pct_hdd,100,62,1000000,5000,1.0,health_ec,15.0,19,950000,1000000,96,healthy,99,healthy,0,12.5,16.8,18.8,200310,0.2,310,310,245,0,0,0
dynamic_overlap_100d_4pct_hdd,100,63,1000000,5000,1.0,vanilla_ec,15.0,0,0,50000,96,healthy,99,healthy,0,12.5,16.8,18.9,200000,0.0,0,0,0,0,0,0
dynamic_overlap_100d_4pct_hdd,100,63,1000000,5000,1.0,vanilla_ec,15.0,1,50000,100000,96,healthy,99,healthy,0,12.5,16.8,18.9,200000,0.0,0,0,0,0,0,0
dynamic_overlap_100d_4pct_hdd,100,63,1000000,5000,1.0,vanilla_ec,15.0,2,100000,150000,96,healthy,99,healthy,0,12.5,16.8,18.8,200000,0.0,0,0,0,0,0,0
dynamic_overlap_100d_4pct_hdd,100,63,1000000,5000,1.0,vanilla_ec,15.0,3,150000,200000,96,mild_slow,99,healthy,1,12.6,17.6,26.7,200000,0.0,0,0,0,0,0,0
dynamic_overlap_100d_4pct_hdd,100,63,1000000,5000,1.0,vanilla_ec,15.0,4,200000,250000,96,mild_slow,99,healthy,1,12.6,17.6,27.1,200000,0.0,0,0,0,0,0,0
dynamic_overlap_100d_4pct_hdd,100,63,1000000,5000,1.0,vanilla_ec,15.0,5,250000,300000,96,mild_slow,99,healthy,2,12.6,17.8,30.8,200000,0.0,0,0,0,0,0,0
dynamic_overlap_100d_4pct_hdd,100,63,1000000,5000,1.0,vanilla_ec,15.0,6,300000,350000,96,severe_slow,99,healthy,2,12.6,17.9,63.9,200000,0.0,0,0,0,0,0,0
dynamic_overlap_100d_4pct_hdd,100,63,1000000,5000,1.0,vanilla_ec,15.0,7,350000,400000,96,severe_slow,99,healthy,2,12.6,17.9,64.1,200000,0.0,0,0,0,0,0,0
dynamic_overlap_100d_4pct_hdd,100,63,1000000,5000,1.0,vanilla_ec,15.0,8,400000,450000,96,severe_slow,99,healthy,3,12.6,18.5,72.4,200000,0.0,0,0,0,0,0,0
dynamic_overlap_100d_4pct_hdd,100,63,1000000,5000,1.0,vanilla_ec,15.0,9,450000,500000,96,severe_slow,99,healthy,3,12.6,18.6,73.8,200000,0.0,0,0,0,0,0,0
dynamic_overlap_100d_4pct_hdd,100,63,1000000,5000,1.0,vanilla_ec,15.0,10,500000,550000,96,recovery,99,healthy,2,12.6,18.5,62.9,200000,0.0,0,0,0,0,0,0
dynamic_overlap_100d_4pct_hdd,100,63,1000000,5000,1.0,vanilla_ec,15.0,11,550000,600000,96,recovery,99,mild_slow,3,12.6,18.8,74.1,200000,0.0,0,0,0,0,0,0
dynamic_overlap_100d_4pct_hdd,100,63,1000000,5000,1.0,vanilla_ec,15.0,12,600000,650000,96,healthy,99,mild_slow,2,12.6,18.1,65.1,200000,0.0,0,0,0,0,0,0
dynamic_overlap_100d_4pct_hdd,100,63,1000000,5000,1.0,vanilla_ec,15.0,13,650000,700000,96,healthy,99,mild_slow,2,12.6,18.0,64.2,200000,0.0,0,0,0,0,0,0
dynamic_overlap_100d_4pct_hdd,100,63,1000000,5000,1.0,vanilla_ec,15.0,14,700000,750000,96,healthy,99,severe_slow,2,12.6,17.9,72.1,200000,0.0,0,0,0,0,0,0
dynamic_overlap_100d_4pct_hdd,100,63,1000000,5000,1.0,vanilla_ec,15.0,15,750000,800000,96,healthy,99,severe_slow,1,12.6,18.0,66.2,200000,0.0,0,0,0,0,0,0
dynamic_overlap_100d_4pct_hdd,100,63,1000000,5000,1.0,vanilla_ec,15.0,16,800000,850000,96,healthy,99,severe_slow,1,12.6,18.0,64.0,200000,0.0,0,0,0,0,0,0
dynamic_overlap_100d_4pct_hdd,100,63,1000000,5000,1.0,vanilla_ec,15.0,17,850000,900000,96,healthy,99,recovery,0,12.5,17.0,19.2,200000,0.0,0,0,0,0,0,0
dynamic_overlap_100d_4pct_hdd,100,63,1000000,5000,1.0,vanilla_ec,15.0,18,900000,950000,96,healthy,99,healthy,0,12.5,16.8,18.8,200000,0.0,0,0,0,0,0,0
dynamic_overlap_100d_4pct_hdd,100,63,1000000,5000,1.0,vanilla_ec,15.0,19,950000,1000000,96,healthy,99,healthy,0,12.5,16.8,18.9,200000,0.0,0,0,0,0,0,0
dynamic_overlap_100d_4pct_hdd,100,63,1000000,5000,1.0,late_binding,15.0,0,0,50000,96,healthy,99,healthy,0,10.7,14.0,15.4,250000,25.0,50000,50000,39978,0,0,0
dynamic_overlap_100d_4pct_hdd,100,63,1000000,5000,1.0,late_binding,15.0,1,50000,100000,96,healthy,99,healthy,0,10.7,14.0,15.5,250000,25.0,50000,50000,39960,0,0,0
dynamic_overlap_100d_4pct_hdd,100,63,1000000,5000,1.0,late_binding,15.0,2,100000,150000,96,healthy,99,healthy,0,10.7,14.0,15.4,250000,25.0,50000,50000,40150,0,0,0
dynamic_overlap_100d_4pct_hdd,100,63,1000000,5000,1.0,late_binding,15.0,3,150000,200000,96,mild_slow,99,healthy,1,10.8,14.2,15.8,250000,25.0,50000,50000,39887,0,0,0
dynamic_overlap_100d_4pct_hdd,100,63,1000000,5000,1.0,late_binding,15.0,4,200000,250000,96,mild_slow,99,healthy,1,10.7,14.2,15.7,250000,25.0,50000,50000,39701,0,0,0
dynamic_overlap_100d_4pct_hdd,100,63,1000000,5000,1.0,late_binding,15.0,5,250000,300000,96,mild_slow,99,healthy,2,10.8,14.7,21.9,250000,25.0,50000,50000,40017,0,0,0
dynamic_overlap_100d_4pct_hdd,100,63,1000000,5000,1.0,late_binding,15.0,6,300000,350000,96,severe_slow,99,healthy,2,10.8,14.8,26.9,250000,25.0,50000,50000,39795,0,0,0
dynamic_overlap_100d_4pct_hdd,100,63,1000000,5000,1.0,late_binding,15.0,7,350000,400000,96,severe_slow,99,healthy,2,10.8,14.8,27.0,250000,25.0,50000,50000,39863,0,0,0
dynamic_overlap_100d_4pct_hdd,100,63,1000000,5000,1.0,late_binding,15.0,8,400000,450000,96,severe_slow,99,healthy,3,10.8,14.9,52.0,250000,25.0,50000,50000,39763,0,0,0
dynamic_overlap_100d_4pct_hdd,100,63,1000000,5000,1.0,late_binding,15.0,9,450000,500000,96,severe_slow,99,healthy,3,10.8,15.0,52.0,250000,25.0,50000,50000,39844,0,0,0
dynamic_overlap_100d_4pct_hdd,100,63,1000000,5000,1.0,late_binding,15.0,10,500000,550000,96,recovery,99,healthy,2,10.8,14.7,26.5,250000,25.0,50000,50000,40252,0,0,0
dynamic_overlap_100d_4pct_hdd,100,63,1000000,5000,1.0,late_binding,15.0,11,550000,600000,96,recovery,99,mild_slow,3,10.8,15.3,50.3,250000,25.0,50000,50000,39894,0,0,0
dynamic_overlap_100d_4pct_hdd,100,63,1000000,5000,1.0,late_binding,15.0,12,600000,650000,96,healthy,99,mild_slow,2,10.8,15.0,27.7,250000,25.0,50000,50000,40039,0,0,0
dynamic_overlap_100d_4pct_hdd,100,63,1000000,5000,1.0,late_binding,15.0,13,650000,700000,96,healthy,99,mild_slow,2,10.8,14.9,27.2,250000,25.0,50000,50000,39798,0,0,0
dynamic_overlap_100d_4pct_hdd,100,63,1000000,5000,1.0,late_binding,15.0,14,700000,750000,96,healthy,99,severe_slow,2,10.8,14.8,51.0,250000,25.0,50000,50000,39982,0,0,0
dynamic_overlap_100d_4pct_hdd,100,63,1000000,5000,1.0,late_binding,15.0,15,750000,800000,96,healthy,99,severe_slow,1,10.8,14.4,16.9,250000,25.0,50000,50000,40326,0,0,0
dynamic_overlap_100d_4pct_hdd,100,63,1000000,5000,1.0,late_binding,15.0,16,800000,850000,96,healthy,99,severe_slow,1,10.8,14.4,16.8,250000,25.0,50000,50000,39972,0,0,0
dynamic_overlap_100d_4pct_hdd,100,63,1000000,5000,1.0,late_binding,15.0,17,850000,900000,96,healthy,99,recovery,0,10.7,14.1,15.5,250000,25.0,50000,50000,39902,0,0,0
dynamic_overlap_100d_4pct_hdd,100,63,1000000,5000,1.0,late_binding,15.0,18,900000,950000,96,healthy,99,healthy,0,10.7,14.0,15.4,250000,25.0,50000,50000,40005,0,0,0
dynamic_overlap_100d_4pct_hdd,100,63,1000000,5000,1.0,late_binding,15.0,19,950000,1000000,96,healthy,99,healthy,0,10.7,14.0,15.4,250000,25.0,50000,50000,39951,0,0,0
dynamic_overlap_100d_4pct_hdd,100,63,1000000,5000,1.0,timeout_degraded_read,15.0,0,0,50000,96,healthy,99,healthy,0,12.5,16.8,18.8,208177,4.1,8177,8177,197,0,0,0
dynamic_overlap_100d_4pct_hdd,100,63,1000000,5000,1.0,timeout_degraded_read,15.0,1,50000,100000,96,healthy,99,healthy,0,12.5,16.8,18.8,208120,4.1,8120,8120,178,0,0,0
dynamic_overlap_100d_4pct_hdd,100,63,1000000,5000,1.0,timeout_degraded_read,15.0,2,100000,150000,96,healthy,99,healthy,0,12.5,16.8,18.7,208025,4.0,8025,8025,200,0,0,0
dynamic_overlap_100d_4pct_hdd,100,63,1000000,5000,1.0,timeout_degraded_read,15.0,3,150000,200000,96,mild_slow,99,healthy,1,12.6,17.5,22.8,209085,4.5,9085,9085,874,0,0,0
dynamic_overlap_100d_4pct_hdd,100,63,1000000,5000,1.0,timeout_degraded_read,15.0,4,200000,250000,96,mild_slow,99,healthy,1,12.6,17.5,22.9,209089,4.5,9089,9089,918,0,0,0
dynamic_overlap_100d_4pct_hdd,100,63,1000000,5000,1.0,timeout_degraded_read,15.0,5,250000,300000,96,mild_slow,99,healthy,2,12.6,17.8,25.3,209237,4.6,9237,9237,1215,0,0,0
dynamic_overlap_100d_4pct_hdd,100,63,1000000,5000,1.0,timeout_degraded_read,15.0,6,300000,350000,96,severe_slow,99,healthy,2,12.6,17.9,28.5,209488,4.7,9488,9488,1637,0,0,0
dynamic_overlap_100d_4pct_hdd,100,63,1000000,5000,1.0,timeout_degraded_read,15.0,7,350000,400000,96,severe_slow,99,healthy,2,12.6,17.9,28.6,209362,4.7,9362,9362,1655,0,0,0
dynamic_overlap_100d_4pct_hdd,100,63,1000000,5000,1.0,timeout_degraded_read,15.0,8,400000,450000,96,severe_slow,99,healthy,3,12.6,18.4,52.2,209653,4.8,9653,9653,1851,0,0,0
dynamic_overlap_100d_4pct_hdd,100,63,1000000,5000,1.0,timeout_degraded_read,15.0,9,450000,500000,96,severe_slow,99,healthy,3,12.6,18.5,52.3,209774,4.9,9774,9774,1900,0,0,0
dynamic_overlap_100d_4pct_hdd,100,63,1000000,5000,1.0,timeout_degraded_read,15.0,10,500000,550000,96,recovery,99,healthy,2,12.6,18.4,33.0,209587,4.8,9587,9587,1750,0,0,0
dynamic_overlap_100d_4pct_hdd,100,63,1000000,5000,1.0,timeout_degraded_read,15.0,11,550000,600000,96,recovery,99,mild_slow,3,12.6,18.7,53.2,209701,4.9,9701,9701,1847,0,0,0
dynamic_overlap_100d_4pct_hdd,100,63,1000000,5000,1.0,timeout_degraded_read,15.0,12,600000,650000,96,healthy,99,mild_slow,2,12.6,18.0,28.9,209540,4.8,9540,9540,1657,0,0,0
dynamic_overlap_100d_4pct_hdd,100,63,1000000,5000,1.0,timeout_degraded_read,15.0,13,650000,700000,96,healthy,99,mild_slow,2,12.6,18.0,28.5,209426,4.7,9426,9426,1622,0,0,0
dynamic_overlap_100d_4pct_hdd,100,63,1000000,5000,1.0,timeout_degraded_read,15.0,14,700000,750000,96,healthy,99,severe_slow,2,12.6,17.9,51.0,209373,4.7,9373,9373,1652,0,0,0
dynamic_overlap_100d_4pct_hdd,100,63,1000000,5000,1.0,timeout_degraded_read,15.0,15,750000,800000,96,healthy,99,severe_slow,1,12.6,17.9,25.5,209456,4.7,9456,9456,1616,0,0,0
dynamic_overlap_100d_4pct_hdd,100,63,1000000,5000,1.0,timeout_degraded_read,15.0,16,800000,850000,96,healthy,99,severe_slow,1,12.6,17.9,25.1,209293,4.6,9293,9293,1596,0,0,0
dynamic_overlap_100d_4pct_hdd,100,63,1000000,5000,1.0,timeout_degraded_read,15.0,17,850000,900000,96,healthy,99,recovery,0,12.5,17.0,19.1,208564,4.3,8564,8564,270,0,0,0
dynamic_overlap_100d_4pct_hdd,100,63,1000000,5000,1.0,timeout_degraded_read,15.0,18,900000,950000,96,healthy,99,healthy,0,12.5,16.8,18.7,208180,4.1,8180,8180,167,0,0,0
dynamic_overlap_100d_4pct_hdd,100,63,1000000,5000,1.0,timeout_degraded_read,15.0,19,950000,1000000,96,healthy,99,healthy,0,12.5,16.8,18.8,208138,4.1,8138,8138,194,0,0,0
dynamic_overlap_100d_4pct_hdd,100,63,1000000,5000,1.0,health_ec,15.0,0,0,50000,96,healthy,99,healthy,0,12.5,16.8,18.9,200000,0.0,0,0,0,0,0,0
dynamic_overlap_100d_4pct_hdd,100,63,1000000,5000,1.0,health_ec,15.0,1,50000,100000,96,healthy,99,healthy,0,12.5,16.8,18.9,200000,0.0,0,0,0,0,0,0
dynamic_overlap_100d_4pct_hdd,100,63,1000000,5000,1.0,health_ec,15.0,2,100000,150000,96,healthy,99,healthy,0,12.5,16.8,18.8,200000,0.0,0,0,0,0,0,0
dynamic_overlap_100d_4pct_hdd,100,63,1000000,5000,1.0,health_ec,15.0,3,150000,200000,96,mild_slow,99,healthy,1,12.5,17.1,20.6,200508,0.3,508,508,489,1,1,0
dynamic_overlap_100d_4pct_hdd,100,63,1000000,5000,1.0,health_ec,15.0,4,200000,250000,96,mild_slow,99,healthy,1,12.5,17.0,19.8,200669,0.3,669,669,658,0,0,0
dynamic_overlap_100d_4pct_hdd,100,63,1000000,5000,1.0,health_ec,15.0,5,250000,300000,96,mild_slow,99,healthy,2,12.6,17.3,22.6,200795,0.4,795,795,794,1,1,0
dynamic_overlap_100d_4pct_hdd,100,63,1000000,5000,1.0,health_ec,15.0,6,300000,350000,96,severe_slow,99,healthy,2,12.6,17.4,26.4,201037,0.5,1037,1037,1037,0,0,0
dynamic_overlap_100d_4pct_hdd,100,63,1000000,5000,1.0,health_ec,15.0,7,350000,400000,96,severe_slow,99,healthy,2,12.6,17.3,25.2,201094,0.5,1094,1094,1094,0,0,0
dynamic_overlap_100d_4pct_hdd,100,63,1000000,5000,1.0,health_ec,15.0,8,400000,450000,96,severe_slow,99,healthy,3,12.6,17.8,47.4,201365,0.7,1365,1365,1361,1,1,0
dynamic_overlap_100d_4pct_hdd,100,63,1000000,5000,1.0,health_ec,15.0,9,450000,500000,96,severe_slow,99,healthy,3,12.6,17.6,47.9,201571,0.8,1571,1571,1562,0,0,0
dynamic_overlap_100d_4pct_hdd,100,63,1000000,5000,1.0,health_ec,15.0,10,500000,550000,96,recovery,99,healthy,2,12.5,17.2,21.3,201575,0.8,1575,1575,1564,0,0,0
dynamic_overlap_100d_4pct_hdd,100,63,1000000,5000,1.0,health_ec,15.0,11,550000,600000,96,recovery,99,mild_slow,3,12.6,17.8,35.9,201673,0.8,1673,1673,1642,2,2,0
dynamic_overlap_100d_4pct_hdd,100,63,1000000,5000,1.0,health_ec,15.0,12,600000,650000,96,healthy,99,mild_slow,2,12.6,17.4,25.1,201591,0.8,1591,1591,1228,0,0,0
dynamic_overlap_100d_4pct_hdd,100,63,1000000,5000,1.0,health_ec,15.0,13,650000,700000,96,healthy,99,mild_slow,2,12.6,17.4,24.2,201448,0.7,1448,1448,1190,0,0,0
dynamic_overlap_100d_4pct_hdd,100,63,1000000,5000,1.0,health_ec,15.0,14,700000,750000,96,healthy,99,severe_slow,2,12.6,17.4,44.5,201129,0.6,1129,1129,982,1,1,0
dynamic_overlap_100d_4pct_hdd,100,63,1000000,5000,1.0,health_ec,15.0,15,750000,800000,96,healthy,99,severe_slow,1,12.5,16.9,19.2,201099,0.5,1099,1099,1058,0,0,0
dynamic_overlap_100d_4pct_hdd,100,63,1000000,5000,1.0,health_ec,15.0,16,800000,850000,96,healthy,99,severe_slow,1,12.5,17.0,19.2,201033,0.5,1033,1033,1018,0,0,0
dynamic_overlap_100d_4pct_hdd,100,63,1000000,5000,1.0,health_ec,15.0,17,850000,900000,96,healthy,99,recovery,0,12.5,16.8,18.8,200894,0.4,894,894,795,0,0,0
dynamic_overlap_100d_4pct_hdd,100,63,1000000,5000,1.0,health_ec,15.0,18,900000,950000,96,healthy,99,healthy,0,12.5,16.8,18.8,200536,0.3,536,536,438,0,0,0
dynamic_overlap_100d_4pct_hdd,100,63,1000000,5000,1.0,health_ec,15.0,19,950000,1000000,96,healthy,99,healthy,0,12.5,16.8,18.9,200347,0.2,347,347,276,0,0,0
dynamic_overlap_100d_4pct_hdd,100,64,1000000,5000,1.0,vanilla_ec,15.0,0,0,50000,96,healthy,99,healthy,0,12.5,16.9,18.8,200000,0.0,0,0,0,0,0,0
dynamic_overlap_100d_4pct_hdd,100,64,1000000,5000,1.0,vanilla_ec,15.0,1,50000,100000,96,healthy,99,healthy,0,12.5,16.8,18.8,200000,0.0,0,0,0,0,0,0
dynamic_overlap_100d_4pct_hdd,100,64,1000000,5000,1.0,vanilla_ec,15.0,2,100000,150000,96,healthy,99,healthy,0,12.5,16.8,18.9,200000,0.0,0,0,0,0,0,0
dynamic_overlap_100d_4pct_hdd,100,64,1000000,5000,1.0,vanilla_ec,15.0,3,150000,200000,96,mild_slow,99,healthy,1,12.6,17.6,27.6,200000,0.0,0,0,0,0,0,0
dynamic_overlap_100d_4pct_hdd,100,64,1000000,5000,1.0,vanilla_ec,15.0,4,200000,250000,96,mild_slow,99,healthy,1,12.6,17.6,27.2,200000,0.0,0,0,0,0,0,0
dynamic_overlap_100d_4pct_hdd,100,64,1000000,5000,1.0,vanilla_ec,15.0,5,250000,300000,96,mild_slow,99,healthy,2,12.6,17.7,31.3,200000,0.0,0,0,0,0,0,0
dynamic_overlap_100d_4pct_hdd,100,64,1000000,5000,1.0,vanilla_ec,15.0,6,300000,350000,96,severe_slow,99,healthy,2,12.6,18.0,62.5,200000,0.0,0,0,0,0,0,0
dynamic_overlap_100d_4pct_hdd,100,64,1000000,5000,1.0,vanilla_ec,15.0,7,350000,400000,96,severe_slow,99,healthy,2,12.6,17.8,61.6,200000,0.0,0,0,0,0,0,0
dynamic_overlap_100d_4pct_hdd,100,64,1000000,5000,1.0,vanilla_ec,15.0,8,400000,450000,96,severe_slow,99,healthy,3,12.6,18.8,72.9,200000,0.0,0,0,0,0,0,0
dynamic_overlap_100d_4pct_hdd,100,64,1000000,5000,1.0,vanilla_ec,15.0,9,450000,500000,96,severe_slow,99,healthy,3,12.6,18.7,72.3,200000,0.0,0,0,0,0,0,0
dynamic_overlap_100d_4pct_hdd,100,64,1000000,5000,1.0,vanilla_ec,15.0,10,500000,550000,96,recovery,99,healthy,2,12.6,18.5,61.9,200000,0.0,0,0,0,0,0,0
dynamic_overlap_100d_4pct_hdd,100,64,1000000,5000,1.0,vanilla_ec,15.0,11,550000,600000,96,recovery,99,mild_slow,3,12.6,19.1,74.1,200000,0.0,0,0,0,0,0,0
dynamic_overlap_100d_4pct_hdd,100,64,1000000,5000,1.0,vanilla_ec,15.0,12,600000,650000,96,healthy,99,mild_slow,2,12.6,18.1,63.8,200000,0.0,0,0,0,0,0,0
dynamic_overlap_100d_4pct_hdd,100,64,1000000,5000,1.0,vanilla_ec,15.0,13,650000,700000,96,healthy,99,mild_slow,2,12.6,18.1,63.7,200000,0.0,0,0,0,0,0,0
dynamic_overlap_100d_4pct_hdd,100,64,1000000,5000,1.0,vanilla_ec,15.0,14,700000,750000,96,healthy,99,severe_slow,2,12.6,17.8,72.6,200000,0.0,0,0,0,0,0,0
dynamic_overlap_100d_4pct_hdd,100,64,1000000,5000,1.0,vanilla_ec,15.0,15,750000,800000,96,healthy,99,severe_slow,1,12.6,17.9,64.2,200000,0.0,0,0,0,0,0,0
dynamic_overlap_100d_4pct_hdd,100,64,1000000,5000,1.0,vanilla_ec,15.0,16,800000,850000,96,healthy,99,severe_slow,1,12.6,17.9,62.6,200000,0.0,0,0,0,0,0,0
dynamic_overlap_100d_4pct_hdd,100,64,1000000,5000,1.0,vanilla_ec,15.0,17,850000,900000,96,healthy,99,recovery,0,12.5,17.0,19.3,200000,0.0,0,0,0,0,0,0
dynamic_overlap_100d_4pct_hdd,100,64,1000000,5000,1.0,vanilla_ec,15.0,18,900000,950000,96,healthy,99,healthy,0,12.5,16.8,18.8,200000,0.0,0,0,0,0,0,0
dynamic_overlap_100d_4pct_hdd,100,64,1000000,5000,1.0,vanilla_ec,15.0,19,950000,1000000,96,healthy,99,healthy,0,12.5,16.8,18.8,200000,0.0,0,0,0,0,0,0
dynamic_overlap_100d_4pct_hdd,100,64,1000000,5000,1.0,late_binding,15.0,0,0,50000,96,healthy,99,healthy,0,10.7,14.0,15.4,250000,25.0,50000,50000,40064,0,0,0
dynamic_overlap_100d_4pct_hdd,100,64,1000000,5000,1.0,late_binding,15.0,1,50000,100000,96,healthy,99,healthy,0,10.7,14.0,15.5,250000,25.0,50000,50000,40065,0,0,0
dynamic_overlap_100d_4pct_hdd,100,64,1000000,5000,1.0,late_binding,15.0,2,100000,150000,96,healthy,99,healthy,0,10.7,14.0,15.5,250000,25.0,50000,50000,40006,0,0,0
dynamic_overlap_100d_4pct_hdd,100,64,1000000,5000,1.0,late_binding,15.0,3,150000,200000,96,mild_slow,99,healthy,1,10.7,14.1,15.7,250000,25.0,50000,50000,39766,0,0,0
dynamic_overlap_100d_4pct_hdd,100,64,1000000,5000,1.0,late_binding,15.0,4,200000,250000,96,mild_slow,99,healthy,1,10.8,14.2,15.8,250000,25.0,50000,50000,39816,0,0,0
dynamic_overlap_100d_4pct_hdd,100,64,1000000,5000,1.0,late_binding,15.0,5,250000,300000,96,mild_slow,99,healthy,2,10.8,14.6,22.3,250000,25.0,50000,50000,39868,0,0,0
dynamic_overlap_100d_4pct_hdd,100,64,1000000,5000,1.0,late_binding,15.0,6,300000,350000,96,severe_slow,99,healthy,2,10.8,14.8,27.3,250000,25.0,50000,50000,39777,0,0,0
dynamic_overlap_100d_4pct_hdd,100,64,1000000,5000,1.0,late_binding,15.0,7,350000,400000,96,severe_slow,99,healthy,2,10.8,14.7,26.7,250000,25.0,50000,50000,39791,0,0,0
dynamic_overlap_100d_4pct_hdd,100,64,1000000,5000,1.0,late_binding,15.0,8,400000,450000,96,severe_slow,99,healthy,3,10.8,15.0,52.6,250000,25.0,50000,50000,39831,0,0,0
dynamic_overlap_100d_4pct_hdd,100,64,1000000,5000,1.0,late_binding,15.0,9,450000,500000,96,severe_slow,99,healthy,3,10.8,14.9,52.0,250000,25.0,50000,50000,39972,0,0,0
dynamic_overlap_100d_4pct_hdd,100,64,1000000,5000,1.0,late_binding,15.0,10,500000,550000,96,recovery,99,healthy,2,10.8,14.8,26.6,250000,25.0,50000,50000,40066,0,0,0
dynamic_overlap_100d_4pct_hdd,100,64,1000000,5000,1.0,late_binding,15.0,11,550000,600000,96,recovery,99,mild_slow,3,10.8,15.6,52.0,250000,25.0,50000,50000,39953,0,0,0
dynamic_overlap_100d_4pct_hdd,100,64,1000000,5000,1.0,late_binding,15.0,12,600000,650000,96,healthy,99,mild_slow,2,10.8,15.0,26.8,250000,25.0,50000,50000,39915,0,0,0
dynamic_overlap_100d_4pct_hdd,100,64,1000000,5000,1.0,late_binding,15.0,13,650000,700000,96,healthy,99,mild_slow,2,10.8,14.9,27.0,250000,25.0,50000,50000,39872,0,0,0
dynamic_overlap_100d_4pct_hdd,100,64,1000000,5000,1.0,late_binding,15.0,14,700000,750000,96,healthy,99,severe_slow,2,10.8,14.8,50.6,250000,25.0,50000,50000,39719,0,0,0
dynamic_overlap_100d_4pct_hdd,100,64,1000000,5000,1.0,late_binding,15.0,15,750000,800000,96,healthy,99,severe_slow,1,10.8,14.4,16.9,250000,25.0,50000,50000,40115,0,0,0
dynamic_overlap_100d_4pct_hdd,100,64,1000000,5000,1.0,late_binding,15.0,16,800000,850000,96,healthy,99,severe_slow,1,10.8,14.4,16.9,250000,25.0,50000,50000,40048,0,0,0
dynamic_overlap_100d_4pct_hdd,100,64,1000000,5000,1.0,late_binding,15.0,17,850000,900000,96,healthy,99,recovery,0,10.7,14.1,15.6,250000,25.0,50000,50000,40069,0,0,0
dynamic_overlap_100d_4pct_hdd,100,64,1000000,5000,1.0,late_binding,15.0,18,900000,950000,96,healthy,99,healthy,0,10.7,14.0,15.4,250000,25.0,50000,50000,39924,0,0,0
dynamic_overlap_100d_4pct_hdd,100,64,1000000,5000,1.0,late_binding,15.0,19,950000,1000000,96,healthy,99,healthy,0,10.7,14.0,15.5,250000,25.0,50000,50000,39918,0,0,0
dynamic_overlap_100d_4pct_hdd,100,64,1000000,5000,1.0,timeout_degraded_read,15.0,0,0,50000,96,healthy,99,healthy,0,12.5,16.8,18.7,208201,4.1,8201,8201,220,0,0,0
dynamic_overlap_100d_4pct_hdd,100,64,1000000,5000,1.0,timeout_degraded_read,15.0,1,50000,100000,96,healthy,99,healthy,0,12.5,16.8,18.7,208048,4.0,8048,8048,171,0,0,0
dynamic_overlap_100d_4pct_hdd,100,64,1000000,5000,1.0,timeout_degraded_read,15.0,2,100000,150000,96,healthy,99,healthy,0,12.5,16.8,18.8,208211,4.1,8211,8211,174,0,0,0
dynamic_overlap_100d_4pct_hdd,100,64,1000000,5000,1.0,timeout_degraded_read,15.0,3,150000,200000,96,mild_slow,99,healthy,1,12.6,17.5,23.0,209202,4.6,9202,9202,944,0,0,0
dynamic_overlap_100d_4pct_hdd,100,64,1000000,5000,1.0,timeout_degraded_read,15.0,4,200000,250000,96,mild_slow,99,healthy,1,12.6,17.5,23.0,209161,4.6,9161,9161,891,0,0,0
dynamic_overlap_100d_4pct_hdd,100,64,1000000,5000,1.0,timeout_degraded_read,15.0,5,250000,300000,96,mild_slow,99,healthy,2,12.6,17.6,25.3,209308,4.7,9308,9308,1236,0,0,0
dynamic_overlap_100d_4pct_hdd,100,64,1000000,5000,1.0,timeout_degraded_read,15.0,6,300000,350000,96,severe_slow,99,healthy,2,12.6,17.9,28.7,209555,4.8,9555,9555,1611,0,0,0
dynamic_overlap_100d_4pct_hdd,100,64,1000000,5000,1.0,timeout_degraded_read,15.0,7,350000,400000,96,severe_slow,99,healthy,2,12.6,17.8,28.3,209315,4.7,9315,9315,1549,0,0,0
dynamic_overlap_100d_4pct_hdd,100,64,1000000,5000,1.0,timeout_degraded_read,15.0,8,400000,450000,96,severe_slow,99,healthy,3,12.6,18.6,52.8,209737,4.9,9737,9737,1954,0,0,0
dynamic_overlap_100d_4pct_hdd,100,64,1000000,5000,1.0,timeout_degraded_read,15.0,9,450000,500000,96,severe_slow,99,healthy,3,12.6,18.5,52.3,209831,4.9,9831,9831,1894,0,0,0
dynamic_overlap_100d_4pct_hdd,100,64,1000000,5000,1.0,timeout_degraded_read,15.0,10,500000,550000,96,recovery,99,healthy,2,12.6,18.4,33.3,209786,4.9,9786,9786,1779,0,0,0
dynamic_overlap_100d_4pct_hdd,100,64,1000000,5000,1.0,timeout_degraded_read,15.0,11,550000,600000,96,recovery,99,mild_slow,3,12.6,19.0,54.4,210017,5.0,10017,10017,1902,0,0,0
dynamic_overlap_100d_4pct_hdd,100,64,1000000,5000,1.0,timeout_degraded_read,15.0,12,600000,650000,96,healthy,99,mild_slow,2,12.6,18.0,28.5,209524,4.8,9524,9524,1633,0,0,0
dynamic_overlap_100d_4pct_hdd,100,64,1000000,5000,1.0,timeout_degraded_read,15.0,13,650000,700000,96,healthy,99,mild_slow,2,12.6,18.0,28.5,209544,4.8,9544,9544,1614,0,0,0
dynamic_overlap_100d_4pct_hdd,100,64,1000000,5000,1.0,timeout_degraded_read,15.0,14,700000,750000,96,healthy,99,severe_slow,2,12.6,17.8,50.6,209157,4.6,9157,9157,1605,0,0,0
dynamic_overlap_100d_4pct_hdd,100,64,1000000,5000,1.0,timeout_degraded_read,15.0,15,750000,800000,96,healthy,99,severe_slow,1,12.6,17.8,25.3,209292,4.6,9292,9292,1623,0,0,0
dynamic_overlap_100d_4pct_hdd,100,64,1000000,5000,1.0,timeout_degraded_read,15.0,16,800000,850000,96,healthy,99,severe_slow,1,12.6,17.8,25.4,209348,4.7,9348,9348,1560,0,0,0
dynamic_overlap_100d_4pct_hdd,100,64,1000000,5000,1.0,timeout_degraded_read,15.0,17,850000,900000,96,healthy,99,recovery,0,12.5,16.9,19.2,208409,4.2,8409,8409,254,0,0,0
dynamic_overlap_100d_4pct_hdd,100,64,1000000,5000,1.0,timeout_degraded_read,15.0,18,900000,950000,96,healthy,99,healthy,0,12.5,16.8,18.7,207970,4.0,7970,7970,184,0,0,0
dynamic_overlap_100d_4pct_hdd,100,64,1000000,5000,1.0,timeout_degraded_read,15.0,19,950000,1000000,96,healthy,99,healthy,0,12.5,16.8,18.7,208048,4.0,8048,8048,211,0,0,0
dynamic_overlap_100d_4pct_hdd,100,64,1000000,5000,1.0,health_ec,15.0,0,0,50000,96,healthy,99,healthy,0,12.5,16.9,18.8,200000,0.0,0,0,0,0,0,0
dynamic_overlap_100d_4pct_hdd,100,64,1000000,5000,1.0,health_ec,15.0,1,50000,100000,96,healthy,99,healthy,0,12.5,16.8,18.8,200000,0.0,0,0,0,0,0,0
dynamic_overlap_100d_4pct_hdd,100,64,1000000,5000,1.0,health_ec,15.0,2,100000,150000,96,healthy,99,healthy,0,12.5,16.8,18.9,200000,0.0,0,0,0,0,0,0
dynamic_overlap_100d_4pct_hdd,100,64,1000000,5000,1.0,health_ec,15.0,3,150000,200000,96,mild_slow,99,healthy,1,12.5,17.1,20.5,200532,0.3,532,532,523,1,1,0
dynamic_overlap_100d_4pct_hdd,100,64,1000000,5000,1.0,health_ec,15.0,4,200000,250000,96,mild_slow,99,healthy,1,12.5,16.9,19.6,200765,0.4,765,765,752,0,0,0
dynamic_overlap_100d_4pct_hdd,100,64,1000000,5000,1.0,health_ec,15.0,5,250000,300000,96,mild_slow,99,healthy,2,12.6,17.3,22.9,200834,0.4,834,834,831,1,1,0
dynamic_overlap_100d_4pct_hdd,100,64,1000000,5000,1.0,health_ec,15.0,6,300000,350000,96,severe_slow,99,healthy,2,12.6,17.5,26.5,200992,0.5,992,992,992,0,0,0
dynamic_overlap_100d_4pct_hdd,100,64,1000000,5000,1.0,health_ec,15.0,7,350000,400000,96,severe_slow,99,healthy,2,12.6,17.3,24.9,201013,0.5,1013,1013,1013,0,0,0
dynamic_overlap_100d_4pct_hdd,100,64,1000000,5000,1.0,health_ec,15.0,8,400000,450000,96,severe_slow,99,healthy,3,12.6,17.8,48.6,201448,0.7,1448,1448,1439,1,1,0
dynamic_overlap_100d_4pct_hdd,100,64,1000000,5000,1.0,health_ec,15.0,9,450000,500000,96,severe_slow,99,healthy,3,12.6,17.7,48.2,201608,0.8,1608,1608,1593,0,0,0
dynamic_overlap_100d_4pct_hdd,100,64,1000000,5000,1.0,health_ec,15.0,10,500000,550000,96,recovery,99,healthy,2,12.6,17.2,21.6,201634,0.8,1634,1634,1621,0,0,0
dynamic_overlap_100d_4pct_hdd,100,64,1000000,5000,1.0,health_ec,15.0,11,550000,600000,96,recovery,99,mild_slow,3,12.6,17.9,38.1,201742,0.9,1742,1742,1699,2,2,0
dynamic_overlap_100d_4pct_hdd,100,64,1000000,5000,1.0,health_ec,15.0,12,600000,650000,96,healthy,99,mild_slow,2,12.6,17.4,23.8,201565,0.8,1565,1565,1201,0,0,0
dynamic_overlap_100d_4pct_hdd,100,64,1000000,5000,1.0,health_ec,15.0,13,650000,700000,96,healthy,99,mild_slow,2,12.6,17.5,24.3,201428,0.7,1428,1428,1181,0,0,0
dynamic_overlap_100d_4pct_hdd,100,64,1000000,5000,1.0,health_ec,15.0,14,700000,750000,96,healthy,99,severe_slow,2,12.5,17.3,44.8,201092,0.5,1092,1092,948,1,1,0
dynamic_overlap_100d_4pct_hdd,100,64,1000000,5000,1.0,health_ec,15.0,15,750000,800000,96,healthy,99,severe_slow,1,12.5,16.9,19.2,201086,0.5,1086,1086,1039,0,0,0
dynamic_overlap_100d_4pct_hdd,100,64,1000000,5000,1.0,health_ec,15.0,16,800000,850000,96,healthy,99,severe_slow,1,12.5,16.9,19.2,201031,0.5,1031,1031,1014,0,0,0
dynamic_overlap_100d_4pct_hdd,100,64,1000000,5000,1.0,health_ec,15.0,17,850000,900000,96,healthy,99,recovery,0,12.4,16.8,18.8,200864,0.4,864,864,781,0,0,0
dynamic_overlap_100d_4pct_hdd,100,64,1000000,5000,1.0,health_ec,15.0,18,900000,950000,96,healthy,99,healthy,0,12.5,16.8,18.8,200533,0.3,533,533,444,0,0,0
dynamic_overlap_100d_4pct_hdd,100,64,1000000,5000,1.0,health_ec,15.0,19,950000,1000000,96,healthy,99,healthy,0,12.5,16.8,18.8,200318,0.2,318,318,249,0,0,0
dynamic_overlap_100d_4pct_hdd,100,65,1000000,5000,1.0,vanilla_ec,15.0,0,0,50000,96,healthy,99,healthy,0,12.5,16.8,18.8,200000,0.0,0,0,0,0,0,0
dynamic_overlap_100d_4pct_hdd,100,65,1000000,5000,1.0,vanilla_ec,15.0,1,50000,100000,96,healthy,99,healthy,0,12.5,16.8,18.9,200000,0.0,0,0,0,0,0,0
dynamic_overlap_100d_4pct_hdd,100,65,1000000,5000,1.0,vanilla_ec,15.0,2,100000,150000,96,healthy,99,healthy,0,12.5,16.8,18.8,200000,0.0,0,0,0,0,0,0
dynamic_overlap_100d_4pct_hdd,100,65,1000000,5000,1.0,vanilla_ec,15.0,3,150000,200000,96,mild_slow,99,healthy,1,12.6,17.6,27.1,200000,0.0,0,0,0,0,0,0
dynamic_overlap_100d_4pct_hdd,100,65,1000000,5000,1.0,vanilla_ec,15.0,4,200000,250000,96,mild_slow,99,healthy,1,12.6,17.7,27.1,200000,0.0,0,0,0,0,0,0
dynamic_overlap_100d_4pct_hdd,100,65,1000000,5000,1.0,vanilla_ec,15.0,5,250000,300000,96,mild_slow,99,healthy,2,12.6,17.8,31.6,200000,0.0,0,0,0,0,0,0
dynamic_overlap_100d_4pct_hdd,100,65,1000000,5000,1.0,vanilla_ec,15.0,6,300000,350000,96,severe_slow,99,healthy,2,12.6,17.9,61.5,200000,0.0,0,0,0,0,0,0
dynamic_overlap_100d_4pct_hdd,100,65,1000000,5000,1.0,vanilla_ec,15.0,7,350000,400000,96,severe_slow,99,healthy,2,12.6,17.9,63.7,200000,0.0,0,0,0,0,0,0
dynamic_overlap_100d_4pct_hdd,100,65,1000000,5000,1.0,vanilla_ec,15.0,8,400000,450000,96,severe_slow,99,healthy,3,12.6,18.7,72.7,200000,0.0,0,0,0,0,0,0
dynamic_overlap_100d_4pct_hdd,100,65,1000000,5000,1.0,vanilla_ec,15.0,9,450000,500000,96,severe_slow,99,healthy,3,12.6,18.5,72.7,200000,0.0,0,0,0,0,0,0
dynamic_overlap_100d_4pct_hdd,100,65,1000000,5000,1.0,vanilla_ec,15.0,10,500000,550000,96,recovery,99,healthy,2,12.6,18.6,63.4,200000,0.0,0,0,0,0,0,0
dynamic_overlap_100d_4pct_hdd,100,65,1000000,5000,1.0,vanilla_ec,15.0,11,550000,600000,96,recovery,99,mild_slow,3,12.6,18.8,73.5,200000,0.0,0,0,0,0,0,0
dynamic_overlap_100d_4pct_hdd,100,65,1000000,5000,1.0,vanilla_ec,15.0,12,600000,650000,96,healthy,99,mild_slow,2,12.6,18.1,64.3,200000,0.0,0,0,0,0,0,0
dynamic_overlap_100d_4pct_hdd,100,65,1000000,5000,1.0,vanilla_ec,15.0,13,650000,700000,96,healthy,99,mild_slow,2,12.6,18.1,64.3,200000,0.0,0,0,0,0,0,0
dynamic_overlap_100d_4pct_hdd,100,65,1000000,5000,1.0,vanilla_ec,15.0,14,700000,750000,96,healthy,99,severe_slow,2,12.6,18.0,72.3,200000,0.0,0,0,0,0,0,0
dynamic_overlap_100d_4pct_hdd,100,65,1000000,5000,1.0,vanilla_ec,15.0,15,750000,800000,96,healthy,99,severe_slow,1,12.6,17.9,63.2,200000,0.0,0,0,0,0,0,0
dynamic_overlap_100d_4pct_hdd,100,65,1000000,5000,1.0,vanilla_ec,15.0,16,800000,850000,96,healthy,99,severe_slow,1,12.6,18.0,65.4,200000,0.0,0,0,0,0,0,0
dynamic_overlap_100d_4pct_hdd,100,65,1000000,5000,1.0,vanilla_ec,15.0,17,850000,900000,96,healthy,99,recovery,0,12.5,17.0,19.3,200000,0.0,0,0,0,0,0,0
dynamic_overlap_100d_4pct_hdd,100,65,1000000,5000,1.0,vanilla_ec,15.0,18,900000,950000,96,healthy,99,healthy,0,12.5,16.8,18.8,200000,0.0,0,0,0,0,0,0
dynamic_overlap_100d_4pct_hdd,100,65,1000000,5000,1.0,vanilla_ec,15.0,19,950000,1000000,96,healthy,99,healthy,0,12.5,16.8,18.8,200000,0.0,0,0,0,0,0,0
dynamic_overlap_100d_4pct_hdd,100,65,1000000,5000,1.0,late_binding,15.0,0,0,50000,96,healthy,99,healthy,0,10.7,14.0,15.4,250000,25.0,50000,50000,39991,0,0,0
dynamic_overlap_100d_4pct_hdd,100,65,1000000,5000,1.0,late_binding,15.0,1,50000,100000,96,healthy,99,healthy,0,10.7,14.1,15.5,250000,25.0,50000,50000,40042,0,0,0
dynamic_overlap_100d_4pct_hdd,100,65,1000000,5000,1.0,late_binding,15.0,2,100000,150000,96,healthy,99,healthy,0,10.7,14.0,15.4,250000,25.0,50000,50000,39896,0,0,0
dynamic_overlap_100d_4pct_hdd,100,65,1000000,5000,1.0,late_binding,15.0,3,150000,200000,96,mild_slow,99,healthy,1,10.8,14.2,15.8,250000,25.0,50000,50000,39796,0,0,0
dynamic_overlap_100d_4pct_hdd,100,65,1000000,5000,1.0,late_binding,15.0,4,200000,250000,96,mild_slow,99,healthy,1,10.8,14.2,15.8,250000,25.0,50000,50000,39875,0,0,0
dynamic_overlap_100d_4pct_hdd,100,65,1000000,5000,1.0,late_binding,15.0,5,250000,300000,96,mild_slow,99,healthy,2,10.8,14.7,22.2,250000,25.0,50000,50000,39602,0,0,0
dynamic_overlap_100d_4pct_hdd,100,65,1000000,5000,1.0,late_binding,15.0,6,300000,350000,96,severe_slow,99,healthy,2,10.8,14.8,26.7,250000,25.0,50000,50000,39745,0,0,0
dynamic_overlap_100d_4pct_hdd,100,65,1000000,5000,1.0,late_binding,15.0,7,350000,400000,96,severe_slow,99,healthy,2,10.8,14.7,27.1,250000,25.0,50000,50000,39839,0,0,0
dynamic_overlap_100d_4pct_hdd,100,65,1000000,5000,1.0,late_binding,15.0,8,400000,450000,96,severe_slow,99,healthy,3,10.8,14.9,51.5,250000,25.0,50000,50000,39894,0,0,0
dynamic_overlap_100d_4pct_hdd,100,65,1000000,5000,1.0,late_binding,15.0,9,450000,500000,96,severe_slow,99,healthy,3,10.8,14.9,51.4,250000,25.0,50000,50000,39813,0,0,0
dynamic_overlap_100d_4pct_hdd,100,65,1000000,5000,1.0,late_binding,15.0,10,500000,550000,96,recovery,99,healthy,2,10.8,14.8,26.9,250000,25.0,50000,50000,40093,0,0,0
dynamic_overlap_100d_4pct_hdd,100,65,1000000,5000,1.0,late_binding,15.0,11,550000,600000,96,recovery,99,mild_slow,3,10.8,15.4,50.8,250000,25.0,50000,50000,39879,0,0,0
dynamic_overlap_100d_4pct_hdd,100,65,1000000,5000,1.0,late_binding,15.0,12,600000,650000,96,healthy,99,mild_slow,2,10.8,15.0,27.1,250000,25.0,50000,50000,39822,0,0,0
dynamic_overlap_100d_4pct_hdd,100,65,1000000,5000,1.0,late_binding,15.0,13,650000,700000,96,healthy,99,mild_slow,2,10.8,15.0,27.1,250000,25.0,50000,50000,39900,0,0,0
dynamic_overlap_100d_4pct_hdd,100,65,1000000,5000,1.0,late_binding,15.0,14,700000,750000,96,healthy,99,severe_slow,2,10.8,14.9,51.7,250000,25.0,50000,50000,39813,0,0,0
dynamic_overlap_100d_4pct_hdd,100,65,1000000,5000,1.0,late_binding,15.0,15,750000,800000,96,healthy,99,severe_slow,1,10.8,14.4,16.7,250000,25.0,50000,50000,40226,0,0,0
dynamic_overlap_100d_4pct_hdd,100,65,1000000,5000,1.0,late_binding,15.0,16,800000,850000,96,healthy,99,severe_slow,1,10.8,14.4,16.9,250000,25.0,50000,50000,40036,0,0,0
dynamic_overlap_100d_4pct_hdd,100,65,1000000,5000,1.0,late_binding,15.0,17,850000,900000,96,healthy,99,recovery,0,10.7,14.1,15.6,250000,25.0,50000,50000,40156,0,0,0
dynamic_overlap_100d_4pct_hdd,100,65,1000000,5000,1.0,late_binding,15.0,18,900000,950000,96,healthy,99,healthy,0,10.7,14.0,15.4,250000,25.0,50000,50000,39927,0,0,0
dynamic_overlap_100d_4pct_hdd,100,65,1000000,5000,1.0,late_binding,15.0,19,950000,1000000,96,healthy,99,healthy,0,10.7,14.0,15.4,250000,25.0,50000,50000,40195,0,0,0
dynamic_overlap_100d_4pct_hdd,100,65,1000000,5000,1.0,timeout_degraded_read,15.0,0,0,50000,96,healthy,99,healthy,0,12.5,16.8,18.7,208000,4.0,8000,8000,178,0,0,0
dynamic_overlap_100d_4pct_hdd,100,65,1000000,5000,1.0,timeout_degraded_read,15.0,1,50000,100000,96,healthy,99,healthy,0,12.5,16.8,18.8,208175,4.1,8175,8175,199,0,0,0
dynamic_overlap_100d_4pct_hdd,100,65,1000000,5000,1.0,timeout_degraded_read,15.0,2,100000,150000,96,healthy,99,healthy,0,12.5,16.8,18.8,207966,4.0,7966,7966,181,0,0,0
dynamic_overlap_100d_4pct_hdd,100,65,1000000,5000,1.0,timeout_degraded_read,15.0,3,150000,200000,96,mild_slow,99,healthy,1,12.6,17.5,22.9,209145,4.6,9145,9145,870,0,0,0
dynamic_overlap_100d_4pct_hdd,100,65,1000000,5000,1.0,timeout_degraded_read,15.0,4,200000,250000,96,mild_slow,99,healthy,1,12.6,17.6,22.9,209146,4.6,9146,9146,912,0,0,0
dynamic_overlap_100d_4pct_hdd,100,65,1000000,5000,1.0,timeout_degraded_read,15.0,5,250000,300000,96,mild_slow,99,healthy,2,12.6,17.7,25.5,209292,4.6,9292,9292,1255,0,0,0
dynamic_overlap_100d_4pct_hdd,100,65,1000000,5000,1.0,timeout_degraded_read,15.0,6,300000,350000,96,severe_slow,99,healthy,2,12.6,17.8,28.4,209425,4.7,9425,9425,1584,0,0,0
dynamic_overlap_100d_4pct_hdd,100,65,1000000,5000,1.0,timeout_degraded_read,15.0,7,350000,400000,96,severe_slow,99,healthy,2,12.6,17.8,28.3,209408,4.7,9408,9408,1550,0,0,0
dynamic_overlap_100d_4pct_hdd,100,65,1000000,5000,1.0,timeout_degraded_read,15.0,8,400000,450000,96,severe_slow,99,healthy,3,12.6,18.6,51.9,209686,4.8,9686,9686,1907,0,0,0
dynamic_overlap_100d_4pct_hdd,100,65,1000000,5000,1.0,timeout_degraded_read,15.0,9,450000,500000,96,severe_slow,99,healthy,3,12.6,18.4,51.9,209852,4.9,9852,9852,1931,0,0,0
dynamic_overlap_100d_4pct_hdd,100,65,1000000,5000,1.0,timeout_degraded_read,15.0,10,500000,550000,96,recovery,99,healthy,2,12.6,18.4,33.5,209712,4.9,9712,9712,1776,0,0,0
dynamic_overlap_100d_4pct_hdd,100,65,1000000,5000,1.0,timeout_degraded_read,15.0,11,550000,600000,96,recovery,99,mild_slow,3,12.6,18.7,53.4,209797,4.9,9797,9797,1813,0,0,0
dynamic_overlap_100d_4pct_hdd,100,65,1000000,5000,1.0,timeout_degraded_read,15.0,12,600000,650000,96,healthy,99,mild_slow,2,12.6,18.0,28.6,209637,4.8,9637,9637,1653,0,0,0
dynamic_overlap_100d_4pct_hdd,100,65,1000000,5000,1.0,timeout_degraded_read,15.0,13,650000,700000,96,healthy,99,mild_slow,2,12.6,18.0,28.4,209665,4.8,9665,9665,1623,0,0,0
dynamic_overlap_100d_4pct_hdd,100,65,1000000,5000,1.0,timeout_degraded_read,15.0,14,700000,750000,96,healthy,99,severe_slow,2,12.6,18.0,51.7,209397,4.7,9397,9397,1677,0,0,0
dynamic_overlap_100d_4pct_hdd,100,65,1000000,5000,1.0,timeout_degraded_read,15.0,15,750000,800000,96,healthy,99,severe_slow,1,12.6,17.8,25.5,209450,4.7,9450,9450,1597,0,0,0
dynamic_overlap_100d_4pct_hdd,100,65,1000000,5000,1.0,timeout_degraded_read,15.0,16,800000,850000,96,healthy,99,severe_slow,1,12.6,17.9,25.6,209355,4.7,9355,9355,1647,0,0,0
dynamic_overlap_100d_4pct_hdd,100,65,1000000,5000,1.0,timeout_degraded_read,15.0,17,850000,900000,96,healthy,99,recovery,0,12.5,17.0,19.2,208545,4.3,8545,8545,272,0,0,0
dynamic_overlap_100d_4pct_hdd,100,65,1000000,5000,1.0,timeout_degraded_read,15.0,18,900000,950000,96,healthy,99,healthy,0,12.5,16.8,18.8,208158,4.1,8158,8158,213,0,0,0
dynamic_overlap_100d_4pct_hdd,100,65,1000000,5000,1.0,timeout_degraded_read,15.0,19,950000,1000000,96,healthy,99,healthy,0,12.5,16.8,18.8,208139,4.1,8139,8139,182,0,0,0
dynamic_overlap_100d_4pct_hdd,100,65,1000000,5000,1.0,health_ec,15.0,0,0,50000,96,healthy,99,healthy,0,12.5,16.8,18.8,200000,0.0,0,0,0,0,0,0
dynamic_overlap_100d_4pct_hdd,100,65,1000000,5000,1.0,health_ec,15.0,1,50000,100000,96,healthy,99,healthy,0,12.5,16.8,18.9,200000,0.0,0,0,0,0,0,0
dynamic_overlap_100d_4pct_hdd,100,65,1000000,5000,1.0,health_ec,15.0,2,100000,150000,96,healthy,99,healthy,0,12.5,16.8,18.8,200000,0.0,0,0,0,0,0,0
dynamic_overlap_100d_4pct_hdd,100,65,1000000,5000,1.0,health_ec,15.0,3,150000,200000,96,mild_slow,99,healthy,1,12.5,17.1,20.6,200567,0.3,567,567,546,1,1,0
dynamic_overlap_100d_4pct_hdd,100,65,1000000,5000,1.0,health_ec,15.0,4,200000,250000,96,mild_slow,99,healthy,1,12.5,17.0,19.5,200806,0.4,806,806,792,0,0,0
dynamic_overlap_100d_4pct_hdd,100,65,1000000,5000,1.0,health_ec,15.0,5,250000,300000,96,mild_slow,99,healthy,2,12.5,17.3,22.8,200842,0.4,842,842,841,1,1,0
dynamic_overlap_100d_4pct_hdd,100,65,1000000,5000,1.0,health_ec,15.0,6,300000,350000,96,severe_slow,99,healthy,2,12.5,17.5,25.8,200985,0.5,985,985,985,0,0,0
dynamic_overlap_100d_4pct_hdd,100,65,1000000,5000,1.0,health_ec,15.0,7,350000,400000,96,severe_slow,99,healthy,2,12.5,17.4,24.9,201025,0.5,1025,1025,1024,0,0,0
dynamic_overlap_100d_4pct_hdd,100,65,1000000,5000,1.0,health_ec,15.0,8,400000,450000,96,severe_slow,99,healthy,3,12.6,17.8,48.6,201381,0.7,1381,1381,1375,1,1,0
dynamic_overlap_100d_4pct_hdd,100,65,1000000,5000,1.0,health_ec,15.0,9,450000,500000,96,severe_slow,99,healthy,3,12.6,17.6,47.9,201563,0.8,1563,1563,1557,0,0,0
dynamic_overlap_100d_4pct_hdd,100,65,1000000,5000,1.0,health_ec,15.0,10,500000,550000,96,recovery,99,healthy,2,12.6,17.2,21.2,201640,0.8,1640,1640,1623,0,0,0
dynamic_overlap_100d_4pct_hdd,100,65,1000000,5000,1.0,health_ec,15.0,11,550000,600000,96,recovery,99,mild_slow,3,12.6,17.8,37.2,201700,0.9,1700,1700,1659,2,2,0
dynamic_overlap_100d_4pct_hdd,100,65,1000000,5000,1.0,health_ec,15.0,12,600000,650000,96,healthy,99,mild_slow,2,12.6,17.4,24.1,201556,0.8,1556,1556,1200,0,0,0
dynamic_overlap_100d_4pct_hdd,100,65,1000000,5000,1.0,health_ec,15.0,13,650000,700000,96,healthy,99,mild_slow,2,12.6,17.5,24.2,201361,0.7,1361,1361,1181,0,0,0
dynamic_overlap_100d_4pct_hdd,100,65,1000000,5000,1.0,health_ec,15.0,14,700000,750000,96,healthy,99,severe_slow,2,12.6,17.4,45.3,201126,0.6,1126,1126,984,1,1,0
dynamic_overlap_100d_4pct_hdd,100,65,1000000,5000,1.0,health_ec,15.0,15,750000,800000,96,healthy,99,severe_slow,1,12.5,16.9,19.1,201082,0.5,1082,1082,1041,0,0,0
dynamic_overlap_100d_4pct_hdd,100,65,1000000,5000,1.0,health_ec,15.0,16,800000,850000,96,healthy,99,severe_slow,1,12.5,16.9,19.1,201080,0.5,1080,1080,1049,0,0,0
dynamic_overlap_100d_4pct_hdd,100,65,1000000,5000,1.0,health_ec,15.0,17,850000,900000,96,healthy,99,recovery,0,12.5,16.8,18.9,200895,0.4,895,895,787,0,0,0
dynamic_overlap_100d_4pct_hdd,100,65,1000000,5000,1.0,health_ec,15.0,18,900000,950000,96,healthy,99,healthy,0,12.5,16.8,18.8,200587,0.3,587,587,493,0,0,0
dynamic_overlap_100d_4pct_hdd,100,65,1000000,5000,1.0,health_ec,15.0,19,950000,1000000,96,healthy,99,healthy,0,12.5,16.8,18.8,200298,0.1,298,298,243,0,0,0
dynamic_overlap_100d_4pct_hdd,100,66,1000000,5000,1.0,vanilla_ec,15.0,0,0,50000,96,healthy,99,healthy,0,12.5,16.8,18.8,200000,0.0,0,0,0,0,0,0
dynamic_overlap_100d_4pct_hdd,100,66,1000000,5000,1.0,vanilla_ec,15.0,1,50000,100000,96,healthy,99,healthy,0,12.5,16.9,18.8,200000,0.0,0,0,0,0,0,0
dynamic_overlap_100d_4pct_hdd,100,66,1000000,5000,1.0,vanilla_ec,15.0,2,100000,150000,96,healthy,99,healthy,0,12.5,16.8,18.8,200000,0.0,0,0,0,0,0,0
dynamic_overlap_100d_4pct_hdd,100,66,1000000,5000,1.0,vanilla_ec,15.0,3,150000,200000,96,mild_slow,99,healthy,1,12.6,17.6,26.9,200000,0.0,0,0,0,0,0,0
dynamic_overlap_100d_4pct_hdd,100,66,1000000,5000,1.0,vanilla_ec,15.0,4,200000,250000,96,mild_slow,99,healthy,1,12.6,17.6,27.0,200000,0.0,0,0,0,0,0,0
dynamic_overlap_100d_4pct_hdd,100,66,1000000,5000,1.0,vanilla_ec,15.0,5,250000,300000,96,mild_slow,99,healthy,2,12.6,17.8,31.0,200000,0.0,0,0,0,0,0,0
dynamic_overlap_100d_4pct_hdd,100,66,1000000,5000,1.0,vanilla_ec,15.0,6,300000,350000,96,severe_slow,99,healthy,2,12.6,17.9,63.3,200000,0.0,0,0,0,0,0,0
dynamic_overlap_100d_4pct_hdd,100,66,1000000,5000,1.0,vanilla_ec,15.0,7,350000,400000,96,severe_slow,99,healthy,2,12.6,18.0,63.0,200000,0.0,0,0,0,0,0,0
dynamic_overlap_100d_4pct_hdd,100,66,1000000,5000,1.0,vanilla_ec,15.0,8,400000,450000,96,severe_slow,99,healthy,3,12.6,18.5,72.8,200000,0.0,0,0,0,0,0,0
dynamic_overlap_100d_4pct_hdd,100,66,1000000,5000,1.0,vanilla_ec,15.0,9,450000,500000,96,severe_slow,99,healthy,3,12.6,18.6,71.8,200000,0.0,0,0,0,0,0,0
dynamic_overlap_100d_4pct_hdd,100,66,1000000,5000,1.0,vanilla_ec,15.0,10,500000,550000,96,recovery,99,healthy,2,12.6,18.6,63.1,200000,0.0,0,0,0,0,0,0
dynamic_overlap_100d_4pct_hdd,100,66,1000000,5000,1.0,vanilla_ec,15.0,11,550000,600000,96,recovery,99,mild_slow,3,12.6,19.0,73.1,200000,0.0,0,0,0,0,0,0
dynamic_overlap_100d_4pct_hdd,100,66,1000000,5000,1.0,vanilla_ec,15.0,12,600000,650000,96,healthy,99,mild_slow,2,12.6,18.1,63.7,200000,0.0,0,0,0,0,0,0
dynamic_overlap_100d_4pct_hdd,100,66,1000000,5000,1.0,vanilla_ec,15.0,13,650000,700000,96,healthy,99,mild_slow,2,12.6,18.1,64.4,200000,0.0,0,0,0,0,0,0
dynamic_overlap_100d_4pct_hdd,100,66,1000000,5000,1.0,vanilla_ec,15.0,14,700000,750000,96,healthy,99,severe_slow,2,12.6,18.1,72.9,200000,0.0,0,0,0,0,0,0
dynamic_overlap_100d_4pct_hdd,100,66,1000000,5000,1.0,vanilla_ec,15.0,15,750000,800000,96,healthy,99,severe_slow,1,12.6,18.1,65.0,200000,0.0,0,0,0,0,0,0
dynamic_overlap_100d_4pct_hdd,100,66,1000000,5000,1.0,vanilla_ec,15.0,16,800000,850000,96,healthy,99,severe_slow,1,12.6,17.8,64.1,200000,0.0,0,0,0,0,0,0
dynamic_overlap_100d_4pct_hdd,100,66,1000000,5000,1.0,vanilla_ec,15.0,17,850000,900000,96,healthy,99,recovery,0,12.5,17.0,19.4,200000,0.0,0,0,0,0,0,0
dynamic_overlap_100d_4pct_hdd,100,66,1000000,5000,1.0,vanilla_ec,15.0,18,900000,950000,96,healthy,99,healthy,0,12.5,16.8,18.8,200000,0.0,0,0,0,0,0,0
dynamic_overlap_100d_4pct_hdd,100,66,1000000,5000,1.0,vanilla_ec,15.0,19,950000,1000000,96,healthy,99,healthy,0,12.5,16.8,18.7,200000,0.0,0,0,0,0,0,0
dynamic_overlap_100d_4pct_hdd,100,66,1000000,5000,1.0,late_binding,15.0,0,0,50000,96,healthy,99,healthy,0,10.7,14.0,15.4,250000,25.0,50000,50000,39959,0,0,0
dynamic_overlap_100d_4pct_hdd,100,66,1000000,5000,1.0,late_binding,15.0,1,50000,100000,96,healthy,99,healthy,0,10.7,14.0,15.5,250000,25.0,50000,50000,40119,0,0,0
dynamic_overlap_100d_4pct_hdd,100,66,1000000,5000,1.0,late_binding,15.0,2,100000,150000,96,healthy,99,healthy,0,10.7,14.0,15.5,250000,25.0,50000,50000,39921,0,0,0
dynamic_overlap_100d_4pct_hdd,100,66,1000000,5000,1.0,late_binding,15.0,3,150000,200000,96,mild_slow,99,healthy,1,10.8,14.2,15.8,250000,25.0,50000,50000,39692,0,0,0
dynamic_overlap_100d_4pct_hdd,100,66,1000000,5000,1.0,late_binding,15.0,4,200000,250000,96,mild_slow,99,healthy,1,10.7,14.2,15.8,250000,25.0,50000,50000,39808,0,0,0
dynamic_overlap_100d_4pct_hdd,100,66,1000000,5000,1.0,late_binding,15.0,5,250000,300000,96,mild_slow,99,healthy,2,10.8,14.6,22.1,250000,25.0,50000,50000,39729,0,0,0
dynamic_overlap_100d_4pct_hdd,100,66,1000000,5000,1.0,late_binding,15.0,6,300000,350000,96,severe_slow,99,healthy,2,10.8,14.7,26.7,250000,25.0,50000,50000,39693,0,0,0
dynamic_overlap_100d_4pct_hdd,100,66,1000000,5000,1.0,late_binding,15.0,7,350000,400000,96,severe_slow,99,healthy,2,10.8,14.8,26.8,250000,25.0,50000,50000,39619,0,0,0
dynamic_overlap_100d_4pct_hdd,100,66,1000000,5000,1.0,late_binding,15.0,8,400000,450000,96,severe_slow,99,healthy,3,10.8,14.9,50.5,250000,25.0,50000,50000,39855,0,0,0
dynamic_overlap_100d_4pct_hdd,100,66,1000000,5000,1.0,late_binding,15.0,9,450000,500000,96,severe_slow,99,healthy,3,10.8,14.9,51.5,250000,25.0,50000,50000,39817,0,0,0
dynamic_overlap_100d_4pct_hdd,100,66,1000000,5000,1.0,late_binding,15.0,10,500000,550000,96,recovery,99,healthy,2,10.8,14.8,26.7,250000,25.0,50000,50000,40091,0,0,0
dynamic_overlap_100d_4pct_hdd,100,66,1000000,5000,1.0,late_binding,15.0,11,550000,600000,96,recovery,99,mild_slow,3,10.8,15.5,52.3,250000,25.0,50000,50000,39951,0,0,0
dynamic_overlap_100d_4pct_hdd,100,66,1000000,5000,1.0,late_binding,15.0,12,600000,650000,96,healthy,99,mild_slow,2,10.8,14.9,27.2,250000,25.0,50000,50000,39915,0,0,0
dynamic_overlap_100d_4pct_hdd,100,66,1000000,5000,1.0,late_binding,15.0,13,650000,700000,96,healthy,99,mild_slow,2,10.8,15.0,27.4,250000,25.0,50000,50000,39869,0,0,0
dynamic_overlap_100d_4pct_hdd,100,66,1000000,5000,1.0,late_binding,15.0,14,700000,750000,96,healthy,99,severe_slow,2,10.8,14.9,52.5,250000,25.0,50000,50000,39765,0,0,0
dynamic_overlap_100d_4pct_hdd,100,66,1000000,5000,1.0,late_binding,15.0,15,750000,800000,96,healthy,99,severe_slow,1,10.8,14.4,16.8,250000,25.0,50000,50000,40183,0,0,0
dynamic_overlap_100d_4pct_hdd,100,66,1000000,5000,1.0,late_binding,15.0,16,800000,850000,96,healthy,99,severe_slow,1,10.8,14.4,16.7,250000,25.0,50000,50000,40108,0,0,0
dynamic_overlap_100d_4pct_hdd,100,66,1000000,5000,1.0,late_binding,15.0,17,850000,900000,96,healthy,99,recovery,0,10.7,14.1,15.6,250000,25.0,50000,50000,40240,0,0,0
dynamic_overlap_100d_4pct_hdd,100,66,1000000,5000,1.0,late_binding,15.0,18,900000,950000,96,healthy,99,healthy,0,10.7,14.0,15.4,250000,25.0,50000,50000,40028,0,0,0
dynamic_overlap_100d_4pct_hdd,100,66,1000000,5000,1.0,late_binding,15.0,19,950000,1000000,96,healthy,99,healthy,0,10.7,14.0,15.4,250000,25.0,50000,50000,40063,0,0,0
dynamic_overlap_100d_4pct_hdd,100,66,1000000,5000,1.0,timeout_degraded_read,15.0,0,0,50000,96,healthy,99,healthy,0,12.5,16.8,18.8,208146,4.1,8146,8146,198,0,0,0
dynamic_overlap_100d_4pct_hdd,100,66,1000000,5000,1.0,timeout_degraded_read,15.0,1,50000,100000,96,healthy,99,healthy,0,12.5,16.8,18.7,208235,4.1,8235,8235,197,0,0,0
dynamic_overlap_100d_4pct_hdd,100,66,1000000,5000,1.0,timeout_degraded_read,15.0,2,100000,150000,96,healthy,99,healthy,0,12.5,16.8,18.7,208154,4.1,8154,8154,190,0,0,0
dynamic_overlap_100d_4pct_hdd,100,66,1000000,5000,1.0,timeout_degraded_read,15.0,3,150000,200000,96,mild_slow,99,healthy,1,12.6,17.5,22.8,209256,4.6,9256,9256,926,0,0,0
dynamic_overlap_100d_4pct_hdd,100,66,1000000,5000,1.0,timeout_degraded_read,15.0,4,200000,250000,96,mild_slow,99,healthy,1,12.6,17.5,22.8,209162,4.6,9162,9162,915,0,0,0
dynamic_overlap_100d_4pct_hdd,100,66,1000000,5000,1.0,timeout_degraded_read,15.0,5,250000,300000,96,mild_slow,99,healthy,2,12.6,17.8,25.6,209291,4.6,9291,9291,1224,0,0,0
dynamic_overlap_100d_4pct_hdd,100,66,1000000,5000,1.0,timeout_degraded_read,15.0,6,300000,350000,96,severe_slow,99,healthy,2,12.6,17.9,28.4,209332,4.7,9332,9332,1619,0,0,0
dynamic_overlap_100d_4pct_hdd,100,66,1000000,5000,1.0,timeout_degraded_read,15.0,7,350000,400000,96,severe_slow,99,healthy,2,12.6,17.9,28.4,209401,4.7,9401,9401,1614,0,0,0
dynamic_overlap_100d_4pct_hdd,100,66,1000000,5000,1.0,timeout_degraded_read,15.0,8,400000,450000,96,severe_slow,99,healthy,3,12.6,18.4,50.9,209716,4.9,9716,9716,1847,0,0,0
dynamic_overlap_100d_4pct_hdd,100,66,1000000,5000,1.0,timeout_degraded_read,15.0,9,450000,500000,96,severe_slow,99,healthy,3,12.6,18.4,51.8,209644,4.8,9644,9644,1876,0,0,0
dynamic_overlap_100d_4pct_hdd,100,66,1000000,5000,1.0,timeout_degraded_read,15.0,10,500000,550000,96,recovery,99,healthy,2,12.6,18.4,33.7,209665,4.8,9665,9665,1778,0,0,0
dynamic_overlap_100d_4pct_hdd,100,66,1000000,5000,1.0,timeout_degraded_read,15.0,11,550000,600000,96,recovery,99,mild_slow,3,12.6,18.9,54.6,209927,5.0,9927,9927,1853,0,0,0
dynamic_overlap_100d_4pct_hdd,100,66,1000000,5000,1.0,timeout_degraded_read,15.0,12,600000,650000,96,healthy,99,mild_slow,2,12.6,18.0,28.6,209485,4.7,9485,9485,1629,0,0,0
dynamic_overlap_100d_4pct_hdd,100,66,1000000,5000,1.0,timeout_degraded_read,15.0,13,650000,700000,96,healthy,99,mild_slow,2,12.6,18.0,28.8,209615,4.8,9615,9615,1659,0,0,0
dynamic_overlap_100d_4pct_hdd,100,66,1000000,5000,1.0,timeout_degraded_read,15.0,14,700000,750000,96,healthy,99,severe_slow,2,12.6,18.0,52.5,209349,4.7,9349,9349,1712,0,0,0
dynamic_overlap_100d_4pct_hdd,100,66,1000000,5000,1.0,timeout_degraded_read,15.0,15,750000,800000,96,healthy,99,severe_slow,1,12.6,18.0,25.5,209303,4.7,9303,9303,1651,0,0,0
dynamic_overlap_100d_4pct_hdd,100,66,1000000,5000,1.0,timeout_degraded_read,15.0,16,800000,850000,96,healthy,99,severe_slow,1,12.6,17.8,25.2,209326,4.7,9326,9326,1571,0,0,0
dynamic_overlap_100d_4pct_hdd,100,66,1000000,5000,1.0,timeout_degraded_read,15.0,17,850000,900000,96,healthy,99,recovery,0,12.5,17.0,19.2,208657,4.3,8657,8657,288,0,0,0
dynamic_overlap_100d_4pct_hdd,100,66,1000000,5000,1.0,timeout_degraded_read,15.0,18,900000,950000,96,healthy,99,healthy,0,12.5,16.8,18.7,208159,4.1,8159,8159,158,0,0,0
dynamic_overlap_100d_4pct_hdd,100,66,1000000,5000,1.0,timeout_degraded_read,15.0,19,950000,1000000,96,healthy,99,healthy,0,12.5,16.8,18.7,208038,4.0,8038,8038,177,0,0,0
dynamic_overlap_100d_4pct_hdd,100,66,1000000,5000,1.0,health_ec,15.0,0,0,50000,96,healthy,99,healthy,0,12.5,16.8,18.8,200000,0.0,0,0,0,0,0,0
dynamic_overlap_100d_4pct_hdd,100,66,1000000,5000,1.0,health_ec,15.0,1,50000,100000,96,healthy,99,healthy,0,12.5,16.9,18.8,200000,0.0,0,0,0,0,0,0
dynamic_overlap_100d_4pct_hdd,100,66,1000000,5000,1.0,health_ec,15.0,2,100000,150000,96,healthy,99,healthy,0,12.5,16.8,18.8,200000,0.0,0,0,0,0,0,0
dynamic_overlap_100d_4pct_hdd,100,66,1000000,5000,1.0,health_ec,15.0,3,150000,200000,96,mild_slow,99,healthy,1,12.5,17.1,20.6,200434,0.2,434,434,428,1,1,0
dynamic_overlap_100d_4pct_hdd,100,66,1000000,5000,1.0,health_ec,15.0,4,200000,250000,96,mild_slow,99,healthy,1,12.5,17.0,19.5,200756,0.4,756,756,740,0,0,0
dynamic_overlap_100d_4pct_hdd,100,66,1000000,5000,1.0,health_ec,15.0,5,250000,300000,96,mild_slow,99,healthy,2,12.6,17.3,22.8,200869,0.4,869,869,867,1,1,0
dynamic_overlap_100d_4pct_hdd,100,66,1000000,5000,1.0,health_ec,15.0,6,300000,350000,96,severe_slow,99,healthy,2,12.6,17.4,26.1,201001,0.5,1001,1001,1001,0,0,0
dynamic_overlap_100d_4pct_hdd,100,66,1000000,5000,1.0,health_ec,15.0,7,350000,400000,96,severe_slow,99,healthy,2,12.6,17.4,25.6,201054,0.5,1054,1054,1054,0,0,0
dynamic_overlap_100d_4pct_hdd,100,66,1000000,5000,1.0,health_ec,15.0,8,400000,450000,96,severe_slow,99,healthy,3,12.6,17.7,46.6,201426,0.7,1426,1426,1417,1,1,0
dynamic_overlap_100d_4pct_hdd,100,66,1000000,5000,1.0,health_ec,15.0,9,450000,500000,96,severe_slow,99,healthy,3,12.6,17.6,46.5,201565,0.8,1565,1565,1553,0,0,0
dynamic_overlap_100d_4pct_hdd,100,66,1000000,5000,1.0,health_ec,15.0,10,500000,550000,96,recovery,99,healthy,2,12.5,17.2,21.4,201602,0.8,1602,1602,1587,0,0,0
dynamic_overlap_100d_4pct_hdd,100,66,1000000,5000,1.0,health_ec,15.0,11,550000,600000,96,recovery,99,mild_slow,3,12.6,17.9,36.5,201742,0.9,1742,1742,1698,2,2,0
dynamic_overlap_100d_4pct_hdd,100,66,1000000,5000,1.0,health_ec,15.0,12,600000,650000,96,healthy,99,mild_slow,2,12.6,17.4,23.9,201549,0.8,1549,1549,1172,0,0,0
dynamic_overlap_100d_4pct_hdd,100,66,1000000,5000,1.0,health_ec,15.0,13,650000,700000,96,healthy,99,mild_slow,2,12.6,17.4,24.6,201429,0.7,1429,1429,1213,0,0,0
dynamic_overlap_100d_4pct_hdd,100,66,1000000,5000,1.0,health_ec,15.0,14,700000,750000,96,healthy,99,severe_slow,2,12.5,17.5,46.9,201218,0.6,1218,1218,1061,1,1,0
dynamic_overlap_100d_4pct_hdd,100,66,1000000,5000,1.0,health_ec,15.0,15,750000,800000,96,healthy,99,severe_slow,1,12.5,17.0,19.3,201085,0.5,1085,1085,1044,0,0,0
dynamic_overlap_100d_4pct_hdd,100,66,1000000,5000,1.0,health_ec,15.0,16,800000,850000,96,healthy,99,severe_slow,1,12.5,16.9,19.1,201039,0.5,1039,1039,1016,0,0,0
dynamic_overlap_100d_4pct_hdd,100,66,1000000,5000,1.0,health_ec,15.0,17,850000,900000,96,healthy,99,recovery,0,12.5,16.8,18.8,200912,0.5,912,912,821,0,0,0
dynamic_overlap_100d_4pct_hdd,100,66,1000000,5000,1.0,health_ec,15.0,18,900000,950000,96,healthy,99,healthy,0,12.5,16.8,18.8,200554,0.3,554,554,446,0,0,0
dynamic_overlap_100d_4pct_hdd,100,66,1000000,5000,1.0,health_ec,15.0,19,950000,1000000,96,healthy,99,healthy,0,12.5,16.8,18.7,200310,0.2,310,310,256,0,0,0
dynamic_overlap_100d_4pct_hdd,100,67,1000000,5000,1.0,vanilla_ec,15.0,0,0,50000,96,healthy,99,healthy,0,12.5,16.8,18.9,200000,0.0,0,0,0,0,0,0
dynamic_overlap_100d_4pct_hdd,100,67,1000000,5000,1.0,vanilla_ec,15.0,1,50000,100000,96,healthy,99,healthy,0,12.5,16.8,18.7,200000,0.0,0,0,0,0,0,0
dynamic_overlap_100d_4pct_hdd,100,67,1000000,5000,1.0,vanilla_ec,15.0,2,100000,150000,96,healthy,99,healthy,0,12.5,16.8,18.8,200000,0.0,0,0,0,0,0,0
dynamic_overlap_100d_4pct_hdd,100,67,1000000,5000,1.0,vanilla_ec,15.0,3,150000,200000,96,mild_slow,99,healthy,1,12.5,17.5,27.2,200000,0.0,0,0,0,0,0,0
dynamic_overlap_100d_4pct_hdd,100,67,1000000,5000,1.0,vanilla_ec,15.0,4,200000,250000,96,mild_slow,99,healthy,1,12.6,17.5,27.6,200000,0.0,0,0,0,0,0,0
dynamic_overlap_100d_4pct_hdd,100,67,1000000,5000,1.0,vanilla_ec,15.0,5,250000,300000,96,mild_slow,99,healthy,2,12.6,17.8,30.9,200000,0.0,0,0,0,0,0,0
dynamic_overlap_100d_4pct_hdd,100,67,1000000,5000,1.0,vanilla_ec,15.0,6,300000,350000,96,severe_slow,99,healthy,2,12.6,17.7,62.6,200000,0.0,0,0,0,0,0,0
dynamic_overlap_100d_4pct_hdd,100,67,1000000,5000,1.0,vanilla_ec,15.0,7,350000,400000,96,severe_slow,99,healthy,2,12.6,17.8,61.3,200000,0.0,0,0,0,0,0,0
dynamic_overlap_100d_4pct_hdd,100,67,1000000,5000,1.0,vanilla_ec,15.0,8,400000,450000,96,severe_slow,99,healthy,3,12.6,18.7,71.8,200000,0.0,0,0,0,0,0,0
dynamic_overlap_100d_4pct_hdd,100,67,1000000,5000,1.0,vanilla_ec,15.0,9,450000,500000,96,severe_slow,99,healthy,3,12.6,18.6,72.0,200000,0.0,0,0,0,0,0,0
dynamic_overlap_100d_4pct_hdd,100,67,1000000,5000,1.0,vanilla_ec,15.0,10,500000,550000,96,recovery,99,healthy,2,12.6,18.6,63.1,200000,0.0,0,0,0,0,0,0
dynamic_overlap_100d_4pct_hdd,100,67,1000000,5000,1.0,vanilla_ec,15.0,11,550000,600000,96,recovery,99,mild_slow,3,12.6,18.7,73.6,200000,0.0,0,0,0,0,0,0
dynamic_overlap_100d_4pct_hdd,100,67,1000000,5000,1.0,vanilla_ec,15.0,12,600000,650000,96,healthy,99,mild_slow,2,12.6,18.1,65.0,200000,0.0,0,0,0,0,0,0
dynamic_overlap_100d_4pct_hdd,100,67,1000000,5000,1.0,vanilla_ec,15.0,13,650000,700000,96,healthy,99,mild_slow,2,12.6,18.2,64.4,200000,0.0,0,0,0,0,0,0
dynamic_overlap_100d_4pct_hdd,100,67,1000000,5000,1.0,vanilla_ec,15.0,14,700000,750000,96,healthy,99,severe_slow,2,12.6,17.9,73.4,200000,0.0,0,0,0,0,0,0
dynamic_overlap_100d_4pct_hdd,100,67,1000000,5000,1.0,vanilla_ec,15.0,15,750000,800000,96,healthy,99,severe_slow,1,12.6,18.1,65.2,200000,0.0,0,0,0,0,0,0
dynamic_overlap_100d_4pct_hdd,100,67,1000000,5000,1.0,vanilla_ec,15.0,16,800000,850000,96,healthy,99,severe_slow,1,12.6,18.0,63.4,200000,0.0,0,0,0,0,0,0
dynamic_overlap_100d_4pct_hdd,100,67,1000000,5000,1.0,vanilla_ec,15.0,17,850000,900000,96,healthy,99,recovery,0,12.6,17.0,19.4,200000,0.0,0,0,0,0,0,0
dynamic_overlap_100d_4pct_hdd,100,67,1000000,5000,1.0,vanilla_ec,15.0,18,900000,950000,96,healthy,99,healthy,0,12.5,16.9,18.8,200000,0.0,0,0,0,0,0,0
dynamic_overlap_100d_4pct_hdd,100,67,1000000,5000,1.0,vanilla_ec,15.0,19,950000,1000000,96,healthy,99,healthy,0,12.5,16.9,18.8,200000,0.0,0,0,0,0,0,0
dynamic_overlap_100d_4pct_hdd,100,67,1000000,5000,1.0,late_binding,15.0,0,0,50000,96,healthy,99,healthy,0,10.7,14.0,15.4,250000,25.0,50000,50000,40054,0,0,0
dynamic_overlap_100d_4pct_hdd,100,67,1000000,5000,1.0,late_binding,15.0,1,50000,100000,96,healthy,99,healthy,0,10.7,14.0,15.4,250000,25.0,50000,50000,39999,0,0,0
dynamic_overlap_100d_4pct_hdd,100,67,1000000,5000,1.0,late_binding,15.0,2,100000,150000,96,healthy,99,healthy,0,10.7,14.0,15.5,250000,25.0,50000,50000,40106,0,0,0
dynamic_overlap_100d_4pct_hdd,100,67,1000000,5000,1.0,late_binding,15.0,3,150000,200000,96,mild_slow,99,healthy,1,10.7,14.1,15.7,250000,25.0,50000,50000,39672,0,0,0
dynamic_overlap_100d_4pct_hdd,100,67,1000000,5000,1.0,late_binding,15.0,4,200000,250000,96,mild_slow,99,healthy,1,10.7,14.2,15.8,250000,25.0,50000,50000,39672,0,0,0
dynamic_overlap_100d_4pct_hdd,100,67,1000000,5000,1.0,late_binding,15.0,5,250000,300000,96,mild_slow,99,healthy,2,10.8,14.6,21.8,250000,25.0,50000,50000,39838,0,0,0
dynamic_overlap_100d_4pct_hdd,100,67,1000000,5000,1.0,late_binding,15.0,6,300000,350000,96,severe_slow,99,healthy,2,10.8,14.7,26.1,250000,25.0,50000,50000,39860,0,0,0
dynamic_overlap_100d_4pct_hdd,100,67,1000000,5000,1.0,late_binding,15.0,7,350000,400000,96,severe_slow,99,healthy,2,10.8,14.7,26.5,250000,25.0,50000,50000,39715,0,0,0
dynamic_overlap_100d_4pct_hdd,100,67,1000000,5000,1.0,late_binding,15.0,8,400000,450000,96,severe_slow,99,healthy,3,10.8,14.9,51.1,250000,25.0,50000,50000,39817,0,0,0
dynamic_overlap_100d_4pct_hdd,100,67,1000000,5000,1.0,late_binding,15.0,9,450000,500000,96,severe_slow,99,healthy,3,10.8,14.9,51.2,250000,25.0,50000,50000,39970,0,0,0
dynamic_overlap_100d_4pct_hdd,100,67,1000000,5000,1.0,late_binding,15.0,10,500000,550000,96,recovery,99,healthy,2,10.8,14.8,27.3,250000,25.0,50000,50000,40030,0,0,0
dynamic_overlap_100d_4pct_hdd,100,67,1000000,5000,1.0,late_binding,15.0,11,550000,600000,96,recovery,99,mild_slow,3,10.8,15.3,51.9,250000,25.0,50000,50000,39867,0,0,0
dynamic_overlap_100d_4pct_hdd,100,67,1000000,5000,1.0,late_binding,15.0,12,600000,650000,96,healthy,99,mild_slow,2,10.8,14.9,27.2,250000,25.0,50000,50000,39824,0,0,0
dynamic_overlap_100d_4pct_hdd,100,67,1000000,5000,1.0,late_binding,15.0,13,650000,700000,96,healthy,99,mild_slow,2,10.8,15.0,27.8,250000,25.0,50000,50000,39870,0,0,0
dynamic_overlap_100d_4pct_hdd,100,67,1000000,5000,1.0,late_binding,15.0,14,700000,750000,96,healthy,99,severe_slow,2,10.8,14.9,52.3,250000,25.0,50000,50000,40047,0,0,0
dynamic_overlap_100d_4pct_hdd,100,67,1000000,5000,1.0,late_binding,15.0,15,750000,800000,96,healthy,99,severe_slow,1,10.8,14.4,16.9,250000,25.0,50000,50000,40058,0,0,0
dynamic_overlap_100d_4pct_hdd,100,67,1000000,5000,1.0,late_binding,15.0,16,800000,850000,96,healthy,99,severe_slow,1,10.8,14.4,16.9,250000,25.0,50000,50000,40236,0,0,0
dynamic_overlap_100d_4pct_hdd,100,67,1000000,5000,1.0,late_binding,15.0,17,850000,900000,96,healthy,99,recovery,0,10.7,14.0,15.5,250000,25.0,50000,50000,40232,0,0,0
dynamic_overlap_100d_4pct_hdd,100,67,1000000,5000,1.0,late_binding,15.0,18,900000,950000,96,healthy,99,healthy,0,10.7,14.0,15.4,250000,25.0,50000,50000,39836,0,0,0
dynamic_overlap_100d_4pct_hdd,100,67,1000000,5000,1.0,late_binding,15.0,19,950000,1000000,96,healthy,99,healthy,0,10.7,14.0,15.4,250000,25.0,50000,50000,39948,0,0,0
dynamic_overlap_100d_4pct_hdd,100,67,1000000,5000,1.0,timeout_degraded_read,15.0,0,0,50000,96,healthy,99,healthy,0,12.5,16.8,18.8,208041,4.0,8041,8041,184,0,0,0
dynamic_overlap_100d_4pct_hdd,100,67,1000000,5000,1.0,timeout_degraded_read,15.0,1,50000,100000,96,healthy,99,healthy,0,12.5,16.7,18.6,208033,4.0,8033,8033,156,0,0,0
dynamic_overlap_100d_4pct_hdd,100,67,1000000,5000,1.0,timeout_degraded_read,15.0,2,100000,150000,96,healthy,99,healthy,0,12.5,16.8,18.8,208182,4.1,8182,8182,191,0,0,0
dynamic_overlap_100d_4pct_hdd,100,67,1000000,5000,1.0,timeout_degraded_read,15.0,3,150000,200000,96,mild_slow,99,healthy,1,12.5,17.4,22.8,208917,4.5,8917,8917,872,0,0,0
dynamic_overlap_100d_4pct_hdd,100,67,1000000,5000,1.0,timeout_degraded_read,15.0,4,200000,250000,96,mild_slow,99,healthy,1,12.6,17.5,23.1,209241,4.6,9241,9241,925,0,0,0
dynamic_overlap_100d_4pct_hdd,100,67,1000000,5000,1.0,timeout_degraded_read,15.0,5,250000,300000,96,mild_slow,99,healthy,2,12.6,17.8,25.2,209337,4.7,9337,9337,1162,0,0,0
dynamic_overlap_100d_4pct_hdd,100,67,1000000,5000,1.0,timeout_degraded_read,15.0,6,300000,350000,96,severe_slow,99,healthy,2,12.6,17.7,27.9,209255,4.6,9255,9255,1485,0,0,0
dynamic_overlap_100d_4pct_hdd,100,67,1000000,5000,1.0,timeout_degraded_read,15.0,7,350000,400000,96,severe_slow,99,healthy,2,12.6,17.8,28.1,209192,4.6,9192,9192,1535,0,0,0
dynamic_overlap_100d_4pct_hdd,100,67,1000000,5000,1.0,timeout_degraded_read,15.0,8,400000,450000,96,severe_slow,99,healthy,3,12.6,18.5,51.6,209815,4.9,9815,9815,1898,0,0,0
dynamic_overlap_100d_4pct_hdd,100,67,1000000,5000,1.0,timeout_degraded_read,15.0,9,450000,500000,96,severe_slow,99,healthy,3,12.6,18.5,51.5,209652,4.8,9652,9652,1882,0,0,0
dynamic_overlap_100d_4pct_hdd,100,67,1000000,5000,1.0,timeout_degraded_read,15.0,10,500000,550000,96,recovery,99,healthy,2,12.6,18.5,33.7,209791,4.9,9791,9791,1802,0,0,0
dynamic_overlap_100d_4pct_hdd,100,67,1000000,5000,1.0,timeout_degraded_read,15.0,11,550000,600000,96,recovery,99,mild_slow,3,12.6,18.6,54.1,209713,4.9,9713,9713,1770,0,0,0
dynamic_overlap_100d_4pct_hdd,100,67,1000000,5000,1.0,timeout_degraded_read,15.0,12,600000,650000,96,healthy,99,mild_slow,2,12.6,18.0,28.7,209571,4.8,9571,9571,1659,0,0,0
dynamic_overlap_100d_4pct_hdd,100,67,1000000,5000,1.0,timeout_degraded_read,15.0,13,650000,700000,96,healthy,99,mild_slow,2,12.6,18.1,29.0,209506,4.8,9506,9506,1711,0,0,0
dynamic_overlap_100d_4pct_hdd,100,67,1000000,5000,1.0,timeout_degraded_read,15.0,14,700000,750000,96,healthy,99,severe_slow,2,12.6,17.9,52.3,209434,4.7,9434,9434,1700,0,0,0
dynamic_overlap_100d_4pct_hdd,100,67,1000000,5000,1.0,timeout_degraded_read,15.0,15,750000,800000,96,healthy,99,severe_slow,1,12.6,18.0,25.6,209405,4.7,9405,9405,1714,0,0,0
dynamic_overlap_100d_4pct_hdd,100,67,1000000,5000,1.0,timeout_degraded_read,15.0,16,800000,850000,96,healthy,99,severe_slow,1,12.6,17.9,25.4,209634,4.8,9634,9634,1680,0,0,0
dynamic_overlap_100d_4pct_hdd,100,67,1000000,5000,1.0,timeout_degraded_read,15.0,17,850000,900000,96,healthy,99,recovery,0,12.6,17.0,19.2,208565,4.3,8565,8565,285,0,0,0
dynamic_overlap_100d_4pct_hdd,100,67,1000000,5000,1.0,timeout_degraded_read,15.0,18,900000,950000,96,healthy,99,healthy,0,12.5,16.8,18.7,208212,4.1,8212,8212,190,0,0,0
dynamic_overlap_100d_4pct_hdd,100,67,1000000,5000,1.0,timeout_degraded_read,15.0,19,950000,1000000,96,healthy,99,healthy,0,12.5,16.9,18.7,207991,4.0,7991,7991,186,0,0,0
dynamic_overlap_100d_4pct_hdd,100,67,1000000,5000,1.0,health_ec,15.0,0,0,50000,96,healthy,99,healthy,0,12.5,16.8,18.9,200000,0.0,0,0,0,0,0,0
dynamic_overlap_100d_4pct_hdd,100,67,1000000,5000,1.0,health_ec,15.0,1,50000,100000,96,healthy,99,healthy,0,12.5,16.8,18.7,200000,0.0,0,0,0,0,0,0
dynamic_overlap_100d_4pct_hdd,100,67,1000000,5000,1.0,health_ec,15.0,2,100000,150000,96,healthy,99,healthy,0,12.5,16.8,18.8,200000,0.0,0,0,0,0,0,0
dynamic_overlap_100d_4pct_hdd,100,67,1000000,5000,1.0,health_ec,15.0,3,150000,200000,96,mild_slow,99,healthy,1,12.5,17.0,20.2,200597,0.3,597,597,585,1,1,0
dynamic_overlap_100d_4pct_hdd,100,67,1000000,5000,1.0,health_ec,15.0,4,200000,250000,96,mild_slow,99,healthy,1,12.5,16.9,19.4,200793,0.4,793,793,777,0,0,0
dynamic_overlap_100d_4pct_hdd,100,67,1000000,5000,1.0,health_ec,15.0,5,250000,300000,96,mild_slow,99,healthy,2,12.6,17.3,22.1,200843,0.4,843,843,839,1,1,0
dynamic_overlap_100d_4pct_hdd,100,67,1000000,5000,1.0,health_ec,15.0,6,300000,350000,96,severe_slow,99,healthy,2,12.6,17.3,25.3,200908,0.5,908,908,908,0,0,0
dynamic_overlap_100d_4pct_hdd,100,67,1000000,5000,1.0,health_ec,15.0,7,350000,400000,96,severe_slow,99,healthy,2,12.5,17.4,24.8,201029,0.5,1029,1029,1029,0,0,0
dynamic_overlap_100d_4pct_hdd,100,67,1000000,5000,1.0,health_ec,15.0,8,400000,450000,96,severe_slow,99,healthy,3,12.6,17.7,47.6,201486,0.7,1486,1486,1477,1,1,0
dynamic_overlap_100d_4pct_hdd,100,67,1000000,5000,1.0,health_ec,15.0,9,450000,500000,96,severe_slow,99,healthy,3,12.6,17.6,46.2,201526,0.8,1526,1526,1519,0,0,0
dynamic_overlap_100d_4pct_hdd,100,67,1000000,5000,1.0,health_ec,15.0,10,500000,550000,96,recovery,99,healthy,2,12.6,17.3,21.5,201612,0.8,1612,1612,1606,0,0,0
dynamic_overlap_100d_4pct_hdd,100,67,1000000,5000,1.0,health_ec,15.0,11,550000,600000,96,recovery,99,mild_slow,3,12.6,17.7,36.7,201610,0.8,1610,1610,1579,2,2,0
dynamic_overlap_100d_4pct_hdd,100,67,1000000,5000,1.0,health_ec,15.0,12,600000,650000,96,healthy,99,mild_slow,2,12.6,17.4,23.6,201519,0.8,1519,1519,1210,0,0,0
dynamic_overlap_100d_4pct_hdd,100,67,1000000,5000,1.0,health_ec,15.0,13,650000,700000,96,healthy,99,mild_slow,2,12.6,17.4,24.8,201513,0.8,1513,1513,1243,0,0,0
dynamic_overlap_100d_4pct_hdd,100,67,1000000,5000,1.0,health_ec,15.0,14,700000,750000,96,healthy,99,severe_slow,2,12.6,17.5,46.6,201213,0.6,1213,1213,1055,1,1,0
dynamic_overlap_100d_4pct_hdd,100,67,1000000,5000,1.0,health_ec,15.0,15,750000,800000,96,healthy,99,severe_slow,1,12.5,17.0,19.2,201176,0.6,1176,1176,1123,0,0,0
dynamic_overlap_100d_4pct_hdd,100,67,1000000,5000,1.0,health_ec,15.0,16,800000,850000,96,healthy,99,severe_slow,1,12.5,17.0,19.2,201073,0.5,1073,1073,1056,0,0,0
dynamic_overlap_100d_4pct_hdd,100,67,1000000,5000,1.0,health_ec,15.0,17,850000,900000,96,healthy,99,recovery,0,12.5,16.8,18.8,200959,0.5,959,959,839,0,0,0
dynamic_overlap_100d_4pct_hdd,100,67,1000000,5000,1.0,health_ec,15.0,18,900000,950000,96,healthy,99,healthy,0,12.5,16.8,18.8,200548,0.3,548,548,444,0,0,0
dynamic_overlap_100d_4pct_hdd,100,67,1000000,5000,1.0,health_ec,15.0,19,950000,1000000,96,healthy,99,healthy,0,12.5,16.9,18.8,200298,0.1,298,298,233,0,0,0
dynamic_overlap_100d_4pct_hdd,100,68,1000000,5000,1.0,vanilla_ec,15.0,0,0,50000,96,healthy,99,healthy,0,12.5,16.8,18.7,200000,0.0,0,0,0,0,0,0
dynamic_overlap_100d_4pct_hdd,100,68,1000000,5000,1.0,vanilla_ec,15.0,1,50000,100000,96,healthy,99,healthy,0,12.5,16.8,18.7,200000,0.0,0,0,0,0,0,0
dynamic_overlap_100d_4pct_hdd,100,68,1000000,5000,1.0,vanilla_ec,15.0,2,100000,150000,96,healthy,99,healthy,0,12.5,16.8,18.8,200000,0.0,0,0,0,0,0,0
dynamic_overlap_100d_4pct_hdd,100,68,1000000,5000,1.0,vanilla_ec,15.0,3,150000,200000,96,mild_slow,99,healthy,1,12.6,17.5,27.1,200000,0.0,0,0,0,0,0,0
dynamic_overlap_100d_4pct_hdd,100,68,1000000,5000,1.0,vanilla_ec,15.0,4,200000,250000,96,mild_slow,99,healthy,1,12.6,17.7,27.5,200000,0.0,0,0,0,0,0,0
dynamic_overlap_100d_4pct_hdd,100,68,1000000,5000,1.0,vanilla_ec,15.0,5,250000,300000,96,mild_slow,99,healthy,2,12.6,17.7,31.1,200000,0.0,0,0,0,0,0,0
dynamic_overlap_100d_4pct_hdd,100,68,1000000,5000,1.0,vanilla_ec,15.0,6,300000,350000,96,severe_slow,99,healthy,2,12.6,17.8,62.2,200000,0.0,0,0,0,0,0,0
dynamic_overlap_100d_4pct_hdd,100,68,1000000,5000,1.0,vanilla_ec,15.0,7,350000,400000,96,severe_slow,99,healthy,2,12.6,17.8,62.7,200000,0.0,0,0,0,0,0,0
dynamic_overlap_100d_4pct_hdd,100,68,1000000,5000,1.0,vanilla_ec,15.0,8,400000,450000,96,severe_slow,99,healthy,3,12.6,18.6,73.1,200000,0.0,0,0,0,0,0,0
dynamic_overlap_100d_4pct_hdd,100,68,1000000,5000,1.0,vanilla_ec,15.0,9,450000,500000,96,severe_slow,99,healthy,3,12.6,18.5,72.1,200000,0.0,0,0,0,0,0,0
dynamic_overlap_100d_4pct_hdd,100,68,1000000,5000,1.0,vanilla_ec,15.0,10,500000,550000,96,recovery,99,healthy,2,12.6,18.7,65.3,200000,0.0,0,0,0,0,0,0
dynamic_overlap_100d_4pct_hdd,100,68,1000000,5000,1.0,vanilla_ec,15.0,11,550000,600000,96,recovery,99,mild_slow,3,12.6,18.7,71.7,200000,0.0,0,0,0,0,0,0
dynamic_overlap_100d_4pct_hdd,100,68,1000000,5000,1.0,vanilla_ec,15.0,12,600000,650000,96,healthy,99,mild_slow,2,12.6,18.1,65.5,200000,0.0,0,0,0,0,0,0
dynamic_overlap_100d_4pct_hdd,100,68,1000000,5000,1.0,vanilla_ec,15.0,13,650000,700000,96,healthy,99,mild_slow,2,12.6,18.1,63.8,200000,0.0,0,0,0,0,0,0
dynamic_overlap_100d_4pct_hdd,100,68,1000000,5000,1.0,vanilla_ec,15.0,14,700000,750000,96,healthy,99,severe_slow,2,12.6,18.0,73.0,200000,0.0,0,0,0,0,0,0
dynamic_overlap_100d_4pct_hdd,100,68,1000000,5000,1.0,vanilla_ec,15.0,15,750000,800000,96,healthy,99,severe_slow,1,12.6,17.9,63.4,200000,0.0,0,0,0,0,0,0
dynamic_overlap_100d_4pct_hdd,100,68,1000000,5000,1.0,vanilla_ec,15.0,16,800000,850000,96,healthy,99,severe_slow,1,12.6,18.0,64.1,200000,0.0,0,0,0,0,0,0
dynamic_overlap_100d_4pct_hdd,100,68,1000000,5000,1.0,vanilla_ec,15.0,17,850000,900000,96,healthy,99,recovery,0,12.5,17.0,19.3,200000,0.0,0,0,0,0,0,0
dynamic_overlap_100d_4pct_hdd,100,68,1000000,5000,1.0,vanilla_ec,15.0,18,900000,950000,96,healthy,99,healthy,0,12.5,16.8,18.8,200000,0.0,0,0,0,0,0,0
dynamic_overlap_100d_4pct_hdd,100,68,1000000,5000,1.0,vanilla_ec,15.0,19,950000,1000000,96,healthy,99,healthy,0,12.5,16.8,18.8,200000,0.0,0,0,0,0,0,0
dynamic_overlap_100d_4pct_hdd,100,68,1000000,5000,1.0,late_binding,15.0,0,0,50000,96,healthy,99,healthy,0,10.7,14.0,15.4,250000,25.0,50000,50000,39985,0,0,0
dynamic_overlap_100d_4pct_hdd,100,68,1000000,5000,1.0,late_binding,15.0,1,50000,100000,96,healthy,99,healthy,0,10.7,14.0,15.4,250000,25.0,50000,50000,39918,0,0,0
dynamic_overlap_100d_4pct_hdd,100,68,1000000,5000,1.0,late_binding,15.0,2,100000,150000,96,healthy,99,healthy,0,10.7,14.0,15.5,250000,25.0,50000,50000,40027,0,0,0
dynamic_overlap_100d_4pct_hdd,100,68,1000000,5000,1.0,late_binding,15.0,3,150000,200000,96,mild_slow,99,healthy,1,10.7,14.2,15.8,250000,25.0,50000,50000,39780,0,0,0
dynamic_overlap_100d_4pct_hdd,100,68,1000000,5000,1.0,late_binding,15.0,4,200000,250000,96,mild_slow,99,healthy,1,10.8,14.2,15.8,250000,25.0,50000,50000,39771,0,0,0
dynamic_overlap_100d_4pct_hdd,100,68,1000000,5000,1.0,late_binding,15.0,5,250000,300000,96,mild_slow,99,healthy,2,10.8,14.7,21.8,250000,25.0,50000,50000,39813,0,0,0
dynamic_overlap_100d_4pct_hdd,100,68,1000000,5000,1.0,late_binding,15.0,6,300000,350000,96,severe_slow,99,healthy,2,10.8,14.7,26.3,250000,25.0,50000,50000,39750,0,0,0
dynamic_overlap_100d_4pct_hdd,100,68,1000000,5000,1.0,late_binding,15.0,7,350000,400000,96,severe_slow,99,healthy,2,10.8,14.7,27.2,250000,25.0,50000,50000,39855,0,0,0
dynamic_overlap_100d_4pct_hdd,100,68,1000000,5000,1.0,late_binding,15.0,8,400000,450000,96,severe_slow,99,healthy,3,10.8,15.0,51.7,250000,25.0,50000,50000,40014,0,0,0
dynamic_overlap_100d_4pct_hdd,100,68,1000000,5000,1.0,late_binding,15.0,9,450000,500000,96,severe_slow,99,healthy,3,10.8,14.9,51.7,250000,25.0,50000,50000,39791,0,0,0
dynamic_overlap_100d_4pct_hdd,100,68,1000000,5000,1.0,late_binding,15.0,10,500000,550000,96,recovery,99,healthy,2,10.8,14.8,26.9,250000,25.0,50000,50000,40146,0,0,0
dynamic_overlap_100d_4pct_hdd,100,68,1000000,5000,1.0,late_binding,15.0,11,550000,600000,96,recovery,99,mild_slow,3,10.8,15.2,50.6,250000,25.0,50000,50000,39814,0,0,0
dynamic_overlap_100d_4pct_hdd,100,68,1000000,5000,1.0,late_binding,15.0,12,600000,650000,96,healthy,99,mild_slow,2,10.8,14.9,27.7,250000,25.0,50000,50000,39863,0,0,0
dynamic_overlap_100d_4pct_hdd,100,68,1000000,5000,1.0,late_binding,15.0,13,650000,700000,96,healthy,99,mild_slow,2,10.8,15.0,27.5,250000,25.0,50000,50000,39911,0,0,0
dynamic_overlap_100d_4pct_hdd,100,68,1000000,5000,1.0,late_binding,15.0,14,700000,750000,96,healthy,99,severe_slow,2,10.8,14.9,52.0,250000,25.0,50000,50000,39917,0,0,0
dynamic_overlap_100d_4pct_hdd,100,68,1000000,5000,1.0,late_binding,15.0,15,750000,800000,96,healthy,99,severe_slow,1,10.8,14.4,16.9,250000,25.0,50000,50000,40262,0,0,0
dynamic_overlap_100d_4pct_hdd,100,68,1000000,5000,1.0,late_binding,15.0,16,800000,850000,96,healthy,99,severe_slow,1,10.8,14.4,16.9,250000,25.0,50000,50000,40167,0,0,0
dynamic_overlap_100d_4pct_hdd,100,68,1000000,5000,1.0,late_binding,15.0,17,850000,900000,96,healthy,99,recovery,0,10.7,14.1,15.6,250000,25.0,50000,50000,40182,0,0,0
dynamic_overlap_100d_4pct_hdd,100,68,1000000,5000,1.0,late_binding,15.0,18,900000,950000,96,healthy,99,healthy,0,10.7,14.0,15.4,250000,25.0,50000,50000,40100,0,0,0
dynamic_overlap_100d_4pct_hdd,100,68,1000000,5000,1.0,late_binding,15.0,19,950000,1000000,96,healthy,99,healthy,0,10.7,14.0,15.4,250000,25.0,50000,50000,40098,0,0,0
dynamic_overlap_100d_4pct_hdd,100,68,1000000,5000,1.0,timeout_degraded_read,15.0,0,0,50000,96,healthy,99,healthy,0,12.5,16.7,18.7,207959,4.0,7959,7959,207,0,0,0
dynamic_overlap_100d_4pct_hdd,100,68,1000000,5000,1.0,timeout_degraded_read,15.0,1,50000,100000,96,healthy,99,healthy,0,12.5,16.8,18.6,208048,4.0,8048,8048,167,0,0,0
dynamic_overlap_100d_4pct_hdd,100,68,1000000,5000,1.0,timeout_degraded_read,15.0,2,100000,150000,96,healthy,99,healthy,0,12.5,16.8,18.7,208105,4.1,8105,8105,202,0,0,0
dynamic_overlap_100d_4pct_hdd,100,68,1000000,5000,1.0,timeout_degraded_read,15.0,3,150000,200000,96,mild_slow,99,healthy,1,12.6,17.4,22.7,209041,4.5,9041,9041,889,0,0,0
dynamic_overlap_100d_4pct_hdd,100,68,1000000,5000,1.0,timeout_degraded_read,15.0,4,200000,250000,96,mild_slow,99,healthy,1,12.6,17.6,23.1,209139,4.6,9139,9139,958,0,0,0
dynamic_overlap_100d_4pct_hdd,100,68,1000000,5000,1.0,timeout_degraded_read,15.0,5,250000,300000,96,mild_slow,99,healthy,2,12.6,17.7,25.2,209260,4.6,9260,9260,1180,0,0,0
dynamic_overlap_100d_4pct_hdd,100,68,1000000,5000,1.0,timeout_degraded_read,15.0,6,300000,350000,96,severe_slow,99,healthy,2,12.6,17.8,28.1,209069,4.5,9069,9069,1463,0,0,0
dynamic_overlap_100d_4pct_hdd,100,68,1000000,5000,1.0,timeout_degraded_read,15.0,7,350000,400000,96,severe_slow,99,healthy,2,12.6,17.8,28.3,209318,4.7,9318,9318,1561,0,0,0
dynamic_overlap_100d_4pct_hdd,100,68,1000000,5000,1.0,timeout_degraded_read,15.0,8,400000,450000,96,severe_slow,99,healthy,3,12.6,18.5,52.2,209860,4.9,9860,9860,1920,0,0,0
dynamic_overlap_100d_4pct_hdd,100,68,1000000,5000,1.0,timeout_degraded_read,15.0,9,450000,500000,96,severe_slow,99,healthy,3,12.6,18.4,52.1,209702,4.9,9702,9702,1861,0,0,0
dynamic_overlap_100d_4pct_hdd,100,68,1000000,5000,1.0,timeout_degraded_read,15.0,10,500000,550000,96,recovery,99,healthy,2,12.6,18.5,33.7,209829,4.9,9829,9829,1854,0,0,0
dynamic_overlap_100d_4pct_hdd,100,68,1000000,5000,1.0,timeout_degraded_read,15.0,11,550000,600000,96,recovery,99,mild_slow,3,12.6,18.6,53.5,209795,4.9,9795,9795,1740,0,0,0
dynamic_overlap_100d_4pct_hdd,100,68,1000000,5000,1.0,timeout_degraded_read,15.0,12,600000,650000,96,healthy,99,mild_slow,2,12.6,18.0,28.9,209359,4.7,9359,9359,1629,0,0,0
dynamic_overlap_100d_4pct_hdd,100,68,1000000,5000,1.0,timeout_degraded_read,15.0,13,650000,700000,96,healthy,99,mild_slow,2,12.6,18.0,28.8,209536,4.8,9536,9536,1679,0,0,0
dynamic_overlap_100d_4pct_hdd,100,68,1000000,5000,1.0,timeout_degraded_read,15.0,14,700000,750000,96,healthy,99,severe_slow,2,12.6,18.0,52.0,209601,4.8,9601,9601,1688,0,0,0
dynamic_overlap_100d_4pct_hdd,100,68,1000000,5000,1.0,timeout_degraded_read,15.0,15,750000,800000,96,healthy,99,severe_slow,1,12.6,17.8,25.5,209494,4.7,9494,9494,1598,0,0,0
dynamic_overlap_100d_4pct_hdd,100,68,1000000,5000,1.0,timeout_degraded_read,15.0,16,800000,850000,96,healthy,99,severe_slow,1,12.6,17.9,25.5,209460,4.7,9460,9460,1653,0,0,0
dynamic_overlap_100d_4pct_hdd,100,68,1000000,5000,1.0,timeout_degraded_read,15.0,17,850000,900000,96,healthy,99,recovery,0,12.5,16.9,19.2,208514,4.3,8514,8514,248,0,0,0
dynamic_overlap_100d_4pct_hdd,100,68,1000000,5000,1.0,timeout_degraded_read,15.0,18,900000,950000,96,healthy,99,healthy,0,12.5,16.8,18.7,208143,4.1,8143,8143,213,0,0,0
dynamic_overlap_100d_4pct_hdd,100,68,1000000,5000,1.0,timeout_degraded_read,15.0,19,950000,1000000,96,healthy,99,healthy,0,12.5,16.8,18.7,208089,4.0,8089,8089,192,0,0,0
dynamic_overlap_100d_4pct_hdd,100,68,1000000,5000,1.0,health_ec,15.0,0,0,50000,96,healthy,99,healthy,0,12.5,16.8,18.7,200000,0.0,0,0,0,0,0,0
dynamic_overlap_100d_4pct_hdd,100,68,1000000,5000,1.0,health_ec,15.0,1,50000,100000,96,healthy,99,healthy,0,12.5,16.8,18.7,200000,0.0,0,0,0,0,0,0
dynamic_overlap_100d_4pct_hdd,100,68,1000000,5000,1.0,health_ec,15.0,2,100000,150000,96,healthy,99,healthy,0,12.5,16.8,18.8,200000,0.0,0,0,0,0,0,0
dynamic_overlap_100d_4pct_hdd,100,68,1000000,5000,1.0,health_ec,15.0,3,150000,200000,96,mild_slow,99,healthy,1,12.5,17.1,20.2,200548,0.3,548,548,540,1,1,0
dynamic_overlap_100d_4pct_hdd,100,68,1000000,5000,1.0,health_ec,15.0,4,200000,250000,96,mild_slow,99,healthy,1,12.5,17.0,19.5,200788,0.4,788,788,776,0,0,0
dynamic_overlap_100d_4pct_hdd,100,68,1000000,5000,1.0,health_ec,15.0,5,250000,300000,96,mild_slow,99,healthy,2,12.5,17.3,22.4,200794,0.4,794,794,792,1,1,0
dynamic_overlap_100d_4pct_hdd,100,68,1000000,5000,1.0,health_ec,15.0,6,300000,350000,96,severe_slow,99,healthy,2,12.5,17.4,25.4,200885,0.4,885,885,884,0,0,0
dynamic_overlap_100d_4pct_hdd,100,68,1000000,5000,1.0,health_ec,15.0,7,350000,400000,96,severe_slow,99,healthy,2,12.6,17.4,25.6,201037,0.5,1037,1037,1037,0,0,0
dynamic_overlap_100d_4pct_hdd,100,68,1000000,5000,1.0,health_ec,15.0,8,400000,450000,96,severe_slow,99,healthy,3,12.6,17.8,48.5,201474,0.7,1474,1474,1467,1,1,0
dynamic_overlap_100d_4pct_hdd,100,68,1000000,5000,1.0,health_ec,15.0,9,450000,500000,96,severe_slow,99,healthy,3,12.6,17.6,47.8,201568,0.8,1568,1568,1559,0,0,0
dynamic_overlap_100d_4pct_hdd,100,68,1000000,5000,1.0,health_ec,15.0,10,500000,550000,96,recovery,99,healthy,2,12.5,17.3,21.4,201624,0.8,1624,1624,1609,0,0,0
dynamic_overlap_100d_4pct_hdd,100,68,1000000,5000,1.0,health_ec,15.0,11,550000,600000,96,recovery,99,mild_slow,3,12.6,17.8,35.0,201596,0.8,1596,1596,1561,2,2,0
dynamic_overlap_100d_4pct_hdd,100,68,1000000,5000,1.0,health_ec,15.0,12,600000,650000,96,healthy,99,mild_slow,2,12.6,17.4,24.5,201581,0.8,1581,1581,1215,0,0,0
dynamic_overlap_100d_4pct_hdd,100,68,1000000,5000,1.0,health_ec,15.0,13,650000,700000,96,healthy,99,mild_slow,2,12.6,17.4,24.8,201475,0.7,1475,1475,1253,0,0,0
dynamic_overlap_100d_4pct_hdd,100,68,1000000,5000,1.0,health_ec,15.0,14,700000,750000,96,healthy,99,severe_slow,2,12.6,17.5,46.6,201228,0.6,1228,1228,1047,1,1,0
dynamic_overlap_100d_4pct_hdd,100,68,1000000,5000,1.0,health_ec,15.0,15,750000,800000,96,healthy,99,severe_slow,1,12.5,16.9,19.2,201101,0.6,1101,1101,1059,0,0,0
dynamic_overlap_100d_4pct_hdd,100,68,1000000,5000,1.0,health_ec,15.0,16,800000,850000,96,healthy,99,severe_slow,1,12.5,17.0,19.2,201067,0.5,1067,1067,1045,0,0,0
dynamic_overlap_100d_4pct_hdd,100,68,1000000,5000,1.0,health_ec,15.0,17,850000,900000,96,healthy,99,recovery,0,12.5,16.8,18.8,200820,0.4,820,820,726,0,0,0
dynamic_overlap_100d_4pct_hdd,100,68,1000000,5000,1.0,health_ec,15.0,18,900000,950000,96,healthy,99,healthy,0,12.5,16.8,18.8,200548,0.3,548,548,443,0,0,0
dynamic_overlap_100d_4pct_hdd,100,68,1000000,5000,1.0,health_ec,15.0,19,950000,1000000,96,healthy,99,healthy,0,12.5,16.8,18.8,200306,0.2,306,306,256,0,0,0
dynamic_overlap_100d_4pct_hdd,100,69,1000000,5000,1.0,vanilla_ec,15.0,0,0,50000,96,healthy,99,healthy,0,12.5,16.8,18.9,200000,0.0,0,0,0,0,0,0
dynamic_overlap_100d_4pct_hdd,100,69,1000000,5000,1.0,vanilla_ec,15.0,1,50000,100000,96,healthy,99,healthy,0,12.5,16.8,18.8,200000,0.0,0,0,0,0,0,0
dynamic_overlap_100d_4pct_hdd,100,69,1000000,5000,1.0,vanilla_ec,15.0,2,100000,150000,96,healthy,99,healthy,0,12.5,16.8,18.8,200000,0.0,0,0,0,0,0,0
dynamic_overlap_100d_4pct_hdd,100,69,1000000,5000,1.0,vanilla_ec,15.0,3,150000,200000,96,mild_slow,99,healthy,1,12.6,17.5,26.7,200000,0.0,0,0,0,0,0,0
dynamic_overlap_100d_4pct_hdd,100,69,1000000,5000,1.0,vanilla_ec,15.0,4,200000,250000,96,mild_slow,99,healthy,1,12.6,17.5,27.4,200000,0.0,0,0,0,0,0,0
dynamic_overlap_100d_4pct_hdd,100,69,1000000,5000,1.0,vanilla_ec,15.0,5,250000,300000,96,mild_slow,99,healthy,2,12.6,17.9,31.5,200000,0.0,0,0,0,0,0,0
dynamic_overlap_100d_4pct_hdd,100,69,1000000,5000,1.0,vanilla_ec,15.0,6,300000,350000,96,severe_slow,99,healthy,2,12.6,17.9,62.6,200000,0.0,0,0,0,0,0,0
dynamic_overlap_100d_4pct_hdd,100,69,1000000,5000,1.0,vanilla_ec,15.0,7,350000,400000,96,severe_slow,99,healthy,2,12.6,17.8,63.0,200000,0.0,0,0,0,0,0,0
dynamic_overlap_100d_4pct_hdd,100,69,1000000,5000,1.0,vanilla_ec,15.0,8,400000,450000,96,severe_slow,99,healthy,3,12.6,18.6,73.1,200000,0.0,0,0,0,0,0,0
dynamic_overlap_100d_4pct_hdd,100,69,1000000,5000,1.0,vanilla_ec,15.0,9,450000,500000,96,severe_slow,99,healthy,3,12.6,18.7,73.0,200000,0.0,0,0,0,0,0,0
dynamic_overlap_100d_4pct_hdd,100,69,1000000,5000,1.0,vanilla_ec,15.0,10,500000,550000,96,recovery,99,healthy,2,12.6,18.6,64.4,200000,0.0,0,0,0,0,0,0
dynamic_overlap_100d_4pct_hdd,100,69,1000000,5000,1.0,vanilla_ec,15.0,11,550000,600000,96,recovery,99,mild_slow,3,12.6,18.8,73.8,200000,0.0,0,0,0,0,0,0
dynamic_overlap_100d_4pct_hdd,100,69,1000000,5000,1.0,vanilla_ec,15.0,12,600000,650000,96,healthy,99,mild_slow,2,12.6,18.2,64.4,200000,0.0,0,0,0,0,0,0
dynamic_overlap_100d_4pct_hdd,100,69,1000000,5000,1.0,vanilla_ec,15.0,13,650000,700000,96,healthy,99,mild_slow,2,12.6,18.1,63.5,200000,0.0,0,0,0,0,0,0
dynamic_overlap_100d_4pct_hdd,100,69,1000000,5000,1.0,vanilla_ec,15.0,14,700000,750000,96,healthy,99,severe_slow,2,12.6,18.0,72.2,200000,0.0,0,0,0,0,0,0
dynamic_overlap_100d_4pct_hdd,100,69,1000000,5000,1.0,vanilla_ec,15.0,15,750000,800000,96,healthy,99,severe_slow,1,12.6,18.0,63.7,200000,0.0,0,0,0,0,0,0
dynamic_overlap_100d_4pct_hdd,100,69,1000000,5000,1.0,vanilla_ec,15.0,16,800000,850000,96,healthy,99,severe_slow,1,12.6,17.9,64.3,200000,0.0,0,0,0,0,0,0
dynamic_overlap_100d_4pct_hdd,100,69,1000000,5000,1.0,vanilla_ec,15.0,17,850000,900000,96,healthy,99,recovery,0,12.5,17.0,19.3,200000,0.0,0,0,0,0,0,0
dynamic_overlap_100d_4pct_hdd,100,69,1000000,5000,1.0,vanilla_ec,15.0,18,900000,950000,96,healthy,99,healthy,0,12.5,16.8,18.8,200000,0.0,0,0,0,0,0,0
dynamic_overlap_100d_4pct_hdd,100,69,1000000,5000,1.0,vanilla_ec,15.0,19,950000,1000000,96,healthy,99,healthy,0,12.5,16.8,18.8,200000,0.0,0,0,0,0,0,0
dynamic_overlap_100d_4pct_hdd,100,69,1000000,5000,1.0,late_binding,15.0,0,0,50000,96,healthy,99,healthy,0,10.7,14.0,15.4,250000,25.0,50000,50000,40086,0,0,0
dynamic_overlap_100d_4pct_hdd,100,69,1000000,5000,1.0,late_binding,15.0,1,50000,100000,96,healthy,99,healthy,0,10.7,14.0,15.4,250000,25.0,50000,50000,40097,0,0,0
dynamic_overlap_100d_4pct_hdd,100,69,1000000,5000,1.0,late_binding,15.0,2,100000,150000,96,healthy,99,healthy,0,10.7,14.0,15.4,250000,25.0,50000,50000,40028,0,0,0
dynamic_overlap_100d_4pct_hdd,100,69,1000000,5000,1.0,late_binding,15.0,3,150000,200000,96,mild_slow,99,healthy,1,10.7,14.2,15.8,250000,25.0,50000,50000,39726,0,0,0
dynamic_overlap_100d_4pct_hdd,100,69,1000000,5000,1.0,late_binding,15.0,4,200000,250000,96,mild_slow,99,healthy,1,10.8,14.2,15.8,250000,25.0,50000,50000,39886,0,0,0
dynamic_overlap_100d_4pct_hdd,100,69,1000000,5000,1.0,late_binding,15.0,5,250000,300000,96,mild_slow,99,healthy,2,10.8,14.7,22.7,250000,25.0,50000,50000,39721,0,0,0
dynamic_overlap_100d_4pct_hdd,100,69,1000000,5000,1.0,late_binding,15.0,6,300000,350000,96,severe_slow,99,healthy,2,10.8,14.7,26.4,250000,25.0,50000,50000,39654,0,0,0
dynamic_overlap_100d_4pct_hdd,100,69,1000000,5000,1.0,late_binding,15.0,7,350000,400000,96,severe_slow,99,healthy,2,10.8,14.7,26.5,250000,25.0,50000,50000,39663,0,0,0
dynamic_overlap_100d_4pct_hdd,100,69,1000000,5000,1.0,late_binding,15.0,8,400000,450000,96,severe_slow,99,healthy,3,10.8,15.0,52.0,250000,25.0,50000,50000,39725,0,0,0
dynamic_overlap_100d_4pct_hdd,100,69,1000000,5000,1.0,late_binding,15.0,9,450000,500000,96,severe_slow,99,healthy,3,10.8,14.9,52.8,250000,25.0,50000,50000,40044,0,0,0
dynamic_overlap_100d_4pct_hdd,100,69,1000000,5000,1.0,late_binding,15.0,10,500000,550000,96,recovery,99,healthy,2,10.8,14.8,27.5,250000,25.0,50000,50000,40057,0,0,0
dynamic_overlap_100d_4pct_hdd,100,69,1000000,5000,1.0,late_binding,15.0,11,550000,600000,96,recovery,99,mild_slow,3,10.8,15.3,51.6,250000,25.0,50000,50000,39910,0,0,0
dynamic_overlap_100d_4pct_hdd,100,69,1000000,5000,1.0,late_binding,15.0,12,600000,650000,96,healthy,99,mild_slow,2,10.8,15.0,27.2,250000,25.0,50000,50000,39840,0,0,0
dynamic_overlap_100d_4pct_hdd,100,69,1000000,5000,1.0,late_binding,15.0,13,650000,700000,96,healthy,99,mild_slow,2,10.8,14.9,27.4,250000,25.0,50000,50000,39928,0,0,0
dynamic_overlap_100d_4pct_hdd,100,69,1000000,5000,1.0,late_binding,15.0,14,700000,750000,96,healthy,99,severe_slow,2,10.8,14.9,50.6,250000,25.0,50000,50000,39756,0,0,0
dynamic_overlap_100d_4pct_hdd,100,69,1000000,5000,1.0,late_binding,15.0,15,750000,800000,96,healthy,99,severe_slow,1,10.8,14.4,17.0,250000,25.0,50000,50000,40056,0,0,0
dynamic_overlap_100d_4pct_hdd,100,69,1000000,5000,1.0,late_binding,15.0,16,800000,850000,96,healthy,99,severe_slow,1,10.8,14.4,16.7,250000,25.0,50000,50000,40173,0,0,0
dynamic_overlap_100d_4pct_hdd,100,69,1000000,5000,1.0,late_binding,15.0,17,850000,900000,96,healthy,99,recovery,0,10.7,14.1,15.6,250000,25.0,50000,50000,40211,0,0,0
dynamic_overlap_100d_4pct_hdd,100,69,1000000,5000,1.0,late_binding,15.0,18,900000,950000,96,healthy,99,healthy,0,10.7,14.0,15.5,250000,25.0,50000,50000,40130,0,0,0
dynamic_overlap_100d_4pct_hdd,100,69,1000000,5000,1.0,late_binding,15.0,19,950000,1000000,96,healthy,99,healthy,0,10.7,14.0,15.5,250000,25.0,50000,50000,39915,0,0,0
dynamic_overlap_100d_4pct_hdd,100,69,1000000,5000,1.0,timeout_degraded_read,15.0,0,0,50000,96,healthy,99,healthy,0,12.5,16.8,18.8,208042,4.0,8042,8042,195,0,0,0
dynamic_overlap_100d_4pct_hdd,100,69,1000000,5000,1.0,timeout_degraded_read,15.0,1,50000,100000,96,healthy,99,healthy,0,12.5,16.8,18.7,208011,4.0,8011,8011,170,0,0,0
dynamic_overlap_100d_4pct_hdd,100,69,1000000,5000,1.0,timeout_degraded_read,15.0,2,100000,150000,96,healthy,99,healthy,0,12.5,16.8,18.7,208075,4.0,8075,8075,186,0,0,0
dynamic_overlap_100d_4pct_hdd,100,69,1000000,5000,1.0,timeout_degraded_read,15.0,3,150000,200000,96,mild_slow,99,healthy,1,12.6,17.5,22.8,209011,4.5,9011,9011,866,0,0,0
dynamic_overlap_100d_4pct_hdd,100,69,1000000,5000,1.0,timeout_degraded_read,15.0,4,200000,250000,96,mild_slow,99,healthy,1,12.6,17.5,22.6,209160,4.6,9160,9160,909,0,0,0
dynamic_overlap_100d_4pct_hdd,100,69,1000000,5000,1.0,timeout_degraded_read,15.0,5,250000,300000,96,mild_slow,99,healthy,2,12.6,17.9,25.8,209179,4.6,9179,9179,1288,0,0,0
dynamic_overlap_100d_4pct_hdd,100,69,1000000,5000,1.0,timeout_degraded_read,15.0,6,300000,350000,96,severe_slow,99,healthy,2,12.6,17.8,28.2,209199,4.6,9199,9199,1583,0,0,0
dynamic_overlap_100d_4pct_hdd,100,69,1000000,5000,1.0,timeout_degraded_read,15.0,7,350000,400000,96,severe_slow,99,healthy,2,12.6,17.8,28.1,209132,4.6,9132,9132,1530,0,0,0
dynamic_overlap_100d_4pct_hdd,100,69,1000000,5000,1.0,timeout_degraded_read,15.0,8,400000,450000,96,severe_slow,99,healthy,3,12.6,18.4,52.4,209548,4.8,9548,9548,1910,0,0,0
dynamic_overlap_100d_4pct_hdd,100,69,1000000,5000,1.0,timeout_degraded_read,15.0,9,450000,500000,96,severe_slow,99,healthy,3,12.6,18.5,52.9,209882,4.9,9882,9882,1953,0,0,0
dynamic_overlap_100d_4pct_hdd,100,69,1000000,5000,1.0,timeout_degraded_read,15.0,10,500000,550000,96,recovery,99,healthy,2,12.6,18.5,33.6,209808,4.9,9808,9808,1834,0,0,0
dynamic_overlap_100d_4pct_hdd,100,69,1000000,5000,1.0,timeout_degraded_read,15.0,11,550000,600000,96,recovery,99,mild_slow,3,12.6,18.7,54.2,209685,4.8,9685,9685,1779,0,0,0
dynamic_overlap_100d_4pct_hdd,100,69,1000000,5000,1.0,timeout_degraded_read,15.0,12,600000,650000,96,healthy,99,mild_slow,2,12.6,18.1,28.7,209585,4.8,9585,9585,1663,0,0,0
dynamic_overlap_100d_4pct_hdd,100,69,1000000,5000,1.0,timeout_degraded_read,15.0,13,650000,700000,96,healthy,99,mild_slow,2,12.6,18.0,28.6,209457,4.7,9457,9457,1647,0,0,0
dynamic_overlap_100d_4pct_hdd,100,69,1000000,5000,1.0,timeout_degraded_read,15.0,14,700000,750000,96,healthy,99,severe_slow,2,12.6,18.0,50.6,209412,4.7,9412,9412,1641,0,0,0
dynamic_overlap_100d_4pct_hdd,100,69,1000000,5000,1.0,timeout_degraded_read,15.0,15,750000,800000,96,healthy,99,severe_slow,1,12.6,17.9,25.3,209312,4.7,9312,9312,1653,0,0,0
dynamic_overlap_100d_4pct_hdd,100,69,1000000,5000,1.0,timeout_degraded_read,15.0,16,800000,850000,96,healthy,99,severe_slow,1,12.6,17.8,25.4,209432,4.7,9432,9432,1597,0,0,0
dynamic_overlap_100d_4pct_hdd,100,69,1000000,5000,1.0,timeout_degraded_read,15.0,17,850000,900000,96,healthy,99,recovery,0,12.5,17.0,19.2,208533,4.3,8533,8533,284,0,0,0
dynamic_overlap_100d_4pct_hdd,100,69,1000000,5000,1.0,timeout_degraded_read,15.0,18,900000,950000,96,healthy,99,healthy,0,12.5,16.8,18.7,208119,4.1,8119,8119,209,0,0,0
dynamic_overlap_100d_4pct_hdd,100,69,1000000,5000,1.0,timeout_degraded_read,15.0,19,950000,1000000,96,healthy,99,healthy,0,12.5,16.8,18.7,208145,4.1,8145,8145,201,0,0,0
dynamic_overlap_100d_4pct_hdd,100,69,1000000,5000,1.0,health_ec,15.0,0,0,50000,96,healthy,99,healthy,0,12.5,16.8,18.9,200000,0.0,0,0,0,0,0,0
dynamic_overlap_100d_4pct_hdd,100,69,1000000,5000,1.0,health_ec,15.0,1,50000,100000,96,healthy,99,healthy,0,12.5,16.8,18.8,200000,0.0,0,0,0,0,0,0
dynamic_overlap_100d_4pct_hdd,100,69,1000000,5000,1.0,health_ec,15.0,2,100000,150000,96,healthy,99,healthy,0,12.5,16.8,18.8,200000,0.0,0,0,0,0,0,0
dynamic_overlap_100d_4pct_hdd,100,69,1000000,5000,1.0,health_ec,15.0,3,150000,200000,96,mild_slow,99,healthy,1,12.5,17.1,20.4,200503,0.3,503,503,495,1,1,0
dynamic_overlap_100d_4pct_hdd,100,69,1000000,5000,1.0,health_ec,15.0,4,200000,250000,96,mild_slow,99,healthy,1,12.5,17.0,19.6,200729,0.4,729,729,711,0,0,0
dynamic_overlap_100d_4pct_hdd,100,69,1000000,5000,1.0,health_ec,15.0,5,250000,300000,96,mild_slow,99,healthy,2,12.5,17.3,23.1,200863,0.4,863,863,859,1,1,0
dynamic_overlap_100d_4pct_hdd,100,69,1000000,5000,1.0,health_ec,15.0,6,300000,350000,96,severe_slow,99,healthy,2,12.5,17.4,25.8,200980,0.5,980,980,980,0,0,0
dynamic_overlap_100d_4pct_hdd,100,69,1000000,5000,1.0,health_ec,15.0,7,350000,400000,96,severe_slow,99,healthy,2,12.6,17.4,24.8,201038,0.5,1038,1038,1037,0,0,0
dynamic_overlap_100d_4pct_hdd,100,69,1000000,5000,1.0,health_ec,15.0,8,400000,450000,96,severe_slow,99,healthy,3,12.6,17.7,48.9,201465,0.7,1465,1465,1458,1,1,0
dynamic_overlap_100d_4pct_hdd,100,69,1000000,5000,1.0,health_ec,15.0,9,450000,500000,96,severe_slow,99,healthy,3,12.6,17.8,48.8,201560,0.8,1560,1560,1551,0,0,0
dynamic_overlap_100d_4pct_hdd,100,69,1000000,5000,1.0,health_ec,15.0,10,500000,550000,96,recovery,99,healthy,2,12.5,17.3,21.3,201589,0.8,1589,1589,1582,0,0,0
dynamic_overlap_100d_4pct_hdd,100,69,1000000,5000,1.0,health_ec,15.0,11,550000,600000,96,recovery,99,mild_slow,3,12.6,17.8,36.2,201635,0.8,1635,1635,1595,2,2,0
dynamic_overlap_100d_4pct_hdd,100,69,1000000,5000,1.0,health_ec,15.0,12,600000,650000,96,healthy,99,mild_slow,2,12.6,17.4,24.6,201598,0.8,1598,1598,1218,0,0,0
dynamic_overlap_100d_4pct_hdd,100,69,1000000,5000,1.0,health_ec,15.0,13,650000,700000,96,healthy,99,mild_slow,2,12.6,17.4,24.4,201395,0.7,1395,1395,1196,0,0,0
dynamic_overlap_100d_4pct_hdd,100,69,1000000,5000,1.0,health_ec,15.0,14,700000,750000,96,healthy,99,severe_slow,2,12.6,17.5,44.5,201203,0.6,1203,1203,1030,1,1,0
dynamic_overlap_100d_4pct_hdd,100,69,1000000,5000,1.0,health_ec,15.0,15,750000,800000,96,healthy,99,severe_slow,1,12.5,16.9,19.2,201099,0.5,1099,1099,1060,0,0,0
dynamic_overlap_100d_4pct_hdd,100,69,1000000,5000,1.0,health_ec,15.0,16,800000,850000,96,healthy,99,severe_slow,1,12.5,16.9,19.0,201055,0.5,1055,1055,1039,0,0,0
dynamic_overlap_100d_4pct_hdd,100,69,1000000,5000,1.0,health_ec,15.0,17,850000,900000,96,healthy,99,recovery,0,12.5,16.8,18.8,200874,0.4,874,874,785,0,0,0
dynamic_overlap_100d_4pct_hdd,100,69,1000000,5000,1.0,health_ec,15.0,18,900000,950000,96,healthy,99,healthy,0,12.5,16.8,18.8,200506,0.3,506,506,419,0,0,0
dynamic_overlap_100d_4pct_hdd,100,69,1000000,5000,1.0,health_ec,15.0,19,950000,1000000,96,healthy,99,healthy,0,12.5,16.8,18.8,200322,0.2,322,322,267,0,0,0
dynamic_overlap_100d_4pct_hdd,100,70,1000000,5000,1.0,vanilla_ec,15.0,0,0,50000,96,healthy,99,healthy,0,12.5,16.8,18.9,200000,0.0,0,0,0,0,0,0
dynamic_overlap_100d_4pct_hdd,100,70,1000000,5000,1.0,vanilla_ec,15.0,1,50000,100000,96,healthy,99,healthy,0,12.5,16.8,18.9,200000,0.0,0,0,0,0,0,0
dynamic_overlap_100d_4pct_hdd,100,70,1000000,5000,1.0,vanilla_ec,15.0,2,100000,150000,96,healthy,99,healthy,0,12.5,16.8,18.8,200000,0.0,0,0,0,0,0,0
dynamic_overlap_100d_4pct_hdd,100,70,1000000,5000,1.0,vanilla_ec,15.0,3,150000,200000,96,mild_slow,99,healthy,1,12.6,17.5,26.7,200000,0.0,0,0,0,0,0,0
dynamic_overlap_100d_4pct_hdd,100,70,1000000,5000,1.0,vanilla_ec,15.0,4,200000,250000,96,mild_slow,99,healthy,1,12.6,17.6,27.4,200000,0.0,0,0,0,0,0,0
dynamic_overlap_100d_4pct_hdd,100,70,1000000,5000,1.0,vanilla_ec,15.0,5,250000,300000,96,mild_slow,99,healthy,2,12.6,17.8,31.3,200000,0.0,0,0,0,0,0,0
dynamic_overlap_100d_4pct_hdd,100,70,1000000,5000,1.0,vanilla_ec,15.0,6,300000,350000,96,severe_slow,99,healthy,2,12.6,17.8,61.7,200000,0.0,0,0,0,0,0,0
dynamic_overlap_100d_4pct_hdd,100,70,1000000,5000,1.0,vanilla_ec,15.0,7,350000,400000,96,severe_slow,99,healthy,2,12.6,17.9,62.7,200000,0.0,0,0,0,0,0,0
dynamic_overlap_100d_4pct_hdd,100,70,1000000,5000,1.0,vanilla_ec,15.0,8,400000,450000,96,severe_slow,99,healthy,3,12.6,18.5,72.7,200000,0.0,0,0,0,0,0,0
dynamic_overlap_100d_4pct_hdd,100,70,1000000,5000,1.0,vanilla_ec,15.0,9,450000,500000,96,severe_slow,99,healthy,3,12.6,18.5,72.5,200000,0.0,0,0,0,0,0,0
dynamic_overlap_100d_4pct_hdd,100,70,1000000,5000,1.0,vanilla_ec,15.0,10,500000,550000,96,recovery,99,healthy,2,12.6,18.4,62.9,200000,0.0,0,0,0,0,0,0
dynamic_overlap_100d_4pct_hdd,100,70,1000000,5000,1.0,vanilla_ec,15.0,11,550000,600000,96,recovery,99,mild_slow,3,12.6,19.0,74.9,200000,0.0,0,0,0,0,0,0
dynamic_overlap_100d_4pct_hdd,100,70,1000000,5000,1.0,vanilla_ec,15.0,12,600000,650000,96,healthy,99,mild_slow,2,12.6,18.0,63.6,200000,0.0,0,0,0,0,0,0
dynamic_overlap_100d_4pct_hdd,100,70,1000000,5000,1.0,vanilla_ec,15.0,13,650000,700000,96,healthy,99,mild_slow,2,12.6,18.1,64.4,200000,0.0,0,0,0,0,0,0
dynamic_overlap_100d_4pct_hdd,100,70,1000000,5000,1.0,vanilla_ec,15.0,14,700000,750000,96,healthy,99,severe_slow,2,12.6,17.9,72.4,200000,0.0,0,0,0,0,0,0
dynamic_overlap_100d_4pct_hdd,100,70,1000000,5000,1.0,vanilla_ec,15.0,15,750000,800000,96,healthy,99,severe_slow,1,12.6,18.0,63.2,200000,0.0,0,0,0,0,0,0
dynamic_overlap_100d_4pct_hdd,100,70,1000000,5000,1.0,vanilla_ec,15.0,16,800000,850000,96,healthy,99,severe_slow,1,12.6,17.9,62.9,200000,0.0,0,0,0,0,0,0
dynamic_overlap_100d_4pct_hdd,100,70,1000000,5000,1.0,vanilla_ec,15.0,17,850000,900000,96,healthy,99,recovery,0,12.5,17.0,19.4,200000,0.0,0,0,0,0,0,0
dynamic_overlap_100d_4pct_hdd,100,70,1000000,5000,1.0,vanilla_ec,15.0,18,900000,950000,96,healthy,99,healthy,0,12.5,16.8,18.8,200000,0.0,0,0,0,0,0,0
dynamic_overlap_100d_4pct_hdd,100,70,1000000,5000,1.0,vanilla_ec,15.0,19,950000,1000000,96,healthy,99,healthy,0,12.5,16.8,18.8,200000,0.0,0,0,0,0,0,0
dynamic_overlap_100d_4pct_hdd,100,70,1000000,5000,1.0,late_binding,15.0,0,0,50000,96,healthy,99,healthy,0,10.7,14.0,15.4,250000,25.0,50000,50000,39948,0,0,0
dynamic_overlap_100d_4pct_hdd,100,70,1000000,5000,1.0,late_binding,15.0,1,50000,100000,96,healthy,99,healthy,0,10.7,14.0,15.4,250000,25.0,50000,50000,39993,0,0,0
dynamic_overlap_100d_4pct_hdd,100,70,1000000,5000,1.0,late_binding,15.0,2,100000,150000,96,healthy,99,healthy,0,10.7,14.0,15.5,250000,25.0,50000,50000,39945,0,0,0
dynamic_overlap_100d_4pct_hdd,100,70,1000000,5000,1.0,late_binding,15.0,3,150000,200000,96,mild_slow,99,healthy,1,10.7,14.2,15.7,250000,25.0,50000,50000,39715,0,0,0
dynamic_overlap_100d_4pct_hdd,100,70,1000000,5000,1.0,late_binding,15.0,4,200000,250000,96,mild_slow,99,healthy,1,10.8,14.2,15.7,250000,25.0,50000,50000,39726,0,0,0
dynamic_overlap_100d_4pct_hdd,100,70,1000000,5000,1.0,late_binding,15.0,5,250000,300000,96,mild_slow,99,healthy,2,10.8,14.6,22.5,250000,25.0,50000,50000,39688,0,0,0
dynamic_overlap_100d_4pct_hdd,100,70,1000000,5000,1.0,late_binding,15.0,6,300000,350000,96,severe_slow,99,healthy,2,10.8,14.7,26.1,250000,25.0,50000,50000,39752,0,0,0
dynamic_overlap_100d_4pct_hdd,100,70,1000000,5000,1.0,late_binding,15.0,7,350000,400000,96,severe_slow,99,healthy,2,10.8,14.7,26.4,250000,25.0,50000,50000,39838,0,0,0
dynamic_overlap_100d_4pct_hdd,100,70,1000000,5000,1.0,late_binding,15.0,8,400000,450000,96,severe_slow,99,healthy,3,10.8,14.9,51.1,250000,25.0,50000,50000,39869,0,0,0
dynamic_overlap_100d_4pct_hdd,100,70,1000000,5000,1.0,late_binding,15.0,9,450000,500000,96,severe_slow,99,healthy,3,10.8,14.9,51.0,250000,25.0,50000,50000,39721,0,0,0
dynamic_overlap_100d_4pct_hdd,100,70,1000000,5000,1.0,late_binding,15.0,10,500000,550000,96,recovery,99,healthy,2,10.8,14.8,26.8,250000,25.0,50000,50000,40164,0,0,0
dynamic_overlap_100d_4pct_hdd,100,70,1000000,5000,1.0,late_binding,15.0,11,550000,600000,96,recovery,99,mild_slow,3,10.8,15.4,51.4,250000,25.0,50000,50000,39879,0,0,0
dynamic_overlap_100d_4pct_hdd,100,70,1000000,5000,1.0,late_binding,15.0,12,600000,650000,96,healthy,99,mild_slow,2,10.8,14.9,27.1,250000,25.0,50000,50000,39796,0,0,0
dynamic_overlap_100d_4pct_hdd,100,70,1000000,5000,1.0,late_binding,15.0,13,650000,700000,96,healthy,99,mild_slow,2,10.8,15.0,27.6,250000,25.0,50000,50000,39734,0,0,0
dynamic_overlap_100d_4pct_hdd,100,70,1000000,5000,1.0,late_binding,15.0,14,700000,750000,96,healthy,99,severe_slow,2,10.8,14.8,50.7,250000,25.0,50000,50000,39788,0,0,0
dynamic_overlap_100d_4pct_hdd,100,70,1000000,5000,1.0,late_binding,15.0,15,750000,800000,96,healthy,99,severe_slow,1,10.8,14.4,16.8,250000,25.0,50000,50000,40087,0,0,0
dynamic_overlap_100d_4pct_hdd,100,70,1000000,5000,1.0,late_binding,15.0,16,800000,850000,96,healthy,99,severe_slow,1,10.8,14.4,16.8,250000,25.0,50000,50000,39936,0,0,0
dynamic_overlap_100d_4pct_hdd,100,70,1000000,5000,1.0,late_binding,15.0,17,850000,900000,96,healthy,99,recovery,0,10.7,14.1,15.5,250000,25.0,50000,50000,40051,0,0,0
dynamic_overlap_100d_4pct_hdd,100,70,1000000,5000,1.0,late_binding,15.0,18,900000,950000,96,healthy,99,healthy,0,10.7,14.0,15.5,250000,25.0,50000,50000,40001,0,0,0
dynamic_overlap_100d_4pct_hdd,100,70,1000000,5000,1.0,late_binding,15.0,19,950000,1000000,96,healthy,99,healthy,0,10.7,14.0,15.5,250000,25.0,50000,50000,39885,0,0,0
dynamic_overlap_100d_4pct_hdd,100,70,1000000,5000,1.0,timeout_degraded_read,15.0,0,0,50000,96,healthy,99,healthy,0,12.5,16.8,18.8,207955,4.0,7955,7955,187,0,0,0
dynamic_overlap_100d_4pct_hdd,100,70,1000000,5000,1.0,timeout_degraded_read,15.0,1,50000,100000,96,healthy,99,healthy,0,12.5,16.8,18.8,208180,4.1,8180,8180,195,0,0,0
dynamic_overlap_100d_4pct_hdd,100,70,1000000,5000,1.0,timeout_degraded_read,15.0,2,100000,150000,96,healthy,99,healthy,0,12.5,16.8,18.7,207960,4.0,7960,7960,191,0,0,0
dynamic_overlap_100d_4pct_hdd,100,70,1000000,5000,1.0,timeout_degraded_read,15.0,3,150000,200000,96,mild_slow,99,healthy,1,12.6,17.5,22.7,208980,4.5,8980,8980,877,0,0,0
dynamic_overlap_100d_4pct_hdd,100,70,1000000,5000,1.0,timeout_degraded_read,15.0,4,200000,250000,96,mild_slow,99,healthy,1,12.6,17.6,23.0,209303,4.7,9303,9303,922,0,0,0
dynamic_overlap_100d_4pct_hdd,100,70,1000000,5000,1.0,timeout_degraded_read,15.0,5,250000,300000,96,mild_slow,99,healthy,2,12.6,17.8,25.4,209312,4.7,9312,9312,1266,0,0,0
dynamic_overlap_100d_4pct_hdd,100,70,1000000,5000,1.0,timeout_degraded_read,15.0,6,300000,350000,96,severe_slow,99,healthy,2,12.6,17.8,27.9,209236,4.6,9236,9236,1550,0,0,0
dynamic_overlap_100d_4pct_hdd,100,70,1000000,5000,1.0,timeout_degraded_read,15.0,7,350000,400000,96,severe_slow,99,healthy,2,12.6,17.8,28.4,209315,4.7,9315,9315,1581,0,0,0
dynamic_overlap_100d_4pct_hdd,100,70,1000000,5000,1.0,timeout_degraded_read,15.0,8,400000,450000,96,severe_slow,99,healthy,3,12.6,18.4,51.5,209780,4.9,9780,9780,1886,0,0,0
dynamic_overlap_100d_4pct_hdd,100,70,1000000,5000,1.0,timeout_degraded_read,15.0,9,450000,500000,96,severe_slow,99,healthy,3,12.6,18.4,51.4,209652,4.8,9652,9652,1908,0,0,0
dynamic_overlap_100d_4pct_hdd,100,70,1000000,5000,1.0,timeout_degraded_read,15.0,10,500000,550000,96,recovery,99,healthy,2,12.6,18.3,33.0,209811,4.9,9811,9811,1746,0,0,0
dynamic_overlap_100d_4pct_hdd,100,70,1000000,5000,1.0,timeout_degraded_read,15.0,11,550000,600000,96,recovery,99,mild_slow,3,12.6,18.8,53.9,209815,4.9,9815,9815,1872,0,0,0
dynamic_overlap_100d_4pct_hdd,100,70,1000000,5000,1.0,timeout_degraded_read,15.0,12,600000,650000,96,healthy,99,mild_slow,2,12.6,18.0,28.5,209459,4.7,9459,9459,1595,0,0,0
dynamic_overlap_100d_4pct_hdd,100,70,1000000,5000,1.0,timeout_degraded_read,15.0,13,650000,700000,96,healthy,99,mild_slow,2,12.6,18.1,28.9,209452,4.7,9452,9452,1663,0,0,0
dynamic_overlap_100d_4pct_hdd,100,70,1000000,5000,1.0,timeout_degraded_read,15.0,14,700000,750000,96,healthy,99,severe_slow,2,12.6,17.8,50.7,209268,4.6,9268,9268,1627,0,0,0
dynamic_overlap_100d_4pct_hdd,100,70,1000000,5000,1.0,timeout_degraded_read,15.0,15,750000,800000,96,healthy,99,severe_slow,1,12.6,17.9,25.5,209408,4.7,9408,9408,1615,0,0,0
dynamic_overlap_100d_4pct_hdd,100,70,1000000,5000,1.0,timeout_degraded_read,15.0,16,800000,850000,96,healthy,99,severe_slow,1,12.6,17.8,25.3,209310,4.7,9310,9310,1584,0,0,0
dynamic_overlap_100d_4pct_hdd,100,70,1000000,5000,1.0,timeout_degraded_read,15.0,17,850000,900000,96,healthy,99,recovery,0,12.5,17.0,19.2,208432,4.2,8432,8432,236,0,0,0
dynamic_overlap_100d_4pct_hdd,100,70,1000000,5000,1.0,timeout_degraded_read,15.0,18,900000,950000,96,healthy,99,healthy,0,12.5,16.8,18.7,208034,4.0,8034,8034,158,0,0,0
dynamic_overlap_100d_4pct_hdd,100,70,1000000,5000,1.0,timeout_degraded_read,15.0,19,950000,1000000,96,healthy,99,healthy,0,12.5,16.8,18.8,208129,4.1,8129,8129,184,0,0,0
dynamic_overlap_100d_4pct_hdd,100,70,1000000,5000,1.0,health_ec,15.0,0,0,50000,96,healthy,99,healthy,0,12.5,16.8,18.9,200000,0.0,0,0,0,0,0,0
dynamic_overlap_100d_4pct_hdd,100,70,1000000,5000,1.0,health_ec,15.0,1,50000,100000,96,healthy,99,healthy,0,12.5,16.8,18.9,200000,0.0,0,0,0,0,0,0
dynamic_overlap_100d_4pct_hdd,100,70,1000000,5000,1.0,health_ec,15.0,2,100000,150000,96,healthy,99,healthy,0,12.5,16.8,18.8,200000,0.0,0,0,0,0,0,0
dynamic_overlap_100d_4pct_hdd,100,70,1000000,5000,1.0,health_ec,15.0,3,150000,200000,96,mild_slow,99,healthy,1,12.5,17.1,20.3,200537,0.3,537,537,527,1,1,0
dynamic_overlap_100d_4pct_hdd,100,70,1000000,5000,1.0,health_ec,15.0,4,200000,250000,96,mild_slow,99,healthy,1,12.5,17.0,19.7,200720,0.4,720,720,710,0,0,0
dynamic_overlap_100d_4pct_hdd,100,70,1000000,5000,1.0,health_ec,15.0,5,250000,300000,96,mild_slow,99,healthy,2,12.5,17.3,23.0,200834,0.4,834,834,833,1,1,0
dynamic_overlap_100d_4pct_hdd,100,70,1000000,5000,1.0,health_ec,15.0,6,300000,350000,96,severe_slow,99,healthy,2,12.6,17.4,25.4,200978,0.5,978,978,978,0,0,0
dynamic_overlap_100d_4pct_hdd,100,70,1000000,5000,1.0,health_ec,15.0,7,350000,400000,96,severe_slow,99,healthy,2,12.6,17.3,24.5,201047,0.5,1047,1047,1047,0,0,0
dynamic_overlap_100d_4pct_hdd,100,70,1000000,5000,1.0,health_ec,15.0,8,400000,450000,96,severe_slow,99,healthy,3,12.6,17.7,47.7,201458,0.7,1458,1458,1450,1,1,0
dynamic_overlap_100d_4pct_hdd,100,70,1000000,5000,1.0,health_ec,15.0,9,450000,500000,96,severe_slow,99,healthy,3,12.6,17.6,47.6,201552,0.8,1552,1552,1545,0,0,0
dynamic_overlap_100d_4pct_hdd,100,70,1000000,5000,1.0,health_ec,15.0,10,500000,550000,96,recovery,99,healthy,2,12.5,17.2,20.7,201562,0.8,1562,1562,1547,0,0,0
dynamic_overlap_100d_4pct_hdd,100,70,1000000,5000,1.0,health_ec,15.0,11,550000,600000,96,recovery,99,mild_slow,3,12.6,17.9,38.2,201731,0.9,1731,1731,1691,2,2,0
dynamic_overlap_100d_4pct_hdd,100,70,1000000,5000,1.0,health_ec,15.0,12,600000,650000,96,healthy,99,mild_slow,2,12.5,17.4,23.9,201528,0.8,1528,1528,1156,0,0,0
dynamic_overlap_100d_4pct_hdd,100,70,1000000,5000,1.0,health_ec,15.0,13,650000,700000,96,healthy,99,mild_slow,2,12.5,17.4,24.4,201418,0.7,1418,1418,1217,0,0,0
dynamic_overlap_100d_4pct_hdd,100,70,1000000,5000,1.0,health_ec,15.0,14,700000,750000,96,healthy,99,severe_slow,2,12.5,17.4,42.7,201098,0.5,1098,1098,953,1,1,0
dynamic_overlap_100d_4pct_hdd,100,70,1000000,5000,1.0,health_ec,15.0,15,750000,800000,96,healthy,99,severe_slow,1,12.5,17.0,19.1,201084,0.5,1084,1084,1040,0,0,0
dynamic_overlap_100d_4pct_hdd,100,70,1000000,5000,1.0,health_ec,15.0,16,800000,850000,96,healthy,99,severe_slow,1,12.5,16.9,19.2,200984,0.5,984,984,960,0,0,0
dynamic_overlap_100d_4pct_hdd,100,70,1000000,5000,1.0,health_ec,15.0,17,850000,900000,96,healthy,99,recovery,0,12.5,16.8,18.8,200868,0.4,868,868,771,0,0,0
dynamic_overlap_100d_4pct_hdd,100,70,1000000,5000,1.0,health_ec,15.0,18,900000,950000,96,healthy,99,healthy,0,12.5,16.8,18.8,200572,0.3,572,572,461,0,0,0
dynamic_overlap_100d_4pct_hdd,100,70,1000000,5000,1.0,health_ec,15.0,19,950000,1000000,96,healthy,99,healthy,0,12.5,16.8,18.8,200308,0.2,308,308,253,0,0,0
dynamic_overlap_100d_4pct_hdd,100,71,1000000,5000,1.0,vanilla_ec,15.0,0,0,50000,96,healthy,99,healthy,0,12.5,16.8,18.8,200000,0.0,0,0,0,0,0,0
dynamic_overlap_100d_4pct_hdd,100,71,1000000,5000,1.0,vanilla_ec,15.0,1,50000,100000,96,healthy,99,healthy,0,12.5,16.8,18.8,200000,0.0,0,0,0,0,0,0
dynamic_overlap_100d_4pct_hdd,100,71,1000000,5000,1.0,vanilla_ec,15.0,2,100000,150000,96,healthy,99,healthy,0,12.5,16.8,18.9,200000,0.0,0,0,0,0,0,0
dynamic_overlap_100d_4pct_hdd,100,71,1000000,5000,1.0,vanilla_ec,15.0,3,150000,200000,96,mild_slow,99,healthy,1,12.6,17.6,26.8,200000,0.0,0,0,0,0,0,0
dynamic_overlap_100d_4pct_hdd,100,71,1000000,5000,1.0,vanilla_ec,15.0,4,200000,250000,96,mild_slow,99,healthy,1,12.5,17.6,26.9,200000,0.0,0,0,0,0,0,0
dynamic_overlap_100d_4pct_hdd,100,71,1000000,5000,1.0,vanilla_ec,15.0,5,250000,300000,96,mild_slow,99,healthy,2,12.6,17.8,31.0,200000,0.0,0,0,0,0,0,0
dynamic_overlap_100d_4pct_hdd,100,71,1000000,5000,1.0,vanilla_ec,15.0,6,300000,350000,96,severe_slow,99,healthy,2,12.6,17.9,62.9,200000,0.0,0,0,0,0,0,0
dynamic_overlap_100d_4pct_hdd,100,71,1000000,5000,1.0,vanilla_ec,15.0,7,350000,400000,96,severe_slow,99,healthy,2,12.6,17.9,63.5,200000,0.0,0,0,0,0,0,0
dynamic_overlap_100d_4pct_hdd,100,71,1000000,5000,1.0,vanilla_ec,15.0,8,400000,450000,96,severe_slow,99,healthy,3,12.7,18.4,71.7,200000,0.0,0,0,0,0,0,0
dynamic_overlap_100d_4pct_hdd,100,71,1000000,5000,1.0,vanilla_ec,15.0,9,450000,500000,96,severe_slow,99,healthy,3,12.6,18.6,72.6,200000,0.0,0,0,0,0,0,0
dynamic_overlap_100d_4pct_hdd,100,71,1000000,5000,1.0,vanilla_ec,15.0,10,500000,550000,96,recovery,99,healthy,2,12.6,18.4,63.5,200000,0.0,0,0,0,0,0,0
dynamic_overlap_100d_4pct_hdd,100,71,1000000,5000,1.0,vanilla_ec,15.0,11,550000,600000,96,recovery,99,mild_slow,3,12.6,18.9,74.1,200000,0.0,0,0,0,0,0,0
dynamic_overlap_100d_4pct_hdd,100,71,1000000,5000,1.0,vanilla_ec,15.0,12,600000,650000,96,healthy,99,mild_slow,2,12.6,18.0,64.2,200000,0.0,0,0,0,0,0,0
dynamic_overlap_100d_4pct_hdd,100,71,1000000,5000,1.0,vanilla_ec,15.0,13,650000,700000,96,healthy,99,mild_slow,2,12.6,18.1,64.0,200000,0.0,0,0,0,0,0,0
dynamic_overlap_100d_4pct_hdd,100,71,1000000,5000,1.0,vanilla_ec,15.0,14,700000,750000,96,healthy,99,severe_slow,2,12.6,17.9,71.7,200000,0.0,0,0,0,0,0,0
dynamic_overlap_100d_4pct_hdd,100,71,1000000,5000,1.0,vanilla_ec,15.0,15,750000,800000,96,healthy,99,severe_slow,1,12.6,17.9,64.0,200000,0.0,0,0,0,0,0,0
dynamic_overlap_100d_4pct_hdd,100,71,1000000,5000,1.0,vanilla_ec,15.0,16,800000,850000,96,healthy,99,severe_slow,1,12.6,18.0,63.2,200000,0.0,0,0,0,0,0,0
dynamic_overlap_100d_4pct_hdd,100,71,1000000,5000,1.0,vanilla_ec,15.0,17,850000,900000,96,healthy,99,recovery,0,12.5,17.0,19.3,200000,0.0,0,0,0,0,0,0
dynamic_overlap_100d_4pct_hdd,100,71,1000000,5000,1.0,vanilla_ec,15.0,18,900000,950000,96,healthy,99,healthy,0,12.5,16.8,18.8,200000,0.0,0,0,0,0,0,0
dynamic_overlap_100d_4pct_hdd,100,71,1000000,5000,1.0,vanilla_ec,15.0,19,950000,1000000,96,healthy,99,healthy,0,12.5,16.8,18.8,200000,0.0,0,0,0,0,0,0
dynamic_overlap_100d_4pct_hdd,100,71,1000000,5000,1.0,late_binding,15.0,0,0,50000,96,healthy,99,healthy,0,10.7,14.0,15.5,250000,25.0,50000,50000,40017,0,0,0
dynamic_overlap_100d_4pct_hdd,100,71,1000000,5000,1.0,late_binding,15.0,1,50000,100000,96,healthy,99,healthy,0,10.7,14.0,15.5,250000,25.0,50000,50000,39951,0,0,0
dynamic_overlap_100d_4pct_hdd,100,71,1000000,5000,1.0,late_binding,15.0,2,100000,150000,96,healthy,99,healthy,0,10.7,14.0,15.5,250000,25.0,50000,50000,40111,0,0,0
dynamic_overlap_100d_4pct_hdd,100,71,1000000,5000,1.0,late_binding,15.0,3,150000,200000,96,mild_slow,99,healthy,1,10.7,14.2,15.8,250000,25.0,50000,50000,39712,0,0,0
dynamic_overlap_100d_4pct_hdd,100,71,1000000,5000,1.0,late_binding,15.0,4,200000,250000,96,mild_slow,99,healthy,1,10.7,14.1,15.7,250000,25.0,50000,50000,39828,0,0,0
dynamic_overlap_100d_4pct_hdd,100,71,1000000,5000,1.0,late_binding,15.0,5,250000,300000,96,mild_slow,99,healthy,2,10.8,14.6,22.7,250000,25.0,50000,50000,39920,0,0,0
dynamic_overlap_100d_4pct_hdd,100,71,1000000,5000,1.0,late_binding,15.0,6,300000,350000,96,severe_slow,99,healthy,2,10.8,14.7,26.5,250000,25.0,50000,50000,39932,0,0,0
dynamic_overlap_100d_4pct_hdd,100,71,1000000,5000,1.0,late_binding,15.0,7,350000,400000,96,severe_slow,99,healthy,2,10.8,14.7,26.7,250000,25.0,50000,50000,39722,0,0,0
dynamic_overlap_100d_4pct_hdd,100,71,1000000,5000,1.0,late_binding,15.0,8,400000,450000,96,severe_slow,99,healthy,3,10.8,14.9,51.8,250000,25.0,50000,50000,39965,0,0,0
dynamic_overlap_100d_4pct_hdd,100,71,1000000,5000,1.0,late_binding,15.0,9,450000,500000,96,severe_slow,99,healthy,3,10.8,14.9,51.7,250000,25.0,50000,50000,39908,0,0,0
dynamic_overlap_100d_4pct_hdd,100,71,1000000,5000,1.0,late_binding,15.0,10,500000,550000,96,recovery,99,healthy,2,10.8,14.7,27.3,250000,25.0,50000,50000,40103,0,0,0
dynamic_overlap_100d_4pct_hdd,100,71,1000000,5000,1.0,late_binding,15.0,11,550000,600000,96,recovery,99,mild_slow,3,10.8,15.4,52.9,250000,25.0,50000,50000,39692,0,0,0
dynamic_overlap_100d_4pct_hdd,100,71,1000000,5000,1.0,late_binding,15.0,12,600000,650000,96,healthy,99,mild_slow,2,10.8,14.9,27.0,250000,25.0,50000,50000,39896,0,0,0
dynamic_overlap_100d_4pct_hdd,100,71,1000000,5000,1.0,late_binding,15.0,13,650000,700000,96,healthy,99,mild_slow,2,10.8,15.0,27.5,250000,25.0,50000,50000,39899,0,0,0
dynamic_overlap_100d_4pct_hdd,100,71,1000000,5000,1.0,late_binding,15.0,14,700000,750000,96,healthy,99,severe_slow,2,10.8,14.8,51.3,250000,25.0,50000,50000,39831,0,0,0
dynamic_overlap_100d_4pct_hdd,100,71,1000000,5000,1.0,late_binding,15.0,15,750000,800000,96,healthy,99,severe_slow,1,10.8,14.3,16.9,250000,25.0,50000,50000,40044,0,0,0
dynamic_overlap_100d_4pct_hdd,100,71,1000000,5000,1.0,late_binding,15.0,16,800000,850000,96,healthy,99,severe_slow,1,10.8,14.4,16.9,250000,25.0,50000,50000,40225,0,0,0
dynamic_overlap_100d_4pct_hdd,100,71,1000000,5000,1.0,late_binding,15.0,17,850000,900000,96,healthy,99,recovery,0,10.7,14.1,15.5,250000,25.0,50000,50000,40068,0,0,0
dynamic_overlap_100d_4pct_hdd,100,71,1000000,5000,1.0,late_binding,15.0,18,900000,950000,96,healthy,99,healthy,0,10.7,14.0,15.5,250000,25.0,50000,50000,40038,0,0,0
dynamic_overlap_100d_4pct_hdd,100,71,1000000,5000,1.0,late_binding,15.0,19,950000,1000000,96,healthy,99,healthy,0,10.7,14.0,15.5,250000,25.0,50000,50000,40127,0,0,0
dynamic_overlap_100d_4pct_hdd,100,71,1000000,5000,1.0,timeout_degraded_read,15.0,0,0,50000,96,healthy,99,healthy,0,12.5,16.8,18.7,208089,4.0,8089,8089,170,0,0,0
dynamic_overlap_100d_4pct_hdd,100,71,1000000,5000,1.0,timeout_degraded_read,15.0,1,50000,100000,96,healthy,99,healthy,0,12.5,16.8,18.7,208187,4.1,8187,8187,180,0,0,0
dynamic_overlap_100d_4pct_hdd,100,71,1000000,5000,1.0,timeout_degraded_read,15.0,2,100000,150000,96,healthy,99,healthy,0,12.5,16.8,18.8,208155,4.1,8155,8155,195,0,0,0
dynamic_overlap_100d_4pct_hdd,100,71,1000000,5000,1.0,timeout_degraded_read,15.0,3,150000,200000,96,mild_slow,99,healthy,1,12.6,17.6,22.8,209257,4.6,9257,9257,858,0,0,0
dynamic_overlap_100d_4pct_hdd,100,71,1000000,5000,1.0,timeout_degraded_read,15.0,4,200000,250000,96,mild_slow,99,healthy,1,12.5,17.5,22.9,209085,4.5,9085,9085,917,0,0,0
dynamic_overlap_100d_4pct_hdd,100,71,1000000,5000,1.0,timeout_degraded_read,15.0,5,250000,300000,96,mild_slow,99,healthy,2,12.6,17.8,25.8,209309,4.7,9309,9309,1215,0,0,0
dynamic_overlap_100d_4pct_hdd,100,71,1000000,5000,1.0,timeout_degraded_read,15.0,6,300000,350000,96,severe_slow,99,healthy,2,12.6,17.8,28.1,209282,4.6,9282,9282,1549,0,0,0
dynamic_overlap_100d_4pct_hdd,100,71,1000000,5000,1.0,timeout_degraded_read,15.0,7,350000,400000,96,severe_slow,99,healthy,2,12.6,17.8,28.2,209317,4.7,9317,9317,1575,0,0,0
dynamic_overlap_100d_4pct_hdd,100,71,1000000,5000,1.0,timeout_degraded_read,15.0,8,400000,450000,96,severe_slow,99,healthy,3,12.7,18.3,52.1,209862,4.9,9862,9862,1797,0,0,0
dynamic_overlap_100d_4pct_hdd,100,71,1000000,5000,1.0,timeout_degraded_read,15.0,9,450000,500000,96,severe_slow,99,healthy,3,12.6,18.5,52.1,209670,4.8,9670,9670,1870,0,0,0
dynamic_overlap_100d_4pct_hdd,100,71,1000000,5000,1.0,timeout_degraded_read,15.0,10,500000,550000,96,recovery,99,healthy,2,12.6,18.3,32.9,209612,4.8,9612,9612,1715,0,0,0
dynamic_overlap_100d_4pct_hdd,100,71,1000000,5000,1.0,timeout_degraded_read,15.0,11,550000,600000,96,recovery,99,mild_slow,3,12.6,18.8,55.3,209759,4.9,9759,9759,1846,0,0,0
dynamic_overlap_100d_4pct_hdd,100,71,1000000,5000,1.0,timeout_degraded_read,15.0,12,600000,650000,96,healthy,99,mild_slow,2,12.6,18.0,28.4,209607,4.8,9607,9607,1594,0,0,0
dynamic_overlap_100d_4pct_hdd,100,71,1000000,5000,1.0,timeout_degraded_read,15.0,13,650000,700000,96,healthy,99,mild_slow,2,12.6,18.0,29.0,209659,4.8,9659,9659,1717,0,0,0
dynamic_overlap_100d_4pct_hdd,100,71,1000000,5000,1.0,timeout_degraded_read,15.0,14,700000,750000,96,healthy,99,severe_slow,2,12.6,17.8,51.3,209219,4.6,9219,9219,1662,0,0,0
dynamic_overlap_100d_4pct_hdd,100,71,1000000,5000,1.0,timeout_degraded_read,15.0,15,750000,800000,96,healthy,99,severe_slow,1,12.6,17.8,25.4,209361,4.7,9361,9361,1595,0,0,0
dynamic_overlap_100d_4pct_hdd,100,71,1000000,5000,1.0,timeout_degraded_read,15.0,16,800000,850000,96,healthy,99,severe_slow,1,12.6,17.9,25.4,209458,4.7,9458,9458,1686,0,0,0
dynamic_overlap_100d_4pct_hdd,100,71,1000000,5000,1.0,timeout_degraded_read,15.0,17,850000,900000,96,healthy,99,recovery,0,12.5,17.0,19.2,208503,4.3,8503,8503,270,0,0,0
dynamic_overlap_100d_4pct_hdd,100,71,1000000,5000,1.0,timeout_degraded_read,15.0,18,900000,950000,96,healthy,99,healthy,0,12.5,16.8,18.7,207988,4.0,7988,7988,187,0,0,0
dynamic_overlap_100d_4pct_hdd,100,71,1000000,5000,1.0,timeout_degraded_read,15.0,19,950000,1000000,96,healthy,99,healthy,0,12.5,16.8,18.7,208074,4.0,8074,8074,187,0,0,0
dynamic_overlap_100d_4pct_hdd,100,71,1000000,5000,1.0,health_ec,15.0,0,0,50000,96,healthy,99,healthy,0,12.5,16.8,18.8,200000,0.0,0,0,0,0,0,0
dynamic_overlap_100d_4pct_hdd,100,71,1000000,5000,1.0,health_ec,15.0,1,50000,100000,96,healthy,99,healthy,0,12.5,16.8,18.8,200000,0.0,0,0,0,0,0,0
dynamic_overlap_100d_4pct_hdd,100,71,1000000,5000,1.0,health_ec,15.0,2,100000,150000,96,healthy,99,healthy,0,12.5,16.8,18.9,200000,0.0,0,0,0,0,0,0
dynamic_overlap_100d_4pct_hdd,100,71,1000000,5000,1.0,health_ec,15.0,3,150000,200000,96,mild_slow,99,healthy,1,12.5,17.1,20.3,200567,0.3,567,567,549,1,1,0
dynamic_overlap_100d_4pct_hdd,100,71,1000000,5000,1.0,health_ec,15.0,4,200000,250000,96,mild_slow,99,healthy,1,12.5,17.0,19.5,200750,0.4,750,750,735,0,0,0
dynamic_overlap_100d_4pct_hdd,100,71,1000000,5000,1.0,health_ec,15.0,5,250000,300000,96,mild_slow,99,healthy,2,12.6,17.4,23.5,200846,0.4,846,846,845,1,1,0
dynamic_overlap_100d_4pct_hdd,100,71,1000000,5000,1.0,health_ec,15.0,6,300000,350000,96,severe_slow,99,healthy,2,12.5,17.4,25.7,200948,0.5,948,948,948,0,0,0
dynamic_overlap_100d_4pct_hdd,100,71,1000000,5000,1.0,health_ec,15.0,7,350000,400000,96,severe_slow,99,healthy,2,12.5,17.4,24.7,201031,0.5,1031,1031,1031,0,0,0
dynamic_overlap_100d_4pct_hdd,100,71,1000000,5000,1.0,health_ec,15.0,8,400000,450000,96,severe_slow,99,healthy,3,12.6,17.7,47.8,201414,0.7,1414,1414,1406,1,1,0
dynamic_overlap_100d_4pct_hdd,100,71,1000000,5000,1.0,health_ec,15.0,9,450000,500000,96,severe_slow,99,healthy,3,12.5,17.6,47.7,201510,0.8,1510,1510,1503,0,0,0
dynamic_overlap_100d_4pct_hdd,100,71,1000000,5000,1.0,health_ec,15.0,10,500000,550000,96,recovery,99,healthy,2,12.5,17.2,21.5,201541,0.8,1541,1541,1533,0,0,0
dynamic_overlap_100d_4pct_hdd,100,71,1000000,5000,1.0,health_ec,15.0,11,550000,600000,96,recovery,99,mild_slow,3,12.6,17.8,36.8,201719,0.9,1719,1719,1673,2,2,0
dynamic_overlap_100d_4pct_hdd,100,71,1000000,5000,1.0,health_ec,15.0,12,600000,650000,96,healthy,99,mild_slow,2,12.6,17.4,24.2,201525,0.8,1525,1525,1177,0,0,0
dynamic_overlap_100d_4pct_hdd,100,71,1000000,5000,1.0,health_ec,15.0,13,650000,700000,96,healthy,99,mild_slow,2,12.6,17.4,24.2,201470,0.7,1470,1470,1238,0,0,0
dynamic_overlap_100d_4pct_hdd,100,71,1000000,5000,1.0,health_ec,15.0,14,700000,750000,96,healthy,99,severe_slow,2,12.6,17.4,44.9,201174,0.6,1174,1174,1012,1,1,0
dynamic_overlap_100d_4pct_hdd,100,71,1000000,5000,1.0,health_ec,15.0,15,750000,800000,96,healthy,99,severe_slow,1,12.5,16.9,19.2,201058,0.5,1058,1058,1012,0,0,0
dynamic_overlap_100d_4pct_hdd,100,71,1000000,5000,1.0,health_ec,15.0,16,800000,850000,96,healthy,99,severe_slow,1,12.5,17.0,19.1,201072,0.5,1072,1072,1053,0,0,0
dynamic_overlap_100d_4pct_hdd,100,71,1000000,5000,1.0,health_ec,15.0,17,850000,900000,96,healthy,99,recovery,0,12.5,16.8,18.9,200906,0.5,906,906,794,0,0,0
dynamic_overlap_100d_4pct_hdd,100,71,1000000,5000,1.0,health_ec,15.0,18,900000,950000,96,healthy,99,healthy,0,12.5,16.8,18.8,200574,0.3,574,574,462,0,0,0
dynamic_overlap_100d_4pct_hdd,100,71,1000000,5000,1.0,health_ec,15.0,19,950000,1000000,96,healthy,99,healthy,0,12.5,16.8,18.8,200312,0.2,312,312,247,0,0,0
